USE `basdat_movie`;
SET FOREIGN_KEY_CHECKS = 0;
START TRANSACTION;
INSERT IGNORE INTO Konten VALUES ('The Shadow''s Edge', 'Macau Police brings the tracking expert police officer out of retirement to help catch a dangerous group of professional thieves.', 2025, '17+', 'Film');
INSERT IGNORE INTO Film VALUES ('The Shadow''s Edge', 142, 'Larry Yang');
INSERT IGNORE INTO Genre VALUES (1, 'Action');
INSERT IGNORE INTO Genre_Konten VALUES ('The Shadow''s Edge', 1);
INSERT IGNORE INTO Genre VALUES (2, 'Crime');
INSERT IGNORE INTO Genre_Konten VALUES ('The Shadow''s Edge', 2);
INSERT IGNORE INTO Genre VALUES (3, 'Thriller');
INSERT IGNORE INTO Genre_Konten VALUES ('The Shadow''s Edge', 3);
INSERT IGNORE INTO Aktor (`nama_lengkap`) VALUES ('Jackie Chan');
INSERT IGNORE INTO Peran VALUES ('Jackie Chan', 'The Shadow''s Edge', 'Huang Dezhong');
INSERT IGNORE INTO Aktor (`nama_lengkap`) VALUES ('Zhang Zifeng');
INSERT IGNORE INTO Peran VALUES ('Zhang Zifeng', 'The Shadow''s Edge', 'He Qiuguo');
INSERT IGNORE INTO Aktor (`nama_lengkap`) VALUES ('Tony Leung Ka-fai');
INSERT IGNORE INTO Peran VALUES ('Tony Leung Ka-fai', 'The Shadow''s Edge', 'Fu Longsheng');
INSERT IGNORE INTO Aktor (`nama_lengkap`) VALUES ('Ci Sha');
INSERT IGNORE INTO Peran VALUES ('Ci Sha', 'The Shadow''s Edge', 'Xi Meng / Xi Wang');
INSERT IGNORE INTO Aktor (`nama_lengkap`) VALUES ('Jun');
INSERT IGNORE INTO Peran VALUES ('Jun', 'The Shadow''s Edge', 'Hu Feng');
INSERT IGNORE INTO Aktor (`nama_lengkap`) VALUES ('Zhou Zhengjie');
INSERT IGNORE INTO Peran VALUES ('Zhou Zhengjie', 'The Shadow''s Edge', 'Liu Jinxiao');
INSERT IGNORE INTO Aktor (`nama_lengkap`) VALUES ('Wang Ziyi');
INSERT IGNORE INTO Peran VALUES ('Wang Ziyi', 'The Shadow''s Edge', 'Wu Yaolei');
INSERT IGNORE INTO Aktor (`nama_lengkap`) VALUES ('Lang Yueting');
INSERT IGNORE INTO Peran VALUES ('Lang Yueting', 'The Shadow''s Edge', 'Wang Xuemei');
INSERT IGNORE INTO Aktor (`nama_lengkap`) VALUES ('Li Zhekun');
INSERT IGNORE INTO Peran VALUES ('Li Zhekun', 'The Shadow''s Edge', 'Zai Zai');
INSERT IGNORE INTO Aktor (`nama_lengkap`) VALUES ('Zac Wang');
INSERT IGNORE INTO Peran VALUES ('Zac Wang', 'The Shadow''s Edge', 'A Wei');
INSERT IGNORE INTO Audio VALUES ('The Shadow''s Edge', 'Indonesia');
INSERT IGNORE INTO Subtitle VALUES ('The Shadow''s Edge', 'Spanyol');
INSERT IGNORE INTO Subtitle VALUES ('The Shadow''s Edge', 'Inggris');
INSERT IGNORE INTO Subtitle VALUES ('The Shadow''s Edge', 'Indonesia');
INSERT IGNORE INTO Subtitle VALUES ('The Shadow''s Edge', 'Jepang');
INSERT IGNORE INTO Konten VALUES ('Frankenstein', 'Dr. Victor Frankenstein, a brilliant but egotistical scientist, brings a creature to life in a monstrous experiment that ultimately leads to the undoing of both the creator and his tragic creation.', 2025, 'R', 'Film');
INSERT IGNORE INTO Film VALUES ('Frankenstein', 152, 'Guillermo del Toro');
INSERT IGNORE INTO Genre VALUES (4, 'Drama');
INSERT IGNORE INTO Genre_Konten VALUES ('Frankenstein', 4);
INSERT IGNORE INTO Genre VALUES (5, 'Horror');
INSERT IGNORE INTO Genre_Konten VALUES ('Frankenstein', 5);
INSERT IGNORE INTO Genre VALUES (6, 'Fantasy');
INSERT IGNORE INTO Genre_Konten VALUES ('Frankenstein', 6);
INSERT IGNORE INTO Aktor (`nama_lengkap`) VALUES ('Oscar Isaac');
INSERT IGNORE INTO Peran VALUES ('Oscar Isaac', 'Frankenstein', 'Victor Frankenstein');
INSERT IGNORE INTO Aktor (`nama_lengkap`) VALUES ('Jacob Elordi');
INSERT IGNORE INTO Peran VALUES ('Jacob Elordi', 'Frankenstein', 'The Creature');
INSERT IGNORE INTO Aktor (`nama_lengkap`) VALUES ('Christoph Waltz');
INSERT IGNORE INTO Peran VALUES ('Christoph Waltz', 'Frankenstein', 'Harlander');
INSERT IGNORE INTO Aktor (`nama_lengkap`) VALUES ('Mia Goth');
INSERT IGNORE INTO Peran VALUES ('Mia Goth', 'Frankenstein', 'Elizabeth / Claire Frankenstein');
INSERT IGNORE INTO Aktor (`nama_lengkap`) VALUES ('Felix Kammerer');
INSERT IGNORE INTO Peran VALUES ('Felix Kammerer', 'Frankenstein', 'William Frankenstein');
INSERT IGNORE INTO Aktor (`nama_lengkap`) VALUES ('Charles Dance');
INSERT IGNORE INTO Peran VALUES ('Charles Dance', 'Frankenstein', 'Leopold Frankenstein');
INSERT IGNORE INTO Aktor (`nama_lengkap`) VALUES ('David Bradley');
INSERT IGNORE INTO Peran VALUES ('David Bradley', 'Frankenstein', 'Blind Man');
INSERT IGNORE INTO Aktor (`nama_lengkap`) VALUES ('Lars Mikkelsen');
INSERT IGNORE INTO Peran VALUES ('Lars Mikkelsen', 'Frankenstein', 'Captain Anderson');
INSERT IGNORE INTO Aktor (`nama_lengkap`) VALUES ('Christian Convery');
INSERT IGNORE INTO Peran VALUES ('Christian Convery', 'Frankenstein', 'Young Victor Frankenstein');
INSERT IGNORE INTO Aktor (`nama_lengkap`) VALUES ('Nikolaj Lie Kaas');
INSERT IGNORE INTO Peran VALUES ('Nikolaj Lie Kaas', 'Frankenstein', 'Chief Officer Larsen');
INSERT IGNORE INTO Audio VALUES ('Frankenstein', 'Indonesia');
INSERT IGNORE INTO Audio VALUES ('Frankenstein', 'Inggris');
INSERT IGNORE INTO Audio VALUES ('Frankenstein', 'Korea');
INSERT IGNORE INTO Subtitle VALUES ('Frankenstein', 'Indonesia');
INSERT IGNORE INTO Subtitle VALUES ('Frankenstein', 'Korea');
INSERT IGNORE INTO Konten VALUES ('One Battle After Another', 'Washed-up revolutionary Bob exists in a state of stoned paranoia, surviving off-grid with his spirited, self-reliant daughter, Willa. When his evil nemesis resurfaces after 16 years and she goes missing, the former radical scrambles to find her, father and daughter both battling the consequences of his past.', 2025, '17+', 'Film');
INSERT IGNORE INTO Film VALUES ('One Battle After Another', 162, 'Paul Thomas Anderson');
INSERT IGNORE INTO Genre_Konten VALUES ('One Battle After Another', 1);
INSERT IGNORE INTO Genre_Konten VALUES ('One Battle After Another', 3);
INSERT IGNORE INTO Genre_Konten VALUES ('One Battle After Another', 2);
INSERT IGNORE INTO Aktor (`nama_lengkap`) VALUES ('Leonardo DiCaprio');
INSERT IGNORE INTO Peran VALUES ('Leonardo DiCaprio', 'One Battle After Another', 'Bob');
INSERT IGNORE INTO Aktor (`nama_lengkap`) VALUES ('Sean Penn');
INSERT IGNORE INTO Peran VALUES ('Sean Penn', 'One Battle After Another', 'Col. Steven J. Lockjaw');
INSERT IGNORE INTO Aktor (`nama_lengkap`) VALUES ('Chase Infiniti');
INSERT IGNORE INTO Peran VALUES ('Chase Infiniti', 'One Battle After Another', 'Willa');
INSERT IGNORE INTO Aktor (`nama_lengkap`) VALUES ('Benicio del Toro');
INSERT IGNORE INTO Peran VALUES ('Benicio del Toro', 'One Battle After Another', 'Sensei Sergio St. Carlos');
INSERT IGNORE INTO Aktor (`nama_lengkap`) VALUES ('Regina Hall');
INSERT IGNORE INTO Peran VALUES ('Regina Hall', 'One Battle After Another', 'Deandra');
INSERT IGNORE INTO Aktor (`nama_lengkap`) VALUES ('Teyana Taylor');
INSERT IGNORE INTO Peran VALUES ('Teyana Taylor', 'One Battle After Another', 'Perfidia');
INSERT IGNORE INTO Aktor (`nama_lengkap`) VALUES ('Wood Harris');
INSERT IGNORE INTO Peran VALUES ('Wood Harris', 'One Battle After Another', 'Laredo');
INSERT IGNORE INTO Aktor (`nama_lengkap`) VALUES ('Tony Goldwyn');
INSERT IGNORE INTO Peran VALUES ('Tony Goldwyn', 'One Battle After Another', 'Virgil Throckmorton');
INSERT IGNORE INTO Aktor (`nama_lengkap`) VALUES ('D.W. Moffett');
INSERT IGNORE INTO Peran VALUES ('D.W. Moffett', 'One Battle After Another', 'Bill Desmond');
INSERT IGNORE INTO Aktor (`nama_lengkap`) VALUES ('Paul Grimstad');
INSERT IGNORE INTO Peran VALUES ('Paul Grimstad', 'One Battle After Another', 'Sommerville');
INSERT IGNORE INTO Audio VALUES ('One Battle After Another', 'Korea');
INSERT IGNORE INTO Subtitle VALUES ('One Battle After Another', 'Jepang');
INSERT IGNORE INTO Subtitle VALUES ('One Battle After Another', 'Inggris');
INSERT IGNORE INTO Konten VALUES ('A Legend', 'An archeologist noticed that the texture of the relics discovered during the excavation of a glacier closely resembled a jade pendant seen in one of his dreams. He and his team then embark on an expedition into the depths of the glacier.', 2024, 'NR', 'Film');
INSERT IGNORE INTO Film VALUES ('A Legend', 129, 'Stanley Tong Gwai-Lai');
INSERT IGNORE INTO Genre_Konten VALUES ('A Legend', 1);
INSERT IGNORE INTO Genre VALUES (7, 'Adventure');
INSERT IGNORE INTO Genre_Konten VALUES ('A Legend', 7);
INSERT IGNORE INTO Genre_Konten VALUES ('A Legend', 6);
INSERT IGNORE INTO Aktor (`nama_lengkap`) VALUES ('Jackie Chan');
INSERT IGNORE INTO Peran VALUES ('Jackie Chan', 'A Legend', 'Professor Fang/Zhao Zhan');
INSERT IGNORE INTO Aktor (`nama_lengkap`) VALUES ('Zhang Yixing');
INSERT IGNORE INTO Peran VALUES ('Zhang Yixing', 'A Legend', 'Wang Jing/Hua Jun');
INSERT IGNORE INTO Aktor (`nama_lengkap`) VALUES ('Gulnezer Bextiyar');
INSERT IGNORE INTO Peran VALUES ('Gulnezer Bextiyar', 'A Legend', 'Princess Mengyun');
INSERT IGNORE INTO Aktor (`nama_lengkap`) VALUES ('Aarif Rahman');
INSERT IGNORE INTO Peran VALUES ('Aarif Rahman', 'A Legend', 'He Boer/Hu Duna');
INSERT IGNORE INTO Aktor (`nama_lengkap`) VALUES ('Jerry Lee');
INSERT IGNORE INTO Peran VALUES ('Jerry Lee', 'A Legend', 'Lei Zhen');
INSERT IGNORE INTO Aktor (`nama_lengkap`) VALUES ('Peng Xiaoran');
INSERT IGNORE INTO Peran VALUES ('Peng Xiaoran', 'A Legend', 'Xin Ran');
INSERT IGNORE INTO Aktor (`nama_lengkap`) VALUES ('Shawn Dou');
INSERT IGNORE INTO Peran VALUES ('Shawn Dou', 'A Legend', 'Huo Nguo');
INSERT IGNORE INTO Aktor (`nama_lengkap`) VALUES ('Zheng Yecheng');
INSERT IGNORE INTO Peran VALUES ('Zheng Yecheng', 'A Legend', 'Ye Cheng');
INSERT IGNORE INTO Aktor (`nama_lengkap`) VALUES ('Ma Yuan');
INSERT IGNORE INTO Peran VALUES ('Ma Yuan', 'A Legend', 'Museum Curator');
INSERT IGNORE INTO Aktor (`nama_lengkap`) VALUES ('Ray Lui');
INSERT IGNORE INTO Peran VALUES ('Ray Lui', 'A Legend', '');
INSERT IGNORE INTO Audio VALUES ('A Legend', 'Jepang');
INSERT IGNORE INTO Audio VALUES ('A Legend', 'Spanyol');
INSERT IGNORE INTO Audio VALUES ('A Legend', 'Inggris');
INSERT IGNORE INTO Subtitle VALUES ('A Legend', 'Indonesia');
INSERT IGNORE INTO Konten VALUES ('Playdate', 'When out-of-work accountant Brian joins stay-at-home dad Jeff for a playdate with their sons, he expects a laid-back afternoon. Instead, they''re chased by mercenaries, and Brian—totally unprepared—must survive one absurd obstacle after another.', 2025, 'PG-13', 'Film');
INSERT IGNORE INTO Film VALUES ('Playdate', 95, 'Luke Greenfield');
INSERT IGNORE INTO Genre_Konten VALUES ('Playdate', 1);
INSERT IGNORE INTO Genre VALUES (8, 'Comedy');
INSERT IGNORE INTO Genre_Konten VALUES ('Playdate', 8);
INSERT IGNORE INTO Genre VALUES (9, 'Family');
INSERT IGNORE INTO Genre_Konten VALUES ('Playdate', 9);
INSERT IGNORE INTO Aktor (`nama_lengkap`) VALUES ('Kevin James');
INSERT IGNORE INTO Peran VALUES ('Kevin James', 'Playdate', 'Brian');
INSERT IGNORE INTO Aktor (`nama_lengkap`) VALUES ('Alan Ritchson');
INSERT IGNORE INTO Peran VALUES ('Alan Ritchson', 'Playdate', 'Jeff');
INSERT IGNORE INTO Aktor (`nama_lengkap`) VALUES ('Sarah Chalke');
INSERT IGNORE INTO Peran VALUES ('Sarah Chalke', 'Playdate', 'Emily');
INSERT IGNORE INTO Aktor (`nama_lengkap`) VALUES ('Isla Fisher');
INSERT IGNORE INTO Peran VALUES ('Isla Fisher', 'Playdate', 'Leslie');
INSERT IGNORE INTO Aktor (`nama_lengkap`) VALUES ('Alan Tudyk');
INSERT IGNORE INTO Peran VALUES ('Alan Tudyk', 'Playdate', 'Simon Maddox');
INSERT IGNORE INTO Aktor (`nama_lengkap`) VALUES ('Stephen Root');
INSERT IGNORE INTO Peran VALUES ('Stephen Root', 'Playdate', 'Gordon');
INSERT IGNORE INTO Aktor (`nama_lengkap`) VALUES ('Benjamin Pajak');
INSERT IGNORE INTO Peran VALUES ('Benjamin Pajak', 'Playdate', 'Lucas');
INSERT IGNORE INTO Aktor (`nama_lengkap`) VALUES ('Banks Pierce');
INSERT IGNORE INTO Peran VALUES ('Banks Pierce', 'Playdate', 'CJ');
INSERT IGNORE INTO Aktor (`nama_lengkap`) VALUES ('Jason William Day');
INSERT IGNORE INTO Peran VALUES ('Jason William Day', 'Playdate', 'Clive');
INSERT IGNORE INTO Aktor (`nama_lengkap`) VALUES ('Hiro Kanagawa');
INSERT IGNORE INTO Peran VALUES ('Hiro Kanagawa', 'Playdate', 'Colonel Kurtz');
INSERT IGNORE INTO Audio VALUES ('Playdate', 'Jepang');
INSERT IGNORE INTO Subtitle VALUES ('Playdate', 'Spanyol');
INSERT IGNORE INTO Subtitle VALUES ('Playdate', 'Jepang');
INSERT IGNORE INTO Konten VALUES ('Operation Blood Hunt', 'Prolific expert of the occult and whiskey, Reverend Conte, accompanies a ragtag group of military rejects to a remote South Pacific Island to investigate the disappearance of Marines units  stationed there in 1944, said to be at the hands of the Japanese Imperial Army. Upon speaking  with the island’s inhabitants, they soon discover the Marines had actually been massacred by a group of Lycanthropes, known to most as WEREWOLVES.', 2024, 'NR', 'Film');
INSERT IGNORE INTO Film VALUES ('Operation Blood Hunt', 94, 'Louis Mandylor');
INSERT IGNORE INTO Genre_Konten VALUES ('Operation Blood Hunt', 1);
INSERT IGNORE INTO Genre_Konten VALUES ('Operation Blood Hunt', 7);
INSERT IGNORE INTO Genre_Konten VALUES ('Operation Blood Hunt', 5);
INSERT IGNORE INTO Aktor (`nama_lengkap`) VALUES ('Jonathan Rhys Meyers');
INSERT IGNORE INTO Peran VALUES ('Jonathan Rhys Meyers', 'Operation Blood Hunt', 'Murphy');
INSERT IGNORE INTO Aktor (`nama_lengkap`) VALUES ('Louis Mandylor');
INSERT IGNORE INTO Peran VALUES ('Louis Mandylor', 'Operation Blood Hunt', 'Richter');
INSERT IGNORE INTO Aktor (`nama_lengkap`) VALUES ('Peter Dobson');
INSERT IGNORE INTO Peran VALUES ('Peter Dobson', 'Operation Blood Hunt', 'Stone');
INSERT IGNORE INTO Aktor (`nama_lengkap`) VALUES ('Quinton ''Rampage'' Jackson');
INSERT IGNORE INTO Peran VALUES ('Quinton ''Rampage'' Jackson', 'Operation Blood Hunt', 'The Reverend');
INSERT IGNORE INTO Aktor (`nama_lengkap`) VALUES ('Sonia Couling');
INSERT IGNORE INTO Peran VALUES ('Sonia Couling', 'Operation Blood Hunt', 'Heirani');
INSERT IGNORE INTO Aktor (`nama_lengkap`) VALUES ('Gary Cairns');
INSERT IGNORE INTO Peran VALUES ('Gary Cairns', 'Operation Blood Hunt', 'BlackJack');
INSERT IGNORE INTO Aktor (`nama_lengkap`) VALUES ('Myles Clohessy');
INSERT IGNORE INTO Peran VALUES ('Myles Clohessy', 'Operation Blood Hunt', 'Billy the Kid');
INSERT IGNORE INTO Aktor (`nama_lengkap`) VALUES ('Ulf Pilblad');
INSERT IGNORE INTO Peran VALUES ('Ulf Pilblad', 'Operation Blood Hunt', 'The Pilot');
INSERT IGNORE INTO Aktor (`nama_lengkap`) VALUES ('Tofan Pirani');
INSERT IGNORE INTO Peran VALUES ('Tofan Pirani', 'Operation Blood Hunt', 'Rico');
INSERT IGNORE INTO Aktor (`nama_lengkap`) VALUES ('Bear Williams');
INSERT IGNORE INTO Peran VALUES ('Bear Williams', 'Operation Blood Hunt', 'Jacobs');
INSERT IGNORE INTO Audio VALUES ('Operation Blood Hunt', 'Jepang');
INSERT IGNORE INTO Audio VALUES ('Operation Blood Hunt', 'Indonesia');
INSERT IGNORE INTO Audio VALUES ('Operation Blood Hunt', 'Korea');
INSERT IGNORE INTO Subtitle VALUES ('Operation Blood Hunt', 'Indonesia');
INSERT IGNORE INTO Konten VALUES ('The Prosecutor', 'A poor young man is wrongly charged with drug trafficking after being deceived. An ex-prosecutor investigates the case, uncovers a corrupt lawyer team''s scheme, and restores justice despite obstruction from evil forces.', 2024, '17+', 'Film');
INSERT IGNORE INTO Film VALUES ('The Prosecutor', 117, 'Donnie Yen');
INSERT IGNORE INTO Genre_Konten VALUES ('The Prosecutor', 1);
INSERT IGNORE INTO Genre_Konten VALUES ('The Prosecutor', 4);
INSERT IGNORE INTO Genre_Konten VALUES ('The Prosecutor', 2);
INSERT IGNORE INTO Genre_Konten VALUES ('The Prosecutor', 3);
INSERT IGNORE INTO Aktor (`nama_lengkap`) VALUES ('Donnie Yen');
INSERT IGNORE INTO Peran VALUES ('Donnie Yen', 'The Prosecutor', 'Fok Chi-ho');
INSERT IGNORE INTO Aktor (`nama_lengkap`) VALUES ('Francis Ng Chun-Yu');
INSERT IGNORE INTO Peran VALUES ('Francis Ng Chun-Yu', 'The Prosecutor', 'Yueng Dit-lap');
INSERT IGNORE INTO Aktor (`nama_lengkap`) VALUES ('Julian Cheung Chi-Lam');
INSERT IGNORE INTO Peran VALUES ('Julian Cheung Chi-Lam', 'The Prosecutor', 'Au Pak-man');
INSERT IGNORE INTO Aktor (`nama_lengkap`) VALUES ('Kent Cheng Jak-Si');
INSERT IGNORE INTO Peran VALUES ('Kent Cheng Jak-Si', 'The Prosecutor', 'Bao Ding');
INSERT IGNORE INTO Aktor (`nama_lengkap`) VALUES ('Michael Hui Koon-Man');
INSERT IGNORE INTO Peran VALUES ('Michael Hui Koon-Man', 'The Prosecutor', 'Judge George Hui');
INSERT IGNORE INTO Aktor (`nama_lengkap`) VALUES ('Lau Kong');
INSERT IGNORE INTO Peran VALUES ('Lau Kong', 'The Prosecutor', 'Uncle Ma');
INSERT IGNORE INTO Aktor (`nama_lengkap`) VALUES ('Mason Fung Ho-Yeung');
INSERT IGNORE INTO Peran VALUES ('Mason Fung Ho-Yeung', 'The Prosecutor', 'Ma Ka-kit');
INSERT IGNORE INTO Aktor (`nama_lengkap`) VALUES ('MC Cheung');
INSERT IGNORE INTO Peran VALUES ('MC Cheung', 'The Prosecutor', 'Lee King-wai');
INSERT IGNORE INTO Aktor (`nama_lengkap`) VALUES ('Yu Kang');
INSERT IGNORE INTO Peran VALUES ('Yu Kang', 'The Prosecutor', 'Kim Hung');
INSERT IGNORE INTO Aktor (`nama_lengkap`) VALUES ('Adam Pak Tin-Nam');
INSERT IGNORE INTO Peran VALUES ('Adam Pak Tin-Nam', 'The Prosecutor', 'Lau Siu-keung');
INSERT IGNORE INTO Audio VALUES ('The Prosecutor', 'Spanyol');
INSERT IGNORE INTO Audio VALUES ('The Prosecutor', 'Korea');
INSERT IGNORE INTO Audio VALUES ('The Prosecutor', 'Indonesia');
INSERT IGNORE INTO Subtitle VALUES ('The Prosecutor', 'Inggris');
INSERT IGNORE INTO Subtitle VALUES ('The Prosecutor', 'Korea');
INSERT IGNORE INTO Subtitle VALUES ('The Prosecutor', 'Jepang');
INSERT IGNORE INTO Subtitle VALUES ('The Prosecutor', 'Spanyol');
INSERT IGNORE INTO Konten VALUES ('Predator: Badlands', 'Cast out from his clan, a young Predator finds an unlikely ally in a damaged android and embarks on a treacherous journey in search of the ultimate adversary.', 2025, '13+', 'Film');
INSERT IGNORE INTO Film VALUES ('Predator: Badlands', 107, 'Dan Trachtenberg');
INSERT IGNORE INTO Genre_Konten VALUES ('Predator: Badlands', 1);
INSERT IGNORE INTO Genre VALUES (10, 'Science Fiction');
INSERT IGNORE INTO Genre_Konten VALUES ('Predator: Badlands', 10);
INSERT IGNORE INTO Genre_Konten VALUES ('Predator: Badlands', 7);
INSERT IGNORE INTO Aktor (`nama_lengkap`) VALUES ('Elle Fanning');
INSERT IGNORE INTO Peran VALUES ('Elle Fanning', 'Predator: Badlands', 'Thia / Tessa');
INSERT IGNORE INTO Aktor (`nama_lengkap`) VALUES ('Dimitrius Schuster-Koloamatangi');
INSERT IGNORE INTO Peran VALUES ('Dimitrius Schuster-Koloamatangi', 'Predator: Badlands', 'Dek / Father');
INSERT IGNORE INTO Aktor (`nama_lengkap`) VALUES ('Rohinal Nayaran');
INSERT IGNORE INTO Peran VALUES ('Rohinal Nayaran', 'Predator: Badlands', 'Bud');
INSERT IGNORE INTO Aktor (`nama_lengkap`) VALUES ('Michael Homick');
INSERT IGNORE INTO Peran VALUES ('Michael Homick', 'Predator: Badlands', 'Kwei (Suit)');
INSERT IGNORE INTO Aktor (`nama_lengkap`) VALUES ('Stefan Grube');
INSERT IGNORE INTO Peran VALUES ('Stefan Grube', 'Predator: Badlands', 'Kwei (voice)');
INSERT IGNORE INTO Aktor (`nama_lengkap`) VALUES ('Reuben De Jong');
INSERT IGNORE INTO Peran VALUES ('Reuben De Jong', 'Predator: Badlands', 'Father (Suit)');
INSERT IGNORE INTO Aktor (`nama_lengkap`) VALUES ('Cameron Brown');
INSERT IGNORE INTO Peran VALUES ('Cameron Brown', 'Predator: Badlands', 'Drone Synth');
INSERT IGNORE INTO Aktor (`nama_lengkap`) VALUES ('Alison Wright');
INSERT IGNORE INTO Peran VALUES ('Alison Wright', 'Predator: Badlands', 'MU/TH/UR (voice)');
INSERT IGNORE INTO Aktor (`nama_lengkap`) VALUES ('Matt Duffer');
INSERT IGNORE INTO Peran VALUES ('Matt Duffer', 'Predator: Badlands', 'Kwei''s Ship Computer (voice)');
INSERT IGNORE INTO Aktor (`nama_lengkap`) VALUES ('Ross Duffer');
INSERT IGNORE INTO Peran VALUES ('Ross Duffer', 'Predator: Badlands', 'Kwei''s Ship Computer (voice)');
INSERT IGNORE INTO Audio VALUES ('Predator: Badlands', 'Indonesia');
INSERT IGNORE INTO Subtitle VALUES ('Predator: Badlands', 'Inggris');
INSERT IGNORE INTO Subtitle VALUES ('Predator: Badlands', 'Jepang');
INSERT IGNORE INTO Subtitle VALUES ('Predator: Badlands', 'Indonesia');
INSERT IGNORE INTO Subtitle VALUES ('Predator: Badlands', 'Korea');
INSERT IGNORE INTO Konten VALUES ('Stand Your Ground', 'Former Special Forces operative, Jack Johnson, uses the Stand Your Ground law to seek vengeance for his wife’s murder, igniting a brutal war against a local crime lord’s family and ending in an explosive showdown.', 2025, 'NR', 'Film');
INSERT IGNORE INTO Film VALUES ('Stand Your Ground', 100, 'Fansu Njie');
INSERT IGNORE INTO Genre_Konten VALUES ('Stand Your Ground', 1);
INSERT IGNORE INTO Genre_Konten VALUES ('Stand Your Ground', 3);
INSERT IGNORE INTO Genre_Konten VALUES ('Stand Your Ground', 2);
INSERT IGNORE INTO Aktor (`nama_lengkap`) VALUES ('Daniel Stisen');
INSERT IGNORE INTO Peran VALUES ('Daniel Stisen', 'Stand Your Ground', 'Jack Johnson');
INSERT IGNORE INTO Aktor (`nama_lengkap`) VALUES ('Peter Stormare');
INSERT IGNORE INTO Peran VALUES ('Peter Stormare', 'Stand Your Ground', 'Bastion');
INSERT IGNORE INTO Aktor (`nama_lengkap`) VALUES ('Eric Roberts');
INSERT IGNORE INTO Peran VALUES ('Eric Roberts', 'Stand Your Ground', 'Earl');
INSERT IGNORE INTO Aktor (`nama_lengkap`) VALUES ('Adam Basil');
INSERT IGNORE INTO Peran VALUES ('Adam Basil', 'Stand Your Ground', 'Mouse');
INSERT IGNORE INTO Aktor (`nama_lengkap`) VALUES ('Akie Kotabe');
INSERT IGNORE INTO Peran VALUES ('Akie Kotabe', 'Stand Your Ground', 'Officer Jones');
INSERT IGNORE INTO Aktor (`nama_lengkap`) VALUES ('Beau Fowler');
INSERT IGNORE INTO Peran VALUES ('Beau Fowler', 'Stand Your Ground', 'Charles');
INSERT IGNORE INTO Aktor (`nama_lengkap`) VALUES ('Isobel Laidler');
INSERT IGNORE INTO Peran VALUES ('Isobel Laidler', 'Stand Your Ground', 'Molly');
INSERT IGNORE INTO Aktor (`nama_lengkap`) VALUES ('Megan Lockhurst');
INSERT IGNORE INTO Peran VALUES ('Megan Lockhurst', 'Stand Your Ground', 'Abigail');
INSERT IGNORE INTO Aktor (`nama_lengkap`) VALUES ('Blair London');
INSERT IGNORE INTO Peran VALUES ('Blair London', 'Stand Your Ground', 'Derrick');
INSERT IGNORE INTO Aktor (`nama_lengkap`) VALUES ('Patrick Regis');
INSERT IGNORE INTO Peran VALUES ('Patrick Regis', 'Stand Your Ground', '');
INSERT IGNORE INTO Audio VALUES ('Stand Your Ground', 'Inggris');
INSERT IGNORE INTO Audio VALUES ('Stand Your Ground', 'Jepang');
INSERT IGNORE INTO Subtitle VALUES ('Stand Your Ground', 'Spanyol');
INSERT IGNORE INTO Konten VALUES ('War of the Worlds', 'Will Radford is a top analyst for Homeland Security who tracks potential threats through a mass surveillance program, until one day an attack by an unknown entity leads him to question whether the government is hiding something from him... and from the rest of the world.', 2025, 'PG-13', 'Film');
INSERT IGNORE INTO Film VALUES ('War of the Worlds', 91, 'Rich Lee');
INSERT IGNORE INTO Genre_Konten VALUES ('War of the Worlds', 10);
INSERT IGNORE INTO Genre_Konten VALUES ('War of the Worlds', 3);
INSERT IGNORE INTO Aktor (`nama_lengkap`) VALUES ('Ice Cube');
INSERT IGNORE INTO Peran VALUES ('Ice Cube', 'War of the Worlds', 'William Radford');
INSERT IGNORE INTO Aktor (`nama_lengkap`) VALUES ('Eva Longoria');
INSERT IGNORE INTO Peran VALUES ('Eva Longoria', 'War of the Worlds', 'NASA Scientist Sandra Salas');
INSERT IGNORE INTO Aktor (`nama_lengkap`) VALUES ('Clark Gregg');
INSERT IGNORE INTO Peran VALUES ('Clark Gregg', 'War of the Worlds', 'NSA Director Donald Briggs');
INSERT IGNORE INTO Aktor (`nama_lengkap`) VALUES ('Iman Benson');
INSERT IGNORE INTO Peran VALUES ('Iman Benson', 'War of the Worlds', 'Faith Radford');
INSERT IGNORE INTO Aktor (`nama_lengkap`) VALUES ('Henry Hunter Hall');
INSERT IGNORE INTO Peran VALUES ('Henry Hunter Hall', 'War of the Worlds', 'David Radford');
INSERT IGNORE INTO Aktor (`nama_lengkap`) VALUES ('Devon Bostick');
INSERT IGNORE INTO Peran VALUES ('Devon Bostick', 'War of the Worlds', 'Mark Goodman');
INSERT IGNORE INTO Aktor (`nama_lengkap`) VALUES ('Andrea Savage');
INSERT IGNORE INTO Peran VALUES ('Andrea Savage', 'War of the Worlds', 'FBI Field Agent Sheila Jeffries');
INSERT IGNORE INTO Aktor (`nama_lengkap`) VALUES ('Nicole Pulliam');
INSERT IGNORE INTO Peran VALUES ('Nicole Pulliam', 'War of the Worlds', 'News Reporter');
INSERT IGNORE INTO Aktor (`nama_lengkap`) VALUES ('Michael O''Neill');
INSERT IGNORE INTO Peran VALUES ('Michael O''Neill', 'War of the Worlds', 'Secretary of Defense Walter Crystal');
INSERT IGNORE INTO Aktor (`nama_lengkap`) VALUES ('Jim Meskimen');
INSERT IGNORE INTO Peran VALUES ('Jim Meskimen', 'War of the Worlds', 'POTUS');
INSERT IGNORE INTO Audio VALUES ('War of the Worlds', 'Spanyol');
INSERT IGNORE INTO Subtitle VALUES ('War of the Worlds', 'Inggris');
INSERT IGNORE INTO Subtitle VALUES ('War of the Worlds', 'Korea');
INSERT IGNORE INTO Subtitle VALUES ('War of the Worlds', 'Jepang');
INSERT IGNORE INTO Konten VALUES ('Nahual', 'Katia Montero''s exotic getaway spirals into terror when she becomes possessed by a bloodthirsty animal spirit. Erotic encounters, violence, and ancient legends converge to deliver a chilling new twist on a South American myth.', 2025, 'NR', 'Film');
INSERT IGNORE INTO Film VALUES ('Nahual', 98, 'Ricardo Islas');
INSERT IGNORE INTO Aktor (`nama_lengkap`) VALUES ('Jenny Sanchez');
INSERT IGNORE INTO Peran VALUES ('Jenny Sanchez', 'Nahual', 'Katia Montero');
INSERT IGNORE INTO Aktor (`nama_lengkap`) VALUES ('Diego Herrera');
INSERT IGNORE INTO Peran VALUES ('Diego Herrera', 'Nahual', 'Fabian Gutierrez');
INSERT IGNORE INTO Aktor (`nama_lengkap`) VALUES ('Miriam Román');
INSERT IGNORE INTO Peran VALUES ('Miriam Román', 'Nahual', 'Yanay');
INSERT IGNORE INTO Aktor (`nama_lengkap`) VALUES ('Kristy V Acosta');
INSERT IGNORE INTO Peran VALUES ('Kristy V Acosta', 'Nahual', 'Farmer');
INSERT IGNORE INTO Audio VALUES ('Nahual', 'Korea');
INSERT IGNORE INTO Subtitle VALUES ('Nahual', 'Spanyol');
INSERT IGNORE INTO Subtitle VALUES ('Nahual', 'Indonesia');
INSERT IGNORE INTO Subtitle VALUES ('Nahual', 'Korea');
INSERT IGNORE INTO Konten VALUES ('Tee Yai: Born to Be Bad', 'In 1980s Bangkok, a wily thief stages a series of daring heists, baffling the authorities and the public — until one cop sets out to take him down.', 2025, 'R', 'Film');
INSERT IGNORE INTO Film VALUES ('Tee Yai: Born to Be Bad', 117, 'Nonzee Nimibutr');
INSERT IGNORE INTO Genre_Konten VALUES ('Tee Yai: Born to Be Bad', 2);
INSERT IGNORE INTO Genre_Konten VALUES ('Tee Yai: Born to Be Bad', 1);
INSERT IGNORE INTO Genre_Konten VALUES ('Tee Yai: Born to Be Bad', 4);
INSERT IGNORE INTO Aktor (`nama_lengkap`) VALUES ('Nattawin Wattanagitiphat');
INSERT IGNORE INTO Peran VALUES ('Nattawin Wattanagitiphat', 'Tee Yai: Born to Be Bad', 'Tee');
INSERT IGNORE INTO Aktor (`nama_lengkap`) VALUES ('Witsarut Himmarat');
INSERT IGNORE INTO Peran VALUES ('Witsarut Himmarat', 'Tee Yai: Born to Be Bad', 'Rerk');
INSERT IGNORE INTO Aktor (`nama_lengkap`) VALUES ('Supassara Thanachart');
INSERT IGNORE INTO Peran VALUES ('Supassara Thanachart', 'Tee Yai: Born to Be Bad', 'Dao');
INSERT IGNORE INTO Aktor (`nama_lengkap`) VALUES ('Sadanont Durongkhaweroj');
INSERT IGNORE INTO Peran VALUES ('Sadanont Durongkhaweroj', 'Tee Yai: Born to Be Bad', 'Kid');
INSERT IGNORE INTO Aktor (`nama_lengkap`) VALUES ('Ongart Cheamcharoenpornkul');
INSERT IGNORE INTO Peran VALUES ('Ongart Cheamcharoenpornkul', 'Tee Yai: Born to Be Bad', '');
INSERT IGNORE INTO Aktor (`nama_lengkap`) VALUES ('Patara Eksangkul');
INSERT IGNORE INTO Peran VALUES ('Patara Eksangkul', 'Tee Yai: Born to Be Bad', 'Pae');
INSERT IGNORE INTO Aktor (`nama_lengkap`) VALUES ('Akarin Akaranitimaytharatt');
INSERT IGNORE INTO Peran VALUES ('Akarin Akaranitimaytharatt', 'Tee Yai: Born to Be Bad', 'Jakkrarat');
INSERT IGNORE INTO Aktor (`nama_lengkap`) VALUES ('Sirin Horwang');
INSERT IGNORE INTO Peran VALUES ('Sirin Horwang', 'Tee Yai: Born to Be Bad', 'Sri');
INSERT IGNORE INTO Aktor (`nama_lengkap`) VALUES ('Akarat Nimitchai');
INSERT IGNORE INTO Peran VALUES ('Akarat Nimitchai', 'Tee Yai: Born to Be Bad', 'Sergeant Sam');
INSERT IGNORE INTO Aktor (`nama_lengkap`) VALUES ('Sumet Ong-ard');
INSERT IGNORE INTO Peran VALUES ('Sumet Ong-ard', 'Tee Yai: Born to Be Bad', 'Sergeant Somchai');
INSERT IGNORE INTO Audio VALUES ('Tee Yai: Born to Be Bad', 'Indonesia');
INSERT IGNORE INTO Subtitle VALUES ('Tee Yai: Born to Be Bad', 'Indonesia');
INSERT IGNORE INTO Konten VALUES ('Now You See Me: Now You Don''t', 'The original Four Horsemen reunite with a new generation of illusionists to take on powerful diamond heiress Veronika Vanderberg, who leads a criminal empire built on money laundering and trafficking. The new and old magicians must overcome their differences to work together on their most ambitious heist yet.', 2025, '13+', 'Film');
INSERT IGNORE INTO Film VALUES ('Now You See Me: Now You Don''t', 112, 'Ruben Fleischer');
INSERT IGNORE INTO Genre_Konten VALUES ('Now You See Me: Now You Don''t', 3);
INSERT IGNORE INTO Genre_Konten VALUES ('Now You See Me: Now You Don''t', 2);
INSERT IGNORE INTO Genre VALUES (11, 'Mystery');
INSERT IGNORE INTO Genre_Konten VALUES ('Now You See Me: Now You Don''t', 11);
INSERT IGNORE INTO Aktor (`nama_lengkap`) VALUES ('Jesse Eisenberg');
INSERT IGNORE INTO Peran VALUES ('Jesse Eisenberg', 'Now You See Me: Now You Don''t', 'J. Daniel Atlas');
INSERT IGNORE INTO Aktor (`nama_lengkap`) VALUES ('Isla Fisher');
INSERT IGNORE INTO Peran VALUES ('Isla Fisher', 'Now You See Me: Now You Don''t', 'Henley Reeves');
INSERT IGNORE INTO Aktor (`nama_lengkap`) VALUES ('Woody Harrelson');
INSERT IGNORE INTO Peran VALUES ('Woody Harrelson', 'Now You See Me: Now You Don''t', 'Merritt McKinney');
INSERT IGNORE INTO Aktor (`nama_lengkap`) VALUES ('Dave Franco');
INSERT IGNORE INTO Peran VALUES ('Dave Franco', 'Now You See Me: Now You Don''t', 'Jack Wilder');
INSERT IGNORE INTO Aktor (`nama_lengkap`) VALUES ('Rosamund Pike');
INSERT IGNORE INTO Peran VALUES ('Rosamund Pike', 'Now You See Me: Now You Don''t', 'Veronika Vanderberg');
INSERT IGNORE INTO Aktor (`nama_lengkap`) VALUES ('Justice Smith');
INSERT IGNORE INTO Peran VALUES ('Justice Smith', 'Now You See Me: Now You Don''t', 'Charlie Vanderberg');
INSERT IGNORE INTO Aktor (`nama_lengkap`) VALUES ('Dominic Sessa');
INSERT IGNORE INTO Peran VALUES ('Dominic Sessa', 'Now You See Me: Now You Don''t', 'Bosco Leroy');
INSERT IGNORE INTO Aktor (`nama_lengkap`) VALUES ('Ariana Greenblatt');
INSERT IGNORE INTO Peran VALUES ('Ariana Greenblatt', 'Now You See Me: Now You Don''t', 'June McClure');
INSERT IGNORE INTO Aktor (`nama_lengkap`) VALUES ('Morgan Freeman');
INSERT IGNORE INTO Peran VALUES ('Morgan Freeman', 'Now You See Me: Now You Don''t', 'Thaddeus Bradley');
INSERT IGNORE INTO Aktor (`nama_lengkap`) VALUES ('Thabang Kamogelo Molaba');
INSERT IGNORE INTO Peran VALUES ('Thabang Kamogelo Molaba', 'Now You See Me: Now You Don''t', 'Lethabo Khoza');
INSERT IGNORE INTO Audio VALUES ('Now You See Me: Now You Don''t', 'Jepang');
INSERT IGNORE INTO Audio VALUES ('Now You See Me: Now You Don''t', 'Inggris');
INSERT IGNORE INTO Audio VALUES ('Now You See Me: Now You Don''t', 'Korea');
INSERT IGNORE INTO Subtitle VALUES ('Now You See Me: Now You Don''t', 'Inggris');
INSERT IGNORE INTO Subtitle VALUES ('Now You See Me: Now You Don''t', 'Jepang');
INSERT IGNORE INTO Konten VALUES ('First Moon', 'A young waitress is abducted by a religious cult, who are hell-bent on curing her from a sexually transmitted werewolf virus - or killing her in the process. Will she escape before the first full moon?', 2025, 'NR', 'Film');
INSERT IGNORE INTO Film VALUES ('First Moon', 97, 'Peter McLeod');
INSERT IGNORE INTO Genre_Konten VALUES ('First Moon', 5);
INSERT IGNORE INTO Genre_Konten VALUES ('First Moon', 3);
INSERT IGNORE INTO Aktor (`nama_lengkap`) VALUES ('Lauren Esposito');
INSERT IGNORE INTO Peran VALUES ('Lauren Esposito', 'First Moon', 'Jessica');
INSERT IGNORE INTO Aktor (`nama_lengkap`) VALUES ('Julian Curtis');
INSERT IGNORE INTO Peran VALUES ('Julian Curtis', 'First Moon', 'Thomas');
INSERT IGNORE INTO Aktor (`nama_lengkap`) VALUES ('Shannon Ryan');
INSERT IGNORE INTO Peran VALUES ('Shannon Ryan', 'First Moon', 'Elyse');
INSERT IGNORE INTO Aktor (`nama_lengkap`) VALUES ('Soren Jensen');
INSERT IGNORE INTO Peran VALUES ('Soren Jensen', 'First Moon', 'Father Torquemada');
INSERT IGNORE INTO Aktor (`nama_lengkap`) VALUES ('Mitchell Slater');
INSERT IGNORE INTO Peran VALUES ('Mitchell Slater', 'First Moon', 'Matt');
INSERT IGNORE INTO Aktor (`nama_lengkap`) VALUES ('Yasmin Langlois');
INSERT IGNORE INTO Peran VALUES ('Yasmin Langlois', 'First Moon', 'Monique');
INSERT IGNORE INTO Aktor (`nama_lengkap`) VALUES ('Anthony Ciccotosto');
INSERT IGNORE INTO Peran VALUES ('Anthony Ciccotosto', 'First Moon', 'Marcus');
INSERT IGNORE INTO Aktor (`nama_lengkap`) VALUES ('Matthew Pritchard');
INSERT IGNORE INTO Peran VALUES ('Matthew Pritchard', 'First Moon', 'Scott');
INSERT IGNORE INTO Aktor (`nama_lengkap`) VALUES ('Clyde Boraine');
INSERT IGNORE INTO Peran VALUES ('Clyde Boraine', 'First Moon', 'Caleb');
INSERT IGNORE INTO Audio VALUES ('First Moon', 'Inggris');
INSERT IGNORE INTO Audio VALUES ('First Moon', 'Spanyol');
INSERT IGNORE INTO Subtitle VALUES ('First Moon', 'Inggris');
INSERT IGNORE INTO Subtitle VALUES ('First Moon', 'Spanyol');
INSERT IGNORE INTO Subtitle VALUES ('First Moon', 'Korea');
INSERT IGNORE INTO Konten VALUES ('JUJUTSU KAISEN: Execution -Shibuya Incident x The Culling Game Begins-', 'A veil abruptly descends over the busy Shibuya area amid the bustling Halloween crowds, trapping countless civilians inside. Satoru Gojo, the strongest jujutsu sorcerer, steps into the chaos. But lying in wait are curse users and spirits scheming to seal him away. Yuji Itadori, accompanied by his classmates and other top-tier jujutsu sorcerers, enters the fray in an unprecedented clash of curses — the Shibuya Incident. In the aftermath, ten colonies across Japan are transformed into dens of curses in a plan orchestrated by Noritoshi Kamo. As the deadly Culling Game starts, Special Grade sorcerer Yuta Okkotsu is assigned to carry out Yuji''s execution for his perceived crimes. A compilation movie of Shibuya Incident including the first two episodes of the Culling Games arc.', 2025, 'NR', 'Film');
INSERT IGNORE INTO Film VALUES ('JUJUTSU KAISEN: Execution -Shibuya Incident x The Culling Game Begins-', 88, 'Shota Goshozono');
INSERT IGNORE INTO Genre VALUES (12, 'Animation');
INSERT IGNORE INTO Genre_Konten VALUES ('JUJUTSU KAISEN: Execution -Shibuya Incident x The Culling Game Begins-', 12);
INSERT IGNORE INTO Genre_Konten VALUES ('JUJUTSU KAISEN: Execution -Shibuya Incident x The Culling Game Begins-', 1);
INSERT IGNORE INTO Aktor (`nama_lengkap`) VALUES ('Junya Enoki');
INSERT IGNORE INTO Peran VALUES ('Junya Enoki', 'JUJUTSU KAISEN: Execution -Shibuya Incident x The Culling Game Begins-', 'Yuji Itadori (voice)');
INSERT IGNORE INTO Aktor (`nama_lengkap`) VALUES ('Yuma Uchida');
INSERT IGNORE INTO Peran VALUES ('Yuma Uchida', 'JUJUTSU KAISEN: Execution -Shibuya Incident x The Culling Game Begins-', 'Megumi Fushiguro (voice)');
INSERT IGNORE INTO Aktor (`nama_lengkap`) VALUES ('Asami Seto');
INSERT IGNORE INTO Peran VALUES ('Asami Seto', 'JUJUTSU KAISEN: Execution -Shibuya Incident x The Culling Game Begins-', 'Nobara Kugisaki (voice)');
INSERT IGNORE INTO Aktor (`nama_lengkap`) VALUES ('Kenjiro Tsuda');
INSERT IGNORE INTO Peran VALUES ('Kenjiro Tsuda', 'JUJUTSU KAISEN: Execution -Shibuya Incident x The Culling Game Begins-', 'Kento Nanami (voice)');
INSERT IGNORE INTO Aktor (`nama_lengkap`) VALUES ('Subaru Kimura');
INSERT IGNORE INTO Peran VALUES ('Subaru Kimura', 'JUJUTSU KAISEN: Execution -Shibuya Incident x The Culling Game Begins-', 'Aoi Todo (voice)');
INSERT IGNORE INTO Aktor (`nama_lengkap`) VALUES ('Yuichi Nakamura');
INSERT IGNORE INTO Peran VALUES ('Yuichi Nakamura', 'JUJUTSU KAISEN: Execution -Shibuya Incident x The Culling Game Begins-', 'Satoru Gojo (voice)');
INSERT IGNORE INTO Aktor (`nama_lengkap`) VALUES ('Takahiro Sakurai');
INSERT IGNORE INTO Peran VALUES ('Takahiro Sakurai', 'JUJUTSU KAISEN: Execution -Shibuya Incident x The Culling Game Begins-', 'Suguru Geto (voice)');
INSERT IGNORE INTO Aktor (`nama_lengkap`) VALUES ('Daisuke Namikawa');
INSERT IGNORE INTO Peran VALUES ('Daisuke Namikawa', 'JUJUTSU KAISEN: Execution -Shibuya Incident x The Culling Game Begins-', 'Choso (voice)');
INSERT IGNORE INTO Aktor (`nama_lengkap`) VALUES ('Nobunaga Shimazaki');
INSERT IGNORE INTO Peran VALUES ('Nobunaga Shimazaki', 'JUJUTSU KAISEN: Execution -Shibuya Incident x The Culling Game Begins-', 'Mahito (voice)');
INSERT IGNORE INTO Aktor (`nama_lengkap`) VALUES ('Junichi Suwabe');
INSERT IGNORE INTO Peran VALUES ('Junichi Suwabe', 'JUJUTSU KAISEN: Execution -Shibuya Incident x The Culling Game Begins-', 'Ryomen Sukuna (voice)');
INSERT IGNORE INTO Audio VALUES ('JUJUTSU KAISEN: Execution -Shibuya Incident x The Culling Game Begins-', 'Spanyol');
INSERT IGNORE INTO Audio VALUES ('JUJUTSU KAISEN: Execution -Shibuya Incident x The Culling Game Begins-', 'Jepang');
INSERT IGNORE INTO Subtitle VALUES ('JUJUTSU KAISEN: Execution -Shibuya Incident x The Culling Game Begins-', 'Inggris');
INSERT IGNORE INTO Subtitle VALUES ('JUJUTSU KAISEN: Execution -Shibuya Incident x The Culling Game Begins-', 'Jepang');
INSERT IGNORE INTO Subtitle VALUES ('JUJUTSU KAISEN: Execution -Shibuya Incident x The Culling Game Begins-', 'Spanyol');
INSERT IGNORE INTO Subtitle VALUES ('JUJUTSU KAISEN: Execution -Shibuya Incident x The Culling Game Begins-', 'Korea');
INSERT IGNORE INTO Konten VALUES ('Demon Slayer: Kimetsu no Yaiba Infinity Castle', 'The Demon Slayer Corps are drawn into the Infinity Castle, where Tanjiro, Nezuko, and the Hashira face terrifying Upper Rank demons in a desperate fight as the final battle against Muzan Kibutsuji begins.', 2025, '17+', 'Film');
INSERT IGNORE INTO Film VALUES ('Demon Slayer: Kimetsu no Yaiba Infinity Castle', 156, 'Haruo Sotozaki');
INSERT IGNORE INTO Genre_Konten VALUES ('Demon Slayer: Kimetsu no Yaiba Infinity Castle', 12);
INSERT IGNORE INTO Genre_Konten VALUES ('Demon Slayer: Kimetsu no Yaiba Infinity Castle', 1);
INSERT IGNORE INTO Genre_Konten VALUES ('Demon Slayer: Kimetsu no Yaiba Infinity Castle', 6);
INSERT IGNORE INTO Genre_Konten VALUES ('Demon Slayer: Kimetsu no Yaiba Infinity Castle', 3);
INSERT IGNORE INTO Aktor (`nama_lengkap`) VALUES ('Natsuki Hanae');
INSERT IGNORE INTO Peran VALUES ('Natsuki Hanae', 'Demon Slayer: Kimetsu no Yaiba Infinity Castle', 'Tanjiro Kamado (voice)');
INSERT IGNORE INTO Aktor (`nama_lengkap`) VALUES ('Hiro Shimono');
INSERT IGNORE INTO Peran VALUES ('Hiro Shimono', 'Demon Slayer: Kimetsu no Yaiba Infinity Castle', 'Zenitsu Agatsuma (voice)');
INSERT IGNORE INTO Aktor (`nama_lengkap`) VALUES ('Takahiro Sakurai');
INSERT IGNORE INTO Peran VALUES ('Takahiro Sakurai', 'Demon Slayer: Kimetsu no Yaiba Infinity Castle', 'Giyu Tomioka (voice)');
INSERT IGNORE INTO Aktor (`nama_lengkap`) VALUES ('Akira Ishida');
INSERT IGNORE INTO Peran VALUES ('Akira Ishida', 'Demon Slayer: Kimetsu no Yaiba Infinity Castle', 'Akaza (voice)');
INSERT IGNORE INTO Aktor (`nama_lengkap`) VALUES ('Yoshitsugu Matsuoka');
INSERT IGNORE INTO Peran VALUES ('Yoshitsugu Matsuoka', 'Demon Slayer: Kimetsu no Yaiba Infinity Castle', 'Inosuke Hashibira (voice)');
INSERT IGNORE INTO Aktor (`nama_lengkap`) VALUES ('Toshihiko Seki');
INSERT IGNORE INTO Peran VALUES ('Toshihiko Seki', 'Demon Slayer: Kimetsu no Yaiba Infinity Castle', 'Muzan Kibutsuji (voice)');
INSERT IGNORE INTO Aktor (`nama_lengkap`) VALUES ('Reina Ueda');
INSERT IGNORE INTO Peran VALUES ('Reina Ueda', 'Demon Slayer: Kimetsu no Yaiba Infinity Castle', 'Kanao Tsuyuri (voice)');
INSERT IGNORE INTO Aktor (`nama_lengkap`) VALUES ('Nobuhiko Okamoto');
INSERT IGNORE INTO Peran VALUES ('Nobuhiko Okamoto', 'Demon Slayer: Kimetsu no Yaiba Infinity Castle', 'Genya Shinazugawa (voice)');
INSERT IGNORE INTO Aktor (`nama_lengkap`) VALUES ('Katsuyuki Konishi');
INSERT IGNORE INTO Peran VALUES ('Katsuyuki Konishi', 'Demon Slayer: Kimetsu no Yaiba Infinity Castle', 'Tengen Uzui (voice)');
INSERT IGNORE INTO Aktor (`nama_lengkap`) VALUES ('Akari Kito');
INSERT IGNORE INTO Peran VALUES ('Akari Kito', 'Demon Slayer: Kimetsu no Yaiba Infinity Castle', 'Nezuko Kamado (voice)');
INSERT IGNORE INTO Audio VALUES ('Demon Slayer: Kimetsu no Yaiba Infinity Castle', 'Indonesia');
INSERT IGNORE INTO Audio VALUES ('Demon Slayer: Kimetsu no Yaiba Infinity Castle', 'Jepang');
INSERT IGNORE INTO Subtitle VALUES ('Demon Slayer: Kimetsu no Yaiba Infinity Castle', 'Korea');
INSERT IGNORE INTO Subtitle VALUES ('Demon Slayer: Kimetsu no Yaiba Infinity Castle', 'Indonesia');
INSERT IGNORE INTO Subtitle VALUES ('Demon Slayer: Kimetsu no Yaiba Infinity Castle', 'Jepang');
INSERT IGNORE INTO Konten VALUES ('Black Phone 2', 'Four years after escaping The Grabber, Finney Blake is struggling with his life after captivity. When his sister Gwen begins receiving calls in her dreams from the black phone and seeing disturbing visions of three boys being stalked at a winter camp, the siblings become determined to solve the mystery and confront a killer who has grown more powerful in death and more significant to them than either could imagine.', 2025, '17+', 'Film');
INSERT IGNORE INTO Film VALUES ('Black Phone 2', 114, 'Scott Derrickson');
INSERT IGNORE INTO Genre_Konten VALUES ('Black Phone 2', 5);
INSERT IGNORE INTO Genre_Konten VALUES ('Black Phone 2', 3);
INSERT IGNORE INTO Aktor (`nama_lengkap`) VALUES ('Ethan Hawke');
INSERT IGNORE INTO Peran VALUES ('Ethan Hawke', 'Black Phone 2', 'The Grabber');
INSERT IGNORE INTO Aktor (`nama_lengkap`) VALUES ('Mason Thames');
INSERT IGNORE INTO Peran VALUES ('Mason Thames', 'Black Phone 2', 'Finney Blake');
INSERT IGNORE INTO Aktor (`nama_lengkap`) VALUES ('Madeleine McGraw');
INSERT IGNORE INTO Peran VALUES ('Madeleine McGraw', 'Black Phone 2', 'Gwen Blake');
INSERT IGNORE INTO Aktor (`nama_lengkap`) VALUES ('Demián Bichir');
INSERT IGNORE INTO Peran VALUES ('Demián Bichir', 'Black Phone 2', 'Mando');
INSERT IGNORE INTO Aktor (`nama_lengkap`) VALUES ('Miguel Mora');
INSERT IGNORE INTO Peran VALUES ('Miguel Mora', 'Black Phone 2', 'Ernesto Arellano');
INSERT IGNORE INTO Aktor (`nama_lengkap`) VALUES ('Jeremy Davies');
INSERT IGNORE INTO Peran VALUES ('Jeremy Davies', 'Black Phone 2', 'Terrence Blake');
INSERT IGNORE INTO Aktor (`nama_lengkap`) VALUES ('Arianna Rivas');
INSERT IGNORE INTO Peran VALUES ('Arianna Rivas', 'Black Phone 2', 'Mustang');
INSERT IGNORE INTO Aktor (`nama_lengkap`) VALUES ('Maev Beaty');
INSERT IGNORE INTO Peran VALUES ('Maev Beaty', 'Black Phone 2', 'Barbara');
INSERT IGNORE INTO Aktor (`nama_lengkap`) VALUES ('Graham Abbey');
INSERT IGNORE INTO Peran VALUES ('Graham Abbey', 'Black Phone 2', 'Kenneth');
INSERT IGNORE INTO Aktor (`nama_lengkap`) VALUES ('James Ransone');
INSERT IGNORE INTO Peran VALUES ('James Ransone', 'Black Phone 2', 'Max');
INSERT IGNORE INTO Audio VALUES ('Black Phone 2', 'Spanyol');
INSERT IGNORE INTO Audio VALUES ('Black Phone 2', 'Jepang');
INSERT IGNORE INTO Audio VALUES ('Black Phone 2', 'Korea');
INSERT IGNORE INTO Subtitle VALUES ('Black Phone 2', 'Indonesia');
INSERT IGNORE INTO Subtitle VALUES ('Black Phone 2', 'Inggris');
INSERT IGNORE INTO Subtitle VALUES ('Black Phone 2', 'Korea');
INSERT IGNORE INTO Konten VALUES ('Aquaman', 'Half-human, half-Atlantean Arthur Curry is taken on the journey of his lifetime to discover if he is worth of being a king.', 2018, 'PG-13', 'Film');
INSERT IGNORE INTO Film VALUES ('Aquaman', 143, 'James Wan');
INSERT IGNORE INTO Genre_Konten VALUES ('Aquaman', 1);
INSERT IGNORE INTO Genre_Konten VALUES ('Aquaman', 7);
INSERT IGNORE INTO Genre_Konten VALUES ('Aquaman', 6);
INSERT IGNORE INTO Aktor (`nama_lengkap`) VALUES ('Jason Momoa');
INSERT IGNORE INTO Peran VALUES ('Jason Momoa', 'Aquaman', 'Arthur Curry / Aquaman');
INSERT IGNORE INTO Aktor (`nama_lengkap`) VALUES ('Amber Heard');
INSERT IGNORE INTO Peran VALUES ('Amber Heard', 'Aquaman', 'Mera');
INSERT IGNORE INTO Aktor (`nama_lengkap`) VALUES ('Willem Dafoe');
INSERT IGNORE INTO Peran VALUES ('Willem Dafoe', 'Aquaman', 'Nuidis Vulko');
INSERT IGNORE INTO Aktor (`nama_lengkap`) VALUES ('Patrick Wilson');
INSERT IGNORE INTO Peran VALUES ('Patrick Wilson', 'Aquaman', 'King Orm Marius / Ocean Master');
INSERT IGNORE INTO Aktor (`nama_lengkap`) VALUES ('Nicole Kidman');
INSERT IGNORE INTO Peran VALUES ('Nicole Kidman', 'Aquaman', 'Atlanna');
INSERT IGNORE INTO Aktor (`nama_lengkap`) VALUES ('Dolph Lundgren');
INSERT IGNORE INTO Peran VALUES ('Dolph Lundgren', 'Aquaman', 'King Nereus');
INSERT IGNORE INTO Aktor (`nama_lengkap`) VALUES ('Yahya Abdul-Mateen II');
INSERT IGNORE INTO Peran VALUES ('Yahya Abdul-Mateen II', 'Aquaman', 'David Kane / Black Manta');
INSERT IGNORE INTO Aktor (`nama_lengkap`) VALUES ('Temuera Morrison');
INSERT IGNORE INTO Peran VALUES ('Temuera Morrison', 'Aquaman', 'Thomas Curry');
INSERT IGNORE INTO Aktor (`nama_lengkap`) VALUES ('Ludi Lin');
INSERT IGNORE INTO Peran VALUES ('Ludi Lin', 'Aquaman', 'Captain Murk');
INSERT IGNORE INTO Aktor (`nama_lengkap`) VALUES ('Michael Beach');
INSERT IGNORE INTO Peran VALUES ('Michael Beach', 'Aquaman', 'Jesse Kane (Manta''s Father)');
INSERT IGNORE INTO Audio VALUES ('Aquaman', 'Jepang');
INSERT IGNORE INTO Audio VALUES ('Aquaman', 'Inggris');
INSERT IGNORE INTO Subtitle VALUES ('Aquaman', 'Korea');
INSERT IGNORE INTO Konten VALUES ('xXx', 'Xander Cage is your standard adrenaline junkie with no fear and a lousy attitude. When the US Government "recruits" him to go on a mission, he''s not exactly thrilled. His mission: to gather information on an organization that may just be planning the destruction of the world, led by the nihilistic Yorgi.', 2002, 'PG-13', 'Film');
INSERT IGNORE INTO Film VALUES ('xXx', 124, 'Rob Cohen');
INSERT IGNORE INTO Genre_Konten VALUES ('xXx', 1);
INSERT IGNORE INTO Genre_Konten VALUES ('xXx', 7);
INSERT IGNORE INTO Genre_Konten VALUES ('xXx', 3);
INSERT IGNORE INTO Genre_Konten VALUES ('xXx', 2);
INSERT IGNORE INTO Genre_Konten VALUES ('xXx', 4);
INSERT IGNORE INTO Aktor (`nama_lengkap`) VALUES ('Vin Diesel');
INSERT IGNORE INTO Peran VALUES ('Vin Diesel', 'xXx', 'Xander Cage');
INSERT IGNORE INTO Aktor (`nama_lengkap`) VALUES ('Asia Argento');
INSERT IGNORE INTO Peran VALUES ('Asia Argento', 'xXx', 'Yelena');
INSERT IGNORE INTO Aktor (`nama_lengkap`) VALUES ('Marton Csokas');
INSERT IGNORE INTO Peran VALUES ('Marton Csokas', 'xXx', 'Yorgi');
INSERT IGNORE INTO Aktor (`nama_lengkap`) VALUES ('Samuel L. Jackson');
INSERT IGNORE INTO Peran VALUES ('Samuel L. Jackson', 'xXx', 'Agent Augustus Gibbons');
INSERT IGNORE INTO Aktor (`nama_lengkap`) VALUES ('Michael Roof');
INSERT IGNORE INTO Peran VALUES ('Michael Roof', 'xXx', 'Agent Toby Lee Shavers');
INSERT IGNORE INTO Aktor (`nama_lengkap`) VALUES ('Richy Müller');
INSERT IGNORE INTO Peran VALUES ('Richy Müller', 'xXx', 'Milan Sova');
INSERT IGNORE INTO Aktor (`nama_lengkap`) VALUES ('Werner Daehn');
INSERT IGNORE INTO Peran VALUES ('Werner Daehn', 'xXx', 'Kirill');
INSERT IGNORE INTO Aktor (`nama_lengkap`) VALUES ('Petr Jákl');
INSERT IGNORE INTO Peran VALUES ('Petr Jákl', 'xXx', 'Kolya');
INSERT IGNORE INTO Aktor (`nama_lengkap`) VALUES ('Jan Filipenský');
INSERT IGNORE INTO Peran VALUES ('Jan Filipenský', 'xXx', 'Viktor');
INSERT IGNORE INTO Aktor (`nama_lengkap`) VALUES ('Tom Everett');
INSERT IGNORE INTO Peran VALUES ('Tom Everett', 'xXx', 'Senator Dick Hotchkiss');
INSERT IGNORE INTO Audio VALUES ('xXx', 'Indonesia');
INSERT IGNORE INTO Audio VALUES ('xXx', 'Jepang');
INSERT IGNORE INTO Subtitle VALUES ('xXx', 'Indonesia');
INSERT IGNORE INTO Subtitle VALUES ('xXx', 'Jepang');
INSERT IGNORE INTO Subtitle VALUES ('xXx', 'Korea');
INSERT IGNORE INTO Konten VALUES ('Chainsaw Man - The Movie: Reze Arc', 'In a brutal war between devils, hunters, and secret enemies, a mysterious girl named Reze has stepped into Denji''s world, and he faces his deadliest battle yet, fueled by love in a world where survival knows no rules.', 2025, '13+', 'Film');
INSERT IGNORE INTO Film VALUES ('Chainsaw Man - The Movie: Reze Arc', 100, 'Tatsuya Yoshihara');
INSERT IGNORE INTO Genre_Konten VALUES ('Chainsaw Man - The Movie: Reze Arc', 12);
INSERT IGNORE INTO Genre_Konten VALUES ('Chainsaw Man - The Movie: Reze Arc', 1);
INSERT IGNORE INTO Genre VALUES (13, 'Romance');
INSERT IGNORE INTO Genre_Konten VALUES ('Chainsaw Man - The Movie: Reze Arc', 13);
INSERT IGNORE INTO Genre_Konten VALUES ('Chainsaw Man - The Movie: Reze Arc', 6);
INSERT IGNORE INTO Aktor (`nama_lengkap`) VALUES ('Kikunosuke Toya');
INSERT IGNORE INTO Peran VALUES ('Kikunosuke Toya', 'Chainsaw Man - The Movie: Reze Arc', 'Denji (voice)');
INSERT IGNORE INTO Aktor (`nama_lengkap`) VALUES ('Reina Ueda');
INSERT IGNORE INTO Peran VALUES ('Reina Ueda', 'Chainsaw Man - The Movie: Reze Arc', 'Reze (voice)');
INSERT IGNORE INTO Aktor (`nama_lengkap`) VALUES ('Shiori Izawa');
INSERT IGNORE INTO Peran VALUES ('Shiori Izawa', 'Chainsaw Man - The Movie: Reze Arc', 'Pochita (voice)');
INSERT IGNORE INTO Aktor (`nama_lengkap`) VALUES ('Tomori Kusunoki');
INSERT IGNORE INTO Peran VALUES ('Tomori Kusunoki', 'Chainsaw Man - The Movie: Reze Arc', 'Makima (voice)');
INSERT IGNORE INTO Aktor (`nama_lengkap`) VALUES ('Shogo Sakata');
INSERT IGNORE INTO Peran VALUES ('Shogo Sakata', 'Chainsaw Man - The Movie: Reze Arc', 'Aki (voice)');
INSERT IGNORE INTO Aktor (`nama_lengkap`) VALUES ('Fairouz Ai');
INSERT IGNORE INTO Peran VALUES ('Fairouz Ai', 'Chainsaw Man - The Movie: Reze Arc', 'Power (voice)');
INSERT IGNORE INTO Aktor (`nama_lengkap`) VALUES ('Karin Takahashi');
INSERT IGNORE INTO Peran VALUES ('Karin Takahashi', 'Chainsaw Man - The Movie: Reze Arc', 'Kobeni (voice)');
INSERT IGNORE INTO Aktor (`nama_lengkap`) VALUES ('Natsuki Hanae');
INSERT IGNORE INTO Peran VALUES ('Natsuki Hanae', 'Chainsaw Man - The Movie: Reze Arc', 'Beam (voice)');
INSERT IGNORE INTO Aktor (`nama_lengkap`) VALUES ('Yuuya Uchida');
INSERT IGNORE INTO Peran VALUES ('Yuuya Uchida', 'Chainsaw Man - The Movie: Reze Arc', 'The Violence Fiend (voice)');
INSERT IGNORE INTO Aktor (`nama_lengkap`) VALUES ('Maaya Uchida');
INSERT IGNORE INTO Peran VALUES ('Maaya Uchida', 'Chainsaw Man - The Movie: Reze Arc', 'Angel Devil (voice)');
INSERT IGNORE INTO Audio VALUES ('Chainsaw Man - The Movie: Reze Arc', 'Spanyol');
INSERT IGNORE INTO Audio VALUES ('Chainsaw Man - The Movie: Reze Arc', 'Korea');
INSERT IGNORE INTO Subtitle VALUES ('Chainsaw Man - The Movie: Reze Arc', 'Korea');
INSERT IGNORE INTO Subtitle VALUES ('Chainsaw Man - The Movie: Reze Arc', 'Spanyol');
INSERT IGNORE INTO Konten VALUES ('Wicked: For Good', 'As an angry mob rises against the Wicked Witch, Glinda and Elphaba will need to come together one final time. With their singular friendship now the fulcrum of their futures, they will need to truly see each other, with honesty and empathy, if they are to change themselves, and all of Oz, for good.', 2025, '13+', 'Film');
INSERT IGNORE INTO Film VALUES ('Wicked: For Good', 137, 'Jon M. Chu');
INSERT IGNORE INTO Genre_Konten VALUES ('Wicked: For Good', 13);
INSERT IGNORE INTO Genre_Konten VALUES ('Wicked: For Good', 6);
INSERT IGNORE INTO Genre_Konten VALUES ('Wicked: For Good', 7);
INSERT IGNORE INTO Aktor (`nama_lengkap`) VALUES ('Ariana Grande');
INSERT IGNORE INTO Peran VALUES ('Ariana Grande', 'Wicked: For Good', 'Glinda');
INSERT IGNORE INTO Aktor (`nama_lengkap`) VALUES ('Cynthia Erivo');
INSERT IGNORE INTO Peran VALUES ('Cynthia Erivo', 'Wicked: For Good', 'Elphaba');
INSERT IGNORE INTO Aktor (`nama_lengkap`) VALUES ('Jonathan Bailey');
INSERT IGNORE INTO Peran VALUES ('Jonathan Bailey', 'Wicked: For Good', 'Fiyero');
INSERT IGNORE INTO Aktor (`nama_lengkap`) VALUES ('Jeff Goldblum');
INSERT IGNORE INTO Peran VALUES ('Jeff Goldblum', 'Wicked: For Good', 'The Wonderful Wizard of Oz');
INSERT IGNORE INTO Aktor (`nama_lengkap`) VALUES ('Michelle Yeoh');
INSERT IGNORE INTO Peran VALUES ('Michelle Yeoh', 'Wicked: For Good', 'Madame Morrible');
INSERT IGNORE INTO Aktor (`nama_lengkap`) VALUES ('Ethan Slater');
INSERT IGNORE INTO Peran VALUES ('Ethan Slater', 'Wicked: For Good', 'Boq');
INSERT IGNORE INTO Aktor (`nama_lengkap`) VALUES ('Marissa Bode');
INSERT IGNORE INTO Peran VALUES ('Marissa Bode', 'Wicked: For Good', 'Nessarose');
INSERT IGNORE INTO Aktor (`nama_lengkap`) VALUES ('Bowen Yang');
INSERT IGNORE INTO Peran VALUES ('Bowen Yang', 'Wicked: For Good', 'Pfannee');
INSERT IGNORE INTO Aktor (`nama_lengkap`) VALUES ('Bronwyn James');
INSERT IGNORE INTO Peran VALUES ('Bronwyn James', 'Wicked: For Good', 'Shenshen');
INSERT IGNORE INTO Aktor (`nama_lengkap`) VALUES ('Colman Domingo');
INSERT IGNORE INTO Peran VALUES ('Colman Domingo', 'Wicked: For Good', 'The Cowardly Lion (voice)');
INSERT IGNORE INTO Audio VALUES ('Wicked: For Good', 'Indonesia');
INSERT IGNORE INTO Audio VALUES ('Wicked: For Good', 'Korea');
INSERT IGNORE INTO Audio VALUES ('Wicked: For Good', 'Inggris');
INSERT IGNORE INTO Subtitle VALUES ('Wicked: For Good', 'Inggris');
INSERT IGNORE INTO Konten VALUES ('Monster Island', 'In the Pacific, 1944, a Japanese soldier and a British prisoner of war are stranded on a deserted island, hunted by a deadly creature. Two mortal enemies must come together to survive the unknown.', 2025, 'NR', 'Film');
INSERT IGNORE INTO Film VALUES ('Monster Island', 83, 'Mike Wiluan');
INSERT IGNORE INTO Genre_Konten VALUES ('Monster Island', 5);
INSERT IGNORE INTO Genre_Konten VALUES ('Monster Island', 6);
INSERT IGNORE INTO Genre_Konten VALUES ('Monster Island', 1);
INSERT IGNORE INTO Genre_Konten VALUES ('Monster Island', 3);
INSERT IGNORE INTO Aktor (`nama_lengkap`) VALUES ('Dean Fujioka');
INSERT IGNORE INTO Peran VALUES ('Dean Fujioka', 'Monster Island', 'Saito');
INSERT IGNORE INTO Aktor (`nama_lengkap`) VALUES ('Callum Woodhouse');
INSERT IGNORE INTO Peran VALUES ('Callum Woodhouse', 'Monster Island', 'Bronson');
INSERT IGNORE INTO Aktor (`nama_lengkap`) VALUES ('Alan Maxson');
INSERT IGNORE INTO Peran VALUES ('Alan Maxson', 'Monster Island', 'Creature');
INSERT IGNORE INTO Aktor (`nama_lengkap`) VALUES ('Kazushi Kato');
INSERT IGNORE INTO Peran VALUES ('Kazushi Kato', 'Monster Island', 'Hell Ship Commander');
INSERT IGNORE INTO Aktor (`nama_lengkap`) VALUES ('Teruhiko Kameoka');
INSERT IGNORE INTO Peran VALUES ('Teruhiko Kameoka', 'Monster Island', 'Hell Ship Soldier #1');
INSERT IGNORE INTO Aktor (`nama_lengkap`) VALUES ('Yorihiro Nagai');
INSERT IGNORE INTO Peran VALUES ('Yorihiro Nagai', 'Monster Island', 'Hell Ship Soldier #2');
INSERT IGNORE INTO Aktor (`nama_lengkap`) VALUES ('Naoki Kawano');
INSERT IGNORE INTO Peran VALUES ('Naoki Kawano', 'Monster Island', 'Hell Ship Soldier #3');
INSERT IGNORE INTO Aktor (`nama_lengkap`) VALUES ('James Edgar Langdong');
INSERT IGNORE INTO Peran VALUES ('James Edgar Langdong', 'Monster Island', 'US Navy Officer');
INSERT IGNORE INTO Aktor (`nama_lengkap`) VALUES ('Kouji Miyoshi');
INSERT IGNORE INTO Peran VALUES ('Kouji Miyoshi', 'Monster Island', 'Japanese NCO');
INSERT IGNORE INTO Aktor (`nama_lengkap`) VALUES ('Kenji S Jahja');
INSERT IGNORE INTO Peran VALUES ('Kenji S Jahja', 'Monster Island', 'Japanese Soldier #1');
INSERT IGNORE INTO Audio VALUES ('Monster Island', 'Inggris');
INSERT IGNORE INTO Audio VALUES ('Monster Island', 'Spanyol');
INSERT IGNORE INTO Subtitle VALUES ('Monster Island', 'Spanyol');
INSERT IGNORE INTO Konten VALUES ('Code 3', 'A burned-out paramedic tries to survive his last 24 hours on the job while training a new recruit.', 2025, 'R', 'Film');
INSERT IGNORE INTO Film VALUES ('Code 3', 100, 'Christopher Leone');
INSERT IGNORE INTO Genre_Konten VALUES ('Code 3', 1);
INSERT IGNORE INTO Genre_Konten VALUES ('Code 3', 8);
INSERT IGNORE INTO Aktor (`nama_lengkap`) VALUES ('Rainn Wilson');
INSERT IGNORE INTO Peran VALUES ('Rainn Wilson', 'Code 3', 'Randy');
INSERT IGNORE INTO Aktor (`nama_lengkap`) VALUES ('Lil Rel Howery');
INSERT IGNORE INTO Peran VALUES ('Lil Rel Howery', 'Code 3', 'Mike');
INSERT IGNORE INTO Aktor (`nama_lengkap`) VALUES ('Aimee Carrero');
INSERT IGNORE INTO Peran VALUES ('Aimee Carrero', 'Code 3', 'Jessica');
INSERT IGNORE INTO Aktor (`nama_lengkap`) VALUES ('Yvette Nicole Brown');
INSERT IGNORE INTO Peran VALUES ('Yvette Nicole Brown', 'Code 3', 'Shanice');
INSERT IGNORE INTO Aktor (`nama_lengkap`) VALUES ('Rob Riggle');
INSERT IGNORE INTO Peran VALUES ('Rob Riggle', 'Code 3', 'Dr. Serano');
INSERT IGNORE INTO Aktor (`nama_lengkap`) VALUES ('Page Kennedy');
INSERT IGNORE INTO Peran VALUES ('Page Kennedy', 'Code 3', 'Officer Tagert');
INSERT IGNORE INTO Aktor (`nama_lengkap`) VALUES ('Xolo Mariduena');
INSERT IGNORE INTO Peran VALUES ('Xolo Mariduena', 'Code 3', 'Rookie');
INSERT IGNORE INTO Aktor (`nama_lengkap`) VALUES ('Eric Jungmann');
INSERT IGNORE INTO Peran VALUES ('Eric Jungmann', 'Code 3', 'Nurse Chad');
INSERT IGNORE INTO Aktor (`nama_lengkap`) VALUES ('Ayesha Harris');
INSERT IGNORE INTO Peran VALUES ('Ayesha Harris', 'Code 3', 'Kim');
INSERT IGNORE INTO Aktor (`nama_lengkap`) VALUES ('Luka Jones');
INSERT IGNORE INTO Peran VALUES ('Luka Jones', 'Code 3', 'Motorcycle Matt');
INSERT IGNORE INTO Audio VALUES ('Code 3', 'Spanyol');
INSERT IGNORE INTO Subtitle VALUES ('Code 3', 'Korea');
INSERT IGNORE INTO Subtitle VALUES ('Code 3', 'Indonesia');
INSERT IGNORE INTO Subtitle VALUES ('Code 3', 'Jepang');
INSERT IGNORE INTO Konten VALUES ('In Your Dreams', 'Stevie and her little brother Elliot journey into the wildly absurd landscape of their own dreams to ask the Sandman to grant them the perfect family.', 2025, 'PG', 'Film');
INSERT IGNORE INTO Film VALUES ('In Your Dreams', 87, 'Alex Woo');
INSERT IGNORE INTO Genre_Konten VALUES ('In Your Dreams', 12);
INSERT IGNORE INTO Genre_Konten VALUES ('In Your Dreams', 9);
INSERT IGNORE INTO Genre_Konten VALUES ('In Your Dreams', 8);
INSERT IGNORE INTO Genre_Konten VALUES ('In Your Dreams', 7);
INSERT IGNORE INTO Genre_Konten VALUES ('In Your Dreams', 6);
INSERT IGNORE INTO Aktor (`nama_lengkap`) VALUES ('Jolie Hoang-Rappaport');
INSERT IGNORE INTO Peran VALUES ('Jolie Hoang-Rappaport', 'In Your Dreams', 'Stevie (voice)');
INSERT IGNORE INTO Aktor (`nama_lengkap`) VALUES ('Elias Janssen');
INSERT IGNORE INTO Peran VALUES ('Elias Janssen', 'In Your Dreams', 'Elliot (voice)');
INSERT IGNORE INTO Aktor (`nama_lengkap`) VALUES ('Simu Liu');
INSERT IGNORE INTO Peran VALUES ('Simu Liu', 'In Your Dreams', 'Dad (voice)');
INSERT IGNORE INTO Aktor (`nama_lengkap`) VALUES ('Craig Robinson');
INSERT IGNORE INTO Peran VALUES ('Craig Robinson', 'In Your Dreams', 'Baloney Tony (voice)');
INSERT IGNORE INTO Aktor (`nama_lengkap`) VALUES ('Cristin Milioti');
INSERT IGNORE INTO Peran VALUES ('Cristin Milioti', 'In Your Dreams', 'Mom / Additional Voices (voice)');
INSERT IGNORE INTO Aktor (`nama_lengkap`) VALUES ('Gia Carides');
INSERT IGNORE INTO Peran VALUES ('Gia Carides', 'In Your Dreams', 'Nightmara (voice)');
INSERT IGNORE INTO Aktor (`nama_lengkap`) VALUES ('Omid Djalili');
INSERT IGNORE INTO Peran VALUES ('Omid Djalili', 'In Your Dreams', 'Sandman (voice)');
INSERT IGNORE INTO Aktor (`nama_lengkap`) VALUES ('SungWon Cho');
INSERT IGNORE INTO Peran VALUES ('SungWon Cho', 'In Your Dreams', 'Chad / Additional Voices (voice)');
INSERT IGNORE INTO Aktor (`nama_lengkap`) VALUES ('Zachary Noah Piser');
INSERT IGNORE INTO Peran VALUES ('Zachary Noah Piser', 'In Your Dreams', 'Joon Bae / Polly (voice)');
INSERT IGNORE INTO Aktor (`nama_lengkap`) VALUES ('Hailey Magpali');
INSERT IGNORE INTO Peran VALUES ('Hailey Magpali', 'In Your Dreams', 'Four-Year-Old Stevie (voice)');
INSERT IGNORE INTO Audio VALUES ('In Your Dreams', 'Indonesia');
INSERT IGNORE INTO Audio VALUES ('In Your Dreams', 'Jepang');
INSERT IGNORE INTO Subtitle VALUES ('In Your Dreams', 'Inggris');
INSERT IGNORE INTO Konten VALUES ('Pacific Fear', 'A surf vacation turns into a nightmare when a group of surfers go looking for waves on a mysterious island that isn''t on any map.', 2024, 'NR', 'Film');
INSERT IGNORE INTO Film VALUES ('Pacific Fear', 89, 'Jacques Kluger');
INSERT IGNORE INTO Genre_Konten VALUES ('Pacific Fear', 5);
INSERT IGNORE INTO Genre_Konten VALUES ('Pacific Fear', 3);
INSERT IGNORE INTO Aktor (`nama_lengkap`) VALUES ('Adèle Galloy');
INSERT IGNORE INTO Peran VALUES ('Adèle Galloy', 'Pacific Fear', 'Sarah');
INSERT IGNORE INTO Aktor (`nama_lengkap`) VALUES ('Marie Zabukovec');
INSERT IGNORE INTO Peran VALUES ('Marie Zabukovec', 'Pacific Fear', 'Jennifer');
INSERT IGNORE INTO Aktor (`nama_lengkap`) VALUES ('Vaimiti Teiefitu');
INSERT IGNORE INTO Peran VALUES ('Vaimiti Teiefitu', 'Pacific Fear', 'Hazel');
INSERT IGNORE INTO Aktor (`nama_lengkap`) VALUES ('Marilyn Lima');
INSERT IGNORE INTO Peran VALUES ('Marilyn Lima', 'Pacific Fear', 'Alicia');
INSERT IGNORE INTO Aktor (`nama_lengkap`) VALUES ('Aurélien Recoing');
INSERT IGNORE INTO Peran VALUES ('Aurélien Recoing', 'Pacific Fear', 'General');
INSERT IGNORE INTO Aktor (`nama_lengkap`) VALUES ('Laurent Maurel');
INSERT IGNORE INTO Peran VALUES ('Laurent Maurel', 'Pacific Fear', 'Sam');
INSERT IGNORE INTO Audio VALUES ('Pacific Fear', 'Indonesia');
INSERT IGNORE INTO Subtitle VALUES ('Pacific Fear', 'Korea');
INSERT IGNORE INTO Subtitle VALUES ('Pacific Fear', 'Inggris');
INSERT IGNORE INTO Konten VALUES ('Shelby Oaks', 'A woman''s obsessive search for her missing sister leads her into a terrifying mystery at the hands of an unknown evil.', 2025, '17+', 'Film');
INSERT IGNORE INTO Film VALUES ('Shelby Oaks', 91, 'Chris Stuckmann');
INSERT IGNORE INTO Genre_Konten VALUES ('Shelby Oaks', 5);
INSERT IGNORE INTO Genre_Konten VALUES ('Shelby Oaks', 11);
INSERT IGNORE INTO Aktor (`nama_lengkap`) VALUES ('Camille Sullivan');
INSERT IGNORE INTO Peran VALUES ('Camille Sullivan', 'Shelby Oaks', 'Mia');
INSERT IGNORE INTO Aktor (`nama_lengkap`) VALUES ('Sarah Durn');
INSERT IGNORE INTO Peran VALUES ('Sarah Durn', 'Shelby Oaks', 'Riley');
INSERT IGNORE INTO Aktor (`nama_lengkap`) VALUES ('Brendan Sexton III');
INSERT IGNORE INTO Peran VALUES ('Brendan Sexton III', 'Shelby Oaks', 'Robert');
INSERT IGNORE INTO Aktor (`nama_lengkap`) VALUES ('Robin Bartlett');
INSERT IGNORE INTO Peran VALUES ('Robin Bartlett', 'Shelby Oaks', 'Norma');
INSERT IGNORE INTO Aktor (`nama_lengkap`) VALUES ('Michael Beach');
INSERT IGNORE INTO Peran VALUES ('Michael Beach', 'Shelby Oaks', 'Detective Burke');
INSERT IGNORE INTO Aktor (`nama_lengkap`) VALUES ('Keith David');
INSERT IGNORE INTO Peran VALUES ('Keith David', 'Shelby Oaks', 'Morton Jacobson');
INSERT IGNORE INTO Aktor (`nama_lengkap`) VALUES ('Anthony Baldasare');
INSERT IGNORE INTO Peran VALUES ('Anthony Baldasare', 'Shelby Oaks', 'Peter');
INSERT IGNORE INTO Aktor (`nama_lengkap`) VALUES ('Caisey Cole');
INSERT IGNORE INTO Peran VALUES ('Caisey Cole', 'Shelby Oaks', 'Laura');
INSERT IGNORE INTO Aktor (`nama_lengkap`) VALUES ('Charlie Talbert');
INSERT IGNORE INTO Peran VALUES ('Charlie Talbert', 'Shelby Oaks', 'Wilson');
INSERT IGNORE INTO Aktor (`nama_lengkap`) VALUES ('Sloane Burkett');
INSERT IGNORE INTO Peran VALUES ('Sloane Burkett', 'Shelby Oaks', 'Young Riley');
INSERT IGNORE INTO Audio VALUES ('Shelby Oaks', 'Inggris');
INSERT IGNORE INTO Audio VALUES ('Shelby Oaks', 'Indonesia');
INSERT IGNORE INTO Subtitle VALUES ('Shelby Oaks', 'Korea');
INSERT IGNORE INTO Konten VALUES ('Zootopia 2', 'After cracking the biggest case in Zootopia''s history, rookie cops Judy Hopps and Nick Wilde find their partnership isn''t as solid as they thought when Chief Bogo orders them to join the Partners in Crisis counseling program. But it doesn''t take long for their partnership to be put to the ultimate test when they find themselves on the twisting trail of a mystery tied to the arrival of a venomous snake in the animal metropolis.', 2025, 'SU', 'Film');
INSERT IGNORE INTO Film VALUES ('Zootopia 2', 107, 'Jared Bush');
INSERT IGNORE INTO Genre_Konten VALUES ('Zootopia 2', 12);
INSERT IGNORE INTO Genre_Konten VALUES ('Zootopia 2', 9);
INSERT IGNORE INTO Genre_Konten VALUES ('Zootopia 2', 8);
INSERT IGNORE INTO Genre_Konten VALUES ('Zootopia 2', 7);
INSERT IGNORE INTO Genre_Konten VALUES ('Zootopia 2', 11);
INSERT IGNORE INTO Aktor (`nama_lengkap`) VALUES ('Ginnifer Goodwin');
INSERT IGNORE INTO Peran VALUES ('Ginnifer Goodwin', 'Zootopia 2', 'Judy Hopps (voice)');
INSERT IGNORE INTO Aktor (`nama_lengkap`) VALUES ('Jason Bateman');
INSERT IGNORE INTO Peran VALUES ('Jason Bateman', 'Zootopia 2', 'Nick Wilde (voice)');
INSERT IGNORE INTO Aktor (`nama_lengkap`) VALUES ('Ke Huy Quan');
INSERT IGNORE INTO Peran VALUES ('Ke Huy Quan', 'Zootopia 2', 'Gary De''Snake (voice)');
INSERT IGNORE INTO Aktor (`nama_lengkap`) VALUES ('Fortune Feimster');
INSERT IGNORE INTO Peran VALUES ('Fortune Feimster', 'Zootopia 2', 'Nibbles Maplestick (voice)');
INSERT IGNORE INTO Aktor (`nama_lengkap`) VALUES ('Andy Samberg');
INSERT IGNORE INTO Peran VALUES ('Andy Samberg', 'Zootopia 2', 'Pawbert Lynxley (voice)');
INSERT IGNORE INTO Aktor (`nama_lengkap`) VALUES ('David Strathairn');
INSERT IGNORE INTO Peran VALUES ('David Strathairn', 'Zootopia 2', 'Milton Lynxley (voice)');
INSERT IGNORE INTO Aktor (`nama_lengkap`) VALUES ('Idris Elba');
INSERT IGNORE INTO Peran VALUES ('Idris Elba', 'Zootopia 2', 'Chief Bogo (voice)');
INSERT IGNORE INTO Aktor (`nama_lengkap`) VALUES ('Shakira');
INSERT IGNORE INTO Peran VALUES ('Shakira', 'Zootopia 2', 'Gazelle (voice)');
INSERT IGNORE INTO Aktor (`nama_lengkap`) VALUES ('Patrick Warburton');
INSERT IGNORE INTO Peran VALUES ('Patrick Warburton', 'Zootopia 2', 'Mayor Brian Winddancer (voice)');
INSERT IGNORE INTO Aktor (`nama_lengkap`) VALUES ('Quinta Brunson');
INSERT IGNORE INTO Peran VALUES ('Quinta Brunson', 'Zootopia 2', 'Dr. Fuzzby (voice)');
INSERT IGNORE INTO Audio VALUES ('Zootopia 2', 'Jepang');
INSERT IGNORE INTO Subtitle VALUES ('Zootopia 2', 'Jepang');
INSERT IGNORE INTO Konten VALUES ('Abyss', '11 years ago, inspector Malik couldn’t solve a kidnapping case and a little girl died. Now with only a few days before the crime gets classified, he decides to reopen the case. Malik owes it to the mother and to himself. As he digs into the past, a child is kidnapped again. The pattern is the same one as a decade ago, it’s no coincidence. Malik knows he has a few days to make things right and to bring justice.', 2024, 'NR', 'Film');
INSERT IGNORE INTO Film VALUES ('Abyss', 95, 'Juan Carlos Medina');
INSERT IGNORE INTO Genre_Konten VALUES ('Abyss', 3);
INSERT IGNORE INTO Genre_Konten VALUES ('Abyss', 1);
INSERT IGNORE INTO Aktor (`nama_lengkap`) VALUES ('Sami Bouajila');
INSERT IGNORE INTO Peran VALUES ('Sami Bouajila', 'Abyss', 'Malik');
INSERT IGNORE INTO Aktor (`nama_lengkap`) VALUES ('Julie Gayet');
INSERT IGNORE INTO Peran VALUES ('Julie Gayet', 'Abyss', 'Anna');
INSERT IGNORE INTO Aktor (`nama_lengkap`) VALUES ('Anne Azoulay');
INSERT IGNORE INTO Peran VALUES ('Anne Azoulay', 'Abyss', 'Catherine');
INSERT IGNORE INTO Aktor (`nama_lengkap`) VALUES ('Yannick Choirat');
INSERT IGNORE INTO Peran VALUES ('Yannick Choirat', 'Abyss', 'Fred');
INSERT IGNORE INTO Aktor (`nama_lengkap`) VALUES ('Manon Azem');
INSERT IGNORE INTO Peran VALUES ('Manon Azem', 'Abyss', 'Nowak');
INSERT IGNORE INTO Aktor (`nama_lengkap`) VALUES ('Dimitri Storoge');
INSERT IGNORE INTO Peran VALUES ('Dimitri Storoge', 'Abyss', 'Joubert');
INSERT IGNORE INTO Aktor (`nama_lengkap`) VALUES ('Marilyne Canto');
INSERT IGNORE INTO Peran VALUES ('Marilyne Canto', 'Abyss', 'Le Goff');
INSERT IGNORE INTO Aktor (`nama_lengkap`) VALUES ('Gilles Cohen');
INSERT IGNORE INTO Peran VALUES ('Gilles Cohen', 'Abyss', '');
INSERT IGNORE INTO Aktor (`nama_lengkap`) VALUES ('Philippe Résimont');
INSERT IGNORE INTO Peran VALUES ('Philippe Résimont', 'Abyss', 'Frank');
INSERT IGNORE INTO Aktor (`nama_lengkap`) VALUES ('Olivia Bonamy');
INSERT IGNORE INTO Peran VALUES ('Olivia Bonamy', 'Abyss', 'Juge Salvo');
INSERT IGNORE INTO Audio VALUES ('Abyss', 'Korea');
INSERT IGNORE INTO Audio VALUES ('Abyss', 'Inggris');
INSERT IGNORE INTO Subtitle VALUES ('Abyss', 'Spanyol');
INSERT IGNORE INTO Konten VALUES ('KPop Demon Hunters', 'When K-pop superstars Rumi, Mira and Zoey aren''t selling out stadiums, they''re using their secret powers to protect their fans from supernatural threats.', 2025, 'PG', 'Film');
INSERT IGNORE INTO Film VALUES ('KPop Demon Hunters', 96, 'Maggie Kang');
INSERT IGNORE INTO Genre_Konten VALUES ('KPop Demon Hunters', 6);
INSERT IGNORE INTO Genre VALUES (14, 'Music');
INSERT IGNORE INTO Genre_Konten VALUES ('KPop Demon Hunters', 14);
INSERT IGNORE INTO Genre_Konten VALUES ('KPop Demon Hunters', 8);
INSERT IGNORE INTO Genre_Konten VALUES ('KPop Demon Hunters', 12);
INSERT IGNORE INTO Aktor (`nama_lengkap`) VALUES ('Arden Cho');
INSERT IGNORE INTO Peran VALUES ('Arden Cho', 'KPop Demon Hunters', 'Rumi (voice)');
INSERT IGNORE INTO Aktor (`nama_lengkap`) VALUES ('May Hong');
INSERT IGNORE INTO Peran VALUES ('May Hong', 'KPop Demon Hunters', 'Mira (voice)');
INSERT IGNORE INTO Aktor (`nama_lengkap`) VALUES ('Ji-young Yoo');
INSERT IGNORE INTO Peran VALUES ('Ji-young Yoo', 'KPop Demon Hunters', 'Zoey (voice)');
INSERT IGNORE INTO Aktor (`nama_lengkap`) VALUES ('Ahn Hyo-seop');
INSERT IGNORE INTO Peran VALUES ('Ahn Hyo-seop', 'KPop Demon Hunters', 'Jinu (voice)');
INSERT IGNORE INTO Aktor (`nama_lengkap`) VALUES ('Yunjin Kim');
INSERT IGNORE INTO Peran VALUES ('Yunjin Kim', 'KPop Demon Hunters', 'Celine (voice)');
INSERT IGNORE INTO Aktor (`nama_lengkap`) VALUES ('Ken Jeong');
INSERT IGNORE INTO Peran VALUES ('Ken Jeong', 'KPop Demon Hunters', 'Bobby (voice)');
INSERT IGNORE INTO Aktor (`nama_lengkap`) VALUES ('Lee Byung-hun');
INSERT IGNORE INTO Peran VALUES ('Lee Byung-hun', 'KPop Demon Hunters', 'Gwi-Ma (voice)');
INSERT IGNORE INTO Aktor (`nama_lengkap`) VALUES ('Daniel Dae Kim');
INSERT IGNORE INTO Peran VALUES ('Daniel Dae Kim', 'KPop Demon Hunters', 'Healer Han / Additional Voices (voice)');
INSERT IGNORE INTO Aktor (`nama_lengkap`) VALUES ('Joel Kim Booster');
INSERT IGNORE INTO Peran VALUES ('Joel Kim Booster', 'KPop Demon Hunters', 'Variety Show Host 1 / Idol Host / Romance Saja (voice)');
INSERT IGNORE INTO Aktor (`nama_lengkap`) VALUES ('Liza Koshy');
INSERT IGNORE INTO Peran VALUES ('Liza Koshy', 'KPop Demon Hunters', 'Host (voice)');
INSERT IGNORE INTO Audio VALUES ('KPop Demon Hunters', 'Spanyol');
INSERT IGNORE INTO Audio VALUES ('KPop Demon Hunters', 'Indonesia');
INSERT IGNORE INTO Subtitle VALUES ('KPop Demon Hunters', 'Indonesia');
INSERT IGNORE INTO Subtitle VALUES ('KPop Demon Hunters', 'Inggris');
INSERT IGNORE INTO Konten VALUES ('Roofman', 'A former Army Ranger and struggling father turns to robbing McDonald’s restaurants by cutting holes in their roofs, earning him the nickname ''Roofman''. After escaping prison, he secretly lives inside a Toys “R” Us for six months, surviving undetected while planning his next move. But when he falls for a divorced mom drawn to his undeniable charm, his double life begins to unravel, setting off a compelling and suspenseful game of cat and mouse as his past closes in.', 2025, 'R', 'Film');
INSERT IGNORE INTO Film VALUES ('Roofman', 126, 'Derek Cianfrance');
INSERT IGNORE INTO Genre_Konten VALUES ('Roofman', 8);
INSERT IGNORE INTO Genre_Konten VALUES ('Roofman', 4);
INSERT IGNORE INTO Genre_Konten VALUES ('Roofman', 2);
INSERT IGNORE INTO Aktor (`nama_lengkap`) VALUES ('Channing Tatum');
INSERT IGNORE INTO Peran VALUES ('Channing Tatum', 'Roofman', 'Jeffrey Manchester');
INSERT IGNORE INTO Aktor (`nama_lengkap`) VALUES ('Kirsten Dunst');
INSERT IGNORE INTO Peran VALUES ('Kirsten Dunst', 'Roofman', 'Leigh Wainscott');
INSERT IGNORE INTO Aktor (`nama_lengkap`) VALUES ('Ben Mendelsohn');
INSERT IGNORE INTO Peran VALUES ('Ben Mendelsohn', 'Roofman', 'Ron Smith');
INSERT IGNORE INTO Aktor (`nama_lengkap`) VALUES ('LaKeith Stanfield');
INSERT IGNORE INTO Peran VALUES ('LaKeith Stanfield', 'Roofman', 'Steve');
INSERT IGNORE INTO Aktor (`nama_lengkap`) VALUES ('Juno Temple');
INSERT IGNORE INTO Peran VALUES ('Juno Temple', 'Roofman', 'Michelle');
INSERT IGNORE INTO Aktor (`nama_lengkap`) VALUES ('Peter Dinklage');
INSERT IGNORE INTO Peran VALUES ('Peter Dinklage', 'Roofman', 'Mitch');
INSERT IGNORE INTO Aktor (`nama_lengkap`) VALUES ('Uzo Aduba');
INSERT IGNORE INTO Peran VALUES ('Uzo Aduba', 'Roofman', 'Eileen');
INSERT IGNORE INTO Aktor (`nama_lengkap`) VALUES ('Lily Collias');
INSERT IGNORE INTO Peran VALUES ('Lily Collias', 'Roofman', 'Lindsay');
INSERT IGNORE INTO Aktor (`nama_lengkap`) VALUES ('Kennedy Moyer');
INSERT IGNORE INTO Peran VALUES ('Kennedy Moyer', 'Roofman', 'Dee');
INSERT IGNORE INTO Aktor (`nama_lengkap`) VALUES ('Melonie Díaz');
INSERT IGNORE INTO Peran VALUES ('Melonie Díaz', 'Roofman', 'Talana');
INSERT IGNORE INTO Audio VALUES ('Roofman', 'Spanyol');
INSERT IGNORE INTO Audio VALUES ('Roofman', 'Jepang');
INSERT IGNORE INTO Subtitle VALUES ('Roofman', 'Inggris');
INSERT IGNORE INTO Subtitle VALUES ('Roofman', 'Jepang');
INSERT IGNORE INTO Subtitle VALUES ('Roofman', 'Korea');
INSERT IGNORE INTO Subtitle VALUES ('Roofman', 'Indonesia');
INSERT IGNORE INTO Konten VALUES ('The Storm', 'Poverty-stricken Daguzi encounters a child - Mantou - floating downstream at the river bank, he decides to take him by his side as his son, with compassion and affection.', 2024, 'NR', 'Film');
INSERT IGNORE INTO Film VALUES ('The Storm', 102, 'Busifan');
INSERT IGNORE INTO Genre_Konten VALUES ('The Storm', 12);
INSERT IGNORE INTO Genre_Konten VALUES ('The Storm', 6);
INSERT IGNORE INTO Genre_Konten VALUES ('The Storm', 1);
INSERT IGNORE INTO Genre_Konten VALUES ('The Storm', 7);
INSERT IGNORE INTO Aktor (`nama_lengkap`) VALUES ('Chen Hao');
INSERT IGNORE INTO Peran VALUES ('Chen Hao', 'The Storm', '(voice)');
INSERT IGNORE INTO Aktor (`nama_lengkap`) VALUES ('Xingliner');
INSERT IGNORE INTO Peran VALUES ('Xingliner', 'The Storm', '(voice)');
INSERT IGNORE INTO Audio VALUES ('The Storm', 'Jepang');
INSERT IGNORE INTO Audio VALUES ('The Storm', 'Inggris');
INSERT IGNORE INTO Subtitle VALUES ('The Storm', 'Inggris');
INSERT IGNORE INTO Subtitle VALUES ('The Storm', 'Spanyol');
INSERT IGNORE INTO Subtitle VALUES ('The Storm', 'Korea');
INSERT IGNORE INTO Subtitle VALUES ('The Storm', 'Jepang');
INSERT IGNORE INTO Konten VALUES ('The Fantastic 4: First Steps', 'Against the vibrant backdrop of a 1960s-inspired, retro-futuristic world, Marvel''s First Family is forced to balance their roles as heroes with the strength of their family bond, while defending Earth from a ravenous space god called Galactus and his enigmatic Herald, Silver Surfer.', 2025, '13+', 'Film');
INSERT IGNORE INTO Film VALUES ('The Fantastic 4: First Steps', 115, 'Matt Shakman');
INSERT IGNORE INTO Genre_Konten VALUES ('The Fantastic 4: First Steps', 10);
INSERT IGNORE INTO Genre_Konten VALUES ('The Fantastic 4: First Steps', 7);
INSERT IGNORE INTO Genre_Konten VALUES ('The Fantastic 4: First Steps', 1);
INSERT IGNORE INTO Aktor (`nama_lengkap`) VALUES ('Pedro Pascal');
INSERT IGNORE INTO Peran VALUES ('Pedro Pascal', 'The Fantastic 4: First Steps', 'Reed Richards / Mister Fantastic');
INSERT IGNORE INTO Aktor (`nama_lengkap`) VALUES ('Vanessa Kirby');
INSERT IGNORE INTO Peran VALUES ('Vanessa Kirby', 'The Fantastic 4: First Steps', 'Sue Storm / Invisible Woman');
INSERT IGNORE INTO Aktor (`nama_lengkap`) VALUES ('Ebon Moss-Bachrach');
INSERT IGNORE INTO Peran VALUES ('Ebon Moss-Bachrach', 'The Fantastic 4: First Steps', 'Ben Grimm / The Thing');
INSERT IGNORE INTO Aktor (`nama_lengkap`) VALUES ('Joseph Quinn');
INSERT IGNORE INTO Peran VALUES ('Joseph Quinn', 'The Fantastic 4: First Steps', 'Johnny Storm / Human Torch');
INSERT IGNORE INTO Aktor (`nama_lengkap`) VALUES ('Ralph Ineson');
INSERT IGNORE INTO Peran VALUES ('Ralph Ineson', 'The Fantastic 4: First Steps', 'Galactus');
INSERT IGNORE INTO Aktor (`nama_lengkap`) VALUES ('Julia Garner');
INSERT IGNORE INTO Peran VALUES ('Julia Garner', 'The Fantastic 4: First Steps', 'Shalla-Bal / Silver Surfer');
INSERT IGNORE INTO Aktor (`nama_lengkap`) VALUES ('Paul Walter Hauser');
INSERT IGNORE INTO Peran VALUES ('Paul Walter Hauser', 'The Fantastic 4: First Steps', 'Harvey Elder / Mole Man');
INSERT IGNORE INTO Aktor (`nama_lengkap`) VALUES ('Natasha Lyonne');
INSERT IGNORE INTO Peran VALUES ('Natasha Lyonne', 'The Fantastic 4: First Steps', 'Rachel Rozman');
INSERT IGNORE INTO Aktor (`nama_lengkap`) VALUES ('Sarah Niles');
INSERT IGNORE INTO Peran VALUES ('Sarah Niles', 'The Fantastic 4: First Steps', 'Lynne Nichols / F4 Chief of Staff');
INSERT IGNORE INTO Aktor (`nama_lengkap`) VALUES ('Mark Gatiss');
INSERT IGNORE INTO Peran VALUES ('Mark Gatiss', 'The Fantastic 4: First Steps', 'Ted Gilbert');
INSERT IGNORE INTO Audio VALUES ('The Fantastic 4: First Steps', 'Jepang');
INSERT IGNORE INTO Audio VALUES ('The Fantastic 4: First Steps', 'Inggris');
INSERT IGNORE INTO Audio VALUES ('The Fantastic 4: First Steps', 'Korea');
INSERT IGNORE INTO Subtitle VALUES ('The Fantastic 4: First Steps', 'Inggris');
INSERT IGNORE INTO Konten VALUES ('Captain Hook: The Cursed Tides', 'In the aftermath of a devastating defeat by his archnemesis Admiral Smee, Captain Hook finds refuge in the coastal town of Eldritch Landing.', 2025, 'NR', 'Film');
INSERT IGNORE INTO Film VALUES ('Captain Hook: The Cursed Tides', 90, 'Lars Janssen');
INSERT IGNORE INTO Genre_Konten VALUES ('Captain Hook: The Cursed Tides', 7);
INSERT IGNORE INTO Genre_Konten VALUES ('Captain Hook: The Cursed Tides', 1);
INSERT IGNORE INTO Genre_Konten VALUES ('Captain Hook: The Cursed Tides', 5);
INSERT IGNORE INTO Aktor (`nama_lengkap`) VALUES ('Sean Cronin');
INSERT IGNORE INTO Peran VALUES ('Sean Cronin', 'Captain Hook: The Cursed Tides', 'Admiral Smee');
INSERT IGNORE INTO Aktor (`nama_lengkap`) VALUES ('Ewen Weatherburn');
INSERT IGNORE INTO Peran VALUES ('Ewen Weatherburn', 'Captain Hook: The Cursed Tides', 'Ymirskald');
INSERT IGNORE INTO Aktor (`nama_lengkap`) VALUES ('Cameron Ashplant');
INSERT IGNORE INTO Peran VALUES ('Cameron Ashplant', 'Captain Hook: The Cursed Tides', 'Private Turley');
INSERT IGNORE INTO Aktor (`nama_lengkap`) VALUES ('Richard Rowden');
INSERT IGNORE INTO Peran VALUES ('Richard Rowden', 'Captain Hook: The Cursed Tides', 'Captain James Hook');
INSERT IGNORE INTO Aktor (`nama_lengkap`) VALUES ('Destiny Viva');
INSERT IGNORE INTO Peran VALUES ('Destiny Viva', 'Captain Hook: The Cursed Tides', 'Akila Blackweather');
INSERT IGNORE INTO Aktor (`nama_lengkap`) VALUES ('Brandon Ashplant');
INSERT IGNORE INTO Peran VALUES ('Brandon Ashplant', 'Captain Hook: The Cursed Tides', 'Private Mullins');
INSERT IGNORE INTO Aktor (`nama_lengkap`) VALUES ('Dean Marshall');
INSERT IGNORE INTO Peran VALUES ('Dean Marshall', 'Captain Hook: The Cursed Tides', 'Benoit Le Pelley');
INSERT IGNORE INTO Aktor (`nama_lengkap`) VALUES ('Dave Hyett');
INSERT IGNORE INTO Peran VALUES ('Dave Hyett', 'Captain Hook: The Cursed Tides', 'Edgar Worley');
INSERT IGNORE INTO Aktor (`nama_lengkap`) VALUES ('John Craggs');
INSERT IGNORE INTO Peran VALUES ('John Craggs', 'Captain Hook: The Cursed Tides', 'King George II');
INSERT IGNORE INTO Audio VALUES ('Captain Hook: The Cursed Tides', 'Inggris');
INSERT IGNORE INTO Audio VALUES ('Captain Hook: The Cursed Tides', 'Jepang');
INSERT IGNORE INTO Subtitle VALUES ('Captain Hook: The Cursed Tides', 'Indonesia');
INSERT IGNORE INTO Subtitle VALUES ('Captain Hook: The Cursed Tides', 'Inggris');
INSERT IGNORE INTO Subtitle VALUES ('Captain Hook: The Cursed Tides', 'Korea');
INSERT IGNORE INTO Konten VALUES ('The Running Man', 'Desperate to save his sick daughter, working-class Ben Richards is convinced by The Running Man''s charming but ruthless producer to enter the deadly competition game as a last resort. But Ben''s defiance, instincts, and grit turn him into an unexpected fan favorite - and a threat to the entire system. As ratings skyrocket, so does the danger, and Ben must outwit not just the Hunters, but a nation addicted to watching him fall.', 2025, '17+', 'Film');
INSERT IGNORE INTO Film VALUES ('The Running Man', 133, 'Edgar Wright');
INSERT IGNORE INTO Genre_Konten VALUES ('The Running Man', 1);
INSERT IGNORE INTO Genre_Konten VALUES ('The Running Man', 3);
INSERT IGNORE INTO Genre_Konten VALUES ('The Running Man', 10);
INSERT IGNORE INTO Aktor (`nama_lengkap`) VALUES ('Glen Powell');
INSERT IGNORE INTO Peran VALUES ('Glen Powell', 'The Running Man', 'Ben Richards');
INSERT IGNORE INTO Aktor (`nama_lengkap`) VALUES ('Josh Brolin');
INSERT IGNORE INTO Peran VALUES ('Josh Brolin', 'The Running Man', 'Dan Killian');
INSERT IGNORE INTO Aktor (`nama_lengkap`) VALUES ('Michael Cera');
INSERT IGNORE INTO Peran VALUES ('Michael Cera', 'The Running Man', 'Elton Parrakis');
INSERT IGNORE INTO Aktor (`nama_lengkap`) VALUES ('Colman Domingo');
INSERT IGNORE INTO Peran VALUES ('Colman Domingo', 'The Running Man', 'Bobby Thompson');
INSERT IGNORE INTO Aktor (`nama_lengkap`) VALUES ('Lee Pace');
INSERT IGNORE INTO Peran VALUES ('Lee Pace', 'The Running Man', 'Evan McCone');
INSERT IGNORE INTO Aktor (`nama_lengkap`) VALUES ('Jayme Lawson');
INSERT IGNORE INTO Peran VALUES ('Jayme Lawson', 'The Running Man', 'Sheila Richards');
INSERT IGNORE INTO Aktor (`nama_lengkap`) VALUES ('William H. Macy');
INSERT IGNORE INTO Peran VALUES ('William H. Macy', 'The Running Man', 'Molie Jernigan');
INSERT IGNORE INTO Aktor (`nama_lengkap`) VALUES ('Emilia Jones');
INSERT IGNORE INTO Peran VALUES ('Emilia Jones', 'The Running Man', 'Amelia Williams');
INSERT IGNORE INTO Aktor (`nama_lengkap`) VALUES ('David Zayas');
INSERT IGNORE INTO Peran VALUES ('David Zayas', 'The Running Man', 'Richard Manuel');
INSERT IGNORE INTO Aktor (`nama_lengkap`) VALUES ('Katy O''Brian');
INSERT IGNORE INTO Peran VALUES ('Katy O''Brian', 'The Running Man', 'Jenni Laughlin');
INSERT IGNORE INTO Audio VALUES ('The Running Man', 'Jepang');
INSERT IGNORE INTO Subtitle VALUES ('The Running Man', 'Korea');
INSERT IGNORE INTO Subtitle VALUES ('The Running Man', 'Indonesia');
INSERT IGNORE INTO Subtitle VALUES ('The Running Man', 'Jepang');
INSERT IGNORE INTO Subtitle VALUES ('The Running Man', 'Spanyol');
INSERT IGNORE INTO Konten VALUES ('A Very Jonas Christmas Movie', 'Kevin, Nick, and Joe Jonas face a series of escalating obstacles as they struggle to make it from London to New York in time to spend Christmas with their families.', 2025, 'PG', 'Film');
INSERT IGNORE INTO Film VALUES ('A Very Jonas Christmas Movie', 78, 'Jessica Yu');
INSERT IGNORE INTO Genre_Konten VALUES ('A Very Jonas Christmas Movie', 8);
INSERT IGNORE INTO Genre_Konten VALUES ('A Very Jonas Christmas Movie', 14);
INSERT IGNORE INTO Aktor (`nama_lengkap`) VALUES ('Kevin Jonas');
INSERT IGNORE INTO Peran VALUES ('Kevin Jonas', 'A Very Jonas Christmas Movie', 'Kevin Jonas');
INSERT IGNORE INTO Aktor (`nama_lengkap`) VALUES ('Joe Jonas');
INSERT IGNORE INTO Peran VALUES ('Joe Jonas', 'A Very Jonas Christmas Movie', 'Joe Jonas');
INSERT IGNORE INTO Aktor (`nama_lengkap`) VALUES ('Nick Jonas');
INSERT IGNORE INTO Peran VALUES ('Nick Jonas', 'A Very Jonas Christmas Movie', 'Nick Jonas');
INSERT IGNORE INTO Aktor (`nama_lengkap`) VALUES ('Chloe Bennet');
INSERT IGNORE INTO Peran VALUES ('Chloe Bennet', 'A Very Jonas Christmas Movie', 'Lucy');
INSERT IGNORE INTO Aktor (`nama_lengkap`) VALUES ('Billie Lourd');
INSERT IGNORE INTO Peran VALUES ('Billie Lourd', 'A Very Jonas Christmas Movie', 'Cassidy');
INSERT IGNORE INTO Aktor (`nama_lengkap`) VALUES ('Laverne Cox');
INSERT IGNORE INTO Peran VALUES ('Laverne Cox', 'A Very Jonas Christmas Movie', 'Stacy');
INSERT IGNORE INTO Aktor (`nama_lengkap`) VALUES ('Andrew Barth Feldman');
INSERT IGNORE INTO Peran VALUES ('Andrew Barth Feldman', 'A Very Jonas Christmas Movie', 'Ethan');
INSERT IGNORE INTO Aktor (`nama_lengkap`) VALUES ('Randall Park');
INSERT IGNORE INTO Peran VALUES ('Randall Park', 'A Very Jonas Christmas Movie', 'Brad');
INSERT IGNORE INTO Aktor (`nama_lengkap`) VALUES ('Jesse Tyler Ferguson');
INSERT IGNORE INTO Peran VALUES ('Jesse Tyler Ferguson', 'A Very Jonas Christmas Movie', 'Santa');
INSERT IGNORE INTO Aktor (`nama_lengkap`) VALUES ('Priyanka Chopra Jonas');
INSERT IGNORE INTO Peran VALUES ('Priyanka Chopra Jonas', 'A Very Jonas Christmas Movie', 'Priyanka Chopra Jonas');
INSERT IGNORE INTO Audio VALUES ('A Very Jonas Christmas Movie', 'Korea');
INSERT IGNORE INTO Audio VALUES ('A Very Jonas Christmas Movie', 'Indonesia');
INSERT IGNORE INTO Audio VALUES ('A Very Jonas Christmas Movie', 'Jepang');
INSERT IGNORE INTO Subtitle VALUES ('A Very Jonas Christmas Movie', 'Indonesia');
INSERT IGNORE INTO Subtitle VALUES ('A Very Jonas Christmas Movie', 'Jepang');
INSERT IGNORE INTO Konten VALUES ('End of Loyalty', 'When the head of a notorious crime family is murdered, his son Grant is hell bent on payback and the only person that can stop him from tearing the city apart and destroying himself in the process is his best friend and federal agent, Ray Rose.', 2023, 'NR', 'Film');
INSERT IGNORE INTO Film VALUES ('End of Loyalty', 90, 'Hiroshi Katagiri');
INSERT IGNORE INTO Genre_Konten VALUES ('End of Loyalty', 2);
INSERT IGNORE INTO Genre_Konten VALUES ('End of Loyalty', 1);
INSERT IGNORE INTO Aktor (`nama_lengkap`) VALUES ('Braxton Angle');
INSERT IGNORE INTO Peran VALUES ('Braxton Angle', 'End of Loyalty', 'Ray');
INSERT IGNORE INTO Aktor (`nama_lengkap`) VALUES ('Justice Joslin');
INSERT IGNORE INTO Peran VALUES ('Justice Joslin', 'End of Loyalty', 'Grant');
INSERT IGNORE INTO Aktor (`nama_lengkap`) VALUES ('Simon Phillips');
INSERT IGNORE INTO Peran VALUES ('Simon Phillips', 'End of Loyalty', 'Vincent');
INSERT IGNORE INTO Aktor (`nama_lengkap`) VALUES ('Tenley Kellogg');
INSERT IGNORE INTO Peran VALUES ('Tenley Kellogg', 'End of Loyalty', 'Jada');
INSERT IGNORE INTO Aktor (`nama_lengkap`) VALUES ('Sho Ikushima');
INSERT IGNORE INTO Peran VALUES ('Sho Ikushima', 'End of Loyalty', 'Yukio');
INSERT IGNORE INTO Aktor (`nama_lengkap`) VALUES ('Michael Paré');
INSERT IGNORE INTO Peran VALUES ('Michael Paré', 'End of Loyalty', 'Pops');
INSERT IGNORE INTO Aktor (`nama_lengkap`) VALUES ('Vernon Wells');
INSERT IGNORE INTO Peran VALUES ('Vernon Wells', 'End of Loyalty', 'Rooker');
INSERT IGNORE INTO Audio VALUES ('End of Loyalty', 'Korea');
INSERT IGNORE INTO Audio VALUES ('End of Loyalty', 'Indonesia');
INSERT IGNORE INTO Audio VALUES ('End of Loyalty', 'Spanyol');
INSERT IGNORE INTO Subtitle VALUES ('End of Loyalty', 'Indonesia');
INSERT IGNORE INTO Subtitle VALUES ('End of Loyalty', 'Spanyol');
INSERT IGNORE INTO Subtitle VALUES ('End of Loyalty', 'Inggris');
INSERT IGNORE INTO Konten VALUES ('The Conjuring: Last Rites', 'Paranormal investigators Ed and Lorraine Warren take on one last terrifying case involving mysterious entities they must confront.', 2025, '17+', 'Film');
INSERT IGNORE INTO Film VALUES ('The Conjuring: Last Rites', 136, 'Michael Chaves');
INSERT IGNORE INTO Genre_Konten VALUES ('The Conjuring: Last Rites', 5);
INSERT IGNORE INTO Aktor (`nama_lengkap`) VALUES ('Vera Farmiga');
INSERT IGNORE INTO Peran VALUES ('Vera Farmiga', 'The Conjuring: Last Rites', 'Lorraine Warren');
INSERT IGNORE INTO Aktor (`nama_lengkap`) VALUES ('Patrick Wilson');
INSERT IGNORE INTO Peran VALUES ('Patrick Wilson', 'The Conjuring: Last Rites', 'Ed Warren');
INSERT IGNORE INTO Aktor (`nama_lengkap`) VALUES ('Mia Tomlinson');
INSERT IGNORE INTO Peran VALUES ('Mia Tomlinson', 'The Conjuring: Last Rites', 'Judy Warren');
INSERT IGNORE INTO Aktor (`nama_lengkap`) VALUES ('Ben Hardy');
INSERT IGNORE INTO Peran VALUES ('Ben Hardy', 'The Conjuring: Last Rites', 'Tony Spera');
INSERT IGNORE INTO Aktor (`nama_lengkap`) VALUES ('Rebecca Calder');
INSERT IGNORE INTO Peran VALUES ('Rebecca Calder', 'The Conjuring: Last Rites', 'Janet Smurl');
INSERT IGNORE INTO Aktor (`nama_lengkap`) VALUES ('Tilly Walker');
INSERT IGNORE INTO Peran VALUES ('Tilly Walker', 'The Conjuring: Last Rites', 'Carin Smurl');
INSERT IGNORE INTO Aktor (`nama_lengkap`) VALUES ('Elliot Cowan');
INSERT IGNORE INTO Peran VALUES ('Elliot Cowan', 'The Conjuring: Last Rites', 'Jack Smurl');
INSERT IGNORE INTO Aktor (`nama_lengkap`) VALUES ('Shannon Kook');
INSERT IGNORE INTO Peran VALUES ('Shannon Kook', 'The Conjuring: Last Rites', 'Drew Thomas');
INSERT IGNORE INTO Aktor (`nama_lengkap`) VALUES ('Steve Coulter');
INSERT IGNORE INTO Peran VALUES ('Steve Coulter', 'The Conjuring: Last Rites', 'Father Gordon');
INSERT IGNORE INTO Aktor (`nama_lengkap`) VALUES ('Kíla Lord Cassidy');
INSERT IGNORE INTO Peran VALUES ('Kíla Lord Cassidy', 'The Conjuring: Last Rites', 'Heather Smurl');
INSERT IGNORE INTO Audio VALUES ('The Conjuring: Last Rites', 'Spanyol');
INSERT IGNORE INTO Audio VALUES ('The Conjuring: Last Rites', 'Jepang');
INSERT IGNORE INTO Subtitle VALUES ('The Conjuring: Last Rites', 'Jepang');
INSERT IGNORE INTO Konten VALUES ('Kryptic', 'A woman’s search for a missing cryptzoologist leads to her own riveting cosmic quest for identity.', 2025, 'R', 'Film');
INSERT IGNORE INTO Film VALUES ('Kryptic', 96, 'Kourtney Roy');
INSERT IGNORE INTO Genre_Konten VALUES ('Kryptic', 5);
INSERT IGNORE INTO Genre_Konten VALUES ('Kryptic', 3);
INSERT IGNORE INTO Genre_Konten VALUES ('Kryptic', 4);
INSERT IGNORE INTO Aktor (`nama_lengkap`) VALUES ('Chloe Pirrie');
INSERT IGNORE INTO Peran VALUES ('Chloe Pirrie', 'Kryptic', 'Kay');
INSERT IGNORE INTO Aktor (`nama_lengkap`) VALUES ('Jeff Gladstone');
INSERT IGNORE INTO Peran VALUES ('Jeff Gladstone', 'Kryptic', 'Morgan');
INSERT IGNORE INTO Aktor (`nama_lengkap`) VALUES ('Jason Deline');
INSERT IGNORE INTO Peran VALUES ('Jason Deline', 'Kryptic', 'Caleb');
INSERT IGNORE INTO Aktor (`nama_lengkap`) VALUES ('Ali Rusu-Tahir');
INSERT IGNORE INTO Peran VALUES ('Ali Rusu-Tahir', 'Kryptic', 'Sasha');
INSERT IGNORE INTO Aktor (`nama_lengkap`) VALUES ('Kamantha Naidoo');
INSERT IGNORE INTO Peran VALUES ('Kamantha Naidoo', 'Kryptic', 'Sarah');
INSERT IGNORE INTO Aktor (`nama_lengkap`) VALUES ('Jenna Hill');
INSERT IGNORE INTO Peran VALUES ('Jenna Hill', 'Kryptic', 'Betty');
INSERT IGNORE INTO Aktor (`nama_lengkap`) VALUES ('Pam Kearns');
INSERT IGNORE INTO Peran VALUES ('Pam Kearns', 'Kryptic', 'Starla Northstar');
INSERT IGNORE INTO Aktor (`nama_lengkap`) VALUES ('Jane Stanton');
INSERT IGNORE INTO Peran VALUES ('Jane Stanton', 'Kryptic', 'Maggie');
INSERT IGNORE INTO Aktor (`nama_lengkap`) VALUES ('Sara Southey');
INSERT IGNORE INTO Peran VALUES ('Sara Southey', 'Kryptic', 'Avery Graham');
INSERT IGNORE INTO Aktor (`nama_lengkap`) VALUES ('Jennifer Copping');
INSERT IGNORE INTO Peran VALUES ('Jennifer Copping', 'Kryptic', 'Drunk (The Amazing Gigi)');
INSERT IGNORE INTO Audio VALUES ('Kryptic', 'Jepang');
INSERT IGNORE INTO Audio VALUES ('Kryptic', 'Spanyol');
INSERT IGNORE INTO Subtitle VALUES ('Kryptic', 'Jepang');
INSERT IGNORE INTO Konten VALUES ('Mission: Impossible - The Final Reckoning', 'Ethan Hunt and team continue their search for the terrifying AI known as the Entity — which has infiltrated intelligence networks all over the globe — with the world''s governments and a mysterious ghost from Hunt''s past on their trail. Joined by new allies and armed with the means to shut the Entity down for good, Hunt is in a race against time to prevent the world as we know it from changing forever.', 2025, '13+', 'Film');
INSERT IGNORE INTO Film VALUES ('Mission: Impossible - The Final Reckoning', 170, 'Christopher McQuarrie');
INSERT IGNORE INTO Genre_Konten VALUES ('Mission: Impossible - The Final Reckoning', 1);
INSERT IGNORE INTO Genre_Konten VALUES ('Mission: Impossible - The Final Reckoning', 3);
INSERT IGNORE INTO Aktor (`nama_lengkap`) VALUES ('Tom Cruise');
INSERT IGNORE INTO Peran VALUES ('Tom Cruise', 'Mission: Impossible - The Final Reckoning', 'Ethan Hunt');
INSERT IGNORE INTO Aktor (`nama_lengkap`) VALUES ('Hayley Atwell');
INSERT IGNORE INTO Peran VALUES ('Hayley Atwell', 'Mission: Impossible - The Final Reckoning', 'Grace');
INSERT IGNORE INTO Aktor (`nama_lengkap`) VALUES ('Ving Rhames');
INSERT IGNORE INTO Peran VALUES ('Ving Rhames', 'Mission: Impossible - The Final Reckoning', 'Luther Stickell');
INSERT IGNORE INTO Aktor (`nama_lengkap`) VALUES ('Simon Pegg');
INSERT IGNORE INTO Peran VALUES ('Simon Pegg', 'Mission: Impossible - The Final Reckoning', 'Benji Dunn');
INSERT IGNORE INTO Aktor (`nama_lengkap`) VALUES ('Esai Morales');
INSERT IGNORE INTO Peran VALUES ('Esai Morales', 'Mission: Impossible - The Final Reckoning', 'Gabriel');
INSERT IGNORE INTO Aktor (`nama_lengkap`) VALUES ('Pom Klementieff');
INSERT IGNORE INTO Peran VALUES ('Pom Klementieff', 'Mission: Impossible - The Final Reckoning', 'Paris');
INSERT IGNORE INTO Aktor (`nama_lengkap`) VALUES ('Henry Czerny');
INSERT IGNORE INTO Peran VALUES ('Henry Czerny', 'Mission: Impossible - The Final Reckoning', 'Kittridge');
INSERT IGNORE INTO Aktor (`nama_lengkap`) VALUES ('Holt McCallany');
INSERT IGNORE INTO Peran VALUES ('Holt McCallany', 'Mission: Impossible - The Final Reckoning', 'Serling');
INSERT IGNORE INTO Aktor (`nama_lengkap`) VALUES ('Janet McTeer');
INSERT IGNORE INTO Peran VALUES ('Janet McTeer', 'Mission: Impossible - The Final Reckoning', 'Walters');
INSERT IGNORE INTO Aktor (`nama_lengkap`) VALUES ('Nick Offerman');
INSERT IGNORE INTO Peran VALUES ('Nick Offerman', 'Mission: Impossible - The Final Reckoning', 'General Sidney');
INSERT IGNORE INTO Audio VALUES ('Mission: Impossible - The Final Reckoning', 'Jepang');
INSERT IGNORE INTO Audio VALUES ('Mission: Impossible - The Final Reckoning', 'Korea');
INSERT IGNORE INTO Audio VALUES ('Mission: Impossible - The Final Reckoning', 'Inggris');
INSERT IGNORE INTO Subtitle VALUES ('Mission: Impossible - The Final Reckoning', 'Jepang');
INSERT IGNORE INTO Subtitle VALUES ('Mission: Impossible - The Final Reckoning', 'Indonesia');
INSERT IGNORE INTO Konten VALUES ('Grand Prix of Europe', 'Edda, a young mouse and the daughter of fairground operator Erwin, dreams of becoming a race car driver. Ahead of the 50th anniversary of the European Grand Prix, Edda gets the opportunity to meet her idol, racing star Ed, and to help her father save his failing business. But to do so, she''ll have to get behind the wheel herself.', 2025, 'PG', 'Film');
INSERT IGNORE INTO Film VALUES ('Grand Prix of Europe', 98, 'Waldemar Fast');
INSERT IGNORE INTO Genre_Konten VALUES ('Grand Prix of Europe', 12);
INSERT IGNORE INTO Genre_Konten VALUES ('Grand Prix of Europe', 7);
INSERT IGNORE INTO Genre_Konten VALUES ('Grand Prix of Europe', 8);
INSERT IGNORE INTO Aktor (`nama_lengkap`) VALUES ('Gemma Arterton');
INSERT IGNORE INTO Peran VALUES ('Gemma Arterton', 'Grand Prix of Europe', 'Edda (voice)');
INSERT IGNORE INTO Aktor (`nama_lengkap`) VALUES ('Thomas Brodie-Sangster');
INSERT IGNORE INTO Peran VALUES ('Thomas Brodie-Sangster', 'Grand Prix of Europe', 'Ed (voice)');
INSERT IGNORE INTO Aktor (`nama_lengkap`) VALUES ('Hayley Atwell');
INSERT IGNORE INTO Peran VALUES ('Hayley Atwell', 'Grand Prix of Europe', 'Cindy (voice)');
INSERT IGNORE INTO Aktor (`nama_lengkap`) VALUES ('Lenny Henry');
INSERT IGNORE INTO Peran VALUES ('Lenny Henry', 'Grand Prix of Europe', 'Erwin (voice)');
INSERT IGNORE INTO Aktor (`nama_lengkap`) VALUES ('Rob Beckett');
INSERT IGNORE INTO Peran VALUES ('Rob Beckett', 'Grand Prix of Europe', 'Enzo (voice)');
INSERT IGNORE INTO Aktor (`nama_lengkap`) VALUES ('Colin McFarlane');
INSERT IGNORE INTO Peran VALUES ('Colin McFarlane', 'Grand Prix of Europe', 'Nachtkrabb (voice)');
INSERT IGNORE INTO Aktor (`nama_lengkap`) VALUES ('David Menkin');
INSERT IGNORE INTO Peran VALUES ('David Menkin', 'Grand Prix of Europe', 'Magnus (voice)');
INSERT IGNORE INTO Aktor (`nama_lengkap`) VALUES ('Joseph Balderrama');
INSERT IGNORE INTO Peran VALUES ('Joseph Balderrama', 'Grand Prix of Europe', 'Jorge (voice)');
INSERT IGNORE INTO Aktor (`nama_lengkap`) VALUES ('Ayesha Antoine');
INSERT IGNORE INTO Peran VALUES ('Ayesha Antoine', 'Grand Prix of Europe', 'Rosa (voice)');
INSERT IGNORE INTO Aktor (`nama_lengkap`) VALUES ('DJ BoBo');
INSERT IGNORE INTO Peran VALUES ('DJ BoBo', 'Grand Prix of Europe', 'Böckli (voice)');
INSERT IGNORE INTO Audio VALUES ('Grand Prix of Europe', 'Inggris');
INSERT IGNORE INTO Audio VALUES ('Grand Prix of Europe', 'Jepang');
INSERT IGNORE INTO Audio VALUES ('Grand Prix of Europe', 'Indonesia');
INSERT IGNORE INTO Subtitle VALUES ('Grand Prix of Europe', 'Inggris');
INSERT IGNORE INTO Subtitle VALUES ('Grand Prix of Europe', 'Indonesia');
INSERT IGNORE INTO Subtitle VALUES ('Grand Prix of Europe', 'Korea');
INSERT IGNORE INTO Konten VALUES ('Ko Ga Loak Village', 'A terrifying serial murder spree grips Kogaloak village, with horrific injuries on male victims. Police face local legends and hidden secrets as they investigate. The latest victim, is taken for autopsy, intensifying fear. Officer and his team conduct a covert investigation, but the death toll rises. Villagers suspect newcomers have awakened a vengeful ghost. Is it real or a clever killer?', 2025, 'NR', 'Film');
INSERT IGNORE INTO Film VALUES ('Ko Ga Loak Village', 99, 'Poj Arnon');
INSERT IGNORE INTO Genre_Konten VALUES ('Ko Ga Loak Village', 8);
INSERT IGNORE INTO Genre_Konten VALUES ('Ko Ga Loak Village', 5);
INSERT IGNORE INTO Genre_Konten VALUES ('Ko Ga Loak Village', 3);
INSERT IGNORE INTO Aktor (`nama_lengkap`) VALUES ('Padung Songsang');
INSERT IGNORE INTO Peran VALUES ('Padung Songsang', 'Ko Ga Loak Village', 'Yun');
INSERT IGNORE INTO Aktor (`nama_lengkap`) VALUES ('Nachat Juntapun');
INSERT IGNORE INTO Peran VALUES ('Nachat Juntapun', 'Ko Ga Loak Village', 'Chat');
INSERT IGNORE INTO Aktor (`nama_lengkap`) VALUES ('Kanchai Kamnerdploy');
INSERT IGNORE INTO Peran VALUES ('Kanchai Kamnerdploy', 'Ko Ga Loak Village', 'Kapi');
INSERT IGNORE INTO Aktor (`nama_lengkap`) VALUES ('Kapon Thongphlap');
INSERT IGNORE INTO Peran VALUES ('Kapon Thongphlap', 'Ko Ga Loak Village', 'Pong');
INSERT IGNORE INTO Aktor (`nama_lengkap`) VALUES ('Ongart Cheamcharoenpornkul');
INSERT IGNORE INTO Peran VALUES ('Ongart Cheamcharoenpornkul', 'Ko Ga Loak Village', 'Hun Xian');
INSERT IGNORE INTO Aktor (`nama_lengkap`) VALUES ('Sahatchai Chumrum');
INSERT IGNORE INTO Peran VALUES ('Sahatchai Chumrum', 'Ko Ga Loak Village', '');
INSERT IGNORE INTO Aktor (`nama_lengkap`) VALUES ('Yasaka Chaisorn');
INSERT IGNORE INTO Peran VALUES ('Yasaka Chaisorn', 'Ko Ga Loak Village', 'Uncle Pae');
INSERT IGNORE INTO Aktor (`nama_lengkap`) VALUES ('Phaisan Rueangrit');
INSERT IGNORE INTO Peran VALUES ('Phaisan Rueangrit', 'Ko Ga Loak Village', '');
INSERT IGNORE INTO Aktor (`nama_lengkap`) VALUES ('Yotsawat Tawapee');
INSERT IGNORE INTO Peran VALUES ('Yotsawat Tawapee', 'Ko Ga Loak Village', 'Get');
INSERT IGNORE INTO Aktor (`nama_lengkap`) VALUES ('Aniwat Prathumthin');
INSERT IGNORE INTO Peran VALUES ('Aniwat Prathumthin', 'Ko Ga Loak Village', 'Yuki');
INSERT IGNORE INTO Audio VALUES ('Ko Ga Loak Village', 'Inggris');
INSERT IGNORE INTO Subtitle VALUES ('Ko Ga Loak Village', 'Jepang');
INSERT IGNORE INTO Subtitle VALUES ('Ko Ga Loak Village', 'Spanyol');
INSERT IGNORE INTO Subtitle VALUES ('Ko Ga Loak Village', 'Korea');
INSERT IGNORE INTO Konten VALUES ('Kryptic', 'A woman’s search for a missing cryptzoologist leads to her own riveting cosmic quest for identity.', 2025, 'R', 'Film');
INSERT IGNORE INTO Film VALUES ('Kryptic', 96, 'Kourtney Roy');
INSERT IGNORE INTO Genre_Konten VALUES ('Kryptic', 5);
INSERT IGNORE INTO Genre_Konten VALUES ('Kryptic', 3);
INSERT IGNORE INTO Genre_Konten VALUES ('Kryptic', 4);
INSERT IGNORE INTO Aktor (`nama_lengkap`) VALUES ('Chloe Pirrie');
INSERT IGNORE INTO Peran VALUES ('Chloe Pirrie', 'Kryptic', 'Kay');
INSERT IGNORE INTO Aktor (`nama_lengkap`) VALUES ('Jeff Gladstone');
INSERT IGNORE INTO Peran VALUES ('Jeff Gladstone', 'Kryptic', 'Morgan');
INSERT IGNORE INTO Aktor (`nama_lengkap`) VALUES ('Jason Deline');
INSERT IGNORE INTO Peran VALUES ('Jason Deline', 'Kryptic', 'Caleb');
INSERT IGNORE INTO Aktor (`nama_lengkap`) VALUES ('Ali Rusu-Tahir');
INSERT IGNORE INTO Peran VALUES ('Ali Rusu-Tahir', 'Kryptic', 'Sasha');
INSERT IGNORE INTO Aktor (`nama_lengkap`) VALUES ('Kamantha Naidoo');
INSERT IGNORE INTO Peran VALUES ('Kamantha Naidoo', 'Kryptic', 'Sarah');
INSERT IGNORE INTO Aktor (`nama_lengkap`) VALUES ('Jenna Hill');
INSERT IGNORE INTO Peran VALUES ('Jenna Hill', 'Kryptic', 'Betty');
INSERT IGNORE INTO Aktor (`nama_lengkap`) VALUES ('Pam Kearns');
INSERT IGNORE INTO Peran VALUES ('Pam Kearns', 'Kryptic', 'Starla Northstar');
INSERT IGNORE INTO Aktor (`nama_lengkap`) VALUES ('Jane Stanton');
INSERT IGNORE INTO Peran VALUES ('Jane Stanton', 'Kryptic', 'Maggie');
INSERT IGNORE INTO Aktor (`nama_lengkap`) VALUES ('Sara Southey');
INSERT IGNORE INTO Peran VALUES ('Sara Southey', 'Kryptic', 'Avery Graham');
INSERT IGNORE INTO Aktor (`nama_lengkap`) VALUES ('Jennifer Copping');
INSERT IGNORE INTO Peran VALUES ('Jennifer Copping', 'Kryptic', 'Drunk (The Amazing Gigi)');
INSERT IGNORE INTO Audio VALUES ('Kryptic', 'Korea');
INSERT IGNORE INTO Audio VALUES ('Kryptic', 'Spanyol');
INSERT IGNORE INTO Audio VALUES ('Kryptic', 'Inggris');
INSERT IGNORE INTO Subtitle VALUES ('Kryptic', 'Spanyol');
INSERT IGNORE INTO Subtitle VALUES ('Kryptic', 'Jepang');
INSERT IGNORE INTO Subtitle VALUES ('Kryptic', 'Korea');
INSERT IGNORE INTO Konten VALUES ('Mission: Impossible - The Final Reckoning', 'Ethan Hunt and team continue their search for the terrifying AI known as the Entity — which has infiltrated intelligence networks all over the globe — with the world''s governments and a mysterious ghost from Hunt''s past on their trail. Joined by new allies and armed with the means to shut the Entity down for good, Hunt is in a race against time to prevent the world as we know it from changing forever.', 2025, '13+', 'Film');
INSERT IGNORE INTO Film VALUES ('Mission: Impossible - The Final Reckoning', 170, 'Christopher McQuarrie');
INSERT IGNORE INTO Genre_Konten VALUES ('Mission: Impossible - The Final Reckoning', 1);
INSERT IGNORE INTO Genre_Konten VALUES ('Mission: Impossible - The Final Reckoning', 3);
INSERT IGNORE INTO Aktor (`nama_lengkap`) VALUES ('Tom Cruise');
INSERT IGNORE INTO Peran VALUES ('Tom Cruise', 'Mission: Impossible - The Final Reckoning', 'Ethan Hunt');
INSERT IGNORE INTO Aktor (`nama_lengkap`) VALUES ('Hayley Atwell');
INSERT IGNORE INTO Peran VALUES ('Hayley Atwell', 'Mission: Impossible - The Final Reckoning', 'Grace');
INSERT IGNORE INTO Aktor (`nama_lengkap`) VALUES ('Ving Rhames');
INSERT IGNORE INTO Peran VALUES ('Ving Rhames', 'Mission: Impossible - The Final Reckoning', 'Luther Stickell');
INSERT IGNORE INTO Aktor (`nama_lengkap`) VALUES ('Simon Pegg');
INSERT IGNORE INTO Peran VALUES ('Simon Pegg', 'Mission: Impossible - The Final Reckoning', 'Benji Dunn');
INSERT IGNORE INTO Aktor (`nama_lengkap`) VALUES ('Esai Morales');
INSERT IGNORE INTO Peran VALUES ('Esai Morales', 'Mission: Impossible - The Final Reckoning', 'Gabriel');
INSERT IGNORE INTO Aktor (`nama_lengkap`) VALUES ('Pom Klementieff');
INSERT IGNORE INTO Peran VALUES ('Pom Klementieff', 'Mission: Impossible - The Final Reckoning', 'Paris');
INSERT IGNORE INTO Aktor (`nama_lengkap`) VALUES ('Henry Czerny');
INSERT IGNORE INTO Peran VALUES ('Henry Czerny', 'Mission: Impossible - The Final Reckoning', 'Kittridge');
INSERT IGNORE INTO Aktor (`nama_lengkap`) VALUES ('Holt McCallany');
INSERT IGNORE INTO Peran VALUES ('Holt McCallany', 'Mission: Impossible - The Final Reckoning', 'Serling');
INSERT IGNORE INTO Aktor (`nama_lengkap`) VALUES ('Janet McTeer');
INSERT IGNORE INTO Peran VALUES ('Janet McTeer', 'Mission: Impossible - The Final Reckoning', 'Walters');
INSERT IGNORE INTO Aktor (`nama_lengkap`) VALUES ('Nick Offerman');
INSERT IGNORE INTO Peran VALUES ('Nick Offerman', 'Mission: Impossible - The Final Reckoning', 'General Sidney');
INSERT IGNORE INTO Audio VALUES ('Mission: Impossible - The Final Reckoning', 'Jepang');
INSERT IGNORE INTO Subtitle VALUES ('Mission: Impossible - The Final Reckoning', 'Indonesia');
INSERT IGNORE INTO Subtitle VALUES ('Mission: Impossible - The Final Reckoning', 'Inggris');
INSERT IGNORE INTO Subtitle VALUES ('Mission: Impossible - The Final Reckoning', 'Korea');
INSERT IGNORE INTO Subtitle VALUES ('Mission: Impossible - The Final Reckoning', 'Spanyol');
INSERT IGNORE INTO Konten VALUES ('Stolen Girl', 'In 1993, Maureen’s six-year-old daughter Amina is snuck out of the country by her ex-husband, Karim. After years of unsuccessful attempts to find her, Maureen intersects with a professional retriever of internationally abducted children who promises to help her find Amina in exchange for her collaboration.', 2025, '13+', 'Film');
INSERT IGNORE INTO Film VALUES ('Stolen Girl', 110, 'James Kent');
INSERT IGNORE INTO Genre_Konten VALUES ('Stolen Girl', 3);
INSERT IGNORE INTO Genre_Konten VALUES ('Stolen Girl', 1);
INSERT IGNORE INTO Genre_Konten VALUES ('Stolen Girl', 7);
INSERT IGNORE INTO Aktor (`nama_lengkap`) VALUES ('Kate Beckinsale');
INSERT IGNORE INTO Peran VALUES ('Kate Beckinsale', 'Stolen Girl', 'Maureen');
INSERT IGNORE INTO Aktor (`nama_lengkap`) VALUES ('Scott Eastwood');
INSERT IGNORE INTO Peran VALUES ('Scott Eastwood', 'Stolen Girl', 'Robeson');
INSERT IGNORE INTO Aktor (`nama_lengkap`) VALUES ('Jordan Duvigneau');
INSERT IGNORE INTO Peran VALUES ('Jordan Duvigneau', 'Stolen Girl', 'Carl');
INSERT IGNORE INTO Aktor (`nama_lengkap`) VALUES ('Matt Craven');
INSERT IGNORE INTO Peran VALUES ('Matt Craven', 'Stolen Girl', 'Joe');
INSERT IGNORE INTO Aktor (`nama_lengkap`) VALUES ('Nowar Yusuf');
INSERT IGNORE INTO Peran VALUES ('Nowar Yusuf', 'Stolen Girl', 'Dasia');
INSERT IGNORE INTO Aktor (`nama_lengkap`) VALUES ('Arvin Kananian');
INSERT IGNORE INTO Peran VALUES ('Arvin Kananian', 'Stolen Girl', 'Karim');
INSERT IGNORE INTO Aktor (`nama_lengkap`) VALUES ('Robert Farrior');
INSERT IGNORE INTO Peran VALUES ('Robert Farrior', 'Stolen Girl', 'Lewis');
INSERT IGNORE INTO Aktor (`nama_lengkap`) VALUES ('Alejandra Howard');
INSERT IGNORE INTO Peran VALUES ('Alejandra Howard', 'Stolen Girl', 'Amina (11)');
INSERT IGNORE INTO Aktor (`nama_lengkap`) VALUES ('Yasmine Bouabid');
INSERT IGNORE INTO Peran VALUES ('Yasmine Bouabid', 'Stolen Girl', 'Isra');
INSERT IGNORE INTO Aktor (`nama_lengkap`) VALUES ('Maria Laila Fernandez');
INSERT IGNORE INTO Peran VALUES ('Maria Laila Fernandez', 'Stolen Girl', 'Maya');
INSERT IGNORE INTO Audio VALUES ('Stolen Girl', 'Jepang');
INSERT IGNORE INTO Audio VALUES ('Stolen Girl', 'Spanyol');
INSERT IGNORE INTO Audio VALUES ('Stolen Girl', 'Inggris');
INSERT IGNORE INTO Subtitle VALUES ('Stolen Girl', 'Inggris');
INSERT IGNORE INTO Konten VALUES ('Martin', 'Martin revolves around Lt. Brigadier Arjun Saxena, whose journey takes him from Pakistan to India to discover his real identity and fight against black market dealers, who are involved with terrorists to orchestrate massive attacks in the country.', 2024, 'NR', 'Film');
INSERT IGNORE INTO Film VALUES ('Martin', 147, 'A. P. Arjun');
INSERT IGNORE INTO Genre_Konten VALUES ('Martin', 1);
INSERT IGNORE INTO Genre_Konten VALUES ('Martin', 4);
INSERT IGNORE INTO Genre_Konten VALUES ('Martin', 3);
INSERT IGNORE INTO Aktor (`nama_lengkap`) VALUES ('Dhruva Sarja');
INSERT IGNORE INTO Peran VALUES ('Dhruva Sarja', 'Martin', 'Martin');
INSERT IGNORE INTO Aktor (`nama_lengkap`) VALUES ('Vaibhavi Shandilya');
INSERT IGNORE INTO Peran VALUES ('Vaibhavi Shandilya', 'Martin', '');
INSERT IGNORE INTO Aktor (`nama_lengkap`) VALUES ('Anveshi Jain');
INSERT IGNORE INTO Peran VALUES ('Anveshi Jain', 'Martin', '');
INSERT IGNORE INTO Aktor (`nama_lengkap`) VALUES ('Giorgia Andriani');
INSERT IGNORE INTO Peran VALUES ('Giorgia Andriani', 'Martin', 'Dance Cameo');
INSERT IGNORE INTO Aktor (`nama_lengkap`) VALUES ('Chikkanna');
INSERT IGNORE INTO Peran VALUES ('Chikkanna', 'Martin', '');
INSERT IGNORE INTO Aktor (`nama_lengkap`) VALUES ('Malavika Avinash');
INSERT IGNORE INTO Peran VALUES ('Malavika Avinash', 'Martin', '');
INSERT IGNORE INTO Aktor (`nama_lengkap`) VALUES ('Achyuth Kumar');
INSERT IGNORE INTO Peran VALUES ('Achyuth Kumar', 'Martin', '');
INSERT IGNORE INTO Aktor (`nama_lengkap`) VALUES ('Nikitin Dheer');
INSERT IGNORE INTO Peran VALUES ('Nikitin Dheer', 'Martin', '');
INSERT IGNORE INTO Aktor (`nama_lengkap`) VALUES ('Nawab Shah');
INSERT IGNORE INTO Peran VALUES ('Nawab Shah', 'Martin', '');
INSERT IGNORE INTO Aktor (`nama_lengkap`) VALUES ('Rohit Pathak');
INSERT IGNORE INTO Peran VALUES ('Rohit Pathak', 'Martin', '');
INSERT IGNORE INTO Audio VALUES ('Martin', 'Spanyol');
INSERT IGNORE INTO Audio VALUES ('Martin', 'Korea');
INSERT IGNORE INTO Subtitle VALUES ('Martin', 'Spanyol');
INSERT IGNORE INTO Subtitle VALUES ('Martin', 'Inggris');
INSERT IGNORE INTO Konten VALUES ('Hunting Grounds', 'Desperate to find refuge for her children, Chloe Marvino runs away from her Mafia tied husband, and finds shelter in a cabin with a recluse drifter named Jake. But as her husband''s henchmen draw closer to her, it turns out that Jake is the biggest enemy of them all.', 2025, 'NR', 'Film');
INSERT IGNORE INTO Film VALUES ('Hunting Grounds', 89, 'Derek Barnes');
INSERT IGNORE INTO Genre_Konten VALUES ('Hunting Grounds', 1);
INSERT IGNORE INTO Genre_Konten VALUES ('Hunting Grounds', 3);
INSERT IGNORE INTO Aktor (`nama_lengkap`) VALUES ('Emily Alatalo');
INSERT IGNORE INTO Peran VALUES ('Emily Alatalo', 'Hunting Grounds', 'Chloe');
INSERT IGNORE INTO Aktor (`nama_lengkap`) VALUES ('Tim Rozon');
INSERT IGNORE INTO Peran VALUES ('Tim Rozon', 'Hunting Grounds', 'Jake');
INSERT IGNORE INTO Aktor (`nama_lengkap`) VALUES ('Patrick Garrow');
INSERT IGNORE INTO Peran VALUES ('Patrick Garrow', 'Hunting Grounds', 'Mick');
INSERT IGNORE INTO Aktor (`nama_lengkap`) VALUES ('Jon McLaren');
INSERT IGNORE INTO Peran VALUES ('Jon McLaren', 'Hunting Grounds', 'Vincent');
INSERT IGNORE INTO Aktor (`nama_lengkap`) VALUES ('Milton Barnes');
INSERT IGNORE INTO Peran VALUES ('Milton Barnes', 'Hunting Grounds', 'Zach');
INSERT IGNORE INTO Aktor (`nama_lengkap`) VALUES ('Mikaël Conde');
INSERT IGNORE INTO Peran VALUES ('Mikaël Conde', 'Hunting Grounds', 'Carl');
INSERT IGNORE INTO Aktor (`nama_lengkap`) VALUES ('Greg Bryk');
INSERT IGNORE INTO Peran VALUES ('Greg Bryk', 'Hunting Grounds', 'Donny');
INSERT IGNORE INTO Aktor (`nama_lengkap`) VALUES ('Eman Ayaz');
INSERT IGNORE INTO Peran VALUES ('Eman Ayaz', 'Hunting Grounds', 'Ocean');
INSERT IGNORE INTO Aktor (`nama_lengkap`) VALUES ('Khalid Karim');
INSERT IGNORE INTO Peran VALUES ('Khalid Karim', 'Hunting Grounds', 'Sam');
INSERT IGNORE INTO Aktor (`nama_lengkap`) VALUES ('Alex Jade');
INSERT IGNORE INTO Peran VALUES ('Alex Jade', 'Hunting Grounds', 'Rosetta');
INSERT IGNORE INTO Audio VALUES ('Hunting Grounds', 'Spanyol');
INSERT IGNORE INTO Audio VALUES ('Hunting Grounds', 'Inggris');
INSERT IGNORE INTO Subtitle VALUES ('Hunting Grounds', 'Indonesia');
INSERT IGNORE INTO Subtitle VALUES ('Hunting Grounds', 'Spanyol');
INSERT IGNORE INTO Subtitle VALUES ('Hunting Grounds', 'Inggris');
INSERT IGNORE INTO Subtitle VALUES ('Hunting Grounds', 'Korea');
INSERT IGNORE INTO Konten VALUES ('A Merry Little Ex-Mas', 'All Kate and Everett want for Christmas is an amicable divorce and one last holiday as a family, but new flames and old feelings complicate their plans.', 2025, 'PG', 'Film');
INSERT IGNORE INTO Film VALUES ('A Merry Little Ex-Mas', 91, 'Steve Carr');
INSERT IGNORE INTO Genre_Konten VALUES ('A Merry Little Ex-Mas', 13);
INSERT IGNORE INTO Genre_Konten VALUES ('A Merry Little Ex-Mas', 8);
INSERT IGNORE INTO Aktor (`nama_lengkap`) VALUES ('Alicia Silverstone');
INSERT IGNORE INTO Peran VALUES ('Alicia Silverstone', 'A Merry Little Ex-Mas', 'Kate');
INSERT IGNORE INTO Aktor (`nama_lengkap`) VALUES ('Oliver Hudson');
INSERT IGNORE INTO Peran VALUES ('Oliver Hudson', 'A Merry Little Ex-Mas', 'Everett');
INSERT IGNORE INTO Aktor (`nama_lengkap`) VALUES ('Jameela Jamil');
INSERT IGNORE INTO Peran VALUES ('Jameela Jamil', 'A Merry Little Ex-Mas', 'Tess Wiley');
INSERT IGNORE INTO Aktor (`nama_lengkap`) VALUES ('Pierson Fodé');
INSERT IGNORE INTO Peran VALUES ('Pierson Fodé', 'A Merry Little Ex-Mas', 'Chet Moore');
INSERT IGNORE INTO Aktor (`nama_lengkap`) VALUES ('Wilder Hudson');
INSERT IGNORE INTO Peran VALUES ('Wilder Hudson', 'A Merry Little Ex-Mas', 'Gabriel');
INSERT IGNORE INTO Aktor (`nama_lengkap`) VALUES ('Emily Hall');
INSERT IGNORE INTO Peran VALUES ('Emily Hall', 'A Merry Little Ex-Mas', 'Sienna');
INSERT IGNORE INTO Aktor (`nama_lengkap`) VALUES ('Timothy Innes');
INSERT IGNORE INTO Peran VALUES ('Timothy Innes', 'A Merry Little Ex-Mas', 'Nigel');
INSERT IGNORE INTO Aktor (`nama_lengkap`) VALUES ('Geoffrey Owens');
INSERT IGNORE INTO Peran VALUES ('Geoffrey Owens', 'A Merry Little Ex-Mas', 'Daryl');
INSERT IGNORE INTO Aktor (`nama_lengkap`) VALUES ('Derek McGrath');
INSERT IGNORE INTO Peran VALUES ('Derek McGrath', 'A Merry Little Ex-Mas', 'Mike');
INSERT IGNORE INTO Aktor (`nama_lengkap`) VALUES ('Melissa Joan Hart');
INSERT IGNORE INTO Peran VALUES ('Melissa Joan Hart', 'A Merry Little Ex-Mas', 'April');
INSERT IGNORE INTO Audio VALUES ('A Merry Little Ex-Mas', 'Jepang');
INSERT IGNORE INTO Subtitle VALUES ('A Merry Little Ex-Mas', 'Spanyol');
INSERT IGNORE INTO Konten VALUES ('Bury Me When I''m Dead', 'After failing to fulfill his wife''s dying wish, a series of unexplainable, horrific events leads a man to believe she''s returned to get revenge on him and his pregnant mistress.', 2025, 'NR', 'Film');
INSERT IGNORE INTO Film VALUES ('Bury Me When I''m Dead', 90, 'Seabold Krebs');
INSERT IGNORE INTO Genre_Konten VALUES ('Bury Me When I''m Dead', 11);
INSERT IGNORE INTO Genre_Konten VALUES ('Bury Me When I''m Dead', 3);
INSERT IGNORE INTO Genre_Konten VALUES ('Bury Me When I''m Dead', 5);
INSERT IGNORE INTO Aktor (`nama_lengkap`) VALUES ('Devon Terrell');
INSERT IGNORE INTO Peran VALUES ('Devon Terrell', 'Bury Me When I''m Dead', 'Henry Samsa');
INSERT IGNORE INTO Aktor (`nama_lengkap`) VALUES ('Charlotte Hope');
INSERT IGNORE INTO Peran VALUES ('Charlotte Hope', 'Bury Me When I''m Dead', 'Catherine Samsa');
INSERT IGNORE INTO Aktor (`nama_lengkap`) VALUES ('Makenzie Leigh');
INSERT IGNORE INTO Peran VALUES ('Makenzie Leigh', 'Bury Me When I''m Dead', 'Rebecca Gregor');
INSERT IGNORE INTO Aktor (`nama_lengkap`) VALUES ('Roxanne Hart');
INSERT IGNORE INTO Peran VALUES ('Roxanne Hart', 'Bury Me When I''m Dead', 'Patricia Higdon');
INSERT IGNORE INTO Aktor (`nama_lengkap`) VALUES ('Richard Bekins');
INSERT IGNORE INTO Peran VALUES ('Richard Bekins', 'Bury Me When I''m Dead', 'Gary Higdon');
INSERT IGNORE INTO Aktor (`nama_lengkap`) VALUES ('Mike Houston');
INSERT IGNORE INTO Peran VALUES ('Mike Houston', 'Bury Me When I''m Dead', 'Buck Campbell');
INSERT IGNORE INTO Aktor (`nama_lengkap`) VALUES ('Elisha Lawson');
INSERT IGNORE INTO Peran VALUES ('Elisha Lawson', 'Bury Me When I''m Dead', 'John Winter');
INSERT IGNORE INTO Aktor (`nama_lengkap`) VALUES ('Teo Rapp-Olsson');
INSERT IGNORE INTO Peran VALUES ('Teo Rapp-Olsson', 'Bury Me When I''m Dead', 'Steve Abbott');
INSERT IGNORE INTO Aktor (`nama_lengkap`) VALUES ('Franklin Ojeda Smith');
INSERT IGNORE INTO Peran VALUES ('Franklin Ojeda Smith', 'Bury Me When I''m Dead', 'Mr. Bartle');
INSERT IGNORE INTO Aktor (`nama_lengkap`) VALUES ('Clint James');
INSERT IGNORE INTO Peran VALUES ('Clint James', 'Bury Me When I''m Dead', 'Dante Dore');
INSERT IGNORE INTO Audio VALUES ('Bury Me When I''m Dead', 'Jepang');
INSERT IGNORE INTO Subtitle VALUES ('Bury Me When I''m Dead', 'Inggris');
INSERT IGNORE INTO Subtitle VALUES ('Bury Me When I''m Dead', 'Spanyol');
INSERT IGNORE INTO Konten VALUES ('Baramulla', 'A cop''s inquiry into child kidnappings unravels chilling secrets as supernatural events endanger his family and the peaceful town of Baramulla.', 2025, 'R', 'Film');
INSERT IGNORE INTO Film VALUES ('Baramulla', 120, 'Aditya Suhas Jambhale');
INSERT IGNORE INTO Genre_Konten VALUES ('Baramulla', 5);
INSERT IGNORE INTO Aktor (`nama_lengkap`) VALUES ('Manav Kaul');
INSERT IGNORE INTO Peran VALUES ('Manav Kaul', 'Baramulla', 'DSP Ridwaan Sayyed');
INSERT IGNORE INTO Aktor (`nama_lengkap`) VALUES ('Neelofar Hamid');
INSERT IGNORE INTO Peran VALUES ('Neelofar Hamid', 'Baramulla', 'Zainab');
INSERT IGNORE INTO Aktor (`nama_lengkap`) VALUES ('Masoom Mumtaz Khan');
INSERT IGNORE INTO Peran VALUES ('Masoom Mumtaz Khan', 'Baramulla', 'Abbas Tilgami');
INSERT IGNORE INTO Aktor (`nama_lengkap`) VALUES ('Arista Mehta');
INSERT IGNORE INTO Peran VALUES ('Arista Mehta', 'Baramulla', 'Noorie Sayyed');
INSERT IGNORE INTO Aktor (`nama_lengkap`) VALUES ('Baby Kiara Khanna');
INSERT IGNORE INTO Peran VALUES ('Baby Kiara Khanna', 'Baramulla', 'Eela Sapru');
INSERT IGNORE INTO Aktor (`nama_lengkap`) VALUES ('Ashwini Koul');
INSERT IGNORE INTO Peran VALUES ('Ashwini Koul', 'Baramulla', 'Khalid');
INSERT IGNORE INTO Aktor (`nama_lengkap`) VALUES ('Nazneen Madan');
INSERT IGNORE INTO Peran VALUES ('Nazneen Madan', 'Baramulla', 'Mansi Sapru');
INSERT IGNORE INTO Aktor (`nama_lengkap`) VALUES ('Mir Sarwar');
INSERT IGNORE INTO Peran VALUES ('Mir Sarwar', 'Baramulla', 'Ansari');
INSERT IGNORE INTO Aktor (`nama_lengkap`) VALUES ('Vikas Shukla');
INSERT IGNORE INTO Peran VALUES ('Vikas Shukla', 'Baramulla', 'Shaukat');
INSERT IGNORE INTO Aktor (`nama_lengkap`) VALUES ('Bhasha Sumbli');
INSERT IGNORE INTO Peran VALUES ('Bhasha Sumbli', 'Baramulla', 'Gulnaar Sayyed');
INSERT IGNORE INTO Audio VALUES ('Baramulla', 'Korea');
INSERT IGNORE INTO Audio VALUES ('Baramulla', 'Spanyol');
INSERT IGNORE INTO Audio VALUES ('Baramulla', 'Inggris');
INSERT IGNORE INTO Subtitle VALUES ('Baramulla', 'Jepang');
INSERT IGNORE INTO Konten VALUES ('The Toxic Avenger Unrated', 'When a downtrodden janitor, Winston Gooze, is exposed to a catastrophic toxic accident, he’s transformed into a new kind of hero: The Toxic Avenger. Now, Toxie must rise from outcast to savior, taking on ruthless corporate overlords and corrupt forces who threaten his son, his friends, and his community.', 2025, '17+', 'Film');
INSERT IGNORE INTO Film VALUES ('The Toxic Avenger Unrated', 102, 'Macon Blair');
INSERT IGNORE INTO Genre_Konten VALUES ('The Toxic Avenger Unrated', 1);
INSERT IGNORE INTO Genre_Konten VALUES ('The Toxic Avenger Unrated', 8);
INSERT IGNORE INTO Genre_Konten VALUES ('The Toxic Avenger Unrated', 10);
INSERT IGNORE INTO Aktor (`nama_lengkap`) VALUES ('Peter Dinklage');
INSERT IGNORE INTO Peran VALUES ('Peter Dinklage', 'The Toxic Avenger Unrated', 'Winston / Toxie, the Hero');
INSERT IGNORE INTO Aktor (`nama_lengkap`) VALUES ('Jacob Tremblay');
INSERT IGNORE INTO Peran VALUES ('Jacob Tremblay', 'The Toxic Avenger Unrated', 'Wade, the Kid');
INSERT IGNORE INTO Aktor (`nama_lengkap`) VALUES ('Taylour Paige');
INSERT IGNORE INTO Peran VALUES ('Taylour Paige', 'The Toxic Avenger Unrated', 'J.J. Doherty, the Wild Card');
INSERT IGNORE INTO Aktor (`nama_lengkap`) VALUES ('Julia Davis');
INSERT IGNORE INTO Peran VALUES ('Julia Davis', 'The Toxic Avenger Unrated', 'Kissy Sturnevan, his Associate');
INSERT IGNORE INTO Aktor (`nama_lengkap`) VALUES ('Jonny Coyne');
INSERT IGNORE INTO Peran VALUES ('Jonny Coyne', 'The Toxic Avenger Unrated', 'Thad Barkabus, the Big Boss');
INSERT IGNORE INTO Aktor (`nama_lengkap`) VALUES ('Elijah Wood');
INSERT IGNORE INTO Peran VALUES ('Elijah Wood', 'The Toxic Avenger Unrated', 'Fritz Garbinger, his Creepy Brother');
INSERT IGNORE INTO Aktor (`nama_lengkap`) VALUES ('Kevin Bacon');
INSERT IGNORE INTO Peran VALUES ('Kevin Bacon', 'The Toxic Avenger Unrated', 'Bob Garbinger, the Villain');
INSERT IGNORE INTO Aktor (`nama_lengkap`) VALUES ('David Yow');
INSERT IGNORE INTO Peran VALUES ('David Yow', 'The Toxic Avenger Unrated', 'Guthrie Stockins, the Wise Hobo');
INSERT IGNORE INTO Aktor (`nama_lengkap`) VALUES ('Sarah Niles');
INSERT IGNORE INTO Peran VALUES ('Sarah Niles', 'The Toxic Avenger Unrated', 'Mayor Togar');
INSERT IGNORE INTO Aktor (`nama_lengkap`) VALUES ('Shaun Dooley');
INSERT IGNORE INTO Peran VALUES ('Shaun Dooley', 'The Toxic Avenger Unrated', 'Mel Ferd, the Crusading Reporter');
INSERT IGNORE INTO Audio VALUES ('The Toxic Avenger Unrated', 'Indonesia');
INSERT IGNORE INTO Audio VALUES ('The Toxic Avenger Unrated', 'Korea');
INSERT IGNORE INTO Subtitle VALUES ('The Toxic Avenger Unrated', 'Spanyol');
INSERT IGNORE INTO Subtitle VALUES ('The Toxic Avenger Unrated', 'Jepang');
INSERT IGNORE INTO Konten VALUES ('Wicked', 'In the land of Oz, ostracized and misunderstood green-skinned Elphaba is forced to share a room with the popular aristocrat Glinda at Shiz University, and the two''s unlikely friendship is tested as they begin to fulfill their respective destinies as Glinda the Good and the Wicked Witch of the West.', 2024, 'SU', 'Film');
INSERT IGNORE INTO Film VALUES ('Wicked', 162, 'Jon M. Chu');
INSERT IGNORE INTO Genre_Konten VALUES ('Wicked', 4);
INSERT IGNORE INTO Genre_Konten VALUES ('Wicked', 13);
INSERT IGNORE INTO Genre_Konten VALUES ('Wicked', 6);
INSERT IGNORE INTO Aktor (`nama_lengkap`) VALUES ('Cynthia Erivo');
INSERT IGNORE INTO Peran VALUES ('Cynthia Erivo', 'Wicked', 'Elphaba');
INSERT IGNORE INTO Aktor (`nama_lengkap`) VALUES ('Ariana Grande');
INSERT IGNORE INTO Peran VALUES ('Ariana Grande', 'Wicked', 'Galinda / Glinda');
INSERT IGNORE INTO Aktor (`nama_lengkap`) VALUES ('Michelle Yeoh');
INSERT IGNORE INTO Peran VALUES ('Michelle Yeoh', 'Wicked', 'Madame Morrible');
INSERT IGNORE INTO Aktor (`nama_lengkap`) VALUES ('Jonathan Bailey');
INSERT IGNORE INTO Peran VALUES ('Jonathan Bailey', 'Wicked', 'Fiyero');
INSERT IGNORE INTO Aktor (`nama_lengkap`) VALUES ('Ethan Slater');
INSERT IGNORE INTO Peran VALUES ('Ethan Slater', 'Wicked', 'Boq');
INSERT IGNORE INTO Aktor (`nama_lengkap`) VALUES ('Marissa Bode');
INSERT IGNORE INTO Peran VALUES ('Marissa Bode', 'Wicked', 'Nessarose');
INSERT IGNORE INTO Aktor (`nama_lengkap`) VALUES ('Jeff Goldblum');
INSERT IGNORE INTO Peran VALUES ('Jeff Goldblum', 'Wicked', 'The Wonderful Wizard of Oz');
INSERT IGNORE INTO Aktor (`nama_lengkap`) VALUES ('Peter Dinklage');
INSERT IGNORE INTO Peran VALUES ('Peter Dinklage', 'Wicked', 'Dr. Dillamond (voice)');
INSERT IGNORE INTO Aktor (`nama_lengkap`) VALUES ('Andy Nyman');
INSERT IGNORE INTO Peran VALUES ('Andy Nyman', 'Wicked', 'Governor Thropp');
INSERT IGNORE INTO Aktor (`nama_lengkap`) VALUES ('Courtney-Mae Briggs');
INSERT IGNORE INTO Peran VALUES ('Courtney-Mae Briggs', 'Wicked', 'Mrs. Thropp');
INSERT IGNORE INTO Audio VALUES ('Wicked', 'Indonesia');
INSERT IGNORE INTO Audio VALUES ('Wicked', 'Spanyol');
INSERT IGNORE INTO Audio VALUES ('Wicked', 'Inggris');
INSERT IGNORE INTO Subtitle VALUES ('Wicked', 'Inggris');
INSERT IGNORE INTO Subtitle VALUES ('Wicked', 'Indonesia');
INSERT IGNORE INTO Konten VALUES ('Colonel Kwiatkowski', 'Military doctor Kwiatkowski, serving in a barracks hospital on the Western Territories, is rewarded with a week’s leave after successfully operating on Colonel Kiziora of the UB. He and his friend steal a truck bound for Warsaw, where among the ruins of his former home he meets his prewar neighbor Krysia, instantly falls in love, and, after a brawl with a Russian officer at a dance in the surviving “Polonia” hotel, pretends to be a high-ranking UB colonel to save face.', 1996, 'NR', 'Film');
INSERT IGNORE INTO Film VALUES ('Colonel Kwiatkowski', 123, 'Kazimierz Kutz');
INSERT IGNORE INTO Genre_Konten VALUES ('Colonel Kwiatkowski', 8);
INSERT IGNORE INTO Genre VALUES (15, 'History');
INSERT IGNORE INTO Genre_Konten VALUES ('Colonel Kwiatkowski', 15);
INSERT IGNORE INTO Aktor (`nama_lengkap`) VALUES ('Marek Kondrat');
INSERT IGNORE INTO Peran VALUES ('Marek Kondrat', 'Colonel Kwiatkowski', 'Andrzej Kwiatkowski');
INSERT IGNORE INTO Aktor (`nama_lengkap`) VALUES ('Zbigniew Zamachowski');
INSERT IGNORE INTO Peran VALUES ('Zbigniew Zamachowski', 'Colonel Kwiatkowski', 'sierżant Dudek');
INSERT IGNORE INTO Aktor (`nama_lengkap`) VALUES ('Renata Dancewicz');
INSERT IGNORE INTO Peran VALUES ('Renata Dancewicz', 'Colonel Kwiatkowski', 'Krysia');
INSERT IGNORE INTO Aktor (`nama_lengkap`) VALUES ('Adam Ferency');
INSERT IGNORE INTO Peran VALUES ('Adam Ferency', 'Colonel Kwiatkowski', 'pułkownik Kizior');
INSERT IGNORE INTO Aktor (`nama_lengkap`) VALUES ('Artur Barciś');
INSERT IGNORE INTO Peran VALUES ('Artur Barciś', 'Colonel Kwiatkowski', 'kapitan Malec');
INSERT IGNORE INTO Aktor (`nama_lengkap`) VALUES ('Andrzej Blumenfeld');
INSERT IGNORE INTO Peran VALUES ('Andrzej Blumenfeld', 'Colonel Kwiatkowski', 'Major Rozen');
INSERT IGNORE INTO Aktor (`nama_lengkap`) VALUES ('Krzysztof Globisz');
INSERT IGNORE INTO Peran VALUES ('Krzysztof Globisz', 'Colonel Kwiatkowski', 'Mieczysław Moczar');
INSERT IGNORE INTO Aktor (`nama_lengkap`) VALUES ('Tomasz Schimscheiner');
INSERT IGNORE INTO Peran VALUES ('Tomasz Schimscheiner', 'Colonel Kwiatkowski', 'Kowicki');
INSERT IGNORE INTO Aktor (`nama_lengkap`) VALUES ('Piotr Urbaniak');
INSERT IGNORE INTO Peran VALUES ('Piotr Urbaniak', 'Colonel Kwiatkowski', 'Bidak');
INSERT IGNORE INTO Aktor (`nama_lengkap`) VALUES ('Witold Wieliński');
INSERT IGNORE INTO Peran VALUES ('Witold Wieliński', 'Colonel Kwiatkowski', 'członek obstawy pułkownika Kwiatkowskiego');
INSERT IGNORE INTO Audio VALUES ('Colonel Kwiatkowski', 'Korea');
INSERT IGNORE INTO Audio VALUES ('Colonel Kwiatkowski', 'Indonesia');
INSERT IGNORE INTO Audio VALUES ('Colonel Kwiatkowski', 'Inggris');
INSERT IGNORE INTO Subtitle VALUES ('Colonel Kwiatkowski', 'Jepang');
INSERT IGNORE INTO Subtitle VALUES ('Colonel Kwiatkowski', 'Korea');
INSERT IGNORE INTO Konten VALUES ('Jurassic World Rebirth', 'Five years after the events of Jurassic World Dominion, covert operations expert Zora Bennett is contracted to lead a skilled team on a top-secret mission to secure genetic material from the world''s three most massive dinosaurs. When Zora''s operation intersects with a civilian family whose boating expedition was capsized, they all find themselves stranded on an island where they come face-to-face with a sinister, shocking discovery that''s been hidden from the world for decades.', 2025, '13+', 'Film');
INSERT IGNORE INTO Film VALUES ('Jurassic World Rebirth', 134, 'Gareth Edwards');
INSERT IGNORE INTO Genre_Konten VALUES ('Jurassic World Rebirth', 10);
INSERT IGNORE INTO Genre_Konten VALUES ('Jurassic World Rebirth', 7);
INSERT IGNORE INTO Genre_Konten VALUES ('Jurassic World Rebirth', 1);
INSERT IGNORE INTO Aktor (`nama_lengkap`) VALUES ('Scarlett Johansson');
INSERT IGNORE INTO Peran VALUES ('Scarlett Johansson', 'Jurassic World Rebirth', 'Zora Bennett');
INSERT IGNORE INTO Aktor (`nama_lengkap`) VALUES ('Mahershala Ali');
INSERT IGNORE INTO Peran VALUES ('Mahershala Ali', 'Jurassic World Rebirth', 'Duncan Kincaid');
INSERT IGNORE INTO Aktor (`nama_lengkap`) VALUES ('Jonathan Bailey');
INSERT IGNORE INTO Peran VALUES ('Jonathan Bailey', 'Jurassic World Rebirth', 'Dr. Henry Loomis');
INSERT IGNORE INTO Aktor (`nama_lengkap`) VALUES ('Rupert Friend');
INSERT IGNORE INTO Peran VALUES ('Rupert Friend', 'Jurassic World Rebirth', 'Martin Krebs');
INSERT IGNORE INTO Aktor (`nama_lengkap`) VALUES ('Manuel Garcia-Rulfo');
INSERT IGNORE INTO Peran VALUES ('Manuel Garcia-Rulfo', 'Jurassic World Rebirth', 'Reuben Delgado');
INSERT IGNORE INTO Aktor (`nama_lengkap`) VALUES ('Luna Blaise');
INSERT IGNORE INTO Peran VALUES ('Luna Blaise', 'Jurassic World Rebirth', 'Teresa Delgado');
INSERT IGNORE INTO Aktor (`nama_lengkap`) VALUES ('David Iacono');
INSERT IGNORE INTO Peran VALUES ('David Iacono', 'Jurassic World Rebirth', 'Xavier Dobbs');
INSERT IGNORE INTO Aktor (`nama_lengkap`) VALUES ('Audrina Miranda');
INSERT IGNORE INTO Peran VALUES ('Audrina Miranda', 'Jurassic World Rebirth', 'Isabella Delgado');
INSERT IGNORE INTO Aktor (`nama_lengkap`) VALUES ('Philippine Velge');
INSERT IGNORE INTO Peran VALUES ('Philippine Velge', 'Jurassic World Rebirth', 'Nina');
INSERT IGNORE INTO Aktor (`nama_lengkap`) VALUES ('Bechir Sylvain');
INSERT IGNORE INTO Peran VALUES ('Bechir Sylvain', 'Jurassic World Rebirth', 'LeClerc');
INSERT IGNORE INTO Audio VALUES ('Jurassic World Rebirth', 'Spanyol');
INSERT IGNORE INTO Audio VALUES ('Jurassic World Rebirth', 'Korea');
INSERT IGNORE INTO Audio VALUES ('Jurassic World Rebirth', 'Indonesia');
INSERT IGNORE INTO Subtitle VALUES ('Jurassic World Rebirth', 'Inggris');
INSERT IGNORE INTO Subtitle VALUES ('Jurassic World Rebirth', 'Spanyol');
INSERT IGNORE INTO Konten VALUES ('Stitch Head', 'Stitch Head was the first creature brought to ''almost life'' by mad professor Erasmus. In the years since, he’s become nursemaid to the master’s ever-growing menagerie of neglected creatures, tasked with teaching them to suppress their ''inner monster'' and hide out in the castle — away from prying eyes and itchy pitchfork fingers, of the village mob in the valley below. But when grubby circus impresario Fulbert Freakfinder arrives offering Stitch Head a starring role in his freak show, our hero is tempted by the promise of love and acceptance.', 2025, 'PG', 'Film');
INSERT IGNORE INTO Film VALUES ('Stitch Head', 92, 'Steve Hudson');
INSERT IGNORE INTO Genre_Konten VALUES ('Stitch Head', 12);
INSERT IGNORE INTO Genre_Konten VALUES ('Stitch Head', 7);
INSERT IGNORE INTO Genre_Konten VALUES ('Stitch Head', 9);
INSERT IGNORE INTO Genre_Konten VALUES ('Stitch Head', 8);
INSERT IGNORE INTO Aktor (`nama_lengkap`) VALUES ('Asa Butterfield');
INSERT IGNORE INTO Peran VALUES ('Asa Butterfield', 'Stitch Head', 'Stitch Head (voice)');
INSERT IGNORE INTO Aktor (`nama_lengkap`) VALUES ('Joel Fry');
INSERT IGNORE INTO Peran VALUES ('Joel Fry', 'Stitch Head', 'Creature (voice)');
INSERT IGNORE INTO Aktor (`nama_lengkap`) VALUES ('Alison Steadman');
INSERT IGNORE INTO Peran VALUES ('Alison Steadman', 'Stitch Head', 'Nan (voice)');
INSERT IGNORE INTO Aktor (`nama_lengkap`) VALUES ('Rob Brydon');
INSERT IGNORE INTO Peran VALUES ('Rob Brydon', 'Stitch Head', 'Professor (voice)');
INSERT IGNORE INTO Aktor (`nama_lengkap`) VALUES ('Seth Usdenov');
INSERT IGNORE INTO Peran VALUES ('Seth Usdenov', 'Stitch Head', 'Fulbert Freakfinder (voice)');
INSERT IGNORE INTO Aktor (`nama_lengkap`) VALUES ('Fern Brady');
INSERT IGNORE INTO Peran VALUES ('Fern Brady', 'Stitch Head', 'Madame Miranda (voice)');
INSERT IGNORE INTO Aktor (`nama_lengkap`) VALUES ('Tia Bannon');
INSERT IGNORE INTO Peran VALUES ('Tia Bannon', 'Stitch Head', 'Arabella (voice)');
INSERT IGNORE INTO Aktor (`nama_lengkap`) VALUES ('Jamali Maddix');
INSERT IGNORE INTO Peran VALUES ('Jamali Maddix', 'Stitch Head', 'Taj/Tej (voice)');
INSERT IGNORE INTO Aktor (`nama_lengkap`) VALUES ('Paul Tylak');
INSERT IGNORE INTO Peran VALUES ('Paul Tylak', 'Stitch Head', 'Tiny (voice)');
INSERT IGNORE INTO Aktor (`nama_lengkap`) VALUES ('Ruth Gibson');
INSERT IGNORE INTO Peran VALUES ('Ruth Gibson', 'Stitch Head', 'Old Lady (voice)');
INSERT IGNORE INTO Audio VALUES ('Stitch Head', 'Korea');
INSERT IGNORE INTO Subtitle VALUES ('Stitch Head', 'Korea');
INSERT IGNORE INTO Konten VALUES ('Superman', 'Superman, a journalist in Metropolis, embarks on a journey to reconcile his Kryptonian heritage with his human upbringing as Clark Kent.', 2025, '13+', 'Film');
INSERT IGNORE INTO Film VALUES ('Superman', 130, 'James Gunn');
INSERT IGNORE INTO Genre_Konten VALUES ('Superman', 10);
INSERT IGNORE INTO Genre_Konten VALUES ('Superman', 7);
INSERT IGNORE INTO Genre_Konten VALUES ('Superman', 1);
INSERT IGNORE INTO Aktor (`nama_lengkap`) VALUES ('David Corenswet');
INSERT IGNORE INTO Peran VALUES ('David Corenswet', 'Superman', 'Superman');
INSERT IGNORE INTO Aktor (`nama_lengkap`) VALUES ('Rachel Brosnahan');
INSERT IGNORE INTO Peran VALUES ('Rachel Brosnahan', 'Superman', 'Lois Lane');
INSERT IGNORE INTO Aktor (`nama_lengkap`) VALUES ('Nicholas Hoult');
INSERT IGNORE INTO Peran VALUES ('Nicholas Hoult', 'Superman', 'Lex Luthor');
INSERT IGNORE INTO Aktor (`nama_lengkap`) VALUES ('Edi Gathegi');
INSERT IGNORE INTO Peran VALUES ('Edi Gathegi', 'Superman', 'Mr. Terrific');
INSERT IGNORE INTO Aktor (`nama_lengkap`) VALUES ('Nathan Fillion');
INSERT IGNORE INTO Peran VALUES ('Nathan Fillion', 'Superman', 'Guy Gardner');
INSERT IGNORE INTO Aktor (`nama_lengkap`) VALUES ('Isabela Merced');
INSERT IGNORE INTO Peran VALUES ('Isabela Merced', 'Superman', 'Hawkgirl');
INSERT IGNORE INTO Aktor (`nama_lengkap`) VALUES ('María Gabriela de Faría');
INSERT IGNORE INTO Peran VALUES ('María Gabriela de Faría', 'Superman', 'The Engineer');
INSERT IGNORE INTO Aktor (`nama_lengkap`) VALUES ('Skyler Gisondo');
INSERT IGNORE INTO Peran VALUES ('Skyler Gisondo', 'Superman', 'Jimmy Olsen');
INSERT IGNORE INTO Aktor (`nama_lengkap`) VALUES ('Alan Tudyk');
INSERT IGNORE INTO Peran VALUES ('Alan Tudyk', 'Superman', 'Gary');
INSERT IGNORE INTO Aktor (`nama_lengkap`) VALUES ('Grace Chan');
INSERT IGNORE INTO Peran VALUES ('Grace Chan', 'Superman', 'Superman Robot #12 (voice)');
INSERT IGNORE INTO Audio VALUES ('Superman', 'Indonesia');
INSERT IGNORE INTO Audio VALUES ('Superman', 'Spanyol');
INSERT IGNORE INTO Subtitle VALUES ('Superman', 'Korea');
INSERT IGNORE INTO Konten VALUES ('The Ugly Stepsister', 'In a fairy-tale kingdom where beauty is a brutal business, Elvira battles to compete with her incredibly beautiful stepsister, and she will go to any length to catch the prince’s eye.', 2025, 'NR', 'Film');
INSERT IGNORE INTO Film VALUES ('The Ugly Stepsister', 109, 'Emilie Blichfeldt');
INSERT IGNORE INTO Genre_Konten VALUES ('The Ugly Stepsister', 5);
INSERT IGNORE INTO Genre_Konten VALUES ('The Ugly Stepsister', 8);
INSERT IGNORE INTO Genre_Konten VALUES ('The Ugly Stepsister', 6);
INSERT IGNORE INTO Genre_Konten VALUES ('The Ugly Stepsister', 4);
INSERT IGNORE INTO Aktor (`nama_lengkap`) VALUES ('Lea Myren');
INSERT IGNORE INTO Peran VALUES ('Lea Myren', 'The Ugly Stepsister', 'Elvira');
INSERT IGNORE INTO Aktor (`nama_lengkap`) VALUES ('Ane Dahl Torp');
INSERT IGNORE INTO Peran VALUES ('Ane Dahl Torp', 'The Ugly Stepsister', 'Rebekka');
INSERT IGNORE INTO Aktor (`nama_lengkap`) VALUES ('Thea Sofie Loch Næss');
INSERT IGNORE INTO Peran VALUES ('Thea Sofie Loch Næss', 'The Ugly Stepsister', 'Agnes');
INSERT IGNORE INTO Aktor (`nama_lengkap`) VALUES ('Flo Fagerli');
INSERT IGNORE INTO Peran VALUES ('Flo Fagerli', 'The Ugly Stepsister', 'Alma');
INSERT IGNORE INTO Aktor (`nama_lengkap`) VALUES ('Isac Calmroth');
INSERT IGNORE INTO Peran VALUES ('Isac Calmroth', 'The Ugly Stepsister', 'Prince Julian');
INSERT IGNORE INTO Aktor (`nama_lengkap`) VALUES ('Malte Gårdinger');
INSERT IGNORE INTO Peran VALUES ('Malte Gårdinger', 'The Ugly Stepsister', 'Isak');
INSERT IGNORE INTO Aktor (`nama_lengkap`) VALUES ('Ralph Carlsson');
INSERT IGNORE INTO Peran VALUES ('Ralph Carlsson', 'The Ugly Stepsister', 'Otto');
INSERT IGNORE INTO Aktor (`nama_lengkap`) VALUES ('Cecilia Forss');
INSERT IGNORE INTO Peran VALUES ('Cecilia Forss', 'The Ugly Stepsister', 'Sophie von Kronenberg');
INSERT IGNORE INTO Aktor (`nama_lengkap`) VALUES ('Katarzyna Herman');
INSERT IGNORE INTO Peran VALUES ('Katarzyna Herman', 'The Ugly Stepsister', 'Madam Vanja');
INSERT IGNORE INTO Aktor (`nama_lengkap`) VALUES ('Adam Lundgren');
INSERT IGNORE INTO Peran VALUES ('Adam Lundgren', 'The Ugly Stepsister', 'Dr. Esthétique');
INSERT IGNORE INTO Audio VALUES ('The Ugly Stepsister', 'Spanyol');
INSERT IGNORE INTO Audio VALUES ('The Ugly Stepsister', 'Inggris');
INSERT IGNORE INTO Subtitle VALUES ('The Ugly Stepsister', 'Indonesia');
INSERT IGNORE INTO Konten VALUES ('Inside Furioza', 'In the wake of murder, new Furioza leader Golden claims the reins of his violent and formidable hooligan gang and takes on a new focus across borders.', 2025, 'R', 'Film');
INSERT IGNORE INTO Film VALUES ('Inside Furioza', 166, 'Cyprian T. Olencki');
INSERT IGNORE INTO Genre_Konten VALUES ('Inside Furioza', 1);
INSERT IGNORE INTO Genre_Konten VALUES ('Inside Furioza', 2);
INSERT IGNORE INTO Genre_Konten VALUES ('Inside Furioza', 3);
INSERT IGNORE INTO Aktor (`nama_lengkap`) VALUES ('Mateusz Damięcki');
INSERT IGNORE INTO Peran VALUES ('Mateusz Damięcki', 'Inside Furioza', '''Golden''');
INSERT IGNORE INTO Aktor (`nama_lengkap`) VALUES ('Szymon Bobrowski');
INSERT IGNORE INTO Peran VALUES ('Szymon Bobrowski', 'Inside Furioza', 'Marcin ''Mrówka'' Mrówczyński');
INSERT IGNORE INTO Aktor (`nama_lengkap`) VALUES ('Pola Gonciarz');
INSERT IGNORE INTO Peran VALUES ('Pola Gonciarz', 'Inside Furioza', 'Eli');
INSERT IGNORE INTO Aktor (`nama_lengkap`) VALUES ('Weronika Książkiewicz-Nathaniel');
INSERT IGNORE INTO Peran VALUES ('Weronika Książkiewicz-Nathaniel', 'Inside Furioza', 'Ewa ''Dzika'' Drzewiecka');
INSERT IGNORE INTO Aktor (`nama_lengkap`) VALUES ('Łukasz Simlat');
INSERT IGNORE INTO Peran VALUES ('Łukasz Simlat', 'Inside Furioza', 'Jacek Bauer');
INSERT IGNORE INTO Aktor (`nama_lengkap`) VALUES ('Mateusz Banasiuk');
INSERT IGNORE INTO Peran VALUES ('Mateusz Banasiuk', 'Inside Furioza', 'Dawid');
INSERT IGNORE INTO Aktor (`nama_lengkap`) VALUES ('Cezary Łukaszewicz');
INSERT IGNORE INTO Peran VALUES ('Cezary Łukaszewicz', 'Inside Furioza', '''Krzywy''');
INSERT IGNORE INTO Aktor (`nama_lengkap`) VALUES ('Wojciech Zieliński');
INSERT IGNORE INTO Peran VALUES ('Wojciech Zieliński', 'Inside Furioza', '''Kaszub''');
INSERT IGNORE INTO Aktor (`nama_lengkap`) VALUES ('Konrad Eleryk');
INSERT IGNORE INTO Peran VALUES ('Konrad Eleryk', 'Inside Furioza', '''Olo''');
INSERT IGNORE INTO Aktor (`nama_lengkap`) VALUES ('Paulina Gałązka');
INSERT IGNORE INTO Peran VALUES ('Paulina Gałązka', 'Inside Furioza', '''Mimi''');
INSERT IGNORE INTO Audio VALUES ('Inside Furioza', 'Spanyol');
INSERT IGNORE INTO Audio VALUES ('Inside Furioza', 'Korea');
INSERT IGNORE INTO Audio VALUES ('Inside Furioza', 'Inggris');
INSERT IGNORE INTO Subtitle VALUES ('Inside Furioza', 'Spanyol');
INSERT IGNORE INTO Subtitle VALUES ('Inside Furioza', 'Jepang');
INSERT IGNORE INTO Konten VALUES ('Holy Night: Demon Hunters', 'When a devil-worshipping criminal network plunges Seoul into chaos, the police turn to Holy Night—a trio of supernatural demon hunters—to restore order and defeat the rising evil.', 2025, 'NR', 'Film');
INSERT IGNORE INTO Film VALUES ('Holy Night: Demon Hunters', 92, 'Lim Dae-hee');
INSERT IGNORE INTO Genre_Konten VALUES ('Holy Night: Demon Hunters', 1);
INSERT IGNORE INTO Genre_Konten VALUES ('Holy Night: Demon Hunters', 6);
INSERT IGNORE INTO Genre_Konten VALUES ('Holy Night: Demon Hunters', 5);
INSERT IGNORE INTO Genre_Konten VALUES ('Holy Night: Demon Hunters', 3);
INSERT IGNORE INTO Aktor (`nama_lengkap`) VALUES ('Don Lee');
INSERT IGNORE INTO Peran VALUES ('Don Lee', 'Holy Night: Demon Hunters', 'Ba Woo');
INSERT IGNORE INTO Aktor (`nama_lengkap`) VALUES ('Seohyun');
INSERT IGNORE INTO Peran VALUES ('Seohyun', 'Holy Night: Demon Hunters', 'Sharon');
INSERT IGNORE INTO Aktor (`nama_lengkap`) VALUES ('David Lee');
INSERT IGNORE INTO Peran VALUES ('David Lee', 'Holy Night: Demon Hunters', 'Kim Gun');
INSERT IGNORE INTO Aktor (`nama_lengkap`) VALUES ('Gyeong Su-jin');
INSERT IGNORE INTO Peran VALUES ('Gyeong Su-jin', 'Holy Night: Demon Hunters', 'Jung-won');
INSERT IGNORE INTO Aktor (`nama_lengkap`) VALUES ('Jung Ji-so');
INSERT IGNORE INTO Peran VALUES ('Jung Ji-so', 'Holy Night: Demon Hunters', 'Eun-seo');
INSERT IGNORE INTO Aktor (`nama_lengkap`) VALUES ('Choi Gwang-il');
INSERT IGNORE INTO Peran VALUES ('Choi Gwang-il', 'Holy Night: Demon Hunters', 'Father Marco');
INSERT IGNORE INTO Aktor (`nama_lengkap`) VALUES ('Ryu Seung-su');
INSERT IGNORE INTO Peran VALUES ('Ryu Seung-su', 'Holy Night: Demon Hunters', 'Choi');
INSERT IGNORE INTO Aktor (`nama_lengkap`) VALUES ('Jeon Ik-ryoung');
INSERT IGNORE INTO Peran VALUES ('Jeon Ik-ryoung', 'Holy Night: Demon Hunters', 'Catalina');
INSERT IGNORE INTO Aktor (`nama_lengkap`) VALUES ('Song Yo-sep');
INSERT IGNORE INTO Peran VALUES ('Song Yo-sep', 'Holy Night: Demon Hunters', 'Old Man');
INSERT IGNORE INTO Aktor (`nama_lengkap`) VALUES ('Park Ock-chool');
INSERT IGNORE INTO Peran VALUES ('Park Ock-chool', 'Holy Night: Demon Hunters', 'Auntie');
INSERT IGNORE INTO Audio VALUES ('Holy Night: Demon Hunters', 'Spanyol');
INSERT IGNORE INTO Audio VALUES ('Holy Night: Demon Hunters', 'Jepang');
INSERT IGNORE INTO Subtitle VALUES ('Holy Night: Demon Hunters', 'Indonesia');
INSERT IGNORE INTO Subtitle VALUES ('Holy Night: Demon Hunters', 'Jepang');
INSERT IGNORE INTO Subtitle VALUES ('Holy Night: Demon Hunters', 'Spanyol');
INSERT IGNORE INTO Konten VALUES ('Primitive War', 'During the Vietnam War, a recon unit ventures to an isolated jungle valley to uncover the fate of a missing platoon. They soon find themselves in a fight for their lives against an unexpected enemy — prehistoric dinosaurs.', 2025, 'NR', 'Film');
INSERT IGNORE INTO Film VALUES ('Primitive War', 133, 'Luke Sparke');
INSERT IGNORE INTO Genre_Konten VALUES ('Primitive War', 1);
INSERT IGNORE INTO Genre_Konten VALUES ('Primitive War', 5);
INSERT IGNORE INTO Genre VALUES (16, 'War');
INSERT IGNORE INTO Genre_Konten VALUES ('Primitive War', 16);
INSERT IGNORE INTO Aktor (`nama_lengkap`) VALUES ('Jeremy Piven');
INSERT IGNORE INTO Peran VALUES ('Jeremy Piven', 'Primitive War', 'Colonel Jericho');
INSERT IGNORE INTO Aktor (`nama_lengkap`) VALUES ('Tricia Helfer');
INSERT IGNORE INTO Peran VALUES ('Tricia Helfer', 'Primitive War', 'Sofia');
INSERT IGNORE INTO Aktor (`nama_lengkap`) VALUES ('Ryan Kwanten');
INSERT IGNORE INTO Peran VALUES ('Ryan Kwanten', 'Primitive War', 'Baker');
INSERT IGNORE INTO Aktor (`nama_lengkap`) VALUES ('Nick Wechsler');
INSERT IGNORE INTO Peran VALUES ('Nick Wechsler', 'Primitive War', 'Eli');
INSERT IGNORE INTO Aktor (`nama_lengkap`) VALUES ('Anthony Ingruber');
INSERT IGNORE INTO Peran VALUES ('Anthony Ingruber', 'Primitive War', 'Keyes');
INSERT IGNORE INTO Aktor (`nama_lengkap`) VALUES ('Aaron Glenane');
INSERT IGNORE INTO Peran VALUES ('Aaron Glenane', 'Primitive War', 'Logan');
INSERT IGNORE INTO Aktor (`nama_lengkap`) VALUES ('Carlos Sanson Jr.');
INSERT IGNORE INTO Peran VALUES ('Carlos Sanson Jr.', 'Primitive War', 'Leon');
INSERT IGNORE INTO Aktor (`nama_lengkap`) VALUES ('Ana Thu Nguyen');
INSERT IGNORE INTO Peran VALUES ('Ana Thu Nguyen', 'Primitive War', 'Con Nhen');
INSERT IGNORE INTO Aktor (`nama_lengkap`) VALUES ('Adolphus Waylee');
INSERT IGNORE INTO Peran VALUES ('Adolphus Waylee', 'Primitive War', 'Xavier');
INSERT IGNORE INTO Aktor (`nama_lengkap`) VALUES ('Marcus Johnson');
INSERT IGNORE INTO Peran VALUES ('Marcus Johnson', 'Primitive War', 'Ibex');
INSERT IGNORE INTO Audio VALUES ('Primitive War', 'Spanyol');
INSERT IGNORE INTO Subtitle VALUES ('Primitive War', 'Inggris');
INSERT IGNORE INTO Subtitle VALUES ('Primitive War', 'Jepang');
INSERT IGNORE INTO Konten VALUES ('El Camino: A Breaking Bad Movie', 'In the wake of his dramatic escape from captivity, Jesse Pinkman must come to terms with his past in order to forge some kind of future.', 2019, 'R', 'Film');
INSERT IGNORE INTO Film VALUES ('El Camino: A Breaking Bad Movie', 123, 'Vince Gilligan');
INSERT IGNORE INTO Genre_Konten VALUES ('El Camino: A Breaking Bad Movie', 2);
INSERT IGNORE INTO Genre_Konten VALUES ('El Camino: A Breaking Bad Movie', 4);
INSERT IGNORE INTO Genre_Konten VALUES ('El Camino: A Breaking Bad Movie', 3);
INSERT IGNORE INTO Aktor (`nama_lengkap`) VALUES ('Aaron Paul');
INSERT IGNORE INTO Peran VALUES ('Aaron Paul', 'El Camino: A Breaking Bad Movie', 'Jesse');
INSERT IGNORE INTO Aktor (`nama_lengkap`) VALUES ('Jesse Plemons');
INSERT IGNORE INTO Peran VALUES ('Jesse Plemons', 'El Camino: A Breaking Bad Movie', 'Todd');
INSERT IGNORE INTO Aktor (`nama_lengkap`) VALUES ('Charles Baker');
INSERT IGNORE INTO Peran VALUES ('Charles Baker', 'El Camino: A Breaking Bad Movie', 'Skinny Pete');
INSERT IGNORE INTO Aktor (`nama_lengkap`) VALUES ('Matt Jones');
INSERT IGNORE INTO Peran VALUES ('Matt Jones', 'El Camino: A Breaking Bad Movie', 'Badger');
INSERT IGNORE INTO Aktor (`nama_lengkap`) VALUES ('Scott MacArthur');
INSERT IGNORE INTO Peran VALUES ('Scott MacArthur', 'El Camino: A Breaking Bad Movie', 'Neil');
INSERT IGNORE INTO Aktor (`nama_lengkap`) VALUES ('Larry Hankin');
INSERT IGNORE INTO Peran VALUES ('Larry Hankin', 'El Camino: A Breaking Bad Movie', 'Old Joe');
INSERT IGNORE INTO Aktor (`nama_lengkap`) VALUES ('Scott Shepherd');
INSERT IGNORE INTO Peran VALUES ('Scott Shepherd', 'El Camino: A Breaking Bad Movie', 'Casey');
INSERT IGNORE INTO Aktor (`nama_lengkap`) VALUES ('Tom Bower');
INSERT IGNORE INTO Peran VALUES ('Tom Bower', 'El Camino: A Breaking Bad Movie', 'Lou');
INSERT IGNORE INTO Aktor (`nama_lengkap`) VALUES ('Robert Forster');
INSERT IGNORE INTO Peran VALUES ('Robert Forster', 'El Camino: A Breaking Bad Movie', 'Ed');
INSERT IGNORE INTO Aktor (`nama_lengkap`) VALUES ('Jonathan Banks');
INSERT IGNORE INTO Peran VALUES ('Jonathan Banks', 'El Camino: A Breaking Bad Movie', 'Mike');
INSERT IGNORE INTO Audio VALUES ('El Camino: A Breaking Bad Movie', 'Jepang');
INSERT IGNORE INTO Subtitle VALUES ('El Camino: A Breaking Bad Movie', 'Indonesia');
INSERT IGNORE INTO Subtitle VALUES ('El Camino: A Breaking Bad Movie', 'Spanyol');
INSERT IGNORE INTO Konten VALUES ('El Camino: A Breaking Bad Movie', 'In the wake of his dramatic escape from captivity, Jesse Pinkman must come to terms with his past in order to forge some kind of future.', 2019, 'R', 'Film');
INSERT IGNORE INTO Film VALUES ('El Camino: A Breaking Bad Movie', 123, 'Vince Gilligan');
INSERT IGNORE INTO Genre_Konten VALUES ('El Camino: A Breaking Bad Movie', 2);
INSERT IGNORE INTO Genre_Konten VALUES ('El Camino: A Breaking Bad Movie', 4);
INSERT IGNORE INTO Genre_Konten VALUES ('El Camino: A Breaking Bad Movie', 3);
INSERT IGNORE INTO Aktor (`nama_lengkap`) VALUES ('Aaron Paul');
INSERT IGNORE INTO Peran VALUES ('Aaron Paul', 'El Camino: A Breaking Bad Movie', 'Jesse');
INSERT IGNORE INTO Aktor (`nama_lengkap`) VALUES ('Jesse Plemons');
INSERT IGNORE INTO Peran VALUES ('Jesse Plemons', 'El Camino: A Breaking Bad Movie', 'Todd');
INSERT IGNORE INTO Aktor (`nama_lengkap`) VALUES ('Charles Baker');
INSERT IGNORE INTO Peran VALUES ('Charles Baker', 'El Camino: A Breaking Bad Movie', 'Skinny Pete');
INSERT IGNORE INTO Aktor (`nama_lengkap`) VALUES ('Matt Jones');
INSERT IGNORE INTO Peran VALUES ('Matt Jones', 'El Camino: A Breaking Bad Movie', 'Badger');
INSERT IGNORE INTO Aktor (`nama_lengkap`) VALUES ('Scott MacArthur');
INSERT IGNORE INTO Peran VALUES ('Scott MacArthur', 'El Camino: A Breaking Bad Movie', 'Neil');
INSERT IGNORE INTO Aktor (`nama_lengkap`) VALUES ('Larry Hankin');
INSERT IGNORE INTO Peran VALUES ('Larry Hankin', 'El Camino: A Breaking Bad Movie', 'Old Joe');
INSERT IGNORE INTO Aktor (`nama_lengkap`) VALUES ('Scott Shepherd');
INSERT IGNORE INTO Peran VALUES ('Scott Shepherd', 'El Camino: A Breaking Bad Movie', 'Casey');
INSERT IGNORE INTO Aktor (`nama_lengkap`) VALUES ('Tom Bower');
INSERT IGNORE INTO Peran VALUES ('Tom Bower', 'El Camino: A Breaking Bad Movie', 'Lou');
INSERT IGNORE INTO Aktor (`nama_lengkap`) VALUES ('Robert Forster');
INSERT IGNORE INTO Peran VALUES ('Robert Forster', 'El Camino: A Breaking Bad Movie', 'Ed');
INSERT IGNORE INTO Aktor (`nama_lengkap`) VALUES ('Jonathan Banks');
INSERT IGNORE INTO Peran VALUES ('Jonathan Banks', 'El Camino: A Breaking Bad Movie', 'Mike');
INSERT IGNORE INTO Audio VALUES ('El Camino: A Breaking Bad Movie', 'Indonesia');
INSERT IGNORE INTO Subtitle VALUES ('El Camino: A Breaking Bad Movie', 'Spanyol');
INSERT IGNORE INTO Subtitle VALUES ('El Camino: A Breaking Bad Movie', 'Indonesia');
INSERT IGNORE INTO Subtitle VALUES ('El Camino: A Breaking Bad Movie', 'Jepang');
INSERT IGNORE INTO Konten VALUES ('Fuuto PI: The Portrait of Kamen Rider Skull', 'Shotaro tells Tokime all about his mentor, Shokichi Narumi, and the night he and Philip became Kamen Rider W.', 2024, 'PG-13', 'Film');
INSERT IGNORE INTO Film VALUES ('Fuuto PI: The Portrait of Kamen Rider Skull', 82, 'Yosuke Kabashima');
INSERT IGNORE INTO Genre_Konten VALUES ('Fuuto PI: The Portrait of Kamen Rider Skull', 12);
INSERT IGNORE INTO Genre_Konten VALUES ('Fuuto PI: The Portrait of Kamen Rider Skull', 1);
INSERT IGNORE INTO Genre_Konten VALUES ('Fuuto PI: The Portrait of Kamen Rider Skull', 7);
INSERT IGNORE INTO Genre_Konten VALUES ('Fuuto PI: The Portrait of Kamen Rider Skull', 8);
INSERT IGNORE INTO Aktor (`nama_lengkap`) VALUES ('Kenjiro Tsuda');
INSERT IGNORE INTO Peran VALUES ('Kenjiro Tsuda', 'Fuuto PI: The Portrait of Kamen Rider Skull', 'Sokichi Narumi / Kamen Rider Skull (voice)');
INSERT IGNORE INTO Aktor (`nama_lengkap`) VALUES ('Yoshimasa Hosoya');
INSERT IGNORE INTO Peran VALUES ('Yoshimasa Hosoya', 'Fuuto PI: The Portrait of Kamen Rider Skull', 'Shotaro Hidari / Kamen Rider W (voice)');
INSERT IGNORE INTO Aktor (`nama_lengkap`) VALUES ('Koki Uchiyama');
INSERT IGNORE INTO Peran VALUES ('Koki Uchiyama', 'Fuuto PI: The Portrait of Kamen Rider Skull', 'Philip / Kamen Rider W (voice)');
INSERT IGNORE INTO Aktor (`nama_lengkap`) VALUES ('Akira Sekine');
INSERT IGNORE INTO Peran VALUES ('Akira Sekine', 'Fuuto PI: The Portrait of Kamen Rider Skull', 'Tokime (voice)');
INSERT IGNORE INTO Aktor (`nama_lengkap`) VALUES ('Mikako Komatsu');
INSERT IGNORE INTO Peran VALUES ('Mikako Komatsu', 'Fuuto PI: The Portrait of Kamen Rider Skull', 'Akiko Narumi (voice)');
INSERT IGNORE INTO Aktor (`nama_lengkap`) VALUES ('Makoto Furukawa');
INSERT IGNORE INTO Peran VALUES ('Makoto Furukawa', 'Fuuto PI: The Portrait of Kamen Rider Skull', 'Ryu Terui (voice)');
INSERT IGNORE INTO Aktor (`nama_lengkap`) VALUES ('Daisuke Ono');
INSERT IGNORE INTO Peran VALUES ('Daisuke Ono', 'Fuuto PI: The Portrait of Kamen Rider Skull', 'Yukiji Bando (voice)');
INSERT IGNORE INTO Aktor (`nama_lengkap`) VALUES ('Ayumu Murase');
INSERT IGNORE INTO Peran VALUES ('Ayumu Murase', 'Fuuto PI: The Portrait of Kamen Rider Skull', 'Young Shotaro Hidari (voice)');
INSERT IGNORE INTO Aktor (`nama_lengkap`) VALUES ('Satomi Sato');
INSERT IGNORE INTO Peran VALUES ('Satomi Sato', 'Fuuto PI: The Portrait of Kamen Rider Skull', 'Saeko Sonozaki / Taboo Dopant (voice)');
INSERT IGNORE INTO Aktor (`nama_lengkap`) VALUES ('Jun Fukuyama');
INSERT IGNORE INTO Peran VALUES ('Jun Fukuyama', 'Fuuto PI: The Portrait of Kamen Rider Skull', 'Nagi Ooshima / Ocean Dopant (voice)');
INSERT IGNORE INTO Audio VALUES ('Fuuto PI: The Portrait of Kamen Rider Skull', 'Jepang');
INSERT IGNORE INTO Audio VALUES ('Fuuto PI: The Portrait of Kamen Rider Skull', 'Inggris');
INSERT IGNORE INTO Subtitle VALUES ('Fuuto PI: The Portrait of Kamen Rider Skull', 'Spanyol');
INSERT IGNORE INTO Subtitle VALUES ('Fuuto PI: The Portrait of Kamen Rider Skull', 'Inggris');
INSERT IGNORE INTO Konten VALUES ('Dracula', 'When a 15th-century prince denounces God after the devastating loss of his wife, he inherits an eternal curse: he becomes Dracula. Condemned to wander the centuries, he defies fate and death itself, guided by a single hope — to be reunited with his lost love.', 2025, '17+', 'Film');
INSERT IGNORE INTO Film VALUES ('Dracula', 129, 'Luc Besson');
INSERT IGNORE INTO Genre_Konten VALUES ('Dracula', 5);
INSERT IGNORE INTO Genre_Konten VALUES ('Dracula', 6);
INSERT IGNORE INTO Genre_Konten VALUES ('Dracula', 13);
INSERT IGNORE INTO Aktor (`nama_lengkap`) VALUES ('Caleb Landry Jones');
INSERT IGNORE INTO Peran VALUES ('Caleb Landry Jones', 'Dracula', 'Vlad / Dracula');
INSERT IGNORE INTO Aktor (`nama_lengkap`) VALUES ('Zoë Bleu Sidel');
INSERT IGNORE INTO Peran VALUES ('Zoë Bleu Sidel', 'Dracula', 'Elisabeta / Mina');
INSERT IGNORE INTO Aktor (`nama_lengkap`) VALUES ('Christoph Waltz');
INSERT IGNORE INTO Peran VALUES ('Christoph Waltz', 'Dracula', 'Priest');
INSERT IGNORE INTO Aktor (`nama_lengkap`) VALUES ('Matilda De Angelis');
INSERT IGNORE INTO Peran VALUES ('Matilda De Angelis', 'Dracula', 'Maria');
INSERT IGNORE INTO Aktor (`nama_lengkap`) VALUES ('Ewens Abid');
INSERT IGNORE INTO Peran VALUES ('Ewens Abid', 'Dracula', 'Jonathan Harker');
INSERT IGNORE INTO Aktor (`nama_lengkap`) VALUES ('Guillaume de Tonquédec');
INSERT IGNORE INTO Peran VALUES ('Guillaume de Tonquédec', 'Dracula', 'Dumont');
INSERT IGNORE INTO Aktor (`nama_lengkap`) VALUES ('David Shields');
INSERT IGNORE INTO Peran VALUES ('David Shields', 'Dracula', 'Henry Spencer');
INSERT IGNORE INTO Aktor (`nama_lengkap`) VALUES ('Bertrand-Xavier Corbi');
INSERT IGNORE INTO Peran VALUES ('Bertrand-Xavier Corbi', 'Dracula', 'Captain Targol');
INSERT IGNORE INTO Aktor (`nama_lengkap`) VALUES ('Raphael Luce');
INSERT IGNORE INTO Peran VALUES ('Raphael Luce', 'Dracula', 'Clerk Simon');
INSERT IGNORE INTO Aktor (`nama_lengkap`) VALUES ('Liviu Bora');
INSERT IGNORE INTO Peran VALUES ('Liviu Bora', 'Dracula', 'Army Captain (19th)');
INSERT IGNORE INTO Audio VALUES ('Dracula', 'Jepang');
INSERT IGNORE INTO Audio VALUES ('Dracula', 'Inggris');
INSERT IGNORE INTO Audio VALUES ('Dracula', 'Indonesia');
INSERT IGNORE INTO Subtitle VALUES ('Dracula', 'Jepang');
INSERT IGNORE INTO Subtitle VALUES ('Dracula', 'Inggris');
INSERT IGNORE INTO Subtitle VALUES ('Dracula', 'Korea');
INSERT IGNORE INTO Konten VALUES ('F1', 'Racing legend Sonny Hayes is coaxed out of retirement to lead a struggling Formula 1 team—and mentor a young hotshot driver—while chasing one more chance at glory.', 2025, '13+', 'Film');
INSERT IGNORE INTO Film VALUES ('F1', 156, 'Joseph Kosinski');
INSERT IGNORE INTO Genre_Konten VALUES ('F1', 1);
INSERT IGNORE INTO Genre_Konten VALUES ('F1', 4);
INSERT IGNORE INTO Aktor (`nama_lengkap`) VALUES ('Brad Pitt');
INSERT IGNORE INTO Peran VALUES ('Brad Pitt', 'F1', 'Sonny Hayes');
INSERT IGNORE INTO Aktor (`nama_lengkap`) VALUES ('Damson Idris');
INSERT IGNORE INTO Peran VALUES ('Damson Idris', 'F1', 'Joshua Pearce');
INSERT IGNORE INTO Aktor (`nama_lengkap`) VALUES ('Javier Bardem');
INSERT IGNORE INTO Peran VALUES ('Javier Bardem', 'F1', 'Ruben Cervantes');
INSERT IGNORE INTO Aktor (`nama_lengkap`) VALUES ('Kerry Condon');
INSERT IGNORE INTO Peran VALUES ('Kerry Condon', 'F1', 'Kate McKenna');
INSERT IGNORE INTO Aktor (`nama_lengkap`) VALUES ('Tobias Menzies');
INSERT IGNORE INTO Peran VALUES ('Tobias Menzies', 'F1', 'Peter Banning');
INSERT IGNORE INTO Aktor (`nama_lengkap`) VALUES ('Kim Bodnia');
INSERT IGNORE INTO Peran VALUES ('Kim Bodnia', 'F1', 'Kaspar Smolinski');
INSERT IGNORE INTO Aktor (`nama_lengkap`) VALUES ('Sarah Niles');
INSERT IGNORE INTO Peran VALUES ('Sarah Niles', 'F1', 'Bernadette');
INSERT IGNORE INTO Aktor (`nama_lengkap`) VALUES ('Will Merrick');
INSERT IGNORE INTO Peran VALUES ('Will Merrick', 'F1', 'Nickleby');
INSERT IGNORE INTO Aktor (`nama_lengkap`) VALUES ('Joseph Balderrama');
INSERT IGNORE INTO Peran VALUES ('Joseph Balderrama', 'F1', 'Fazio');
INSERT IGNORE INTO Aktor (`nama_lengkap`) VALUES ('Abdul Salis');
INSERT IGNORE INTO Peran VALUES ('Abdul Salis', 'F1', 'Dodge');
INSERT IGNORE INTO Audio VALUES ('F1', 'Inggris');
INSERT IGNORE INTO Audio VALUES ('F1', 'Korea');
INSERT IGNORE INTO Audio VALUES ('F1', 'Indonesia');
INSERT IGNORE INTO Subtitle VALUES ('F1', 'Spanyol');
INSERT IGNORE INTO Subtitle VALUES ('F1', 'Korea');
INSERT IGNORE INTO Konten VALUES ('Nobody 2', 'Former assassin Hutch Mansell takes his family on a nostalgic vacation to a small-town theme park, only to be pulled back into violence when they clash with a corrupt operator, a crooked sheriff, and a ruthless crime boss.', 2025, '17+', 'Film');
INSERT IGNORE INTO Film VALUES ('Nobody 2', 89, 'Timo Tjahjanto');
INSERT IGNORE INTO Genre_Konten VALUES ('Nobody 2', 1);
INSERT IGNORE INTO Genre_Konten VALUES ('Nobody 2', 3);
INSERT IGNORE INTO Aktor (`nama_lengkap`) VALUES ('Bob Odenkirk');
INSERT IGNORE INTO Peran VALUES ('Bob Odenkirk', 'Nobody 2', 'Hutch Mansell');
INSERT IGNORE INTO Aktor (`nama_lengkap`) VALUES ('Connie Nielsen');
INSERT IGNORE INTO Peran VALUES ('Connie Nielsen', 'Nobody 2', 'Becca Mansell');
INSERT IGNORE INTO Aktor (`nama_lengkap`) VALUES ('John Ortiz');
INSERT IGNORE INTO Peran VALUES ('John Ortiz', 'Nobody 2', 'Wyatt Martin');
INSERT IGNORE INTO Aktor (`nama_lengkap`) VALUES ('Colin Hanks');
INSERT IGNORE INTO Peran VALUES ('Colin Hanks', 'Nobody 2', 'Sheriff Abel');
INSERT IGNORE INTO Aktor (`nama_lengkap`) VALUES ('RZA');
INSERT IGNORE INTO Peran VALUES ('RZA', 'Nobody 2', 'Harry Mansell');
INSERT IGNORE INTO Aktor (`nama_lengkap`) VALUES ('Colin Salmon');
INSERT IGNORE INTO Peran VALUES ('Colin Salmon', 'Nobody 2', 'The Barber');
INSERT IGNORE INTO Aktor (`nama_lengkap`) VALUES ('Christopher Lloyd');
INSERT IGNORE INTO Peran VALUES ('Christopher Lloyd', 'Nobody 2', 'David Mansell');
INSERT IGNORE INTO Aktor (`nama_lengkap`) VALUES ('Sharon Stone');
INSERT IGNORE INTO Peran VALUES ('Sharon Stone', 'Nobody 2', 'Lendina');
INSERT IGNORE INTO Aktor (`nama_lengkap`) VALUES ('Daniel Bernhardt');
INSERT IGNORE INTO Peran VALUES ('Daniel Bernhardt', 'Nobody 2', 'Kartoush');
INSERT IGNORE INTO Aktor (`nama_lengkap`) VALUES ('Paisley Cadorath');
INSERT IGNORE INTO Peran VALUES ('Paisley Cadorath', 'Nobody 2', 'Sammy Mansell');
INSERT IGNORE INTO Audio VALUES ('Nobody 2', 'Indonesia');
INSERT IGNORE INTO Audio VALUES ('Nobody 2', 'Korea');
INSERT IGNORE INTO Subtitle VALUES ('Nobody 2', 'Jepang');
INSERT IGNORE INTO Konten VALUES ('Our Fault', 'Jenna and Lion''s wedding brings about the long-awaited reunion between Noah and Nick after their breakup. Nick''s inability to forgive Noah stands as an insurmountable barrier. He, heir to his grandfather''s businesses, and she, starting her professional life, resist fueling a flame that''s still alive. But now that their paths have crossed again, will love be stronger than resentment?', 2025, 'NR', 'Film');
INSERT IGNORE INTO Film VALUES ('Our Fault', 112, 'Domingo González');
INSERT IGNORE INTO Genre_Konten VALUES ('Our Fault', 13);
INSERT IGNORE INTO Genre_Konten VALUES ('Our Fault', 4);
INSERT IGNORE INTO Aktor (`nama_lengkap`) VALUES ('Nicole Wallace');
INSERT IGNORE INTO Peran VALUES ('Nicole Wallace', 'Our Fault', 'Noah Morán');
INSERT IGNORE INTO Aktor (`nama_lengkap`) VALUES ('Gabriel Guevara');
INSERT IGNORE INTO Peran VALUES ('Gabriel Guevara', 'Our Fault', 'Nick Leister');
INSERT IGNORE INTO Aktor (`nama_lengkap`) VALUES ('Gabriela Andrada');
INSERT IGNORE INTO Peran VALUES ('Gabriela Andrada', 'Our Fault', 'Sofía Zabala');
INSERT IGNORE INTO Aktor (`nama_lengkap`) VALUES ('Marta Hazas');
INSERT IGNORE INTO Peran VALUES ('Marta Hazas', 'Our Fault', 'Rafaella Leister');
INSERT IGNORE INTO Aktor (`nama_lengkap`) VALUES ('Goya Toledo');
INSERT IGNORE INTO Peran VALUES ('Goya Toledo', 'Our Fault', 'Anabel');
INSERT IGNORE INTO Aktor (`nama_lengkap`) VALUES ('Iván Sánchez');
INSERT IGNORE INTO Peran VALUES ('Iván Sánchez', 'Our Fault', 'William Leister');
INSERT IGNORE INTO Aktor (`nama_lengkap`) VALUES ('Felipe Londoño');
INSERT IGNORE INTO Peran VALUES ('Felipe Londoño', 'Our Fault', 'Luca');
INSERT IGNORE INTO Aktor (`nama_lengkap`) VALUES ('Fran Berenguer');
INSERT IGNORE INTO Peran VALUES ('Fran Berenguer', 'Our Fault', 'Ronnie');
INSERT IGNORE INTO Aktor (`nama_lengkap`) VALUES ('Alex Bejar');
INSERT IGNORE INTO Peran VALUES ('Alex Bejar', 'Our Fault', 'Briar');
INSERT IGNORE INTO Aktor (`nama_lengkap`) VALUES ('Javier Morgade');
INSERT IGNORE INTO Peran VALUES ('Javier Morgade', 'Our Fault', 'Michael');
INSERT IGNORE INTO Audio VALUES ('Our Fault', 'Inggris');
INSERT IGNORE INTO Audio VALUES ('Our Fault', 'Spanyol');
INSERT IGNORE INTO Subtitle VALUES ('Our Fault', 'Korea');
INSERT IGNORE INTO Konten VALUES ('Laila', 'Sonu Model, a renowned beautician from the old city, is forced to disguise himself as Laila, leading to a series of comedic, romantic, and action-packed events. Chaos ensues in this hilarious laugh riot', 2025, 'NR', 'Film');
INSERT IGNORE INTO Film VALUES ('Laila', 134, 'Ram Narayan');
INSERT IGNORE INTO Genre_Konten VALUES ('Laila', 8);
INSERT IGNORE INTO Genre_Konten VALUES ('Laila', 13);
INSERT IGNORE INTO Aktor (`nama_lengkap`) VALUES ('Vishwak Sen');
INSERT IGNORE INTO Peran VALUES ('Vishwak Sen', 'Laila', 'Sonu Model / Laila');
INSERT IGNORE INTO Aktor (`nama_lengkap`) VALUES ('Akanksha Sharma');
INSERT IGNORE INTO Peran VALUES ('Akanksha Sharma', 'Laila', 'Jenny');
INSERT IGNORE INTO Aktor (`nama_lengkap`) VALUES ('Babloo Prithiveeraj');
INSERT IGNORE INTO Peran VALUES ('Babloo Prithiveeraj', 'Laila', 'Shankar "Shanku"');
INSERT IGNORE INTO Aktor (`nama_lengkap`) VALUES ('Abhimanyu Singh');
INSERT IGNORE INTO Peran VALUES ('Abhimanyu Singh', 'Laila', 'Rusthom');
INSERT IGNORE INTO Aktor (`nama_lengkap`) VALUES ('Vineet Kumar');
INSERT IGNORE INTO Peran VALUES ('Vineet Kumar', 'Laila', 'Khaidi');
INSERT IGNORE INTO Aktor (`nama_lengkap`) VALUES ('Kamakshi Bhaskarla');
INSERT IGNORE INTO Peran VALUES ('Kamakshi Bhaskarla', 'Laila', 'Sundari');
INSERT IGNORE INTO Aktor (`nama_lengkap`) VALUES ('Surabhi Prabhavathi');
INSERT IGNORE INTO Peran VALUES ('Surabhi Prabhavathi', 'Laila', 'Subhaleka');
INSERT IGNORE INTO Aktor (`nama_lengkap`) VALUES ('Ravi Mariya');
INSERT IGNORE INTO Peran VALUES ('Ravi Mariya', 'Laila', 'Waseem');
INSERT IGNORE INTO Aktor (`nama_lengkap`) VALUES ('Prudhviraj');
INSERT IGNORE INTO Peran VALUES ('Prudhviraj', 'Laila', '');
INSERT IGNORE INTO Aktor (`nama_lengkap`) VALUES ('Sunisith');
INSERT IGNORE INTO Peran VALUES ('Sunisith', 'Laila', 'Sunisith');
INSERT IGNORE INTO Audio VALUES ('Laila', 'Inggris');
INSERT IGNORE INTO Subtitle VALUES ('Laila', 'Korea');
INSERT IGNORE INTO Subtitle VALUES ('Laila', 'Indonesia');
INSERT IGNORE INTO Subtitle VALUES ('Laila', 'Inggris');
INSERT IGNORE INTO Subtitle VALUES ('Laila', 'Spanyol');
INSERT IGNORE INTO Konten VALUES ('How to Train Your Dragon', 'On the rugged isle of Berk, where Vikings and dragons have been bitter enemies for generations, Hiccup stands apart, defying centuries of tradition when he befriends Toothless, a feared Night Fury dragon. Their unlikely bond reveals the true nature of dragons, challenging the very foundations of Viking society.', 2025, '13+', 'Film');
INSERT IGNORE INTO Film VALUES ('How to Train Your Dragon', 125, 'Dean DeBlois');
INSERT IGNORE INTO Genre_Konten VALUES ('How to Train Your Dragon', 6);
INSERT IGNORE INTO Genre_Konten VALUES ('How to Train Your Dragon', 9);
INSERT IGNORE INTO Genre_Konten VALUES ('How to Train Your Dragon', 1);
INSERT IGNORE INTO Genre_Konten VALUES ('How to Train Your Dragon', 7);
INSERT IGNORE INTO Aktor (`nama_lengkap`) VALUES ('Mason Thames');
INSERT IGNORE INTO Peran VALUES ('Mason Thames', 'How to Train Your Dragon', 'Hiccup');
INSERT IGNORE INTO Aktor (`nama_lengkap`) VALUES ('Nico Parker');
INSERT IGNORE INTO Peran VALUES ('Nico Parker', 'How to Train Your Dragon', 'Astrid');
INSERT IGNORE INTO Aktor (`nama_lengkap`) VALUES ('Gerard Butler');
INSERT IGNORE INTO Peran VALUES ('Gerard Butler', 'How to Train Your Dragon', 'Stoick');
INSERT IGNORE INTO Aktor (`nama_lengkap`) VALUES ('Nick Frost');
INSERT IGNORE INTO Peran VALUES ('Nick Frost', 'How to Train Your Dragon', 'Gobber');
INSERT IGNORE INTO Aktor (`nama_lengkap`) VALUES ('Gabriel Howell');
INSERT IGNORE INTO Peran VALUES ('Gabriel Howell', 'How to Train Your Dragon', 'Snotlout');
INSERT IGNORE INTO Aktor (`nama_lengkap`) VALUES ('Julian Dennison');
INSERT IGNORE INTO Peran VALUES ('Julian Dennison', 'How to Train Your Dragon', 'Fishlegs');
INSERT IGNORE INTO Aktor (`nama_lengkap`) VALUES ('Bronwyn James');
INSERT IGNORE INTO Peran VALUES ('Bronwyn James', 'How to Train Your Dragon', 'Ruffnut');
INSERT IGNORE INTO Aktor (`nama_lengkap`) VALUES ('Harry Trevaldwyn');
INSERT IGNORE INTO Peran VALUES ('Harry Trevaldwyn', 'How to Train Your Dragon', 'Tuffnut');
INSERT IGNORE INTO Aktor (`nama_lengkap`) VALUES ('Murray McArthur');
INSERT IGNORE INTO Peran VALUES ('Murray McArthur', 'How to Train Your Dragon', 'Hoark');
INSERT IGNORE INTO Aktor (`nama_lengkap`) VALUES ('Peter Serafinowicz');
INSERT IGNORE INTO Peran VALUES ('Peter Serafinowicz', 'How to Train Your Dragon', 'Spitelout');
INSERT IGNORE INTO Audio VALUES ('How to Train Your Dragon', 'Spanyol');
INSERT IGNORE INTO Audio VALUES ('How to Train Your Dragon', 'Jepang');
INSERT IGNORE INTO Subtitle VALUES ('How to Train Your Dragon', 'Korea');
INSERT IGNORE INTO Konten VALUES ('The Storm', 'Poverty-stricken Daguzi encounters a child - Mantou - floating downstream at the river bank, he decides to take him by his side as his son, with compassion and affection.', 2024, 'NR', 'Film');
INSERT IGNORE INTO Film VALUES ('The Storm', 102, 'Busifan');
INSERT IGNORE INTO Genre_Konten VALUES ('The Storm', 12);
INSERT IGNORE INTO Genre_Konten VALUES ('The Storm', 6);
INSERT IGNORE INTO Genre_Konten VALUES ('The Storm', 1);
INSERT IGNORE INTO Genre_Konten VALUES ('The Storm', 7);
INSERT IGNORE INTO Aktor (`nama_lengkap`) VALUES ('Chen Hao');
INSERT IGNORE INTO Peran VALUES ('Chen Hao', 'The Storm', '(voice)');
INSERT IGNORE INTO Aktor (`nama_lengkap`) VALUES ('Xingliner');
INSERT IGNORE INTO Peran VALUES ('Xingliner', 'The Storm', '(voice)');
INSERT IGNORE INTO Audio VALUES ('The Storm', 'Korea');
INSERT IGNORE INTO Audio VALUES ('The Storm', 'Spanyol');
INSERT IGNORE INTO Subtitle VALUES ('The Storm', 'Korea');
INSERT IGNORE INTO Subtitle VALUES ('The Storm', 'Inggris');
INSERT IGNORE INTO Subtitle VALUES ('The Storm', 'Spanyol');
INSERT IGNORE INTO Konten VALUES ('If I Had Legs I''d Kick You', 'With her life crashing down around her, Linda attempts to navigate her child''s mysterious illness, her absent husband, a missing person, and an increasingly hostile relationship with her therapist.', 2025, 'R', 'Film');
INSERT IGNORE INTO Film VALUES ('If I Had Legs I''d Kick You', 113, 'Mary Bronstein');
INSERT IGNORE INTO Genre_Konten VALUES ('If I Had Legs I''d Kick You', 4);
INSERT IGNORE INTO Genre_Konten VALUES ('If I Had Legs I''d Kick You', 3);
INSERT IGNORE INTO Aktor (`nama_lengkap`) VALUES ('Rose Byrne');
INSERT IGNORE INTO Peran VALUES ('Rose Byrne', 'If I Had Legs I''d Kick You', 'Linda');
INSERT IGNORE INTO Aktor (`nama_lengkap`) VALUES ('Conan O''Brien');
INSERT IGNORE INTO Peran VALUES ('Conan O''Brien', 'If I Had Legs I''d Kick You', 'Therapist');
INSERT IGNORE INTO Aktor (`nama_lengkap`) VALUES ('A$AP Rocky');
INSERT IGNORE INTO Peran VALUES ('A$AP Rocky', 'If I Had Legs I''d Kick You', 'James');
INSERT IGNORE INTO Aktor (`nama_lengkap`) VALUES ('Danielle Macdonald');
INSERT IGNORE INTO Peran VALUES ('Danielle Macdonald', 'If I Had Legs I''d Kick You', 'Caroline');
INSERT IGNORE INTO Aktor (`nama_lengkap`) VALUES ('Delaney Quinn');
INSERT IGNORE INTO Peran VALUES ('Delaney Quinn', 'If I Had Legs I''d Kick You', 'Child');
INSERT IGNORE INTO Aktor (`nama_lengkap`) VALUES ('Mary Bronstein');
INSERT IGNORE INTO Peran VALUES ('Mary Bronstein', 'If I Had Legs I''d Kick You', 'Dr. Spring');
INSERT IGNORE INTO Aktor (`nama_lengkap`) VALUES ('Ivy Wolk');
INSERT IGNORE INTO Peran VALUES ('Ivy Wolk', 'If I Had Legs I''d Kick You', 'Diana');
INSERT IGNORE INTO Aktor (`nama_lengkap`) VALUES ('Mark Stolzenberg');
INSERT IGNORE INTO Peran VALUES ('Mark Stolzenberg', 'If I Had Legs I''d Kick You', 'Parking Attendant');
INSERT IGNORE INTO Aktor (`nama_lengkap`) VALUES ('Manu Narayan');
INSERT IGNORE INTO Peran VALUES ('Manu Narayan', 'If I Had Legs I''d Kick You', 'Landlord');
INSERT IGNORE INTO Aktor (`nama_lengkap`) VALUES ('Eva Kornet');
INSERT IGNORE INTO Peran VALUES ('Eva Kornet', 'If I Had Legs I''d Kick You', 'Breathworker');
INSERT IGNORE INTO Audio VALUES ('If I Had Legs I''d Kick You', 'Indonesia');
INSERT IGNORE INTO Subtitle VALUES ('If I Had Legs I''d Kick You', 'Inggris');
INSERT IGNORE INTO Subtitle VALUES ('If I Had Legs I''d Kick You', 'Korea');
INSERT IGNORE INTO Subtitle VALUES ('If I Had Legs I''d Kick You', 'Indonesia');
INSERT IGNORE INTO Subtitle VALUES ('If I Had Legs I''d Kick You', 'Jepang');
INSERT IGNORE INTO Konten VALUES ('The Avengers', 'When an unexpected enemy emerges and threatens global safety and security, Nick Fury, director of the international peacekeeping agency known as S.H.I.E.L.D., finds himself in need of a team to pull the world back from the brink of disaster. Spanning the globe, a daring recruitment effort begins!', 2012, 'PG-13', 'Film');
INSERT IGNORE INTO Film VALUES ('The Avengers', 143, 'Joss Whedon');
INSERT IGNORE INTO Genre_Konten VALUES ('The Avengers', 10);
INSERT IGNORE INTO Genre_Konten VALUES ('The Avengers', 1);
INSERT IGNORE INTO Genre_Konten VALUES ('The Avengers', 7);
INSERT IGNORE INTO Aktor (`nama_lengkap`) VALUES ('Robert Downey Jr.');
INSERT IGNORE INTO Peran VALUES ('Robert Downey Jr.', 'The Avengers', 'Tony Stark / Iron Man');
INSERT IGNORE INTO Aktor (`nama_lengkap`) VALUES ('Chris Evans');
INSERT IGNORE INTO Peran VALUES ('Chris Evans', 'The Avengers', 'Steve Rogers / Captain America');
INSERT IGNORE INTO Aktor (`nama_lengkap`) VALUES ('Mark Ruffalo');
INSERT IGNORE INTO Peran VALUES ('Mark Ruffalo', 'The Avengers', 'Bruce Banner / The Hulk');
INSERT IGNORE INTO Aktor (`nama_lengkap`) VALUES ('Chris Hemsworth');
INSERT IGNORE INTO Peran VALUES ('Chris Hemsworth', 'The Avengers', 'Thor');
INSERT IGNORE INTO Aktor (`nama_lengkap`) VALUES ('Scarlett Johansson');
INSERT IGNORE INTO Peran VALUES ('Scarlett Johansson', 'The Avengers', 'Natasha Romanoff / Black Widow');
INSERT IGNORE INTO Aktor (`nama_lengkap`) VALUES ('Jeremy Renner');
INSERT IGNORE INTO Peran VALUES ('Jeremy Renner', 'The Avengers', 'Clint Barton / Hawkeye');
INSERT IGNORE INTO Aktor (`nama_lengkap`) VALUES ('Tom Hiddleston');
INSERT IGNORE INTO Peran VALUES ('Tom Hiddleston', 'The Avengers', 'Loki');
INSERT IGNORE INTO Aktor (`nama_lengkap`) VALUES ('Clark Gregg');
INSERT IGNORE INTO Peran VALUES ('Clark Gregg', 'The Avengers', 'Agent Phil Coulson');
INSERT IGNORE INTO Aktor (`nama_lengkap`) VALUES ('Cobie Smulders');
INSERT IGNORE INTO Peran VALUES ('Cobie Smulders', 'The Avengers', 'Agent Maria Hill');
INSERT IGNORE INTO Aktor (`nama_lengkap`) VALUES ('Stellan Skarsgård');
INSERT IGNORE INTO Peran VALUES ('Stellan Skarsgård', 'The Avengers', 'Selvig');
INSERT IGNORE INTO Audio VALUES ('The Avengers', 'Spanyol');
INSERT IGNORE INTO Subtitle VALUES ('The Avengers', 'Spanyol');
INSERT IGNORE INTO Subtitle VALUES ('The Avengers', 'Inggris');
INSERT IGNORE INTO Subtitle VALUES ('The Avengers', 'Korea');
INSERT IGNORE INTO Subtitle VALUES ('The Avengers', 'Jepang');
INSERT IGNORE INTO Konten VALUES ('The Long Walk', 'In a dystopian, alternate-America ruled by a totalitarian regime, 50 teenage boys take part in a deadly annual walking contest, forced to maintain a minimum pace or be executed, until only one survivor remains.', 2025, '17+', 'Film');
INSERT IGNORE INTO Film VALUES ('The Long Walk', 108, 'Francis Lawrence');
INSERT IGNORE INTO Genre_Konten VALUES ('The Long Walk', 3);
INSERT IGNORE INTO Genre_Konten VALUES ('The Long Walk', 5);
INSERT IGNORE INTO Genre_Konten VALUES ('The Long Walk', 10);
INSERT IGNORE INTO Aktor (`nama_lengkap`) VALUES ('Cooper Hoffman');
INSERT IGNORE INTO Peran VALUES ('Cooper Hoffman', 'The Long Walk', 'Raymond Garraty #47');
INSERT IGNORE INTO Aktor (`nama_lengkap`) VALUES ('David Jonsson');
INSERT IGNORE INTO Peran VALUES ('David Jonsson', 'The Long Walk', 'Peter McVries #23');
INSERT IGNORE INTO Aktor (`nama_lengkap`) VALUES ('Garrett Wareing');
INSERT IGNORE INTO Peran VALUES ('Garrett Wareing', 'The Long Walk', 'Stebbins #38');
INSERT IGNORE INTO Aktor (`nama_lengkap`) VALUES ('Tut Nyuot');
INSERT IGNORE INTO Peran VALUES ('Tut Nyuot', 'The Long Walk', 'Arthur Baker #6');
INSERT IGNORE INTO Aktor (`nama_lengkap`) VALUES ('Charlie Plummer');
INSERT IGNORE INTO Peran VALUES ('Charlie Plummer', 'The Long Walk', 'Gary Barkovitch #5');
INSERT IGNORE INTO Aktor (`nama_lengkap`) VALUES ('Ben Wang');
INSERT IGNORE INTO Peran VALUES ('Ben Wang', 'The Long Walk', 'Hank Olson #46');
INSERT IGNORE INTO Aktor (`nama_lengkap`) VALUES ('Jordan Gonzalez');
INSERT IGNORE INTO Peran VALUES ('Jordan Gonzalez', 'The Long Walk', 'Richard Harkness #49');
INSERT IGNORE INTO Aktor (`nama_lengkap`) VALUES ('Joshua Odjick');
INSERT IGNORE INTO Peran VALUES ('Joshua Odjick', 'The Long Walk', 'Collie Parker #48');
INSERT IGNORE INTO Aktor (`nama_lengkap`) VALUES ('Mark Hamill');
INSERT IGNORE INTO Peran VALUES ('Mark Hamill', 'The Long Walk', 'The Major');
INSERT IGNORE INTO Aktor (`nama_lengkap`) VALUES ('Roman Griffin Davis');
INSERT IGNORE INTO Peran VALUES ('Roman Griffin Davis', 'The Long Walk', 'Curly #7');
INSERT IGNORE INTO Audio VALUES ('The Long Walk', 'Korea');
INSERT IGNORE INTO Audio VALUES ('The Long Walk', 'Indonesia');
INSERT IGNORE INTO Audio VALUES ('The Long Walk', 'Spanyol');
INSERT IGNORE INTO Subtitle VALUES ('The Long Walk', 'Spanyol');
INSERT IGNORE INTO Subtitle VALUES ('The Long Walk', 'Korea');
INSERT IGNORE INTO Konten VALUES ('Zootopia', 'Determined to prove herself, Officer Judy Hopps, the first bunny on Zootopia''s police force, jumps at the chance to crack her first case - even if it means partnering with scam-artist fox Nick Wilde to solve the mystery.', 2016, 'PG', 'Film');
INSERT IGNORE INTO Film VALUES ('Zootopia', 109, 'Byron Howard');
INSERT IGNORE INTO Genre_Konten VALUES ('Zootopia', 12);
INSERT IGNORE INTO Genre_Konten VALUES ('Zootopia', 7);
INSERT IGNORE INTO Genre_Konten VALUES ('Zootopia', 9);
INSERT IGNORE INTO Genre_Konten VALUES ('Zootopia', 8);
INSERT IGNORE INTO Aktor (`nama_lengkap`) VALUES ('Ginnifer Goodwin');
INSERT IGNORE INTO Peran VALUES ('Ginnifer Goodwin', 'Zootopia', 'Judy Hopps (voice)');
INSERT IGNORE INTO Aktor (`nama_lengkap`) VALUES ('Jason Bateman');
INSERT IGNORE INTO Peran VALUES ('Jason Bateman', 'Zootopia', 'Nick Wilde (voice)');
INSERT IGNORE INTO Aktor (`nama_lengkap`) VALUES ('Idris Elba');
INSERT IGNORE INTO Peran VALUES ('Idris Elba', 'Zootopia', 'Chief Bogo (voice)');
INSERT IGNORE INTO Aktor (`nama_lengkap`) VALUES ('Jenny Slate');
INSERT IGNORE INTO Peran VALUES ('Jenny Slate', 'Zootopia', 'Bellwether (voice)');
INSERT IGNORE INTO Aktor (`nama_lengkap`) VALUES ('Nate Torrence');
INSERT IGNORE INTO Peran VALUES ('Nate Torrence', 'Zootopia', 'Clawhauser (voice)');
INSERT IGNORE INTO Aktor (`nama_lengkap`) VALUES ('Bonnie Hunt');
INSERT IGNORE INTO Peran VALUES ('Bonnie Hunt', 'Zootopia', 'Bonnie Hopps (voice)');
INSERT IGNORE INTO Aktor (`nama_lengkap`) VALUES ('Don Lake');
INSERT IGNORE INTO Peran VALUES ('Don Lake', 'Zootopia', 'Stu Hopps (voice)');
INSERT IGNORE INTO Aktor (`nama_lengkap`) VALUES ('Tommy Chong');
INSERT IGNORE INTO Peran VALUES ('Tommy Chong', 'Zootopia', 'Yax (voice)');
INSERT IGNORE INTO Aktor (`nama_lengkap`) VALUES ('J.K. Simmons');
INSERT IGNORE INTO Peran VALUES ('J.K. Simmons', 'Zootopia', 'Mayor Lionheart (voice)');
INSERT IGNORE INTO Aktor (`nama_lengkap`) VALUES ('Octavia Spencer');
INSERT IGNORE INTO Peran VALUES ('Octavia Spencer', 'Zootopia', 'Mrs. Otterton (voice)');
INSERT IGNORE INTO Audio VALUES ('Zootopia', 'Jepang');
INSERT IGNORE INTO Audio VALUES ('Zootopia', 'Inggris');
INSERT IGNORE INTO Subtitle VALUES ('Zootopia', 'Jepang');
INSERT IGNORE INTO Subtitle VALUES ('Zootopia', 'Korea');
INSERT IGNORE INTO Konten VALUES ('Marco', 'The adoptive son of the Adattu family, Marco, sets off on a ruthless quest for vengeance after his brother is brutally murdered, finding only betrayal, loss and unimaginable brutality at every step.', 2024, 'R', 'Film');
INSERT IGNORE INTO Film VALUES ('Marco', 145, 'Haneef Adeni');
INSERT IGNORE INTO Genre_Konten VALUES ('Marco', 1);
INSERT IGNORE INTO Genre_Konten VALUES ('Marco', 2);
INSERT IGNORE INTO Genre_Konten VALUES ('Marco', 3);
INSERT IGNORE INTO Aktor (`nama_lengkap`) VALUES ('Unni Mukundan');
INSERT IGNORE INTO Peran VALUES ('Unni Mukundan', 'Marco', 'Marco Jr.');
INSERT IGNORE INTO Aktor (`nama_lengkap`) VALUES ('Siddique');
INSERT IGNORE INTO Peran VALUES ('Siddique', 'Marco', 'George D''Peter');
INSERT IGNORE INTO Aktor (`nama_lengkap`) VALUES ('Ishan Shoukath');
INSERT IGNORE INTO Peran VALUES ('Ishan Shoukath', 'Marco', 'Victor D''Peter');
INSERT IGNORE INTO Aktor (`nama_lengkap`) VALUES ('Jagadish');
INSERT IGNORE INTO Peran VALUES ('Jagadish', 'Marco', 'Tony Issac');
INSERT IGNORE INTO Aktor (`nama_lengkap`) VALUES ('Abhimanyu Thilakan');
INSERT IGNORE INTO Peran VALUES ('Abhimanyu Thilakan', 'Marco', 'Russell Issac');
INSERT IGNORE INTO Aktor (`nama_lengkap`) VALUES ('Kabir Duhan Singh');
INSERT IGNORE INTO Peran VALUES ('Kabir Duhan Singh', 'Marco', 'Cyrus Issac');
INSERT IGNORE INTO Aktor (`nama_lengkap`) VALUES ('Anson Paul');
INSERT IGNORE INTO Peran VALUES ('Anson Paul', 'Marco', 'Dev');
INSERT IGNORE INTO Aktor (`nama_lengkap`) VALUES ('Ajit Koshy');
INSERT IGNORE INTO Peran VALUES ('Ajit Koshy', 'Marco', 'Jahangir');
INSERT IGNORE INTO Aktor (`nama_lengkap`) VALUES ('Durva Thaker');
INSERT IGNORE INTO Peran VALUES ('Durva Thaker', 'Marco', 'Isha');
INSERT IGNORE INTO Aktor (`nama_lengkap`) VALUES ('Yukti Thareja');
INSERT IGNORE INTO Peran VALUES ('Yukti Thareja', 'Marco', 'Mariya');
INSERT IGNORE INTO Audio VALUES ('Marco', 'Inggris');
INSERT IGNORE INTO Audio VALUES ('Marco', 'Jepang');
INSERT IGNORE INTO Audio VALUES ('Marco', 'Indonesia');
INSERT IGNORE INTO Subtitle VALUES ('Marco', 'Korea');
INSERT IGNORE INTO Subtitle VALUES ('Marco', 'Jepang');
INSERT IGNORE INTO Konten VALUES ('TRON: Ares', 'A highly sophisticated Program called Ares is sent from the digital world into the real world on a dangerous mission, marking humankind''s first encounter with A.I. beings.', 2025, '13+', 'Film');
INSERT IGNORE INTO Film VALUES ('TRON: Ares', 119, 'Joachim Rønning');
INSERT IGNORE INTO Genre_Konten VALUES ('TRON: Ares', 10);
INSERT IGNORE INTO Genre_Konten VALUES ('TRON: Ares', 7);
INSERT IGNORE INTO Genre_Konten VALUES ('TRON: Ares', 1);
INSERT IGNORE INTO Aktor (`nama_lengkap`) VALUES ('Jared Leto');
INSERT IGNORE INTO Peran VALUES ('Jared Leto', 'TRON: Ares', 'Ares');
INSERT IGNORE INTO Aktor (`nama_lengkap`) VALUES ('Greta Lee');
INSERT IGNORE INTO Peran VALUES ('Greta Lee', 'TRON: Ares', 'Eve Kim');
INSERT IGNORE INTO Aktor (`nama_lengkap`) VALUES ('Evan Peters');
INSERT IGNORE INTO Peran VALUES ('Evan Peters', 'TRON: Ares', 'Julian Dillinger');
INSERT IGNORE INTO Aktor (`nama_lengkap`) VALUES ('Gillian Anderson');
INSERT IGNORE INTO Peran VALUES ('Gillian Anderson', 'TRON: Ares', 'Elisabeth Dillinger');
INSERT IGNORE INTO Aktor (`nama_lengkap`) VALUES ('Jodie Turner-Smith');
INSERT IGNORE INTO Peran VALUES ('Jodie Turner-Smith', 'TRON: Ares', 'Athena');
INSERT IGNORE INTO Aktor (`nama_lengkap`) VALUES ('Jeff Bridges');
INSERT IGNORE INTO Peran VALUES ('Jeff Bridges', 'TRON: Ares', 'Kevin Flynn');
INSERT IGNORE INTO Aktor (`nama_lengkap`) VALUES ('Hasan Minhaj');
INSERT IGNORE INTO Peran VALUES ('Hasan Minhaj', 'TRON: Ares', 'Ajay Singh');
INSERT IGNORE INTO Aktor (`nama_lengkap`) VALUES ('Arturo Castro');
INSERT IGNORE INTO Peran VALUES ('Arturo Castro', 'TRON: Ares', 'Seth Flores');
INSERT IGNORE INTO Aktor (`nama_lengkap`) VALUES ('Cameron Monaghan');
INSERT IGNORE INTO Peran VALUES ('Cameron Monaghan', 'TRON: Ares', 'Caius');
INSERT IGNORE INTO Aktor (`nama_lengkap`) VALUES ('Sarah Desjardins');
INSERT IGNORE INTO Peran VALUES ('Sarah Desjardins', 'TRON: Ares', 'Erin');
INSERT IGNORE INTO Audio VALUES ('TRON: Ares', 'Jepang');
INSERT IGNORE INTO Subtitle VALUES ('TRON: Ares', 'Jepang');
INSERT IGNORE INTO Subtitle VALUES ('TRON: Ares', 'Korea');
INSERT IGNORE INTO Subtitle VALUES ('TRON: Ares', 'Inggris');
INSERT IGNORE INTO Subtitle VALUES ('TRON: Ares', 'Spanyol');
INSERT IGNORE INTO Konten VALUES ('Avatar: Fire and Ash', 'In the wake of the devastating war against the RDA and the loss of their eldest son, Jake Sully and Neytiri face a new threat on Pandora: the Ash People, a violent and power-hungry Na''vi tribe led by the ruthless Varang. Jake''s family must fight for their survival and the future of Pandora in a conflict that pushes them to their emotional and physical limits.', 2025, 'PG-13', 'Film');
INSERT IGNORE INTO Film VALUES ('Avatar: Fire and Ash', 192, 'James Cameron');
INSERT IGNORE INTO Genre_Konten VALUES ('Avatar: Fire and Ash', 10);
INSERT IGNORE INTO Genre_Konten VALUES ('Avatar: Fire and Ash', 7);
INSERT IGNORE INTO Genre_Konten VALUES ('Avatar: Fire and Ash', 6);
INSERT IGNORE INTO Aktor (`nama_lengkap`) VALUES ('Sam Worthington');
INSERT IGNORE INTO Peran VALUES ('Sam Worthington', 'Avatar: Fire and Ash', 'Jake Sully');
INSERT IGNORE INTO Aktor (`nama_lengkap`) VALUES ('Zoe Saldaña');
INSERT IGNORE INTO Peran VALUES ('Zoe Saldaña', 'Avatar: Fire and Ash', 'Neytiri');
INSERT IGNORE INTO Aktor (`nama_lengkap`) VALUES ('Sigourney Weaver');
INSERT IGNORE INTO Peran VALUES ('Sigourney Weaver', 'Avatar: Fire and Ash', 'Kiri');
INSERT IGNORE INTO Aktor (`nama_lengkap`) VALUES ('Stephen Lang');
INSERT IGNORE INTO Peran VALUES ('Stephen Lang', 'Avatar: Fire and Ash', 'Colonel Miles Quaritch');
INSERT IGNORE INTO Aktor (`nama_lengkap`) VALUES ('Oona Chaplin');
INSERT IGNORE INTO Peran VALUES ('Oona Chaplin', 'Avatar: Fire and Ash', 'Varang');
INSERT IGNORE INTO Aktor (`nama_lengkap`) VALUES ('Cliff Curtis');
INSERT IGNORE INTO Peran VALUES ('Cliff Curtis', 'Avatar: Fire and Ash', 'Tonowari');
INSERT IGNORE INTO Aktor (`nama_lengkap`) VALUES ('Britain Dalton');
INSERT IGNORE INTO Peran VALUES ('Britain Dalton', 'Avatar: Fire and Ash', 'Lo''ak');
INSERT IGNORE INTO Aktor (`nama_lengkap`) VALUES ('Trinity Jo-Li Bliss');
INSERT IGNORE INTO Peran VALUES ('Trinity Jo-Li Bliss', 'Avatar: Fire and Ash', 'Tuktirey ''Tuk''');
INSERT IGNORE INTO Aktor (`nama_lengkap`) VALUES ('Jack Champion');
INSERT IGNORE INTO Peran VALUES ('Jack Champion', 'Avatar: Fire and Ash', 'Miles ''Spider'' Socorro');
INSERT IGNORE INTO Aktor (`nama_lengkap`) VALUES ('Bailey Bass');
INSERT IGNORE INTO Peran VALUES ('Bailey Bass', 'Avatar: Fire and Ash', 'Tsireya');
INSERT IGNORE INTO Audio VALUES ('Avatar: Fire and Ash', 'Inggris');
INSERT IGNORE INTO Audio VALUES ('Avatar: Fire and Ash', 'Jepang');
INSERT IGNORE INTO Subtitle VALUES ('Avatar: Fire and Ash', 'Spanyol');
INSERT IGNORE INTO Subtitle VALUES ('Avatar: Fire and Ash', 'Korea');
INSERT IGNORE INTO Subtitle VALUES ('Avatar: Fire and Ash', 'Inggris');
INSERT IGNORE INTO Subtitle VALUES ('Avatar: Fire and Ash', 'Jepang');
INSERT IGNORE INTO Konten VALUES ('The Bad Guys 2', 'The now-reformed Bad Guys are trying (very, very hard) to be good, but instead find themselves hijacked into a high-stakes, globe-trotting heist, masterminded by a new team of criminals they never saw coming: The Bad Girls.', 2025, 'SU', 'Film');
INSERT IGNORE INTO Film VALUES ('The Bad Guys 2', 104, 'Pierre Perifel');
INSERT IGNORE INTO Genre_Konten VALUES ('The Bad Guys 2', 9);
INSERT IGNORE INTO Genre_Konten VALUES ('The Bad Guys 2', 8);
INSERT IGNORE INTO Genre_Konten VALUES ('The Bad Guys 2', 2);
INSERT IGNORE INTO Genre_Konten VALUES ('The Bad Guys 2', 7);
INSERT IGNORE INTO Genre_Konten VALUES ('The Bad Guys 2', 12);
INSERT IGNORE INTO Aktor (`nama_lengkap`) VALUES ('Sam Rockwell');
INSERT IGNORE INTO Peran VALUES ('Sam Rockwell', 'The Bad Guys 2', 'Wolf (voice)');
INSERT IGNORE INTO Aktor (`nama_lengkap`) VALUES ('Marc Maron');
INSERT IGNORE INTO Peran VALUES ('Marc Maron', 'The Bad Guys 2', 'Snake (voice)');
INSERT IGNORE INTO Aktor (`nama_lengkap`) VALUES ('Awkwafina');
INSERT IGNORE INTO Peran VALUES ('Awkwafina', 'The Bad Guys 2', 'Tarantula (voice)');
INSERT IGNORE INTO Aktor (`nama_lengkap`) VALUES ('Craig Robinson');
INSERT IGNORE INTO Peran VALUES ('Craig Robinson', 'The Bad Guys 2', 'Shark (voice)');
INSERT IGNORE INTO Aktor (`nama_lengkap`) VALUES ('Anthony Ramos');
INSERT IGNORE INTO Peran VALUES ('Anthony Ramos', 'The Bad Guys 2', 'Piranha (voice)');
INSERT IGNORE INTO Aktor (`nama_lengkap`) VALUES ('Zazie Beetz');
INSERT IGNORE INTO Peran VALUES ('Zazie Beetz', 'The Bad Guys 2', 'Diane Foxington (voice)');
INSERT IGNORE INTO Aktor (`nama_lengkap`) VALUES ('Danielle Brooks');
INSERT IGNORE INTO Peran VALUES ('Danielle Brooks', 'The Bad Guys 2', 'Kitty Kat (voice)');
INSERT IGNORE INTO Aktor (`nama_lengkap`) VALUES ('Natasha Lyonne');
INSERT IGNORE INTO Peran VALUES ('Natasha Lyonne', 'The Bad Guys 2', 'Doom aka Susan (voice)');
INSERT IGNORE INTO Aktor (`nama_lengkap`) VALUES ('Maria Bakalova');
INSERT IGNORE INTO Peran VALUES ('Maria Bakalova', 'The Bad Guys 2', 'Pigtail Petrova (voice)');
INSERT IGNORE INTO Aktor (`nama_lengkap`) VALUES ('Alex Borstein');
INSERT IGNORE INTO Peran VALUES ('Alex Borstein', 'The Bad Guys 2', 'Commissioner Misty Luggins (voice)');
INSERT IGNORE INTO Audio VALUES ('The Bad Guys 2', 'Korea');
INSERT IGNORE INTO Audio VALUES ('The Bad Guys 2', 'Inggris');
INSERT IGNORE INTO Subtitle VALUES ('The Bad Guys 2', 'Spanyol');
INSERT IGNORE INTO Konten VALUES ('My Fault', 'Noah must leave her city, boyfriend, and friends to move into William Leister''s mansion, the flashy and wealthy husband of her mother Rafaela. As a proud and independent 17 year old, Noah resists living in a mansion surrounded by luxury. However, it is there where she meets Nick, her new stepbrother, and the clash of their strong personalities becomes evident from the very beginning.', 2023, 'NR', 'Film');
INSERT IGNORE INTO Film VALUES ('My Fault', 117, 'Domingo González');
INSERT IGNORE INTO Genre_Konten VALUES ('My Fault', 4);
INSERT IGNORE INTO Genre_Konten VALUES ('My Fault', 13);
INSERT IGNORE INTO Genre_Konten VALUES ('My Fault', 3);
INSERT IGNORE INTO Aktor (`nama_lengkap`) VALUES ('Nicole Wallace');
INSERT IGNORE INTO Peran VALUES ('Nicole Wallace', 'My Fault', 'Noah Morgan');
INSERT IGNORE INTO Aktor (`nama_lengkap`) VALUES ('Gabriel Guevara');
INSERT IGNORE INTO Peran VALUES ('Gabriel Guevara', 'My Fault', 'Nick Leister');
INSERT IGNORE INTO Aktor (`nama_lengkap`) VALUES ('Marta Hazas');
INSERT IGNORE INTO Peran VALUES ('Marta Hazas', 'My Fault', 'Rafaela');
INSERT IGNORE INTO Aktor (`nama_lengkap`) VALUES ('Iván Sánchez');
INSERT IGNORE INTO Peran VALUES ('Iván Sánchez', 'My Fault', 'William Leister');
INSERT IGNORE INTO Aktor (`nama_lengkap`) VALUES ('Eva Ruiz');
INSERT IGNORE INTO Peran VALUES ('Eva Ruiz', 'My Fault', 'Jenna');
INSERT IGNORE INTO Aktor (`nama_lengkap`) VALUES ('Víctor Varona');
INSERT IGNORE INTO Peran VALUES ('Víctor Varona', 'My Fault', 'Lion');
INSERT IGNORE INTO Aktor (`nama_lengkap`) VALUES ('Fran Berenguer');
INSERT IGNORE INTO Peran VALUES ('Fran Berenguer', 'My Fault', 'Ronnie');
INSERT IGNORE INTO Aktor (`nama_lengkap`) VALUES ('Adriana Ubani');
INSERT IGNORE INTO Peran VALUES ('Adriana Ubani', 'My Fault', 'Anna');
INSERT IGNORE INTO Aktor (`nama_lengkap`) VALUES ('Ivan Massagué');
INSERT IGNORE INTO Peran VALUES ('Ivan Massagué', 'My Fault', 'Jonas');
INSERT IGNORE INTO Aktor (`nama_lengkap`) VALUES ('Mariano Venancio');
INSERT IGNORE INTO Peran VALUES ('Mariano Venancio', 'My Fault', 'Martin');
INSERT IGNORE INTO Audio VALUES ('My Fault', 'Spanyol');
INSERT IGNORE INTO Subtitle VALUES ('My Fault', 'Korea');
INSERT IGNORE INTO Subtitle VALUES ('My Fault', 'Jepang');
INSERT IGNORE INTO Subtitle VALUES ('My Fault', 'Indonesia');
INSERT IGNORE INTO Konten VALUES ('Interstellar', 'The adventures of a group of explorers who make use of a newly discovered wormhole to surpass the limitations on human space travel and conquer the vast distances involved in an interstellar voyage.', 2014, '13+', 'Film');
INSERT IGNORE INTO Film VALUES ('Interstellar', 169, 'Christopher Nolan');
INSERT IGNORE INTO Genre_Konten VALUES ('Interstellar', 7);
INSERT IGNORE INTO Genre_Konten VALUES ('Interstellar', 4);
INSERT IGNORE INTO Genre_Konten VALUES ('Interstellar', 10);
INSERT IGNORE INTO Aktor (`nama_lengkap`) VALUES ('Matthew McConaughey');
INSERT IGNORE INTO Peran VALUES ('Matthew McConaughey', 'Interstellar', 'Cooper');
INSERT IGNORE INTO Aktor (`nama_lengkap`) VALUES ('Anne Hathaway');
INSERT IGNORE INTO Peran VALUES ('Anne Hathaway', 'Interstellar', 'Brand');
INSERT IGNORE INTO Aktor (`nama_lengkap`) VALUES ('Michael Caine');
INSERT IGNORE INTO Peran VALUES ('Michael Caine', 'Interstellar', 'Professor Brand');
INSERT IGNORE INTO Aktor (`nama_lengkap`) VALUES ('Jessica Chastain');
INSERT IGNORE INTO Peran VALUES ('Jessica Chastain', 'Interstellar', 'Murph');
INSERT IGNORE INTO Aktor (`nama_lengkap`) VALUES ('Casey Affleck');
INSERT IGNORE INTO Peran VALUES ('Casey Affleck', 'Interstellar', 'Tom');
INSERT IGNORE INTO Aktor (`nama_lengkap`) VALUES ('Wes Bentley');
INSERT IGNORE INTO Peran VALUES ('Wes Bentley', 'Interstellar', 'Doyle');
INSERT IGNORE INTO Aktor (`nama_lengkap`) VALUES ('Topher Grace');
INSERT IGNORE INTO Peran VALUES ('Topher Grace', 'Interstellar', 'Getty');
INSERT IGNORE INTO Aktor (`nama_lengkap`) VALUES ('Mackenzie Foy');
INSERT IGNORE INTO Peran VALUES ('Mackenzie Foy', 'Interstellar', 'Murph (10 Yrs.)');
INSERT IGNORE INTO Aktor (`nama_lengkap`) VALUES ('Ellen Burstyn');
INSERT IGNORE INTO Peran VALUES ('Ellen Burstyn', 'Interstellar', 'Murph (older)');
INSERT IGNORE INTO Aktor (`nama_lengkap`) VALUES ('John Lithgow');
INSERT IGNORE INTO Peran VALUES ('John Lithgow', 'Interstellar', 'Donald');
INSERT IGNORE INTO Audio VALUES ('Interstellar', 'Inggris');
INSERT IGNORE INTO Audio VALUES ('Interstellar', 'Korea');
INSERT IGNORE INTO Audio VALUES ('Interstellar', 'Jepang');
INSERT IGNORE INTO Subtitle VALUES ('Interstellar', 'Spanyol');
INSERT IGNORE INTO Subtitle VALUES ('Interstellar', 'Indonesia');
INSERT IGNORE INTO Subtitle VALUES ('Interstellar', 'Jepang');
INSERT IGNORE INTO Konten VALUES ('Play Dirty', 'Expert thief Parker gets a shot at a major heist, but to pull it off he and his team must outsmart a South American dictator, the New York mob, and the world''s richest man.', 2025, 'R', 'Film');
INSERT IGNORE INTO Film VALUES ('Play Dirty', 125, 'Shane Black');
INSERT IGNORE INTO Genre_Konten VALUES ('Play Dirty', 2);
INSERT IGNORE INTO Aktor (`nama_lengkap`) VALUES ('Mark Wahlberg');
INSERT IGNORE INTO Peran VALUES ('Mark Wahlberg', 'Play Dirty', 'Parker');
INSERT IGNORE INTO Aktor (`nama_lengkap`) VALUES ('LaKeith Stanfield');
INSERT IGNORE INTO Peran VALUES ('LaKeith Stanfield', 'Play Dirty', 'Grofield');
INSERT IGNORE INTO Aktor (`nama_lengkap`) VALUES ('Rosa Salazar');
INSERT IGNORE INTO Peran VALUES ('Rosa Salazar', 'Play Dirty', 'Zen');
INSERT IGNORE INTO Aktor (`nama_lengkap`) VALUES ('Keegan-Michael Key');
INSERT IGNORE INTO Peran VALUES ('Keegan-Michael Key', 'Play Dirty', 'Ed Mackey');
INSERT IGNORE INTO Aktor (`nama_lengkap`) VALUES ('Chukwudi Iwuji');
INSERT IGNORE INTO Peran VALUES ('Chukwudi Iwuji', 'Play Dirty', 'Phineas Paul');
INSERT IGNORE INTO Aktor (`nama_lengkap`) VALUES ('Nat Wolff');
INSERT IGNORE INTO Peran VALUES ('Nat Wolff', 'Play Dirty', 'Kincaid');
INSERT IGNORE INTO Aktor (`nama_lengkap`) VALUES ('Gretchen Mol');
INSERT IGNORE INTO Peran VALUES ('Gretchen Mol', 'Play Dirty', 'Grace Webb');
INSERT IGNORE INTO Aktor (`nama_lengkap`) VALUES ('Thomas Jane');
INSERT IGNORE INTO Peran VALUES ('Thomas Jane', 'Play Dirty', 'Philly Webb');
INSERT IGNORE INTO Aktor (`nama_lengkap`) VALUES ('Tony Shalhoub');
INSERT IGNORE INTO Peran VALUES ('Tony Shalhoub', 'Play Dirty', 'Lozini');
INSERT IGNORE INTO Aktor (`nama_lengkap`) VALUES ('Hemky Madera');
INSERT IGNORE INTO Peran VALUES ('Hemky Madera', 'Play Dirty', 'Colonel Ortiz');
INSERT IGNORE INTO Audio VALUES ('Play Dirty', 'Spanyol');
INSERT IGNORE INTO Audio VALUES ('Play Dirty', 'Korea');
INSERT IGNORE INTO Audio VALUES ('Play Dirty', 'Inggris');
INSERT IGNORE INTO Subtitle VALUES ('Play Dirty', 'Indonesia');
INSERT IGNORE INTO Subtitle VALUES ('Play Dirty', 'Korea');
INSERT IGNORE INTO Subtitle VALUES ('Play Dirty', 'Spanyol');
INSERT IGNORE INTO Subtitle VALUES ('Play Dirty', 'Inggris');
INSERT IGNORE INTO Konten VALUES ('Good Fortune', 'A well-meaning but rather inept angel named Gabriel meddles in the lives of a struggling gig worker and a wealthy capitalist.', 2025, '13+', 'Film');
INSERT IGNORE INTO Film VALUES ('Good Fortune', 98, 'Aziz Ansari');
INSERT IGNORE INTO Genre_Konten VALUES ('Good Fortune', 8);
INSERT IGNORE INTO Genre_Konten VALUES ('Good Fortune', 6);
INSERT IGNORE INTO Aktor (`nama_lengkap`) VALUES ('Keanu Reeves');
INSERT IGNORE INTO Peran VALUES ('Keanu Reeves', 'Good Fortune', 'Gabriel');
INSERT IGNORE INTO Aktor (`nama_lengkap`) VALUES ('Aziz Ansari');
INSERT IGNORE INTO Peran VALUES ('Aziz Ansari', 'Good Fortune', 'Arj / Delivery Robots (voice)');
INSERT IGNORE INTO Aktor (`nama_lengkap`) VALUES ('Seth Rogen');
INSERT IGNORE INTO Peran VALUES ('Seth Rogen', 'Good Fortune', 'Jeff');
INSERT IGNORE INTO Aktor (`nama_lengkap`) VALUES ('Keke Palmer');
INSERT IGNORE INTO Peran VALUES ('Keke Palmer', 'Good Fortune', 'Elena');
INSERT IGNORE INTO Aktor (`nama_lengkap`) VALUES ('Sandra Oh');
INSERT IGNORE INTO Peran VALUES ('Sandra Oh', 'Good Fortune', 'Martha');
INSERT IGNORE INTO Aktor (`nama_lengkap`) VALUES ('Sherry Cola');
INSERT IGNORE INTO Peran VALUES ('Sherry Cola', 'Good Fortune', 'Linda');
INSERT IGNORE INTO Aktor (`nama_lengkap`) VALUES ('Stephen McKinley Henderson');
INSERT IGNORE INTO Peran VALUES ('Stephen McKinley Henderson', 'Good Fortune', 'Azrael');
INSERT IGNORE INTO Aktor (`nama_lengkap`) VALUES ('Blanca Araceli');
INSERT IGNORE INTO Peran VALUES ('Blanca Araceli', 'Good Fortune', 'Rosa');
INSERT IGNORE INTO Aktor (`nama_lengkap`) VALUES ('Joe Mande');
INSERT IGNORE INTO Peran VALUES ('Joe Mande', 'Good Fortune', 'Joe');
INSERT IGNORE INTO Aktor (`nama_lengkap`) VALUES ('Aditya Geddada');
INSERT IGNORE INTO Peran VALUES ('Aditya Geddada', 'Good Fortune', 'Navid');
INSERT IGNORE INTO Audio VALUES ('Good Fortune', 'Indonesia');
INSERT IGNORE INTO Subtitle VALUES ('Good Fortune', 'Jepang');
INSERT IGNORE INTO Subtitle VALUES ('Good Fortune', 'Inggris');
INSERT IGNORE INTO Subtitle VALUES ('Good Fortune', 'Indonesia');
INSERT IGNORE INTO Subtitle VALUES ('Good Fortune', 'Korea');
INSERT IGNORE INTO Konten VALUES ('Padre no hay más que uno 5: Nido repleto', 'Some parents experience the anguish of the "empty nest" when their children leave home. Javier, on the other hand, suffers the trauma of the "full nest": no one wants to leave home.', 2025, 'NR', 'Film');
INSERT IGNORE INTO Film VALUES ('Padre no hay más que uno 5: Nido repleto', 100, 'Santiago Segura');
INSERT IGNORE INTO Genre_Konten VALUES ('Padre no hay más que uno 5: Nido repleto', 8);
INSERT IGNORE INTO Genre_Konten VALUES ('Padre no hay más que uno 5: Nido repleto', 9);
INSERT IGNORE INTO Aktor (`nama_lengkap`) VALUES ('Santiago Segura');
INSERT IGNORE INTO Peran VALUES ('Santiago Segura', 'Padre no hay más que uno 5: Nido repleto', 'Javier García');
INSERT IGNORE INTO Aktor (`nama_lengkap`) VALUES ('Toni Acosta');
INSERT IGNORE INTO Peran VALUES ('Toni Acosta', 'Padre no hay más que uno 5: Nido repleto', 'Marisa Loyola');
INSERT IGNORE INTO Aktor (`nama_lengkap`) VALUES ('Leo Harlem');
INSERT IGNORE INTO Peran VALUES ('Leo Harlem', 'Padre no hay más que uno 5: Nido repleto', 'Paco García');
INSERT IGNORE INTO Aktor (`nama_lengkap`) VALUES ('Silvia Abril');
INSERT IGNORE INTO Peran VALUES ('Silvia Abril', 'Padre no hay más que uno 5: Nido repleto', 'Carmen');
INSERT IGNORE INTO Aktor (`nama_lengkap`) VALUES ('Loles León');
INSERT IGNORE INTO Peran VALUES ('Loles León', 'Padre no hay más que uno 5: Nido repleto', 'Abuela Milagros');
INSERT IGNORE INTO Aktor (`nama_lengkap`) VALUES ('Carlos Iglesias');
INSERT IGNORE INTO Peran VALUES ('Carlos Iglesias', 'Padre no hay más que uno 5: Nido repleto', 'Abuelo Agustín Loyola');
INSERT IGNORE INTO Aktor (`nama_lengkap`) VALUES ('El Cejas');
INSERT IGNORE INTO Peran VALUES ('El Cejas', 'Padre no hay más que uno 5: Nido repleto', 'Ocho');
INSERT IGNORE INTO Aktor (`nama_lengkap`) VALUES ('Marta González de Vega');
INSERT IGNORE INTO Peran VALUES ('Marta González de Vega', 'Padre no hay más que uno 5: Nido repleto', 'Leticia');
INSERT IGNORE INTO Aktor (`nama_lengkap`) VALUES ('Martina D’Antiochia');
INSERT IGNORE INTO Peran VALUES ('Martina D’Antiochia', 'Padre no hay más que uno 5: Nido repleto', 'Sara García Loyola');
INSERT IGNORE INTO Aktor (`nama_lengkap`) VALUES ('Luna Fulgencio');
INSERT IGNORE INTO Peran VALUES ('Luna Fulgencio', 'Padre no hay más que uno 5: Nido repleto', 'Rocío García Loyola');
INSERT IGNORE INTO Audio VALUES ('Padre no hay más que uno 5: Nido repleto', 'Spanyol');
INSERT IGNORE INTO Audio VALUES ('Padre no hay más que uno 5: Nido repleto', 'Indonesia');
INSERT IGNORE INTO Subtitle VALUES ('Padre no hay más que uno 5: Nido repleto', 'Spanyol');
INSERT IGNORE INTO Subtitle VALUES ('Padre no hay más que uno 5: Nido repleto', 'Korea');
INSERT IGNORE INTO Subtitle VALUES ('Padre no hay más que uno 5: Nido repleto', 'Indonesia');
INSERT IGNORE INTO Subtitle VALUES ('Padre no hay más que uno 5: Nido repleto', 'Inggris');
INSERT IGNORE INTO Konten VALUES ('The Strangers: Chapter 2', 'When The Strangers learn that one of their victims, Maya, is still alive, they return to finish what they’ve started.', 2025, '17+', 'Film');
INSERT IGNORE INTO Film VALUES ('The Strangers: Chapter 2', 98, 'Renny Harlin');
INSERT IGNORE INTO Genre_Konten VALUES ('The Strangers: Chapter 2', 5);
INSERT IGNORE INTO Genre_Konten VALUES ('The Strangers: Chapter 2', 3);
INSERT IGNORE INTO Aktor (`nama_lengkap`) VALUES ('Madelaine Petsch');
INSERT IGNORE INTO Peran VALUES ('Madelaine Petsch', 'The Strangers: Chapter 2', 'Maya');
INSERT IGNORE INTO Aktor (`nama_lengkap`) VALUES ('Froy Gutierrez');
INSERT IGNORE INTO Peran VALUES ('Froy Gutierrez', 'The Strangers: Chapter 2', 'Ryan');
INSERT IGNORE INTO Aktor (`nama_lengkap`) VALUES ('Gabriel Basso');
INSERT IGNORE INTO Peran VALUES ('Gabriel Basso', 'The Strangers: Chapter 2', 'Gregory');
INSERT IGNORE INTO Aktor (`nama_lengkap`) VALUES ('Ema Horvath');
INSERT IGNORE INTO Peran VALUES ('Ema Horvath', 'The Strangers: Chapter 2', 'Shelly');
INSERT IGNORE INTO Aktor (`nama_lengkap`) VALUES ('Brooke Lena Johnson');
INSERT IGNORE INTO Peran VALUES ('Brooke Lena Johnson', 'The Strangers: Chapter 2', 'Nurse Danica');
INSERT IGNORE INTO Aktor (`nama_lengkap`) VALUES ('Richard Brake');
INSERT IGNORE INTO Peran VALUES ('Richard Brake', 'The Strangers: Chapter 2', 'Sheriff Rotter');
INSERT IGNORE INTO Aktor (`nama_lengkap`) VALUES ('Pedro Leandro');
INSERT IGNORE INTO Peran VALUES ('Pedro Leandro', 'The Strangers: Chapter 2', 'Deputy Walters');
INSERT IGNORE INTO Aktor (`nama_lengkap`) VALUES ('Rachel Shenton');
INSERT IGNORE INTO Peran VALUES ('Rachel Shenton', 'The Strangers: Chapter 2', 'Debbie');
INSERT IGNORE INTO Aktor (`nama_lengkap`) VALUES ('Florian Clare');
INSERT IGNORE INTO Peran VALUES ('Florian Clare', 'The Strangers: Chapter 2', 'Chris Sampson');
INSERT IGNORE INTO Aktor (`nama_lengkap`) VALUES ('Janis Ahern');
INSERT IGNORE INTO Peran VALUES ('Janis Ahern', 'The Strangers: Chapter 2', 'Carol');
INSERT IGNORE INTO Audio VALUES ('The Strangers: Chapter 2', 'Spanyol');
INSERT IGNORE INTO Audio VALUES ('The Strangers: Chapter 2', 'Jepang');
INSERT IGNORE INTO Audio VALUES ('The Strangers: Chapter 2', 'Korea');
INSERT IGNORE INTO Subtitle VALUES ('The Strangers: Chapter 2', 'Spanyol');
INSERT IGNORE INTO Subtitle VALUES ('The Strangers: Chapter 2', 'Indonesia');
INSERT IGNORE INTO Subtitle VALUES ('The Strangers: Chapter 2', 'Korea');
INSERT IGNORE INTO Subtitle VALUES ('The Strangers: Chapter 2', 'Jepang');
INSERT IGNORE INTO Konten VALUES ('El Apocalipsis de san Juan', 'Embark on an epic journey through time and faith with ''The Apocalypse of Saint John.'' Join the Apostle John in a stunning visual narrative that unravels the visions of the End Times. Experience each vision like never before, with striking visual effects and epic scenes that immerse you in the apocalyptic narrative.', 2024, 'NR', 'Film');
INSERT IGNORE INTO Film VALUES ('El Apocalipsis de san Juan', 110, 'Patricio Dondo');
INSERT IGNORE INTO Genre VALUES (17, 'Documentary');
INSERT IGNORE INTO Genre_Konten VALUES ('El Apocalipsis de san Juan', 17);
INSERT IGNORE INTO Genre_Konten VALUES ('El Apocalipsis de san Juan', 15);
INSERT IGNORE INTO Aktor (`nama_lengkap`) VALUES ('Ricardo Castro');
INSERT IGNORE INTO Peran VALUES ('Ricardo Castro', 'El Apocalipsis de san Juan', '');
INSERT IGNORE INTO Aktor (`nama_lengkap`) VALUES ('Miguel Angel Marchessi');
INSERT IGNORE INTO Peran VALUES ('Miguel Angel Marchessi', 'El Apocalipsis de san Juan', '');
INSERT IGNORE INTO Aktor (`nama_lengkap`) VALUES ('Héctor Hugo Larriera');
INSERT IGNORE INTO Peran VALUES ('Héctor Hugo Larriera', 'El Apocalipsis de san Juan', '');
INSERT IGNORE INTO Aktor (`nama_lengkap`) VALUES ('Carlos Secilio');
INSERT IGNORE INTO Peran VALUES ('Carlos Secilio', 'El Apocalipsis de san Juan', '');
INSERT IGNORE INTO Audio VALUES ('El Apocalipsis de san Juan', 'Spanyol');
INSERT IGNORE INTO Audio VALUES ('El Apocalipsis de san Juan', 'Inggris');
INSERT IGNORE INTO Subtitle VALUES ('El Apocalipsis de san Juan', 'Spanyol');
INSERT IGNORE INTO Subtitle VALUES ('El Apocalipsis de san Juan', 'Inggris');
INSERT IGNORE INTO Konten VALUES ('The Son of a Thousand Men', 'In a small village, a lonely fisherman yearning for a son is drawn to an ethereal light that links him to others and their long-buried secrets.', 2025, 'R', 'Film');
INSERT IGNORE INTO Film VALUES ('The Son of a Thousand Men', 0, 'Daniel Rezende');
INSERT IGNORE INTO Genre_Konten VALUES ('The Son of a Thousand Men', 4);
INSERT IGNORE INTO Aktor (`nama_lengkap`) VALUES ('Rodrigo Santoro');
INSERT IGNORE INTO Peran VALUES ('Rodrigo Santoro', 'The Son of a Thousand Men', 'Crisóstomo');
INSERT IGNORE INTO Aktor (`nama_lengkap`) VALUES ('Rebeca Jamir');
INSERT IGNORE INTO Peran VALUES ('Rebeca Jamir', 'The Son of a Thousand Men', 'Isaura');
INSERT IGNORE INTO Aktor (`nama_lengkap`) VALUES ('Miguel Martines');
INSERT IGNORE INTO Peran VALUES ('Miguel Martines', 'The Son of a Thousand Men', 'Camilo');
INSERT IGNORE INTO Aktor (`nama_lengkap`) VALUES ('Johnny Massaro');
INSERT IGNORE INTO Peran VALUES ('Johnny Massaro', 'The Son of a Thousand Men', 'Antonino');
INSERT IGNORE INTO Aktor (`nama_lengkap`) VALUES ('Marcello Escorel');
INSERT IGNORE INTO Peran VALUES ('Marcello Escorel', 'The Son of a Thousand Men', 'Alfredo');
INSERT IGNORE INTO Aktor (`nama_lengkap`) VALUES ('Lívia Silva');
INSERT IGNORE INTO Peran VALUES ('Lívia Silva', 'The Son of a Thousand Men', 'Isaura (Jovem)');
INSERT IGNORE INTO Aktor (`nama_lengkap`) VALUES ('Antonio Haddad');
INSERT IGNORE INTO Peran VALUES ('Antonio Haddad', 'The Son of a Thousand Men', 'Antonino (Jovem)');
INSERT IGNORE INTO Aktor (`nama_lengkap`) VALUES ('Juliana Caldas');
INSERT IGNORE INTO Peran VALUES ('Juliana Caldas', 'The Son of a Thousand Men', 'Francisca');
INSERT IGNORE INTO Aktor (`nama_lengkap`) VALUES ('Inez Viana');
INSERT IGNORE INTO Peran VALUES ('Inez Viana', 'The Son of a Thousand Men', 'Matilde');
INSERT IGNORE INTO Aktor (`nama_lengkap`) VALUES ('Tuna Dwek');
INSERT IGNORE INTO Peran VALUES ('Tuna Dwek', 'The Son of a Thousand Men', 'Doutora Carminda');
INSERT IGNORE INTO Audio VALUES ('The Son of a Thousand Men', 'Jepang');
INSERT IGNORE INTO Subtitle VALUES ('The Son of a Thousand Men', 'Spanyol');
INSERT IGNORE INTO Subtitle VALUES ('The Son of a Thousand Men', 'Inggris');
INSERT IGNORE INTO Subtitle VALUES ('The Son of a Thousand Men', 'Korea');
INSERT IGNORE INTO Konten VALUES ('The Lost Princess', 'After an Ayahuasca vision transports him to a haunted castle, Alec meets Hanna who tales him the story of her mother''s forced marriage and how the forbidden passion with her father was in danger when the princess pregnancy became obvious', 2025, 'NR', 'Film');
INSERT IGNORE INTO Film VALUES ('The Lost Princess', 105, 'Hicham Hajji');
INSERT IGNORE INTO Genre_Konten VALUES ('The Lost Princess', 1);
INSERT IGNORE INTO Genre_Konten VALUES ('The Lost Princess', 7);
INSERT IGNORE INTO Aktor (`nama_lengkap`) VALUES ('Cillian O''Sullivan');
INSERT IGNORE INTO Peran VALUES ('Cillian O''Sullivan', 'The Lost Princess', 'Alec Touati');
INSERT IGNORE INTO Aktor (`nama_lengkap`) VALUES ('Gary Dourdan');
INSERT IGNORE INTO Peran VALUES ('Gary Dourdan', 'The Lost Princess', 'Nassim Ikken');
INSERT IGNORE INTO Aktor (`nama_lengkap`) VALUES ('Robert Knepper');
INSERT IGNORE INTO Peran VALUES ('Robert Knepper', 'The Lost Princess', 'Robert Goodman');
INSERT IGNORE INTO Aktor (`nama_lengkap`) VALUES ('Soraya Azzabi');
INSERT IGNORE INTO Peran VALUES ('Soraya Azzabi', 'The Lost Princess', 'Princess Nour');
INSERT IGNORE INTO Aktor (`nama_lengkap`) VALUES ('Eric Roberts');
INSERT IGNORE INTO Peran VALUES ('Eric Roberts', 'The Lost Princess', 'The Shaman');
INSERT IGNORE INTO Aktor (`nama_lengkap`) VALUES ('Irma Lake');
INSERT IGNORE INTO Peran VALUES ('Irma Lake', 'The Lost Princess', 'Nina');
INSERT IGNORE INTO Aktor (`nama_lengkap`) VALUES ('Luka Peroš');
INSERT IGNORE INTO Peran VALUES ('Luka Peroš', 'The Lost Princess', 'Comandante Alvarez Rodriguez');
INSERT IGNORE INTO Aktor (`nama_lengkap`) VALUES ('Kacey Mottet Klein');
INSERT IGNORE INTO Peran VALUES ('Kacey Mottet Klein', 'The Lost Princess', 'Mr. Cohen');
INSERT IGNORE INTO Aktor (`nama_lengkap`) VALUES ('Mourad Zaoui');
INSERT IGNORE INTO Peran VALUES ('Mourad Zaoui', 'The Lost Princess', 'Prince Amnati');
INSERT IGNORE INTO Aktor (`nama_lengkap`) VALUES ('Julian Mileta');
INSERT IGNORE INTO Peran VALUES ('Julian Mileta', 'The Lost Princess', 'Steve');
INSERT IGNORE INTO Audio VALUES ('The Lost Princess', 'Inggris');
INSERT IGNORE INTO Audio VALUES ('The Lost Princess', 'Korea');
INSERT IGNORE INTO Subtitle VALUES ('The Lost Princess', 'Jepang');
INSERT IGNORE INTO Konten VALUES ('Valiant One', 'With tensions between North and South Korea, a US helicopter crashes on the North side. The survivors must work together to protect a civilian tech specialist and find their way out without the help of US military support.', 2025, 'R', 'Film');
INSERT IGNORE INTO Film VALUES ('Valiant One', 86, 'Steve Barnett');
INSERT IGNORE INTO Genre_Konten VALUES ('Valiant One', 16);
INSERT IGNORE INTO Genre_Konten VALUES ('Valiant One', 3);
INSERT IGNORE INTO Genre_Konten VALUES ('Valiant One', 1);
INSERT IGNORE INTO Aktor (`nama_lengkap`) VALUES ('Chase Stokes');
INSERT IGNORE INTO Peran VALUES ('Chase Stokes', 'Valiant One', 'Captain Edward Brockman');
INSERT IGNORE INTO Aktor (`nama_lengkap`) VALUES ('Lana Condor');
INSERT IGNORE INTO Peran VALUES ('Lana Condor', 'Valiant One', 'Specialist Selby');
INSERT IGNORE INTO Aktor (`nama_lengkap`) VALUES ('Desmin Borges');
INSERT IGNORE INTO Peran VALUES ('Desmin Borges', 'Valiant One', 'Josh Weaver');
INSERT IGNORE INTO Aktor (`nama_lengkap`) VALUES ('Callan Mulvey');
INSERT IGNORE INTO Peran VALUES ('Callan Mulvey', 'Valiant One', 'Chris Lebold');
INSERT IGNORE INTO Aktor (`nama_lengkap`) VALUES ('Diana Tsoy');
INSERT IGNORE INTO Peran VALUES ('Diana Tsoy', 'Valiant One', 'Binna');
INSERT IGNORE INTO Aktor (`nama_lengkap`) VALUES ('Daniel Jun');
INSERT IGNORE INTO Peran VALUES ('Daniel Jun', 'Valiant One', 'Wilson Lee');
INSERT IGNORE INTO Aktor (`nama_lengkap`) VALUES ('Jonathan Whitesell');
INSERT IGNORE INTO Peran VALUES ('Jonathan Whitesell', 'Valiant One', 'Jonah Ross');
INSERT IGNORE INTO Aktor (`nama_lengkap`) VALUES ('Stephen Adekolu');
INSERT IGNORE INTO Peran VALUES ('Stephen Adekolu', 'Valiant One', 'Cooper');
INSERT IGNORE INTO Aktor (`nama_lengkap`) VALUES ('Ronald Patrick Thompson');
INSERT IGNORE INTO Peran VALUES ('Ronald Patrick Thompson', 'Valiant One', 'Milner');
INSERT IGNORE INTO Aktor (`nama_lengkap`) VALUES ('Leo Chiang');
INSERT IGNORE INTO Peran VALUES ('Leo Chiang', 'Valiant One', 'Medic Crew Chief');
INSERT IGNORE INTO Audio VALUES ('Valiant One', 'Jepang');
INSERT IGNORE INTO Subtitle VALUES ('Valiant One', 'Korea');
INSERT IGNORE INTO Subtitle VALUES ('Valiant One', 'Inggris');
INSERT IGNORE INTO Konten VALUES ('Regretting You', 'Morgan Grant and her daughter Clara explore what''s left behind after a devastating accident reveals a shocking betrayal and forces them to confront family secrets, redefine love, and rediscover each other.', 2025, '17+', 'Film');
INSERT IGNORE INTO Film VALUES ('Regretting You', 116, 'Josh Boone');
INSERT IGNORE INTO Genre_Konten VALUES ('Regretting You', 13);
INSERT IGNORE INTO Genre_Konten VALUES ('Regretting You', 4);
INSERT IGNORE INTO Aktor (`nama_lengkap`) VALUES ('Mckenna Grace');
INSERT IGNORE INTO Peran VALUES ('Mckenna Grace', 'Regretting You', 'Clara Grant');
INSERT IGNORE INTO Aktor (`nama_lengkap`) VALUES ('Allison Williams');
INSERT IGNORE INTO Peran VALUES ('Allison Williams', 'Regretting You', 'Morgan Grant');
INSERT IGNORE INTO Aktor (`nama_lengkap`) VALUES ('Dave Franco');
INSERT IGNORE INTO Peran VALUES ('Dave Franco', 'Regretting You', 'Jonah Sullivan');
INSERT IGNORE INTO Aktor (`nama_lengkap`) VALUES ('Mason Thames');
INSERT IGNORE INTO Peran VALUES ('Mason Thames', 'Regretting You', 'Miller Adams');
INSERT IGNORE INTO Aktor (`nama_lengkap`) VALUES ('Willa Fitzgerald');
INSERT IGNORE INTO Peran VALUES ('Willa Fitzgerald', 'Regretting You', 'Jenny Davidson');
INSERT IGNORE INTO Aktor (`nama_lengkap`) VALUES ('Scott Eastwood');
INSERT IGNORE INTO Peran VALUES ('Scott Eastwood', 'Regretting You', 'Chris Grant');
INSERT IGNORE INTO Aktor (`nama_lengkap`) VALUES ('Clancy Brown');
INSERT IGNORE INTO Peran VALUES ('Clancy Brown', 'Regretting You', 'Hank ''Gramps'' Adams');
INSERT IGNORE INTO Aktor (`nama_lengkap`) VALUES ('Sam Morelos');
INSERT IGNORE INTO Peran VALUES ('Sam Morelos', 'Regretting You', 'Lexie');
INSERT IGNORE INTO Aktor (`nama_lengkap`) VALUES ('Ethan Costanilla');
INSERT IGNORE INTO Peran VALUES ('Ethan Costanilla', 'Regretting You', 'Efren');
INSERT IGNORE INTO Aktor (`nama_lengkap`) VALUES ('Luke Pierre Roness');
INSERT IGNORE INTO Peran VALUES ('Luke Pierre Roness', 'Regretting You', 'Hank Adams Jr.');
INSERT IGNORE INTO Audio VALUES ('Regretting You', 'Spanyol');
INSERT IGNORE INTO Subtitle VALUES ('Regretting You', 'Inggris');
INSERT IGNORE INTO Subtitle VALUES ('Regretting You', 'Spanyol');
INSERT IGNORE INTO Subtitle VALUES ('Regretting You', 'Indonesia');
INSERT IGNORE INTO Subtitle VALUES ('Regretting You', 'Korea');
INSERT IGNORE INTO Konten VALUES ('Lilo & Stitch', 'The wildly funny and touching story of a lonely Hawaiian girl and the fugitive alien who helps to mend her broken family.', 2025, 'SU', 'Film');
INSERT IGNORE INTO Film VALUES ('Lilo & Stitch', 108, 'Dean Fleischer Camp');
INSERT IGNORE INTO Genre_Konten VALUES ('Lilo & Stitch', 9);
INSERT IGNORE INTO Genre_Konten VALUES ('Lilo & Stitch', 10);
INSERT IGNORE INTO Genre_Konten VALUES ('Lilo & Stitch', 8);
INSERT IGNORE INTO Genre_Konten VALUES ('Lilo & Stitch', 7);
INSERT IGNORE INTO Aktor (`nama_lengkap`) VALUES ('Maia Kealoha');
INSERT IGNORE INTO Peran VALUES ('Maia Kealoha', 'Lilo & Stitch', 'Lilo');
INSERT IGNORE INTO Aktor (`nama_lengkap`) VALUES ('Sydney Agudong');
INSERT IGNORE INTO Peran VALUES ('Sydney Agudong', 'Lilo & Stitch', 'Nani');
INSERT IGNORE INTO Aktor (`nama_lengkap`) VALUES ('Chris Sanders');
INSERT IGNORE INTO Peran VALUES ('Chris Sanders', 'Lilo & Stitch', 'Stitch (voice)');
INSERT IGNORE INTO Aktor (`nama_lengkap`) VALUES ('Zach Galifianakis');
INSERT IGNORE INTO Peran VALUES ('Zach Galifianakis', 'Lilo & Stitch', 'Jumba');
INSERT IGNORE INTO Aktor (`nama_lengkap`) VALUES ('Billy Magnussen');
INSERT IGNORE INTO Peran VALUES ('Billy Magnussen', 'Lilo & Stitch', 'Pleakley');
INSERT IGNORE INTO Aktor (`nama_lengkap`) VALUES ('Courtney B. Vance');
INSERT IGNORE INTO Peran VALUES ('Courtney B. Vance', 'Lilo & Stitch', 'Cobra Bubbles');
INSERT IGNORE INTO Aktor (`nama_lengkap`) VALUES ('Amy Hill');
INSERT IGNORE INTO Peran VALUES ('Amy Hill', 'Lilo & Stitch', 'Tūtū');
INSERT IGNORE INTO Aktor (`nama_lengkap`) VALUES ('Tia Carrere');
INSERT IGNORE INTO Peran VALUES ('Tia Carrere', 'Lilo & Stitch', 'Mrs. Kekoa');
INSERT IGNORE INTO Aktor (`nama_lengkap`) VALUES ('Kaipo Dudoit');
INSERT IGNORE INTO Peran VALUES ('Kaipo Dudoit', 'Lilo & Stitch', 'David');
INSERT IGNORE INTO Aktor (`nama_lengkap`) VALUES ('Hannah Waddingham');
INSERT IGNORE INTO Peran VALUES ('Hannah Waddingham', 'Lilo & Stitch', 'Grand Councilwoman (voice)');
INSERT IGNORE INTO Audio VALUES ('Lilo & Stitch', 'Jepang');
INSERT IGNORE INTO Audio VALUES ('Lilo & Stitch', 'Spanyol');
INSERT IGNORE INTO Subtitle VALUES ('Lilo & Stitch', 'Korea');
INSERT IGNORE INTO Subtitle VALUES ('Lilo & Stitch', 'Indonesia');
INSERT IGNORE INTO Subtitle VALUES ('Lilo & Stitch', 'Spanyol');
INSERT IGNORE INTO Subtitle VALUES ('Lilo & Stitch', 'Inggris');
INSERT IGNORE INTO Konten VALUES ('Belén', 'In the province of Tucumán, Argentina, follow Julieta, a young woman accused of infanticide, and Soledad Deza, the bold lawyer who risks everything to take on her highly controversial, precedent-setting case. As the trial unfolds, Julieta''s plight becomes a flashpoint in the battle against a conservative legal system —sparking a groundswell of outrage and a growing wave of solidarity that transcends borders.', 2025, 'NR', 'Film');
INSERT IGNORE INTO Film VALUES ('Belén', 105, 'Dolores Fonzi');
INSERT IGNORE INTO Genre_Konten VALUES ('Belén', 4);
INSERT IGNORE INTO Aktor (`nama_lengkap`) VALUES ('Dolores Fonzi');
INSERT IGNORE INTO Peran VALUES ('Dolores Fonzi', 'Belén', 'Soledad Deza');
INSERT IGNORE INTO Aktor (`nama_lengkap`) VALUES ('Camila Plaate');
INSERT IGNORE INTO Peran VALUES ('Camila Plaate', 'Belén', 'Julieta, "Belén"');
INSERT IGNORE INTO Aktor (`nama_lengkap`) VALUES ('Laura Paredes');
INSERT IGNORE INTO Peran VALUES ('Laura Paredes', 'Belén', 'Bárbara');
INSERT IGNORE INTO Aktor (`nama_lengkap`) VALUES ('Julieta Cardinali');
INSERT IGNORE INTO Peran VALUES ('Julieta Cardinali', 'Belén', 'Beatriz Camaño');
INSERT IGNORE INTO Aktor (`nama_lengkap`) VALUES ('Luis Machín');
INSERT IGNORE INTO Peran VALUES ('Luis Machín', 'Belén', 'Juez Fariña');
INSERT IGNORE INTO Aktor (`nama_lengkap`) VALUES ('César Troncoso');
INSERT IGNORE INTO Peran VALUES ('César Troncoso', 'Belén', 'Alfonso');
INSERT IGNORE INTO Aktor (`nama_lengkap`) VALUES ('Sergio Prina');
INSERT IGNORE INTO Peran VALUES ('Sergio Prina', 'Belén', 'Diego');
INSERT IGNORE INTO Aktor (`nama_lengkap`) VALUES ('Liliana Juárez');
INSERT IGNORE INTO Peran VALUES ('Liliana Juárez', 'Belén', 'Mabel');
INSERT IGNORE INTO Aktor (`nama_lengkap`) VALUES ('Ruth Plaate');
INSERT IGNORE INTO Peran VALUES ('Ruth Plaate', 'Belén', 'Mecha');
INSERT IGNORE INTO Audio VALUES ('Belén', 'Spanyol');
INSERT IGNORE INTO Audio VALUES ('Belén', 'Jepang');
INSERT IGNORE INTO Subtitle VALUES ('Belén', 'Indonesia');
INSERT IGNORE INTO Konten VALUES ('Bob Trevino Likes It', 'Lily Trevino unexpectedly befriends an online stranger who shares her self-centered father’s name. This new Bob Trevino’s support could transform her life.', 2025, 'PG-13', 'Film');
INSERT IGNORE INTO Film VALUES ('Bob Trevino Likes It', 102, 'Tracie Laymon');
INSERT IGNORE INTO Genre_Konten VALUES ('Bob Trevino Likes It', 8);
INSERT IGNORE INTO Genre_Konten VALUES ('Bob Trevino Likes It', 4);
INSERT IGNORE INTO Aktor (`nama_lengkap`) VALUES ('Barbie Ferreira');
INSERT IGNORE INTO Peran VALUES ('Barbie Ferreira', 'Bob Trevino Likes It', 'Lily Trevino');
INSERT IGNORE INTO Aktor (`nama_lengkap`) VALUES ('John Leguizamo');
INSERT IGNORE INTO Peran VALUES ('John Leguizamo', 'Bob Trevino Likes It', 'Bob Trevino');
INSERT IGNORE INTO Aktor (`nama_lengkap`) VALUES ('French Stewart');
INSERT IGNORE INTO Peran VALUES ('French Stewart', 'Bob Trevino Likes It', 'Robert');
INSERT IGNORE INTO Aktor (`nama_lengkap`) VALUES ('Lauren ''Lolo'' Spencer');
INSERT IGNORE INTO Peran VALUES ('Lauren ''Lolo'' Spencer', 'Bob Trevino Likes It', 'Daphne');
INSERT IGNORE INTO Aktor (`nama_lengkap`) VALUES ('Rachel Bay Jones');
INSERT IGNORE INTO Peran VALUES ('Rachel Bay Jones', 'Bob Trevino Likes It', 'Jeanie');
INSERT IGNORE INTO Aktor (`nama_lengkap`) VALUES ('Debra Stipe');
INSERT IGNORE INTO Peran VALUES ('Debra Stipe', 'Bob Trevino Likes It', 'Helene');
INSERT IGNORE INTO Aktor (`nama_lengkap`) VALUES ('Ashlyn Moore');
INSERT IGNORE INTO Peran VALUES ('Ashlyn Moore', 'Bob Trevino Likes It', 'Counselor');
INSERT IGNORE INTO Aktor (`nama_lengkap`) VALUES ('Phil Elam');
INSERT IGNORE INTO Peran VALUES ('Phil Elam', 'Bob Trevino Likes It', 'Admin');
INSERT IGNORE INTO Aktor (`nama_lengkap`) VALUES ('Tony Milder');
INSERT IGNORE INTO Peran VALUES ('Tony Milder', 'Bob Trevino Likes It', 'Inspector');
INSERT IGNORE INTO Aktor (`nama_lengkap`) VALUES ('Ted Welch');
INSERT IGNORE INTO Peran VALUES ('Ted Welch', 'Bob Trevino Likes It', 'Harlan');
INSERT IGNORE INTO Audio VALUES ('Bob Trevino Likes It', 'Jepang');
INSERT IGNORE INTO Audio VALUES ('Bob Trevino Likes It', 'Inggris');
INSERT IGNORE INTO Subtitle VALUES ('Bob Trevino Likes It', 'Inggris');
INSERT IGNORE INTO Subtitle VALUES ('Bob Trevino Likes It', 'Korea');
INSERT IGNORE INTO Subtitle VALUES ('Bob Trevino Likes It', 'Spanyol');
INSERT IGNORE INTO Subtitle VALUES ('Bob Trevino Likes It', 'Jepang');
INSERT IGNORE INTO Konten VALUES ('Pets on a Train', 'When a train unexpectedly starts up, taking only pets with it, the animals discover that Hans, a badger with a grudge is behind it all. While the crash seems inevitable, the animals can count on Falcon, a roguish Raccoon who will do anything to save them.', 2025, 'PG', 'Film');
INSERT IGNORE INTO Film VALUES ('Pets on a Train', 87, 'Benoît Daffis');
INSERT IGNORE INTO Genre_Konten VALUES ('Pets on a Train', 12);
INSERT IGNORE INTO Genre_Konten VALUES ('Pets on a Train', 8);
INSERT IGNORE INTO Genre_Konten VALUES ('Pets on a Train', 7);
INSERT IGNORE INTO Genre_Konten VALUES ('Pets on a Train', 3);
INSERT IGNORE INTO Aktor (`nama_lengkap`) VALUES ('Damien Ferrette');
INSERT IGNORE INTO Peran VALUES ('Damien Ferrette', 'Pets on a Train', 'Falcon (voice)');
INSERT IGNORE INTO Aktor (`nama_lengkap`) VALUES ('Hervé Jolly');
INSERT IGNORE INTO Peran VALUES ('Hervé Jolly', 'Pets on a Train', 'Rex (voice)');
INSERT IGNORE INTO Aktor (`nama_lengkap`) VALUES ('Kaycie Chase');
INSERT IGNORE INTO Peran VALUES ('Kaycie Chase', 'Pets on a Train', 'Maguy (voice)');
INSERT IGNORE INTO Aktor (`nama_lengkap`) VALUES ('Frantz Confiac');
INSERT IGNORE INTO Peran VALUES ('Frantz Confiac', 'Pets on a Train', 'Hans (voice)');
INSERT IGNORE INTO Aktor (`nama_lengkap`) VALUES ('Emmanuel Garijo');
INSERT IGNORE INTO Peran VALUES ('Emmanuel Garijo', 'Pets on a Train', 'Randy / Jimi (voice)');
INSERT IGNORE INTO Aktor (`nama_lengkap`) VALUES ('Nicolas Marié');
INSERT IGNORE INTO Peran VALUES ('Nicolas Marié', 'Pets on a Train', 'Rico (voice)');
INSERT IGNORE INTO Aktor (`nama_lengkap`) VALUES ('Stéphane Ronchewski');
INSERT IGNORE INTO Peran VALUES ('Stéphane Ronchewski', 'Pets on a Train', 'Victor (voice)');
INSERT IGNORE INTO Aktor (`nama_lengkap`) VALUES ('Sébastien Desjours');
INSERT IGNORE INTO Peran VALUES ('Sébastien Desjours', 'Pets on a Train', 'Croquette / Coco (voice)');
INSERT IGNORE INTO Audio VALUES ('Pets on a Train', 'Inggris');
INSERT IGNORE INTO Subtitle VALUES ('Pets on a Train', 'Jepang');
INSERT IGNORE INTO Subtitle VALUES ('Pets on a Train', 'Inggris');
INSERT IGNORE INTO Subtitle VALUES ('Pets on a Train', 'Indonesia');
INSERT IGNORE INTO Konten VALUES ('The Book', '', 2024, 'NR', 'Film');
INSERT IGNORE INTO Film VALUES ('The Book', 0, 'Bernardo Hernández');
INSERT IGNORE INTO Genre_Konten VALUES ('The Book', 5);
INSERT IGNORE INTO Genre_Konten VALUES ('The Book', 3);
INSERT IGNORE INTO Aktor (`nama_lengkap`) VALUES ('Nahia Laiz');
INSERT IGNORE INTO Peran VALUES ('Nahia Laiz', 'The Book', 'Verónica');
INSERT IGNORE INTO Aktor (`nama_lengkap`) VALUES ('Abdelatif Hwidar');
INSERT IGNORE INTO Peran VALUES ('Abdelatif Hwidar', 'The Book', 'Anticuario');
INSERT IGNORE INTO Aktor (`nama_lengkap`) VALUES ('Miguel Ramiro');
INSERT IGNORE INTO Peran VALUES ('Miguel Ramiro', 'The Book', 'Álex');
INSERT IGNORE INTO Aktor (`nama_lengkap`) VALUES ('Celina Ruiz');
INSERT IGNORE INTO Peran VALUES ('Celina Ruiz', 'The Book', '');
INSERT IGNORE INTO Aktor (`nama_lengkap`) VALUES ('Moncha Molina');
INSERT IGNORE INTO Peran VALUES ('Moncha Molina', 'The Book', '');
INSERT IGNORE INTO Audio VALUES ('The Book', 'Spanyol');
INSERT IGNORE INTO Audio VALUES ('The Book', 'Indonesia');
INSERT IGNORE INTO Audio VALUES ('The Book', 'Jepang');
INSERT IGNORE INTO Subtitle VALUES ('The Book', 'Inggris');
INSERT IGNORE INTO Subtitle VALUES ('The Book', 'Korea');
INSERT IGNORE INTO Subtitle VALUES ('The Book', 'Spanyol');
INSERT IGNORE INTO Konten VALUES ('Ne Zha 2', 'After a catastrophic event leaves their bodies destroyed, Ne Zha and Ao Bing are granted a fragile second chance at life. As tensions rise between the dragon clans and celestial forces, the two must undergo a series of perilous trials that will test their bond, challenge their identities, and decide the fate of both mortals and immortals.', 2025, 'SU', 'Film');
INSERT IGNORE INTO Film VALUES ('Ne Zha 2', 144, 'Yang Yu');
INSERT IGNORE INTO Genre_Konten VALUES ('Ne Zha 2', 12);
INSERT IGNORE INTO Genre_Konten VALUES ('Ne Zha 2', 6);
INSERT IGNORE INTO Genre_Konten VALUES ('Ne Zha 2', 7);
INSERT IGNORE INTO Genre_Konten VALUES ('Ne Zha 2', 1);
INSERT IGNORE INTO Aktor (`nama_lengkap`) VALUES ('Lu Yanting');
INSERT IGNORE INTO Peran VALUES ('Lu Yanting', 'Ne Zha 2', '儿童哪吒（配音）');
INSERT IGNORE INTO Aktor (`nama_lengkap`) VALUES ('Joseph');
INSERT IGNORE INTO Peran VALUES ('Joseph', 'Ne Zha 2', '少年哪吒 / 结界兽左（配音）');
INSERT IGNORE INTO Aktor (`nama_lengkap`) VALUES ('Han Mo');
INSERT IGNORE INTO Peran VALUES ('Han Mo', 'Ne Zha 2', '敖丙（配音）');
INSERT IGNORE INTO Aktor (`nama_lengkap`) VALUES ('Chen Hao');
INSERT IGNORE INTO Peran VALUES ('Chen Hao', 'Ne Zha 2', '李靖（配音）');
INSERT IGNORE INTO Aktor (`nama_lengkap`) VALUES ('Lu Qi');
INSERT IGNORE INTO Peran VALUES ('Lu Qi', 'Ne Zha 2', '殷夫人（配音）');
INSERT IGNORE INTO Aktor (`nama_lengkap`) VALUES ('Zhang Jiaming');
INSERT IGNORE INTO Peran VALUES ('Zhang Jiaming', 'Ne Zha 2', '太乙真人（配音）');
INSERT IGNORE INTO Aktor (`nama_lengkap`) VALUES ('Yang Wei');
INSERT IGNORE INTO Peran VALUES ('Yang Wei', 'Ne Zha 2', '申公豹（配音）');
INSERT IGNORE INTO Aktor (`nama_lengkap`) VALUES ('Wang Deshun');
INSERT IGNORE INTO Peran VALUES ('Wang Deshun', 'Ne Zha 2', '无量仙翁（配音）');
INSERT IGNORE INTO Aktor (`nama_lengkap`) VALUES ('Yu Chen');
INSERT IGNORE INTO Peran VALUES ('Yu Chen', 'Ne Zha 2', '东海龙王敖光(人形) / 卖字先生（配音）');
INSERT IGNORE INTO Aktor (`nama_lengkap`) VALUES ('Li Nan');
INSERT IGNORE INTO Peran VALUES ('Li Nan', 'Ne Zha 2', '东海龙王(龙形)（配音）');
INSERT IGNORE INTO Audio VALUES ('Ne Zha 2', 'Korea');
INSERT IGNORE INTO Audio VALUES ('Ne Zha 2', 'Inggris');
INSERT IGNORE INTO Audio VALUES ('Ne Zha 2', 'Jepang');
INSERT IGNORE INTO Subtitle VALUES ('Ne Zha 2', 'Inggris');
INSERT IGNORE INTO Subtitle VALUES ('Ne Zha 2', 'Jepang');
INSERT IGNORE INTO Subtitle VALUES ('Ne Zha 2', 'Spanyol');
INSERT IGNORE INTO Subtitle VALUES ('Ne Zha 2', 'Korea');
INSERT IGNORE INTO Konten VALUES ('Ballerina', 'Taking place during the events of John Wick: Chapter 3 – Parabellum, Eve Macarro begins her training in the assassin traditions of the Ruska Roma.', 2025, '17+', 'Film');
INSERT IGNORE INTO Film VALUES ('Ballerina', 125, 'Len Wiseman');
INSERT IGNORE INTO Genre_Konten VALUES ('Ballerina', 1);
INSERT IGNORE INTO Genre_Konten VALUES ('Ballerina', 3);
INSERT IGNORE INTO Genre_Konten VALUES ('Ballerina', 2);
INSERT IGNORE INTO Aktor (`nama_lengkap`) VALUES ('Ana de Armas');
INSERT IGNORE INTO Peran VALUES ('Ana de Armas', 'Ballerina', 'Eve');
INSERT IGNORE INTO Aktor (`nama_lengkap`) VALUES ('Keanu Reeves');
INSERT IGNORE INTO Peran VALUES ('Keanu Reeves', 'Ballerina', 'John Wick');
INSERT IGNORE INTO Aktor (`nama_lengkap`) VALUES ('Ian McShane');
INSERT IGNORE INTO Peran VALUES ('Ian McShane', 'Ballerina', 'Winston');
INSERT IGNORE INTO Aktor (`nama_lengkap`) VALUES ('Anjelica Huston');
INSERT IGNORE INTO Peran VALUES ('Anjelica Huston', 'Ballerina', 'The Director');
INSERT IGNORE INTO Aktor (`nama_lengkap`) VALUES ('Gabriel Byrne');
INSERT IGNORE INTO Peran VALUES ('Gabriel Byrne', 'Ballerina', 'The Chancellor');
INSERT IGNORE INTO Aktor (`nama_lengkap`) VALUES ('Catalina Sandino Moreno');
INSERT IGNORE INTO Peran VALUES ('Catalina Sandino Moreno', 'Ballerina', 'Lena');
INSERT IGNORE INTO Aktor (`nama_lengkap`) VALUES ('Ava McCarthy');
INSERT IGNORE INTO Peran VALUES ('Ava McCarthy', 'Ballerina', 'Ella');
INSERT IGNORE INTO Aktor (`nama_lengkap`) VALUES ('Juliet Doherty');
INSERT IGNORE INTO Peran VALUES ('Juliet Doherty', 'Ballerina', 'Tatiana');
INSERT IGNORE INTO Aktor (`nama_lengkap`) VALUES ('Norman Reedus');
INSERT IGNORE INTO Peran VALUES ('Norman Reedus', 'Ballerina', 'Daniel Pine');
INSERT IGNORE INTO Aktor (`nama_lengkap`) VALUES ('Lance Reddick');
INSERT IGNORE INTO Peran VALUES ('Lance Reddick', 'Ballerina', 'Charon');
INSERT IGNORE INTO Audio VALUES ('Ballerina', 'Jepang');
INSERT IGNORE INTO Audio VALUES ('Ballerina', 'Korea');
INSERT IGNORE INTO Subtitle VALUES ('Ballerina', 'Indonesia');
INSERT IGNORE INTO Subtitle VALUES ('Ballerina', 'Korea');
INSERT IGNORE INTO Subtitle VALUES ('Ballerina', 'Jepang');
INSERT IGNORE INTO Subtitle VALUES ('Ballerina', 'Inggris');
INSERT IGNORE INTO Konten VALUES ('The Jester 2', 'When teen magician Max crosses paths with the sinister Jester on Halloween night, she must outsmart a supernatural killer whose magic is all too real and whose tricks always end up in blood.', 2025, 'NR', 'Film');
INSERT IGNORE INTO Film VALUES ('The Jester 2', 87, 'Colin Krawchuk');
INSERT IGNORE INTO Genre_Konten VALUES ('The Jester 2', 5);
INSERT IGNORE INTO Genre_Konten VALUES ('The Jester 2', 3);
INSERT IGNORE INTO Genre_Konten VALUES ('The Jester 2', 2);
INSERT IGNORE INTO Aktor (`nama_lengkap`) VALUES ('Michael Sheffield');
INSERT IGNORE INTO Peran VALUES ('Michael Sheffield', 'The Jester 2', 'The Jester');
INSERT IGNORE INTO Aktor (`nama_lengkap`) VALUES ('Kaitlyn Trentham');
INSERT IGNORE INTO Peran VALUES ('Kaitlyn Trentham', 'The Jester 2', 'Max');
INSERT IGNORE INTO Aktor (`nama_lengkap`) VALUES ('Dingani Beza');
INSERT IGNORE INTO Peran VALUES ('Dingani Beza', 'The Jester 2', 'Willie');
INSERT IGNORE INTO Aktor (`nama_lengkap`) VALUES ('Hassen Kacem');
INSERT IGNORE INTO Peran VALUES ('Hassen Kacem', 'The Jester 2', 'Logan');
INSERT IGNORE INTO Aktor (`nama_lengkap`) VALUES ('Jessica Ambuehl');
INSERT IGNORE INTO Peran VALUES ('Jessica Ambuehl', 'The Jester 2', 'Mom');
INSERT IGNORE INTO Aktor (`nama_lengkap`) VALUES ('Charles Mckee');
INSERT IGNORE INTO Peran VALUES ('Charles Mckee', 'The Jester 2', 'Diner Patron');
INSERT IGNORE INTO Aktor (`nama_lengkap`) VALUES ('Patrick Loree');
INSERT IGNORE INTO Peran VALUES ('Patrick Loree', 'The Jester 2', 'Darren');
INSERT IGNORE INTO Audio VALUES ('The Jester 2', 'Indonesia');
INSERT IGNORE INTO Audio VALUES ('The Jester 2', 'Spanyol');
INSERT IGNORE INTO Subtitle VALUES ('The Jester 2', 'Inggris');
INSERT IGNORE INTO Subtitle VALUES ('The Jester 2', 'Indonesia');
INSERT IGNORE INTO Subtitle VALUES ('The Jester 2', 'Spanyol');
INSERT IGNORE INTO Konten VALUES ('Groom & Two Brides', 'Adam is allergic to love, but somehow ends up engaged to both his boss''s daughter and his first love. Now he must try to keep his double life a secret.', 2025, '13+', 'Film');
INSERT IGNORE INTO Film VALUES ('Groom & Two Brides', 0, 'Elie El Semaan');
INSERT IGNORE INTO Genre_Konten VALUES ('Groom & Two Brides', 13);
INSERT IGNORE INTO Genre_Konten VALUES ('Groom & Two Brides', 8);
INSERT IGNORE INTO Aktor (`nama_lengkap`) VALUES ('Abdullah Boushahri');
INSERT IGNORE INTO Peran VALUES ('Abdullah Boushahri', 'Groom & Two Brides', 'Adam');
INSERT IGNORE INTO Aktor (`nama_lengkap`) VALUES ('Lulwa Al-Mulla');
INSERT IGNORE INTO Peran VALUES ('Lulwa Al-Mulla', 'Groom & Two Brides', 'Sama');
INSERT IGNORE INTO Aktor (`nama_lengkap`) VALUES ('Layla Abdullah');
INSERT IGNORE INTO Peran VALUES ('Layla Abdullah', 'Groom & Two Brides', 'Yasmine');
INSERT IGNORE INTO Aktor (`nama_lengkap`) VALUES ('Hamad Ashknani');
INSERT IGNORE INTO Peran VALUES ('Hamad Ashknani', 'Groom & Two Brides', 'Talal');
INSERT IGNORE INTO Aktor (`nama_lengkap`) VALUES ('Sara Abi Kanaan');
INSERT IGNORE INTO Peran VALUES ('Sara Abi Kanaan', 'Groom & Two Brides', 'Hala');
INSERT IGNORE INTO Aktor (`nama_lengkap`) VALUES ('Shihab Hajiyeh');
INSERT IGNORE INTO Peran VALUES ('Shihab Hajiyeh', 'Groom & Two Brides', '');
INSERT IGNORE INTO Audio VALUES ('Groom & Two Brides', 'Korea');
INSERT IGNORE INTO Audio VALUES ('Groom & Two Brides', 'Inggris');
INSERT IGNORE INTO Subtitle VALUES ('Groom & Two Brides', 'Jepang');
INSERT IGNORE INTO Konten VALUES ('The Naked Gun', 'Only one man has the particular set of skills... to lead Police Squad and save the world: Lt. Frank Drebin Jr. Following in his father''s footsteps, he must solve a murder case to prevent Police Squad from closure.', 2025, '17+', 'Film');
INSERT IGNORE INTO Film VALUES ('The Naked Gun', 85, 'Akiva Schaffer');
INSERT IGNORE INTO Genre_Konten VALUES ('The Naked Gun', 1);
INSERT IGNORE INTO Genre_Konten VALUES ('The Naked Gun', 8);
INSERT IGNORE INTO Genre_Konten VALUES ('The Naked Gun', 2);
INSERT IGNORE INTO Aktor (`nama_lengkap`) VALUES ('Liam Neeson');
INSERT IGNORE INTO Peran VALUES ('Liam Neeson', 'The Naked Gun', 'Frank Drebin Jr.');
INSERT IGNORE INTO Aktor (`nama_lengkap`) VALUES ('Pamela Anderson');
INSERT IGNORE INTO Peran VALUES ('Pamela Anderson', 'The Naked Gun', 'Beth Davenport');
INSERT IGNORE INTO Aktor (`nama_lengkap`) VALUES ('Paul Walter Hauser');
INSERT IGNORE INTO Peran VALUES ('Paul Walter Hauser', 'The Naked Gun', 'Ed Hocken Jr.');
INSERT IGNORE INTO Aktor (`nama_lengkap`) VALUES ('Danny Huston');
INSERT IGNORE INTO Peran VALUES ('Danny Huston', 'The Naked Gun', 'Richard Cane');
INSERT IGNORE INTO Aktor (`nama_lengkap`) VALUES ('CCH Pounder');
INSERT IGNORE INTO Peran VALUES ('CCH Pounder', 'The Naked Gun', 'Chief Davis');
INSERT IGNORE INTO Aktor (`nama_lengkap`) VALUES ('Kevin Durand');
INSERT IGNORE INTO Peran VALUES ('Kevin Durand', 'The Naked Gun', 'Sig Gustafson');
INSERT IGNORE INTO Aktor (`nama_lengkap`) VALUES ('Liza Koshy');
INSERT IGNORE INTO Peran VALUES ('Liza Koshy', 'The Naked Gun', 'Detective Barnes');
INSERT IGNORE INTO Aktor (`nama_lengkap`) VALUES ('Eddie Yu');
INSERT IGNORE INTO Peran VALUES ('Eddie Yu', 'The Naked Gun', 'Detective Park');
INSERT IGNORE INTO Aktor (`nama_lengkap`) VALUES ('Michael Beasley');
INSERT IGNORE INTO Peran VALUES ('Michael Beasley', 'The Naked Gun', 'Detective Taylor');
INSERT IGNORE INTO Aktor (`nama_lengkap`) VALUES ('Moses Jones');
INSERT IGNORE INTO Peran VALUES ('Moses Jones', 'The Naked Gun', 'Not Nordberg Jr.');
INSERT IGNORE INTO Audio VALUES ('The Naked Gun', 'Indonesia');
INSERT IGNORE INTO Audio VALUES ('The Naked Gun', 'Spanyol');
INSERT IGNORE INTO Audio VALUES ('The Naked Gun', 'Inggris');
INSERT IGNORE INTO Subtitle VALUES ('The Naked Gun', 'Korea');
INSERT IGNORE INTO Konten VALUES ('Genshin Impact: Star Odyssey', 'Looking up, she could see the night sky embracing all that is. In that moment, a thousand emotions crystallized into questions. Where hang the sun and moon? What canvas depicts the stars? The infinite universe and breadth of time question the smallness of man. Yet it is these small specimens of mortality who may embark on long voyages, the power to create miracles firmly within their grasp.', 2025, 'NR', 'Film');
INSERT IGNORE INTO Film VALUES ('Genshin Impact: Star Odyssey', 3, NULL);
INSERT IGNORE INTO Genre_Konten VALUES ('Genshin Impact: Star Odyssey', 12);
INSERT IGNORE INTO Genre_Konten VALUES ('Genshin Impact: Star Odyssey', 14);
INSERT IGNORE INTO Aktor (`nama_lengkap`) VALUES ('Ryohei Kimura');
INSERT IGNORE INTO Peran VALUES ('Ryohei Kimura', 'Genshin Impact: Star Odyssey', 'Tartaglia');
INSERT IGNORE INTO Aktor (`nama_lengkap`) VALUES ('Inori Minase');
INSERT IGNORE INTO Peran VALUES ('Inori Minase', 'Genshin Impact: Star Odyssey', 'Furina');
INSERT IGNORE INTO Aktor (`nama_lengkap`) VALUES ('Kikuko Inoue');
INSERT IGNORE INTO Peran VALUES ('Kikuko Inoue', 'Genshin Impact: Star Odyssey', 'Alice');
INSERT IGNORE INTO Aktor (`nama_lengkap`) VALUES ('Mamiko Noto');
INSERT IGNORE INTO Peran VALUES ('Mamiko Noto', 'Genshin Impact: Star Odyssey', 'Skirk');
INSERT IGNORE INTO Aktor (`nama_lengkap`) VALUES ('Ryota Takeuchi');
INSERT IGNORE INTO Peran VALUES ('Ryota Takeuchi', 'Genshin Impact: Star Odyssey', 'Surtalogi');
INSERT IGNORE INTO Aktor (`nama_lengkap`) VALUES ('Kenjiro Tsuda');
INSERT IGNORE INTO Peran VALUES ('Kenjiro Tsuda', 'Genshin Impact: Star Odyssey', 'Dainsleif');
INSERT IGNORE INTO Audio VALUES ('Genshin Impact: Star Odyssey', 'Indonesia');
INSERT IGNORE INTO Subtitle VALUES ('Genshin Impact: Star Odyssey', 'Jepang');
INSERT IGNORE INTO Subtitle VALUES ('Genshin Impact: Star Odyssey', 'Korea');
INSERT IGNORE INTO Konten VALUES ('Weapons', 'When all but one child from the same class mysteriously vanish on the same night at exactly the same time, a community is left questioning who or what is behind their disappearance.', 2025, '17+', 'Film');
INSERT IGNORE INTO Film VALUES ('Weapons', 129, 'Zach Cregger');
INSERT IGNORE INTO Genre_Konten VALUES ('Weapons', 5);
INSERT IGNORE INTO Genre_Konten VALUES ('Weapons', 11);
INSERT IGNORE INTO Aktor (`nama_lengkap`) VALUES ('Julia Garner');
INSERT IGNORE INTO Peran VALUES ('Julia Garner', 'Weapons', 'Justine');
INSERT IGNORE INTO Aktor (`nama_lengkap`) VALUES ('Josh Brolin');
INSERT IGNORE INTO Peran VALUES ('Josh Brolin', 'Weapons', 'Archer');
INSERT IGNORE INTO Aktor (`nama_lengkap`) VALUES ('Alden Ehrenreich');
INSERT IGNORE INTO Peran VALUES ('Alden Ehrenreich', 'Weapons', 'Paul');
INSERT IGNORE INTO Aktor (`nama_lengkap`) VALUES ('Austin Abrams');
INSERT IGNORE INTO Peran VALUES ('Austin Abrams', 'Weapons', 'James');
INSERT IGNORE INTO Aktor (`nama_lengkap`) VALUES ('Benedict Wong');
INSERT IGNORE INTO Peran VALUES ('Benedict Wong', 'Weapons', 'Marcus');
INSERT IGNORE INTO Aktor (`nama_lengkap`) VALUES ('Amy Madigan');
INSERT IGNORE INTO Peran VALUES ('Amy Madigan', 'Weapons', 'Gladys');
INSERT IGNORE INTO Aktor (`nama_lengkap`) VALUES ('Cary Christopher');
INSERT IGNORE INTO Peran VALUES ('Cary Christopher', 'Weapons', 'Alex');
INSERT IGNORE INTO Aktor (`nama_lengkap`) VALUES ('Toby Huss');
INSERT IGNORE INTO Peran VALUES ('Toby Huss', 'Weapons', 'Captain Ed');
INSERT IGNORE INTO Aktor (`nama_lengkap`) VALUES ('Whitmer Thomas');
INSERT IGNORE INTO Peran VALUES ('Whitmer Thomas', 'Weapons', 'Alex''s Dad');
INSERT IGNORE INTO Aktor (`nama_lengkap`) VALUES ('Callie Schuttera');
INSERT IGNORE INTO Peran VALUES ('Callie Schuttera', 'Weapons', 'Alex''s Mom');
INSERT IGNORE INTO Audio VALUES ('Weapons', 'Jepang');
INSERT IGNORE INTO Subtitle VALUES ('Weapons', 'Indonesia');
INSERT IGNORE INTO Subtitle VALUES ('Weapons', 'Inggris');
INSERT IGNORE INTO Subtitle VALUES ('Weapons', 'Jepang');
INSERT IGNORE INTO Konten VALUES ('The Naked Gun', 'Only one man has the particular set of skills... to lead Police Squad and save the world: Lt. Frank Drebin Jr. Following in his father''s footsteps, he must solve a murder case to prevent Police Squad from closure.', 2025, '17+', 'Film');
INSERT IGNORE INTO Film VALUES ('The Naked Gun', 85, 'Akiva Schaffer');
INSERT IGNORE INTO Genre_Konten VALUES ('The Naked Gun', 1);
INSERT IGNORE INTO Genre_Konten VALUES ('The Naked Gun', 8);
INSERT IGNORE INTO Genre_Konten VALUES ('The Naked Gun', 2);
INSERT IGNORE INTO Aktor (`nama_lengkap`) VALUES ('Liam Neeson');
INSERT IGNORE INTO Peran VALUES ('Liam Neeson', 'The Naked Gun', 'Frank Drebin Jr.');
INSERT IGNORE INTO Aktor (`nama_lengkap`) VALUES ('Pamela Anderson');
INSERT IGNORE INTO Peran VALUES ('Pamela Anderson', 'The Naked Gun', 'Beth Davenport');
INSERT IGNORE INTO Aktor (`nama_lengkap`) VALUES ('Paul Walter Hauser');
INSERT IGNORE INTO Peran VALUES ('Paul Walter Hauser', 'The Naked Gun', 'Ed Hocken Jr.');
INSERT IGNORE INTO Aktor (`nama_lengkap`) VALUES ('Danny Huston');
INSERT IGNORE INTO Peran VALUES ('Danny Huston', 'The Naked Gun', 'Richard Cane');
INSERT IGNORE INTO Aktor (`nama_lengkap`) VALUES ('CCH Pounder');
INSERT IGNORE INTO Peran VALUES ('CCH Pounder', 'The Naked Gun', 'Chief Davis');
INSERT IGNORE INTO Aktor (`nama_lengkap`) VALUES ('Kevin Durand');
INSERT IGNORE INTO Peran VALUES ('Kevin Durand', 'The Naked Gun', 'Sig Gustafson');
INSERT IGNORE INTO Aktor (`nama_lengkap`) VALUES ('Liza Koshy');
INSERT IGNORE INTO Peran VALUES ('Liza Koshy', 'The Naked Gun', 'Detective Barnes');
INSERT IGNORE INTO Aktor (`nama_lengkap`) VALUES ('Eddie Yu');
INSERT IGNORE INTO Peran VALUES ('Eddie Yu', 'The Naked Gun', 'Detective Park');
INSERT IGNORE INTO Aktor (`nama_lengkap`) VALUES ('Michael Beasley');
INSERT IGNORE INTO Peran VALUES ('Michael Beasley', 'The Naked Gun', 'Detective Taylor');
INSERT IGNORE INTO Aktor (`nama_lengkap`) VALUES ('Moses Jones');
INSERT IGNORE INTO Peran VALUES ('Moses Jones', 'The Naked Gun', 'Not Nordberg Jr.');
INSERT IGNORE INTO Audio VALUES ('The Naked Gun', 'Spanyol');
INSERT IGNORE INTO Subtitle VALUES ('The Naked Gun', 'Jepang');
INSERT IGNORE INTO Konten VALUES ('Pets on a Train', 'When a train unexpectedly starts up, taking only pets with it, the animals discover that Hans, a badger with a grudge is behind it all. While the crash seems inevitable, the animals can count on Falcon, a roguish Raccoon who will do anything to save them.', 2025, 'PG', 'Film');
INSERT IGNORE INTO Film VALUES ('Pets on a Train', 87, 'Benoît Daffis');
INSERT IGNORE INTO Genre_Konten VALUES ('Pets on a Train', 12);
INSERT IGNORE INTO Genre_Konten VALUES ('Pets on a Train', 8);
INSERT IGNORE INTO Genre_Konten VALUES ('Pets on a Train', 7);
INSERT IGNORE INTO Genre_Konten VALUES ('Pets on a Train', 3);
INSERT IGNORE INTO Aktor (`nama_lengkap`) VALUES ('Damien Ferrette');
INSERT IGNORE INTO Peran VALUES ('Damien Ferrette', 'Pets on a Train', 'Falcon (voice)');
INSERT IGNORE INTO Aktor (`nama_lengkap`) VALUES ('Hervé Jolly');
INSERT IGNORE INTO Peran VALUES ('Hervé Jolly', 'Pets on a Train', 'Rex (voice)');
INSERT IGNORE INTO Aktor (`nama_lengkap`) VALUES ('Kaycie Chase');
INSERT IGNORE INTO Peran VALUES ('Kaycie Chase', 'Pets on a Train', 'Maguy (voice)');
INSERT IGNORE INTO Aktor (`nama_lengkap`) VALUES ('Frantz Confiac');
INSERT IGNORE INTO Peran VALUES ('Frantz Confiac', 'Pets on a Train', 'Hans (voice)');
INSERT IGNORE INTO Aktor (`nama_lengkap`) VALUES ('Emmanuel Garijo');
INSERT IGNORE INTO Peran VALUES ('Emmanuel Garijo', 'Pets on a Train', 'Randy / Jimi (voice)');
INSERT IGNORE INTO Aktor (`nama_lengkap`) VALUES ('Nicolas Marié');
INSERT IGNORE INTO Peran VALUES ('Nicolas Marié', 'Pets on a Train', 'Rico (voice)');
INSERT IGNORE INTO Aktor (`nama_lengkap`) VALUES ('Stéphane Ronchewski');
INSERT IGNORE INTO Peran VALUES ('Stéphane Ronchewski', 'Pets on a Train', 'Victor (voice)');
INSERT IGNORE INTO Aktor (`nama_lengkap`) VALUES ('Sébastien Desjours');
INSERT IGNORE INTO Peran VALUES ('Sébastien Desjours', 'Pets on a Train', 'Croquette / Coco (voice)');
INSERT IGNORE INTO Audio VALUES ('Pets on a Train', 'Korea');
INSERT IGNORE INTO Audio VALUES ('Pets on a Train', 'Inggris');
INSERT IGNORE INTO Audio VALUES ('Pets on a Train', 'Spanyol');
INSERT IGNORE INTO Subtitle VALUES ('Pets on a Train', 'Korea');
INSERT IGNORE INTO Subtitle VALUES ('Pets on a Train', 'Indonesia');
INSERT IGNORE INTO Subtitle VALUES ('Pets on a Train', 'Spanyol');
INSERT IGNORE INTO Konten VALUES ('The Hand That Rocks the Cradle', 'Suburban couple Caitlin and Miguel hire seemingly sweet Polly to take care of their newborn baby. But Polly''s true motives have little to do with singing lullabies...', 2025, 'R', 'Film');
INSERT IGNORE INTO Film VALUES ('The Hand That Rocks the Cradle', 105, 'Michelle Garza Cervera');
INSERT IGNORE INTO Genre_Konten VALUES ('The Hand That Rocks the Cradle', 3);
INSERT IGNORE INTO Aktor (`nama_lengkap`) VALUES ('Maika Monroe');
INSERT IGNORE INTO Peran VALUES ('Maika Monroe', 'The Hand That Rocks the Cradle', 'Polly Murphy');
INSERT IGNORE INTO Aktor (`nama_lengkap`) VALUES ('Mary Elizabeth Winstead');
INSERT IGNORE INTO Peran VALUES ('Mary Elizabeth Winstead', 'The Hand That Rocks the Cradle', 'Caitlin Morales');
INSERT IGNORE INTO Aktor (`nama_lengkap`) VALUES ('Raúl Castillo');
INSERT IGNORE INTO Peran VALUES ('Raúl Castillo', 'The Hand That Rocks the Cradle', 'Miguel Morales');
INSERT IGNORE INTO Aktor (`nama_lengkap`) VALUES ('Mileiah Vega');
INSERT IGNORE INTO Peran VALUES ('Mileiah Vega', 'The Hand That Rocks the Cradle', 'Emma Morales');
INSERT IGNORE INTO Aktor (`nama_lengkap`) VALUES ('Nora Contreras');
INSERT IGNORE INTO Peran VALUES ('Nora Contreras', 'The Hand That Rocks the Cradle', 'Josie Morales');
INSERT IGNORE INTO Aktor (`nama_lengkap`) VALUES ('Lola Contreras');
INSERT IGNORE INTO Peran VALUES ('Lola Contreras', 'The Hand That Rocks the Cradle', 'Josie Morales');
INSERT IGNORE INTO Aktor (`nama_lengkap`) VALUES ('Martin Starr');
INSERT IGNORE INTO Peran VALUES ('Martin Starr', 'The Hand That Rocks the Cradle', 'Stewart');
INSERT IGNORE INTO Aktor (`nama_lengkap`) VALUES ('Yvette Lu');
INSERT IGNORE INTO Peran VALUES ('Yvette Lu', 'The Hand That Rocks the Cradle', 'Amelia');
INSERT IGNORE INTO Aktor (`nama_lengkap`) VALUES ('Riki Lindhome');
INSERT IGNORE INTO Peran VALUES ('Riki Lindhome', 'The Hand That Rocks the Cradle', 'Bethanny');
INSERT IGNORE INTO Aktor (`nama_lengkap`) VALUES ('Shannon Cochran');
INSERT IGNORE INTO Peran VALUES ('Shannon Cochran', 'The Hand That Rocks the Cradle', 'Rosanna');
INSERT IGNORE INTO Audio VALUES ('The Hand That Rocks the Cradle', 'Inggris');
INSERT IGNORE INTO Audio VALUES ('The Hand That Rocks the Cradle', 'Indonesia');
INSERT IGNORE INTO Subtitle VALUES ('The Hand That Rocks the Cradle', 'Jepang');
INSERT IGNORE INTO Konten VALUES ('The Jester 2', 'When teen magician Max crosses paths with the sinister Jester on Halloween night, she must outsmart a supernatural killer whose magic is all too real and whose tricks always end up in blood.', 2025, 'NR', 'Film');
INSERT IGNORE INTO Film VALUES ('The Jester 2', 87, 'Colin Krawchuk');
INSERT IGNORE INTO Genre_Konten VALUES ('The Jester 2', 5);
INSERT IGNORE INTO Genre_Konten VALUES ('The Jester 2', 3);
INSERT IGNORE INTO Genre_Konten VALUES ('The Jester 2', 2);
INSERT IGNORE INTO Aktor (`nama_lengkap`) VALUES ('Michael Sheffield');
INSERT IGNORE INTO Peran VALUES ('Michael Sheffield', 'The Jester 2', 'The Jester');
INSERT IGNORE INTO Aktor (`nama_lengkap`) VALUES ('Kaitlyn Trentham');
INSERT IGNORE INTO Peran VALUES ('Kaitlyn Trentham', 'The Jester 2', 'Max');
INSERT IGNORE INTO Aktor (`nama_lengkap`) VALUES ('Dingani Beza');
INSERT IGNORE INTO Peran VALUES ('Dingani Beza', 'The Jester 2', 'Willie');
INSERT IGNORE INTO Aktor (`nama_lengkap`) VALUES ('Hassen Kacem');
INSERT IGNORE INTO Peran VALUES ('Hassen Kacem', 'The Jester 2', 'Logan');
INSERT IGNORE INTO Aktor (`nama_lengkap`) VALUES ('Jessica Ambuehl');
INSERT IGNORE INTO Peran VALUES ('Jessica Ambuehl', 'The Jester 2', 'Mom');
INSERT IGNORE INTO Aktor (`nama_lengkap`) VALUES ('Charles Mckee');
INSERT IGNORE INTO Peran VALUES ('Charles Mckee', 'The Jester 2', 'Diner Patron');
INSERT IGNORE INTO Aktor (`nama_lengkap`) VALUES ('Patrick Loree');
INSERT IGNORE INTO Peran VALUES ('Patrick Loree', 'The Jester 2', 'Darren');
INSERT IGNORE INTO Audio VALUES ('The Jester 2', 'Inggris');
INSERT IGNORE INTO Audio VALUES ('The Jester 2', 'Indonesia');
INSERT IGNORE INTO Subtitle VALUES ('The Jester 2', 'Indonesia');
INSERT IGNORE INTO Subtitle VALUES ('The Jester 2', 'Korea');
INSERT IGNORE INTO Konten VALUES ('The Black Phone', 'Finney Blake, a shy but clever 13-year-old boy, is abducted by a sadistic killer and trapped in a soundproof basement where screaming is of little use. When a disconnected phone on the wall begins to ring, Finney discovers that he can hear the voices of the killer’s previous victims. And they are dead set on making sure that what happened to them doesn’t happen to Finney.', 2022, 'R', 'Film');
INSERT IGNORE INTO Film VALUES ('The Black Phone', 103, 'Scott Derrickson');
INSERT IGNORE INTO Genre_Konten VALUES ('The Black Phone', 5);
INSERT IGNORE INTO Genre_Konten VALUES ('The Black Phone', 3);
INSERT IGNORE INTO Aktor (`nama_lengkap`) VALUES ('Mason Thames');
INSERT IGNORE INTO Peran VALUES ('Mason Thames', 'The Black Phone', 'Finney Blake');
INSERT IGNORE INTO Aktor (`nama_lengkap`) VALUES ('Madeleine McGraw');
INSERT IGNORE INTO Peran VALUES ('Madeleine McGraw', 'The Black Phone', 'Gwen Blake');
INSERT IGNORE INTO Aktor (`nama_lengkap`) VALUES ('Ethan Hawke');
INSERT IGNORE INTO Peran VALUES ('Ethan Hawke', 'The Black Phone', 'The Grabber');
INSERT IGNORE INTO Aktor (`nama_lengkap`) VALUES ('Jeremy Davies');
INSERT IGNORE INTO Peran VALUES ('Jeremy Davies', 'The Black Phone', 'Terrence Blake');
INSERT IGNORE INTO Aktor (`nama_lengkap`) VALUES ('E. Roger Mitchell');
INSERT IGNORE INTO Peran VALUES ('E. Roger Mitchell', 'The Black Phone', 'Detective Wright');
INSERT IGNORE INTO Aktor (`nama_lengkap`) VALUES ('Troy Rudeseal');
INSERT IGNORE INTO Peran VALUES ('Troy Rudeseal', 'The Black Phone', 'Detective Miller');
INSERT IGNORE INTO Aktor (`nama_lengkap`) VALUES ('James Ransone');
INSERT IGNORE INTO Peran VALUES ('James Ransone', 'The Black Phone', 'Max');
INSERT IGNORE INTO Aktor (`nama_lengkap`) VALUES ('Miguel Mora');
INSERT IGNORE INTO Peran VALUES ('Miguel Mora', 'The Black Phone', 'Robin Arellano');
INSERT IGNORE INTO Aktor (`nama_lengkap`) VALUES ('Rebecca Clarke');
INSERT IGNORE INTO Peran VALUES ('Rebecca Clarke', 'The Black Phone', 'Donna');
INSERT IGNORE INTO Aktor (`nama_lengkap`) VALUES ('J. Gaven Wilde');
INSERT IGNORE INTO Peran VALUES ('J. Gaven Wilde', 'The Black Phone', 'Moose');
INSERT IGNORE INTO Audio VALUES ('The Black Phone', 'Jepang');
INSERT IGNORE INTO Audio VALUES ('The Black Phone', 'Spanyol');
INSERT IGNORE INTO Audio VALUES ('The Black Phone', 'Korea');
INSERT IGNORE INTO Subtitle VALUES ('The Black Phone', 'Korea');
INSERT IGNORE INTO Konten VALUES ('Whiplash', 'Under the direction of a ruthless instructor, a talented young drummer begins to pursue perfection at any cost, even his humanity.', 2014, 'R', 'Film');
INSERT IGNORE INTO Film VALUES ('Whiplash', 107, 'Damien Chazelle');
INSERT IGNORE INTO Genre_Konten VALUES ('Whiplash', 4);
INSERT IGNORE INTO Genre_Konten VALUES ('Whiplash', 14);
INSERT IGNORE INTO Aktor (`nama_lengkap`) VALUES ('Miles Teller');
INSERT IGNORE INTO Peran VALUES ('Miles Teller', 'Whiplash', 'Andrew');
INSERT IGNORE INTO Aktor (`nama_lengkap`) VALUES ('J.K. Simmons');
INSERT IGNORE INTO Peran VALUES ('J.K. Simmons', 'Whiplash', 'Fletcher');
INSERT IGNORE INTO Aktor (`nama_lengkap`) VALUES ('Paul Reiser');
INSERT IGNORE INTO Peran VALUES ('Paul Reiser', 'Whiplash', 'Jim');
INSERT IGNORE INTO Aktor (`nama_lengkap`) VALUES ('Melissa Benoist');
INSERT IGNORE INTO Peran VALUES ('Melissa Benoist', 'Whiplash', 'Nicole');
INSERT IGNORE INTO Aktor (`nama_lengkap`) VALUES ('Austin Stowell');
INSERT IGNORE INTO Peran VALUES ('Austin Stowell', 'Whiplash', 'Ryan');
INSERT IGNORE INTO Aktor (`nama_lengkap`) VALUES ('Nate Lang');
INSERT IGNORE INTO Peran VALUES ('Nate Lang', 'Whiplash', 'Carl');
INSERT IGNORE INTO Aktor (`nama_lengkap`) VALUES ('Chris Mulkey');
INSERT IGNORE INTO Peran VALUES ('Chris Mulkey', 'Whiplash', 'Uncle Frank');
INSERT IGNORE INTO Aktor (`nama_lengkap`) VALUES ('Damon Gupton');
INSERT IGNORE INTO Peran VALUES ('Damon Gupton', 'Whiplash', 'Mr. Kramer');
INSERT IGNORE INTO Aktor (`nama_lengkap`) VALUES ('Suanne Spoke');
INSERT IGNORE INTO Peran VALUES ('Suanne Spoke', 'Whiplash', 'Aunt Emma');
INSERT IGNORE INTO Aktor (`nama_lengkap`) VALUES ('Max Kasch');
INSERT IGNORE INTO Peran VALUES ('Max Kasch', 'Whiplash', 'Dorm Neighbor');
INSERT IGNORE INTO Audio VALUES ('Whiplash', 'Korea');
INSERT IGNORE INTO Audio VALUES ('Whiplash', 'Jepang');
INSERT IGNORE INTO Audio VALUES ('Whiplash', 'Inggris');
INSERT IGNORE INTO Subtitle VALUES ('Whiplash', 'Jepang');
INSERT IGNORE INTO Subtitle VALUES ('Whiplash', 'Indonesia');
INSERT IGNORE INTO Subtitle VALUES ('Whiplash', 'Korea');
INSERT IGNORE INTO Subtitle VALUES ('Whiplash', 'Inggris');
INSERT IGNORE INTO Konten VALUES ('Freakier Friday', 'Years after Tess and Anna endured an identity crisis, Anna now has a daughter of her own and a soon-to-be stepdaughter. As they navigate the myriad challenges that come when two families merge, Tess and Anna discover lightning might indeed strike twice.', 2025, '13+', 'Film');
INSERT IGNORE INTO Film VALUES ('Freakier Friday', 110, 'Nisha Ganatra');
INSERT IGNORE INTO Genre_Konten VALUES ('Freakier Friday', 8);
INSERT IGNORE INTO Genre_Konten VALUES ('Freakier Friday', 6);
INSERT IGNORE INTO Genre_Konten VALUES ('Freakier Friday', 9);
INSERT IGNORE INTO Aktor (`nama_lengkap`) VALUES ('Lindsay Lohan');
INSERT IGNORE INTO Peran VALUES ('Lindsay Lohan', 'Freakier Friday', 'Anna Coleman');
INSERT IGNORE INTO Aktor (`nama_lengkap`) VALUES ('Jamie Lee Curtis');
INSERT IGNORE INTO Peran VALUES ('Jamie Lee Curtis', 'Freakier Friday', 'Tess Coleman');
INSERT IGNORE INTO Aktor (`nama_lengkap`) VALUES ('Julia Butters');
INSERT IGNORE INTO Peran VALUES ('Julia Butters', 'Freakier Friday', 'Harper Coleman');
INSERT IGNORE INTO Aktor (`nama_lengkap`) VALUES ('Sophia Hammons');
INSERT IGNORE INTO Peran VALUES ('Sophia Hammons', 'Freakier Friday', 'Lily Reyes');
INSERT IGNORE INTO Aktor (`nama_lengkap`) VALUES ('Manny Jacinto');
INSERT IGNORE INTO Peran VALUES ('Manny Jacinto', 'Freakier Friday', 'Eric Reyes');
INSERT IGNORE INTO Aktor (`nama_lengkap`) VALUES ('Mark Harmon');
INSERT IGNORE INTO Peran VALUES ('Mark Harmon', 'Freakier Friday', 'Ryan');
INSERT IGNORE INTO Aktor (`nama_lengkap`) VALUES ('Chad Michael Murray');
INSERT IGNORE INTO Peran VALUES ('Chad Michael Murray', 'Freakier Friday', 'Jake');
INSERT IGNORE INTO Aktor (`nama_lengkap`) VALUES ('Vanessa Bayer');
INSERT IGNORE INTO Peran VALUES ('Vanessa Bayer', 'Freakier Friday', 'Madame Jen');
INSERT IGNORE INTO Aktor (`nama_lengkap`) VALUES ('Maitreyi Ramakrishnan');
INSERT IGNORE INTO Peran VALUES ('Maitreyi Ramakrishnan', 'Freakier Friday', 'Ella');
INSERT IGNORE INTO Aktor (`nama_lengkap`) VALUES ('Lucille Soong');
INSERT IGNORE INTO Peran VALUES ('Lucille Soong', 'Freakier Friday', 'Grandma Chiang');
INSERT IGNORE INTO Audio VALUES ('Freakier Friday', 'Indonesia');
INSERT IGNORE INTO Audio VALUES ('Freakier Friday', 'Inggris');
INSERT IGNORE INTO Subtitle VALUES ('Freakier Friday', 'Indonesia');
INSERT IGNORE INTO Konten VALUES ('Final Destination Bloodlines', 'Plagued by a violent recurring nightmare, college student Stefanie heads home to track down the one person who might be able to break the cycle and save her family from the grisly demise that inevitably awaits them all.', 2025, '17+', 'Film');
INSERT IGNORE INTO Film VALUES ('Final Destination Bloodlines', 110, 'Adam B. Stein');
INSERT IGNORE INTO Genre_Konten VALUES ('Final Destination Bloodlines', 5);
INSERT IGNORE INTO Genre_Konten VALUES ('Final Destination Bloodlines', 11);
INSERT IGNORE INTO Aktor (`nama_lengkap`) VALUES ('Kaitlyn Santa Juana');
INSERT IGNORE INTO Peran VALUES ('Kaitlyn Santa Juana', 'Final Destination Bloodlines', 'Stefani Reyes');
INSERT IGNORE INTO Aktor (`nama_lengkap`) VALUES ('Teo Briones');
INSERT IGNORE INTO Peran VALUES ('Teo Briones', 'Final Destination Bloodlines', 'Charlie Reyes');
INSERT IGNORE INTO Aktor (`nama_lengkap`) VALUES ('Rya Kihlstedt');
INSERT IGNORE INTO Peran VALUES ('Rya Kihlstedt', 'Final Destination Bloodlines', 'Darlene Campbell');
INSERT IGNORE INTO Aktor (`nama_lengkap`) VALUES ('Richard Harmon');
INSERT IGNORE INTO Peran VALUES ('Richard Harmon', 'Final Destination Bloodlines', 'Erik');
INSERT IGNORE INTO Aktor (`nama_lengkap`) VALUES ('Owen Patrick Joyner');
INSERT IGNORE INTO Peran VALUES ('Owen Patrick Joyner', 'Final Destination Bloodlines', 'Bobby');
INSERT IGNORE INTO Aktor (`nama_lengkap`) VALUES ('Anna Lore');
INSERT IGNORE INTO Peran VALUES ('Anna Lore', 'Final Destination Bloodlines', 'Julia');
INSERT IGNORE INTO Aktor (`nama_lengkap`) VALUES ('Alex Zahara');
INSERT IGNORE INTO Peran VALUES ('Alex Zahara', 'Final Destination Bloodlines', 'Uncle Howard');
INSERT IGNORE INTO Aktor (`nama_lengkap`) VALUES ('April Telek');
INSERT IGNORE INTO Peran VALUES ('April Telek', 'Final Destination Bloodlines', 'Aunt Brenda');
INSERT IGNORE INTO Aktor (`nama_lengkap`) VALUES ('Andrew Tinpo Lee');
INSERT IGNORE INTO Peran VALUES ('Andrew Tinpo Lee', 'Final Destination Bloodlines', 'Marty Reyes');
INSERT IGNORE INTO Aktor (`nama_lengkap`) VALUES ('Tony Todd');
INSERT IGNORE INTO Peran VALUES ('Tony Todd', 'Final Destination Bloodlines', 'William John Bludworth');
INSERT IGNORE INTO Audio VALUES ('Final Destination Bloodlines', 'Jepang');
INSERT IGNORE INTO Audio VALUES ('Final Destination Bloodlines', 'Inggris');
INSERT IGNORE INTO Subtitle VALUES ('Final Destination Bloodlines', 'Indonesia');
INSERT IGNORE INTO Subtitle VALUES ('Final Destination Bloodlines', 'Spanyol');
INSERT IGNORE INTO Konten VALUES ('Deadpool & Wolverine', 'A listless Wade Wilson toils away in civilian life with his days as the morally flexible mercenary, Deadpool, behind him. But when his homeworld faces an existential threat, Wade must reluctantly suit-up again with an even more reluctant Wolverine.', 2024, '17+', 'Film');
INSERT IGNORE INTO Film VALUES ('Deadpool & Wolverine', 128, 'Shawn Levy');
INSERT IGNORE INTO Genre_Konten VALUES ('Deadpool & Wolverine', 1);
INSERT IGNORE INTO Genre_Konten VALUES ('Deadpool & Wolverine', 8);
INSERT IGNORE INTO Genre_Konten VALUES ('Deadpool & Wolverine', 10);
INSERT IGNORE INTO Aktor (`nama_lengkap`) VALUES ('Ryan Reynolds');
INSERT IGNORE INTO Peran VALUES ('Ryan Reynolds', 'Deadpool & Wolverine', 'Wade Wilson / Deadpool / Nicepool');
INSERT IGNORE INTO Aktor (`nama_lengkap`) VALUES ('Hugh Jackman');
INSERT IGNORE INTO Peran VALUES ('Hugh Jackman', 'Deadpool & Wolverine', 'Logan / Wolverine');
INSERT IGNORE INTO Aktor (`nama_lengkap`) VALUES ('Emma Corrin');
INSERT IGNORE INTO Peran VALUES ('Emma Corrin', 'Deadpool & Wolverine', 'Cassandra Nova');
INSERT IGNORE INTO Aktor (`nama_lengkap`) VALUES ('Matthew Macfadyen');
INSERT IGNORE INTO Peran VALUES ('Matthew Macfadyen', 'Deadpool & Wolverine', 'Mr. Paradox');
INSERT IGNORE INTO Aktor (`nama_lengkap`) VALUES ('Dafne Keen');
INSERT IGNORE INTO Peran VALUES ('Dafne Keen', 'Deadpool & Wolverine', 'Laura / X-23');
INSERT IGNORE INTO Aktor (`nama_lengkap`) VALUES ('Jon Favreau');
INSERT IGNORE INTO Peran VALUES ('Jon Favreau', 'Deadpool & Wolverine', 'Happy Hogan');
INSERT IGNORE INTO Aktor (`nama_lengkap`) VALUES ('Morena Baccarin');
INSERT IGNORE INTO Peran VALUES ('Morena Baccarin', 'Deadpool & Wolverine', 'Vanessa');
INSERT IGNORE INTO Aktor (`nama_lengkap`) VALUES ('Rob Delaney');
INSERT IGNORE INTO Peran VALUES ('Rob Delaney', 'Deadpool & Wolverine', 'Peter');
INSERT IGNORE INTO Aktor (`nama_lengkap`) VALUES ('Leslie Uggams');
INSERT IGNORE INTO Peran VALUES ('Leslie Uggams', 'Deadpool & Wolverine', 'Blind Al');
INSERT IGNORE INTO Aktor (`nama_lengkap`) VALUES ('Jennifer Garner');
INSERT IGNORE INTO Peran VALUES ('Jennifer Garner', 'Deadpool & Wolverine', 'Elektra');
INSERT IGNORE INTO Audio VALUES ('Deadpool & Wolverine', 'Korea');
INSERT IGNORE INTO Subtitle VALUES ('Deadpool & Wolverine', 'Spanyol');
INSERT IGNORE INTO Konten VALUES ('A Minecraft Movie', 'Four misfits find themselves struggling with ordinary problems when they are suddenly pulled through a mysterious portal into the Overworld: a bizarre, cubic wonderland that thrives on imagination. To get back home, they''ll have to master this world while embarking on a magical quest with an unexpected, expert crafter, Steve.', 2025, '13+', 'Film');
INSERT IGNORE INTO Film VALUES ('A Minecraft Movie', 101, 'Jared Hess');
INSERT IGNORE INTO Genre_Konten VALUES ('A Minecraft Movie', 9);
INSERT IGNORE INTO Genre_Konten VALUES ('A Minecraft Movie', 6);
INSERT IGNORE INTO Genre_Konten VALUES ('A Minecraft Movie', 8);
INSERT IGNORE INTO Genre_Konten VALUES ('A Minecraft Movie', 7);
INSERT IGNORE INTO Genre_Konten VALUES ('A Minecraft Movie', 1);
INSERT IGNORE INTO Aktor (`nama_lengkap`) VALUES ('Jason Momoa');
INSERT IGNORE INTO Peran VALUES ('Jason Momoa', 'A Minecraft Movie', 'Garrett');
INSERT IGNORE INTO Aktor (`nama_lengkap`) VALUES ('Jack Black');
INSERT IGNORE INTO Peran VALUES ('Jack Black', 'A Minecraft Movie', 'Steve');
INSERT IGNORE INTO Aktor (`nama_lengkap`) VALUES ('Sebastian Eugene Hansen');
INSERT IGNORE INTO Peran VALUES ('Sebastian Eugene Hansen', 'A Minecraft Movie', 'Henry');
INSERT IGNORE INTO Aktor (`nama_lengkap`) VALUES ('Emma Myers');
INSERT IGNORE INTO Peran VALUES ('Emma Myers', 'A Minecraft Movie', 'Natalie');
INSERT IGNORE INTO Aktor (`nama_lengkap`) VALUES ('Danielle Brooks');
INSERT IGNORE INTO Peran VALUES ('Danielle Brooks', 'A Minecraft Movie', 'Dawn');
INSERT IGNORE INTO Aktor (`nama_lengkap`) VALUES ('Jennifer Coolidge');
INSERT IGNORE INTO Peran VALUES ('Jennifer Coolidge', 'A Minecraft Movie', 'Vice Principal Marlene');
INSERT IGNORE INTO Aktor (`nama_lengkap`) VALUES ('Rachel House');
INSERT IGNORE INTO Peran VALUES ('Rachel House', 'A Minecraft Movie', 'Malgosha (voice)');
INSERT IGNORE INTO Aktor (`nama_lengkap`) VALUES ('Allan Henry');
INSERT IGNORE INTO Peran VALUES ('Allan Henry', 'A Minecraft Movie', 'Malgosha (Creature Performer)');
INSERT IGNORE INTO Aktor (`nama_lengkap`) VALUES ('Bram Scott-Breheny');
INSERT IGNORE INTO Peran VALUES ('Bram Scott-Breheny', 'A Minecraft Movie', 'Young Steve');
INSERT IGNORE INTO Aktor (`nama_lengkap`) VALUES ('Moana Williams');
INSERT IGNORE INTO Peran VALUES ('Moana Williams', 'A Minecraft Movie', 'Young Garrett');
INSERT IGNORE INTO Audio VALUES ('A Minecraft Movie', 'Jepang');
INSERT IGNORE INTO Audio VALUES ('A Minecraft Movie', 'Spanyol');
INSERT IGNORE INTO Audio VALUES ('A Minecraft Movie', 'Inggris');
INSERT IGNORE INTO Subtitle VALUES ('A Minecraft Movie', 'Indonesia');
INSERT IGNORE INTO Konten VALUES ('Mantis', 'Mantis, an ace assassin, returns to the contract killer industry after a hiatus, encountering his trainee friend Jae-yi and a retired legendary killer Dok-go, who now runs the organization.', 2025, 'NR', 'Film');
INSERT IGNORE INTO Film VALUES ('Mantis', 113, 'Lee Tae-sung');
INSERT IGNORE INTO Genre_Konten VALUES ('Mantis', 1);
INSERT IGNORE INTO Genre_Konten VALUES ('Mantis', 2);
INSERT IGNORE INTO Genre_Konten VALUES ('Mantis', 3);
INSERT IGNORE INTO Aktor (`nama_lengkap`) VALUES ('Yim Si-wan');
INSERT IGNORE INTO Peran VALUES ('Yim Si-wan', 'Mantis', 'Lee Han-wool / Mantis');
INSERT IGNORE INTO Aktor (`nama_lengkap`) VALUES ('Park Gyu-young');
INSERT IGNORE INTO Peran VALUES ('Park Gyu-young', 'Mantis', 'Shin Jae-yi');
INSERT IGNORE INTO Aktor (`nama_lengkap`) VALUES ('Choi Hyun-wook');
INSERT IGNORE INTO Peran VALUES ('Choi Hyun-wook', 'Mantis', 'Benjamin Jo');
INSERT IGNORE INTO Aktor (`nama_lengkap`) VALUES ('Bae Gang-hee');
INSERT IGNORE INTO Peran VALUES ('Bae Gang-hee', 'Mantis', 'Yang Soo-min');
INSERT IGNORE INTO Aktor (`nama_lengkap`) VALUES ('Hwang Sung-bin');
INSERT IGNORE INTO Peran VALUES ('Hwang Sung-bin', 'Mantis', 'Puma Lee');
INSERT IGNORE INTO Aktor (`nama_lengkap`) VALUES ('Yoo Su-bin');
INSERT IGNORE INTO Peran VALUES ('Yoo Su-bin', 'Mantis', 'Kim Dong-yeong');
INSERT IGNORE INTO Aktor (`nama_lengkap`) VALUES ('Jeon Bae-soo');
INSERT IGNORE INTO Peran VALUES ('Jeon Bae-soo', 'Mantis', 'Nam Bae-soo');
INSERT IGNORE INTO Aktor (`nama_lengkap`) VALUES ('Jo Woo-jin');
INSERT IGNORE INTO Peran VALUES ('Jo Woo-jin', 'Mantis', 'Dok-go');
INSERT IGNORE INTO Aktor (`nama_lengkap`) VALUES ('Sul Kyung-gu');
INSERT IGNORE INTO Peran VALUES ('Sul Kyung-gu', 'Mantis', 'Cha Min-gyu');
INSERT IGNORE INTO Aktor (`nama_lengkap`) VALUES ('Jeon Do-yeon');
INSERT IGNORE INTO Peran VALUES ('Jeon Do-yeon', 'Mantis', 'Gil Bok-soon');
INSERT IGNORE INTO Audio VALUES ('Mantis', 'Jepang');
INSERT IGNORE INTO Subtitle VALUES ('Mantis', 'Jepang');
INSERT IGNORE INTO Subtitle VALUES ('Mantis', 'Spanyol');
INSERT IGNORE INTO Konten VALUES ('Loups=Garous', 'Virtual reality. Murder. Werewolves. And teen girls! In a future where nothing is as it seems, can old legends come true? In the near future, humans will communicate almost exclusively through monitors, making real interaction a rarefied and weak occurrence for those living in a near totalitarian society. In this new world of communication, children are only allowed to interact personally on school grounds. So when a serial killer starts slaughtering junior high children the communication routes go under further surveillance. And despite all the safeguards put in place to avoid physical interaction, the killer''s latest victim turns out to have been in contact with three young girls: Tsuzki Mio, a certified prodigy; Matsuno Hatsuki, a quiet but opinionated classmate; and Kouno Ayumi, her best friend. And as the girls get caught up in trying to quell curiosity under such terrorist scrutiny, Hatsuki learns that there is much more than meets the eye of their monitored communications.', 2010, 'NR', 'Film');
INSERT IGNORE INTO Film VALUES ('Loups=Garous', 99, 'Junichi Fujisaku');
INSERT IGNORE INTO Genre_Konten VALUES ('Loups=Garous', 10);
INSERT IGNORE INTO Genre_Konten VALUES ('Loups=Garous', 3);
INSERT IGNORE INTO Genre_Konten VALUES ('Loups=Garous', 4);
INSERT IGNORE INTO Genre_Konten VALUES ('Loups=Garous', 11);
INSERT IGNORE INTO Genre_Konten VALUES ('Loups=Garous', 12);
INSERT IGNORE INTO Genre_Konten VALUES ('Loups=Garous', 5);
INSERT IGNORE INTO Aktor (`nama_lengkap`) VALUES ('Kanae Oki');
INSERT IGNORE INTO Peran VALUES ('Kanae Oki', 'Loups=Garous', 'Hazuki Makino (voice)');
INSERT IGNORE INTO Aktor (`nama_lengkap`) VALUES ('Hiromi Igarashi');
INSERT IGNORE INTO Peran VALUES ('Hiromi Igarashi', 'Loups=Garous', 'Ayumi Kono (voice)');
INSERT IGNORE INTO Aktor (`nama_lengkap`) VALUES ('Marina Inoue');
INSERT IGNORE INTO Peran VALUES ('Marina Inoue', 'Loups=Garous', 'Mio Tsuzuki (voice)');
INSERT IGNORE INTO Aktor (`nama_lengkap`) VALUES ('Miyuki Sawashiro');
INSERT IGNORE INTO Peran VALUES ('Miyuki Sawashiro', 'Loups=Garous', 'Myao Rei (voice)');
INSERT IGNORE INTO Aktor (`nama_lengkap`) VALUES ('Kana Uetake');
INSERT IGNORE INTO Peran VALUES ('Kana Uetake', 'Loups=Garous', 'Yuko Yabe (voice)');
INSERT IGNORE INTO Aktor (`nama_lengkap`) VALUES ('Yutaka Aoyama');
INSERT IGNORE INTO Peran VALUES ('Yutaka Aoyama', 'Loups=Garous', 'Riichiro Ishida (voice)');
INSERT IGNORE INTO Aktor (`nama_lengkap`) VALUES ('Eriko Hirata');
INSERT IGNORE INTO Peran VALUES ('Eriko Hirata', 'Loups=Garous', 'Shizue Fuwa (voice)');
INSERT IGNORE INTO Aktor (`nama_lengkap`) VALUES ('Haruo Satou');
INSERT IGNORE INTO Peran VALUES ('Haruo Satou', 'Loups=Garous', 'Adoptive Father (voice)');
INSERT IGNORE INTO Aktor (`nama_lengkap`) VALUES ('Kiyoshi Katsunuma');
INSERT IGNORE INTO Peran VALUES ('Kiyoshi Katsunuma', 'Loups=Garous', 'Yuuji Nakamura (voice)');
INSERT IGNORE INTO Aktor (`nama_lengkap`) VALUES ('Kunihiro Kawamoto');
INSERT IGNORE INTO Peran VALUES ('Kunihiro Kawamoto', 'Loups=Garous', 'Touji Kunugi (voice)');
INSERT IGNORE INTO Audio VALUES ('Loups=Garous', 'Korea');
INSERT IGNORE INTO Subtitle VALUES ('Loups=Garous', 'Inggris');
INSERT IGNORE INTO Subtitle VALUES ('Loups=Garous', 'Jepang');
INSERT IGNORE INTO Konten VALUES ('Gabby''s Dollhouse: The Movie', 'Gabby heads out on a road trip with her Grandma Gigi to the urban wonderland of Cat Francisco. But when Gabby''s dollhouse, her most prized possession, ends up in the hands of an eccentric cat lady named Vera, Gabby sets off on an adventure through the real world to get the Gabby Cats back together and save the dollhouse before it''s too late.', 2025, 'SU', 'Film');
INSERT IGNORE INTO Film VALUES ('Gabby''s Dollhouse: The Movie', 98, 'Ryan Crego');
INSERT IGNORE INTO Genre_Konten VALUES ('Gabby''s Dollhouse: The Movie', 9);
INSERT IGNORE INTO Genre_Konten VALUES ('Gabby''s Dollhouse: The Movie', 8);
INSERT IGNORE INTO Genre_Konten VALUES ('Gabby''s Dollhouse: The Movie', 7);
INSERT IGNORE INTO Genre_Konten VALUES ('Gabby''s Dollhouse: The Movie', 12);
INSERT IGNORE INTO Aktor (`nama_lengkap`) VALUES ('Laila Lockhart Kraner');
INSERT IGNORE INTO Peran VALUES ('Laila Lockhart Kraner', 'Gabby''s Dollhouse: The Movie', 'Gabby');
INSERT IGNORE INTO Aktor (`nama_lengkap`) VALUES ('Gloria Estefan');
INSERT IGNORE INTO Peran VALUES ('Gloria Estefan', 'Gabby''s Dollhouse: The Movie', 'Grandma Gigi');
INSERT IGNORE INTO Aktor (`nama_lengkap`) VALUES ('Kristen Wiig');
INSERT IGNORE INTO Peran VALUES ('Kristen Wiig', 'Gabby''s Dollhouse: The Movie', 'Vera');
INSERT IGNORE INTO Aktor (`nama_lengkap`) VALUES ('Logan Bailey');
INSERT IGNORE INTO Peran VALUES ('Logan Bailey', 'Gabby''s Dollhouse: The Movie', 'Pandy Paws (voice)');
INSERT IGNORE INTO Aktor (`nama_lengkap`) VALUES ('Eduardo Franco');
INSERT IGNORE INTO Peran VALUES ('Eduardo Franco', 'Gabby''s Dollhouse: The Movie', 'Daniel James ''DJ'' Catnip (voice)');
INSERT IGNORE INTO Aktor (`nama_lengkap`) VALUES ('Juliet Donenfeld');
INSERT IGNORE INTO Peran VALUES ('Juliet Donenfeld', 'Gabby''s Dollhouse: The Movie', 'Cakey (voice)');
INSERT IGNORE INTO Aktor (`nama_lengkap`) VALUES ('Donovan Patton');
INSERT IGNORE INTO Peran VALUES ('Donovan Patton', 'Gabby''s Dollhouse: The Movie', 'CatRat (voice)');
INSERT IGNORE INTO Aktor (`nama_lengkap`) VALUES ('Sainty Nelsen');
INSERT IGNORE INTO Peran VALUES ('Sainty Nelsen', 'Gabby''s Dollhouse: The Movie', 'Pillow Cat (voice)');
INSERT IGNORE INTO Aktor (`nama_lengkap`) VALUES ('Maggie Lowe');
INSERT IGNORE INTO Peran VALUES ('Maggie Lowe', 'Gabby''s Dollhouse: The Movie', 'Baby Box (voice)');
INSERT IGNORE INTO Aktor (`nama_lengkap`) VALUES ('Carla Tassara');
INSERT IGNORE INTO Peran VALUES ('Carla Tassara', 'Gabby''s Dollhouse: The Movie', 'Carlita (voice)');
INSERT IGNORE INTO Audio VALUES ('Gabby''s Dollhouse: The Movie', 'Korea');
INSERT IGNORE INTO Audio VALUES ('Gabby''s Dollhouse: The Movie', 'Inggris');
INSERT IGNORE INTO Subtitle VALUES ('Gabby''s Dollhouse: The Movie', 'Inggris');
INSERT IGNORE INTO Subtitle VALUES ('Gabby''s Dollhouse: The Movie', 'Spanyol');
INSERT IGNORE INTO Subtitle VALUES ('Gabby''s Dollhouse: The Movie', 'Korea');
INSERT IGNORE INTO Konten VALUES ('Bob Trevino Likes It', 'Lily Trevino unexpectedly befriends an online stranger who shares her self-centered father’s name. This new Bob Trevino’s support could transform her life.', 2025, 'PG-13', 'Film');
INSERT IGNORE INTO Film VALUES ('Bob Trevino Likes It', 102, 'Tracie Laymon');
INSERT IGNORE INTO Genre_Konten VALUES ('Bob Trevino Likes It', 8);
INSERT IGNORE INTO Genre_Konten VALUES ('Bob Trevino Likes It', 4);
INSERT IGNORE INTO Aktor (`nama_lengkap`) VALUES ('Barbie Ferreira');
INSERT IGNORE INTO Peran VALUES ('Barbie Ferreira', 'Bob Trevino Likes It', 'Lily Trevino');
INSERT IGNORE INTO Aktor (`nama_lengkap`) VALUES ('John Leguizamo');
INSERT IGNORE INTO Peran VALUES ('John Leguizamo', 'Bob Trevino Likes It', 'Bob Trevino');
INSERT IGNORE INTO Aktor (`nama_lengkap`) VALUES ('French Stewart');
INSERT IGNORE INTO Peran VALUES ('French Stewart', 'Bob Trevino Likes It', 'Robert');
INSERT IGNORE INTO Aktor (`nama_lengkap`) VALUES ('Lauren ''Lolo'' Spencer');
INSERT IGNORE INTO Peran VALUES ('Lauren ''Lolo'' Spencer', 'Bob Trevino Likes It', 'Daphne');
INSERT IGNORE INTO Aktor (`nama_lengkap`) VALUES ('Rachel Bay Jones');
INSERT IGNORE INTO Peran VALUES ('Rachel Bay Jones', 'Bob Trevino Likes It', 'Jeanie');
INSERT IGNORE INTO Aktor (`nama_lengkap`) VALUES ('Debra Stipe');
INSERT IGNORE INTO Peran VALUES ('Debra Stipe', 'Bob Trevino Likes It', 'Helene');
INSERT IGNORE INTO Aktor (`nama_lengkap`) VALUES ('Ashlyn Moore');
INSERT IGNORE INTO Peran VALUES ('Ashlyn Moore', 'Bob Trevino Likes It', 'Counselor');
INSERT IGNORE INTO Aktor (`nama_lengkap`) VALUES ('Phil Elam');
INSERT IGNORE INTO Peran VALUES ('Phil Elam', 'Bob Trevino Likes It', 'Admin');
INSERT IGNORE INTO Aktor (`nama_lengkap`) VALUES ('Tony Milder');
INSERT IGNORE INTO Peran VALUES ('Tony Milder', 'Bob Trevino Likes It', 'Inspector');
INSERT IGNORE INTO Aktor (`nama_lengkap`) VALUES ('Ted Welch');
INSERT IGNORE INTO Peran VALUES ('Ted Welch', 'Bob Trevino Likes It', 'Harlan');
INSERT IGNORE INTO Audio VALUES ('Bob Trevino Likes It', 'Korea');
INSERT IGNORE INTO Subtitle VALUES ('Bob Trevino Likes It', 'Indonesia');
INSERT IGNORE INTO Subtitle VALUES ('Bob Trevino Likes It', 'Spanyol');
INSERT IGNORE INTO Subtitle VALUES ('Bob Trevino Likes It', 'Korea');
INSERT IGNORE INTO Subtitle VALUES ('Bob Trevino Likes It', 'Inggris');
INSERT IGNORE INTO Konten VALUES ('Ballad of a Small Player', 'Amid the glittering casinos of Macau, a gambler running from his past — and his debts — becomes fascinated by an enigmatic woman at the baccarat table.', 2025, 'R', 'Film');
INSERT IGNORE INTO Film VALUES ('Ballad of a Small Player', 102, 'Edward Berger');
INSERT IGNORE INTO Genre_Konten VALUES ('Ballad of a Small Player', 2);
INSERT IGNORE INTO Genre_Konten VALUES ('Ballad of a Small Player', 4);
INSERT IGNORE INTO Aktor (`nama_lengkap`) VALUES ('Colin Farrell');
INSERT IGNORE INTO Peran VALUES ('Colin Farrell', 'Ballad of a Small Player', 'Lord Doyle');
INSERT IGNORE INTO Aktor (`nama_lengkap`) VALUES ('Fala Chen');
INSERT IGNORE INTO Peran VALUES ('Fala Chen', 'Ballad of a Small Player', 'Dao Ming');
INSERT IGNORE INTO Aktor (`nama_lengkap`) VALUES ('Tilda Swinton');
INSERT IGNORE INTO Peran VALUES ('Tilda Swinton', 'Ballad of a Small Player', 'Cynthia Blithe');
INSERT IGNORE INTO Aktor (`nama_lengkap`) VALUES ('Deanie Ip');
INSERT IGNORE INTO Peran VALUES ('Deanie Ip', 'Ballad of a Small Player', 'Grandma');
INSERT IGNORE INTO Aktor (`nama_lengkap`) VALUES ('Alex Jennings');
INSERT IGNORE INTO Peran VALUES ('Alex Jennings', 'Ballad of a Small Player', 'Adrian Lippett');
INSERT IGNORE INTO Aktor (`nama_lengkap`) VALUES ('Jason Tobin');
INSERT IGNORE INTO Peran VALUES ('Jason Tobin', 'Ballad of a Small Player', 'Mr. Huang');
INSERT IGNORE INTO Aktor (`nama_lengkap`) VALUES ('Adrienne Lau');
INSERT IGNORE INTO Peran VALUES ('Adrienne Lau', 'Ballad of a Small Player', 'Casino Manager');
INSERT IGNORE INTO Aktor (`nama_lengkap`) VALUES ('Anthony Wong Chau-Sang');
INSERT IGNORE INTO Peran VALUES ('Anthony Wong Chau-Sang', 'Ballad of a Small Player', 'Alfred da Souza');
INSERT IGNORE INTO Aktor (`nama_lengkap`) VALUES ('Jessica Lai');
INSERT IGNORE INTO Peran VALUES ('Jessica Lai', 'Ballad of a Small Player', 'Royale Casino Receptionist');
INSERT IGNORE INTO Aktor (`nama_lengkap`) VALUES ('Margaret Cheung');
INSERT IGNORE INTO Peran VALUES ('Margaret Cheung', 'Ballad of a Small Player', 'Royale Casino Assistant Manager');
INSERT IGNORE INTO Audio VALUES ('Ballad of a Small Player', 'Jepang');
INSERT IGNORE INTO Subtitle VALUES ('Ballad of a Small Player', 'Inggris');
INSERT IGNORE INTO Subtitle VALUES ('Ballad of a Small Player', 'Jepang');
INSERT IGNORE INTO Subtitle VALUES ('Ballad of a Small Player', 'Indonesia');
INSERT IGNORE INTO Subtitle VALUES ('Ballad of a Small Player', 'Korea');
INSERT IGNORE INTO Konten VALUES ('GATAO: Big Brothers', 'Michael and his right-hand man Scorpion, who find themselves embroiled in their father Ko''s turf war against rival gangs in Taipei, setting off a conflict between old and new generations of gangsters. The film is the latest installment in the Gatao franchise, following the narrative of a young successor trying to expand his power while navigating the volatile underworld.', 2025, 'NR', 'Film');
INSERT IGNORE INTO Film VALUES ('GATAO: Big Brothers', 0, 'Jui-Chih Chiang');
INSERT IGNORE INTO Genre_Konten VALUES ('GATAO: Big Brothers', 2);
INSERT IGNORE INTO Genre_Konten VALUES ('GATAO: Big Brothers', 1);
INSERT IGNORE INTO Aktor (`nama_lengkap`) VALUES ('Jack Kao');
INSERT IGNORE INTO Peran VALUES ('Jack Kao', 'GATAO: Big Brothers', '');
INSERT IGNORE INTO Aktor (`nama_lengkap`) VALUES ('Tsai Chen-Nan');
INSERT IGNORE INTO Peran VALUES ('Tsai Chen-Nan', 'GATAO: Big Brothers', '');
INSERT IGNORE INTO Aktor (`nama_lengkap`) VALUES ('Tai Bo');
INSERT IGNORE INTO Peran VALUES ('Tai Bo', 'GATAO: Big Brothers', '');
INSERT IGNORE INTO Aktor (`nama_lengkap`) VALUES ('Jieh-Wen King');
INSERT IGNORE INTO Peran VALUES ('Jieh-Wen King', 'GATAO: Big Brothers', '');
INSERT IGNORE INTO Aktor (`nama_lengkap`) VALUES ('Lung Tien-Hsiang');
INSERT IGNORE INTO Peran VALUES ('Lung Tien-Hsiang', 'GATAO: Big Brothers', '');
INSERT IGNORE INTO Aktor (`nama_lengkap`) VALUES ('Tsui Hao-jan');
INSERT IGNORE INTO Peran VALUES ('Tsui Hao-jan', 'GATAO: Big Brothers', '');
INSERT IGNORE INTO Aktor (`nama_lengkap`) VALUES ('Wang Shih-Sian');
INSERT IGNORE INTO Peran VALUES ('Wang Shih-Sian', 'GATAO: Big Brothers', '');
INSERT IGNORE INTO Aktor (`nama_lengkap`) VALUES ('Joseph Hsia');
INSERT IGNORE INTO Peran VALUES ('Joseph Hsia', 'GATAO: Big Brothers', '');
INSERT IGNORE INTO Aktor (`nama_lengkap`) VALUES ('Peng Sun');
INSERT IGNORE INTO Peran VALUES ('Peng Sun', 'GATAO: Big Brothers', '');
INSERT IGNORE INTO Aktor (`nama_lengkap`) VALUES ('Tender Huang');
INSERT IGNORE INTO Peran VALUES ('Tender Huang', 'GATAO: Big Brothers', '');
INSERT IGNORE INTO Audio VALUES ('GATAO: Big Brothers', 'Jepang');
INSERT IGNORE INTO Audio VALUES ('GATAO: Big Brothers', 'Spanyol');
INSERT IGNORE INTO Subtitle VALUES ('GATAO: Big Brothers', 'Jepang');
INSERT IGNORE INTO Konten VALUES ('Love, Guaranteed', 'A lawyer takes on a new client that wants to sue a dating website because it guarantees love.', 2020, '7+', 'Film');
INSERT IGNORE INTO Film VALUES ('Love, Guaranteed', 90, 'Mark Steven Johnson');
INSERT IGNORE INTO Genre_Konten VALUES ('Love, Guaranteed', 13);
INSERT IGNORE INTO Genre_Konten VALUES ('Love, Guaranteed', 8);
INSERT IGNORE INTO Aktor (`nama_lengkap`) VALUES ('Rachael Leigh Cook');
INSERT IGNORE INTO Peran VALUES ('Rachael Leigh Cook', 'Love, Guaranteed', 'Susan');
INSERT IGNORE INTO Aktor (`nama_lengkap`) VALUES ('Damon Wayans Jr.');
INSERT IGNORE INTO Peran VALUES ('Damon Wayans Jr.', 'Love, Guaranteed', 'Nick');
INSERT IGNORE INTO Aktor (`nama_lengkap`) VALUES ('Heather Graham');
INSERT IGNORE INTO Peran VALUES ('Heather Graham', 'Love, Guaranteed', 'Tamara Taylor');
INSERT IGNORE INTO Aktor (`nama_lengkap`) VALUES ('Caitlin Howden');
INSERT IGNORE INTO Peran VALUES ('Caitlin Howden', 'Love, Guaranteed', 'Melanie');
INSERT IGNORE INTO Aktor (`nama_lengkap`) VALUES ('Brendan Taylor');
INSERT IGNORE INTO Peran VALUES ('Brendan Taylor', 'Love, Guaranteed', 'Gideon');
INSERT IGNORE INTO Aktor (`nama_lengkap`) VALUES ('Sebastian Billingsley-Rodriguez');
INSERT IGNORE INTO Peran VALUES ('Sebastian Billingsley-Rodriguez', 'Love, Guaranteed', 'Oliver');
INSERT IGNORE INTO Aktor (`nama_lengkap`) VALUES ('Sean Amsing');
INSERT IGNORE INTO Peran VALUES ('Sean Amsing', 'Love, Guaranteed', 'Roberto');
INSERT IGNORE INTO Aktor (`nama_lengkap`) VALUES ('Lisa Durupt');
INSERT IGNORE INTO Peran VALUES ('Lisa Durupt', 'Love, Guaranteed', 'Denise');
INSERT IGNORE INTO Aktor (`nama_lengkap`) VALUES ('Alvin Sanders');
INSERT IGNORE INTO Peran VALUES ('Alvin Sanders', 'Love, Guaranteed', 'Jerome');
INSERT IGNORE INTO Aktor (`nama_lengkap`) VALUES ('Jed Rees');
INSERT IGNORE INTO Peran VALUES ('Jed Rees', 'Love, Guaranteed', 'Bill Jones');
INSERT IGNORE INTO Audio VALUES ('Love, Guaranteed', 'Korea');
INSERT IGNORE INTO Audio VALUES ('Love, Guaranteed', 'Jepang');
INSERT IGNORE INTO Subtitle VALUES ('Love, Guaranteed', 'Spanyol');
INSERT IGNORE INTO Subtitle VALUES ('Love, Guaranteed', 'Indonesia');
INSERT IGNORE INTO Konten VALUES ('The Gorge', 'Two highly trained operatives grow close from a distance after being sent to guard opposite sides of a mysterious gorge. When an evil below emerges, they must work together to survive what lies within.', 2025, '17+', 'Film');
INSERT IGNORE INTO Film VALUES ('The Gorge', 128, 'Scott Derrickson');
INSERT IGNORE INTO Genre_Konten VALUES ('The Gorge', 13);
INSERT IGNORE INTO Genre_Konten VALUES ('The Gorge', 10);
INSERT IGNORE INTO Genre_Konten VALUES ('The Gorge', 3);
INSERT IGNORE INTO Aktor (`nama_lengkap`) VALUES ('Miles Teller');
INSERT IGNORE INTO Peran VALUES ('Miles Teller', 'The Gorge', 'Levi');
INSERT IGNORE INTO Aktor (`nama_lengkap`) VALUES ('Anya Taylor-Joy');
INSERT IGNORE INTO Peran VALUES ('Anya Taylor-Joy', 'The Gorge', 'Drasa');
INSERT IGNORE INTO Aktor (`nama_lengkap`) VALUES ('Sigourney Weaver');
INSERT IGNORE INTO Peran VALUES ('Sigourney Weaver', 'The Gorge', 'Bartholomew');
INSERT IGNORE INTO Aktor (`nama_lengkap`) VALUES ('Ṣọpẹ́ Dìrísù');
INSERT IGNORE INTO Peran VALUES ('Ṣọpẹ́ Dìrísù', 'The Gorge', 'J.D.');
INSERT IGNORE INTO Aktor (`nama_lengkap`) VALUES ('William Houston');
INSERT IGNORE INTO Peran VALUES ('William Houston', 'The Gorge', 'Erikas');
INSERT IGNORE INTO Aktor (`nama_lengkap`) VALUES ('Kobna Holdbrook-Smith');
INSERT IGNORE INTO Peran VALUES ('Kobna Holdbrook-Smith', 'The Gorge', 'Black Ops Commander');
INSERT IGNORE INTO Aktor (`nama_lengkap`) VALUES ('James Marlowe');
INSERT IGNORE INTO Peran VALUES ('James Marlowe', 'The Gorge', 'Bradford Shaw');
INSERT IGNORE INTO Aktor (`nama_lengkap`) VALUES ('Julianna Kurokawa');
INSERT IGNORE INTO Peran VALUES ('Julianna Kurokawa', 'The Gorge', 'Airman');
INSERT IGNORE INTO Aktor (`nama_lengkap`) VALUES ('Ruta Gedmintas');
INSERT IGNORE INTO Peran VALUES ('Ruta Gedmintas', 'The Gorge', 'WWII Scientist');
INSERT IGNORE INTO Aktor (`nama_lengkap`) VALUES ('Oliver Trevena');
INSERT IGNORE INTO Peran VALUES ('Oliver Trevena', 'The Gorge', 'Crewman');
INSERT IGNORE INTO Audio VALUES ('The Gorge', 'Korea');
INSERT IGNORE INTO Subtitle VALUES ('The Gorge', 'Spanyol');
INSERT IGNORE INTO Subtitle VALUES ('The Gorge', 'Indonesia');
INSERT IGNORE INTO Konten VALUES ('In Harmony', 'After a serious accident on a film shoot, Marc, an equestrian, loses all hope to mount back on. His insurance company instructs Florence to handle his case. This film is the story of their meeting.', 2015, 'NR', 'Film');
INSERT IGNORE INTO Film VALUES ('In Harmony', 88, 'Denis Dercourt');
INSERT IGNORE INTO Genre_Konten VALUES ('In Harmony', 4);
INSERT IGNORE INTO Aktor (`nama_lengkap`) VALUES ('Albert Dupontel');
INSERT IGNORE INTO Peran VALUES ('Albert Dupontel', 'In Harmony', 'Marc Guermont');
INSERT IGNORE INTO Aktor (`nama_lengkap`) VALUES ('Cécile de France');
INSERT IGNORE INTO Peran VALUES ('Cécile de France', 'In Harmony', 'Florence Kernel');
INSERT IGNORE INTO Aktor (`nama_lengkap`) VALUES ('Patrick Mille');
INSERT IGNORE INTO Peran VALUES ('Patrick Mille', 'In Harmony', 'Julien Kernel');
INSERT IGNORE INTO Aktor (`nama_lengkap`) VALUES ('Carole Franck');
INSERT IGNORE INTO Peran VALUES ('Carole Franck', 'In Harmony', 'Lawyer');
INSERT IGNORE INTO Aktor (`nama_lengkap`) VALUES ('Philippe Duclos');
INSERT IGNORE INTO Peran VALUES ('Philippe Duclos', 'In Harmony', 'Director of the insurance company');
INSERT IGNORE INTO Aktor (`nama_lengkap`) VALUES ('Bruno Monsaingeon');
INSERT IGNORE INTO Peran VALUES ('Bruno Monsaingeon', 'In Harmony', 'Piano teacher');
INSERT IGNORE INTO Aktor (`nama_lengkap`) VALUES ('Laure Calamy');
INSERT IGNORE INTO Peran VALUES ('Laure Calamy', 'In Harmony', 'Séverine');
INSERT IGNORE INTO Aktor (`nama_lengkap`) VALUES ('Marianne Groves');
INSERT IGNORE INTO Peran VALUES ('Marianne Groves', 'In Harmony', 'Marie');
INSERT IGNORE INTO Aktor (`nama_lengkap`) VALUES ('Joseph Malerba');
INSERT IGNORE INTO Peran VALUES ('Joseph Malerba', 'In Harmony', 'Victor');
INSERT IGNORE INTO Aktor (`nama_lengkap`) VALUES ('Antonin Gabrielli');
INSERT IGNORE INTO Peran VALUES ('Antonin Gabrielli', 'In Harmony', 'Antoine');
INSERT IGNORE INTO Audio VALUES ('In Harmony', 'Korea');
INSERT IGNORE INTO Subtitle VALUES ('In Harmony', 'Indonesia');
INSERT IGNORE INTO Konten VALUES ('An Affair', 'A newly appointed teacher finds herself being followed, and soon discovers that one of her own students is obsessed with her.', 2018, 'NR', 'Film');
INSERT IGNORE INTO Film VALUES ('An Affair', 92, 'Henrik Martin Dahlsbakken');
INSERT IGNORE INTO Genre_Konten VALUES ('An Affair', 4);
INSERT IGNORE INTO Aktor (`nama_lengkap`) VALUES ('Andrea Bræin Hovig');
INSERT IGNORE INTO Peran VALUES ('Andrea Bræin Hovig', 'An Affair', 'Anita');
INSERT IGNORE INTO Aktor (`nama_lengkap`) VALUES ('Tarjei Sandvik Moe');
INSERT IGNORE INTO Peran VALUES ('Tarjei Sandvik Moe', 'An Affair', 'Markus');
INSERT IGNORE INTO Aktor (`nama_lengkap`) VALUES ('Anneke von der Lippe');
INSERT IGNORE INTO Peran VALUES ('Anneke von der Lippe', 'An Affair', 'Unni');
INSERT IGNORE INTO Aktor (`nama_lengkap`) VALUES ('Carsten Bjørnlund');
INSERT IGNORE INTO Peran VALUES ('Carsten Bjørnlund', 'An Affair', 'Hasse');
INSERT IGNORE INTO Aktor (`nama_lengkap`) VALUES ('Lea Meyer');
INSERT IGNORE INTO Peran VALUES ('Lea Meyer', 'An Affair', 'Mina');
INSERT IGNORE INTO Aktor (`nama_lengkap`) VALUES ('Mattis Herman Nyquist');
INSERT IGNORE INTO Peran VALUES ('Mattis Herman Nyquist', 'An Affair', 'Frode');
INSERT IGNORE INTO Aktor (`nama_lengkap`) VALUES ('Ingjerd Egeberg');
INSERT IGNORE INTO Peran VALUES ('Ingjerd Egeberg', 'An Affair', 'Trine-Lise');
INSERT IGNORE INTO Aktor (`nama_lengkap`) VALUES ('Anders T. Andersen');
INSERT IGNORE INTO Peran VALUES ('Anders T. Andersen', 'An Affair', 'Lars');
INSERT IGNORE INTO Aktor (`nama_lengkap`) VALUES ('Tone Beate Mostraum');
INSERT IGNORE INTO Peran VALUES ('Tone Beate Mostraum', 'An Affair', 'Eli');
INSERT IGNORE INTO Aktor (`nama_lengkap`) VALUES ('Marit Andreassen');
INSERT IGNORE INTO Peran VALUES ('Marit Andreassen', 'An Affair', 'Randi');
INSERT IGNORE INTO Audio VALUES ('An Affair', 'Jepang');
INSERT IGNORE INTO Audio VALUES ('An Affair', 'Inggris');
INSERT IGNORE INTO Subtitle VALUES ('An Affair', 'Korea');
INSERT IGNORE INTO Subtitle VALUES ('An Affair', 'Inggris');
INSERT IGNORE INTO Konten VALUES ('A Little Women''s Christmas', 'A Little Women’s Christmas is a contemporary retelling of the beloved classic novel, following the lives and loves of the March sisters in a small Tennessee town at Christmas.', 2024, 'NR', 'Film');
INSERT IGNORE INTO Film VALUES ('A Little Women''s Christmas', 83, 'Brandon Clark');
INSERT IGNORE INTO Genre_Konten VALUES ('A Little Women''s Christmas', 8);
INSERT IGNORE INTO Genre_Konten VALUES ('A Little Women''s Christmas', 13);
INSERT IGNORE INTO Genre_Konten VALUES ('A Little Women''s Christmas', 4);
INSERT IGNORE INTO Aktor (`nama_lengkap`) VALUES ('Jillian Murray');
INSERT IGNORE INTO Peran VALUES ('Jillian Murray', 'A Little Women''s Christmas', 'Jo March');
INSERT IGNORE INTO Aktor (`nama_lengkap`) VALUES ('Trevor Donovan');
INSERT IGNORE INTO Peran VALUES ('Trevor Donovan', 'A Little Women''s Christmas', 'Fritz');
INSERT IGNORE INTO Aktor (`nama_lengkap`) VALUES ('Jen Lilley');
INSERT IGNORE INTO Peran VALUES ('Jen Lilley', 'A Little Women''s Christmas', 'Meg Brooke');
INSERT IGNORE INTO Aktor (`nama_lengkap`) VALUES ('Laura Osnes');
INSERT IGNORE INTO Peran VALUES ('Laura Osnes', 'A Little Women''s Christmas', 'Beth March');
INSERT IGNORE INTO Aktor (`nama_lengkap`) VALUES ('Julia Reilly');
INSERT IGNORE INTO Peran VALUES ('Julia Reilly', 'A Little Women''s Christmas', 'Amy March');
INSERT IGNORE INTO Aktor (`nama_lengkap`) VALUES ('Kyle Kupecky');
INSERT IGNORE INTO Peran VALUES ('Kyle Kupecky', 'A Little Women''s Christmas', 'Laurie');
INSERT IGNORE INTO Aktor (`nama_lengkap`) VALUES ('Jesse Hutch');
INSERT IGNORE INTO Peran VALUES ('Jesse Hutch', 'A Little Women''s Christmas', 'John Brooke');
INSERT IGNORE INTO Aktor (`nama_lengkap`) VALUES ('Brandon Clark');
INSERT IGNORE INTO Peran VALUES ('Brandon Clark', 'A Little Women''s Christmas', 'DJ Bob');
INSERT IGNORE INTO Aktor (`nama_lengkap`) VALUES ('Gladys Knight');
INSERT IGNORE INTO Peran VALUES ('Gladys Knight', 'A Little Women''s Christmas', 'Bertie Henderson');
INSERT IGNORE INTO Aktor (`nama_lengkap`) VALUES ('Tanya Christiansen');
INSERT IGNORE INTO Peran VALUES ('Tanya Christiansen', 'A Little Women''s Christmas', 'Susanna Gardner');
INSERT IGNORE INTO Audio VALUES ('A Little Women''s Christmas', 'Spanyol');
INSERT IGNORE INTO Subtitle VALUES ('A Little Women''s Christmas', 'Korea');
INSERT IGNORE INTO Subtitle VALUES ('A Little Women''s Christmas', 'Indonesia');
INSERT IGNORE INTO Konten VALUES ('War 2', 'Years ago Agent Kabir went rogue, became India’s greatest villain ever.  As he descends further into the deepest shadows... India sends its deadliest, most lethal agent after him, Agent Vikram  A Special Units Officer who is more than Kabir’s equal and a relentless Terminator driven by his own demons, determined to put a bullet into Kabir’s skull.', 2025, '17+', 'Film');
INSERT IGNORE INTO Film VALUES ('War 2', 173, 'Ayan Mukerji');
INSERT IGNORE INTO Genre_Konten VALUES ('War 2', 1);
INSERT IGNORE INTO Genre_Konten VALUES ('War 2', 7);
INSERT IGNORE INTO Genre_Konten VALUES ('War 2', 3);
INSERT IGNORE INTO Aktor (`nama_lengkap`) VALUES ('N.T. Rama Rao Jr.');
INSERT IGNORE INTO Peran VALUES ('N.T. Rama Rao Jr.', 'War 2', 'Vikram');
INSERT IGNORE INTO Aktor (`nama_lengkap`) VALUES ('Hrithik Roshan');
INSERT IGNORE INTO Peran VALUES ('Hrithik Roshan', 'War 2', 'Kabir Dhaliwal');
INSERT IGNORE INTO Aktor (`nama_lengkap`) VALUES ('Kiara Advani');
INSERT IGNORE INTO Peran VALUES ('Kiara Advani', 'War 2', 'Kavya Luthra');
INSERT IGNORE INTO Aktor (`nama_lengkap`) VALUES ('Ashutosh Rana');
INSERT IGNORE INTO Peran VALUES ('Ashutosh Rana', 'War 2', 'Colonel Sunil Luthra');
INSERT IGNORE INTO Aktor (`nama_lengkap`) VALUES ('Anil Kapoor');
INSERT IGNORE INTO Peran VALUES ('Anil Kapoor', 'War 2', 'Vikrant Kaul');
INSERT IGNORE INTO Aktor (`nama_lengkap`) VALUES ('Bobby Deol');
INSERT IGNORE INTO Peran VALUES ('Bobby Deol', 'War 2', 'Unnamed');
INSERT IGNORE INTO Aktor (`nama_lengkap`) VALUES ('K.C. Shankar');
INSERT IGNORE INTO Peran VALUES ('K.C. Shankar', 'War 2', 'Gautam Gulati');
INSERT IGNORE INTO Aktor (`nama_lengkap`) VALUES ('Varun Badola');
INSERT IGNORE INTO Peran VALUES ('Varun Badola', 'War 2', 'Vilasrao Sarang');
INSERT IGNORE INTO Aktor (`nama_lengkap`) VALUES ('Hearty Singh');
INSERT IGNORE INTO Peran VALUES ('Hearty Singh', 'War 2', 'Young Vikram');
INSERT IGNORE INTO Aktor (`nama_lengkap`) VALUES ('Soni Razdan');
INSERT IGNORE INTO Peran VALUES ('Soni Razdan', 'War 2', 'Nafisa Rahmani');
INSERT IGNORE INTO Audio VALUES ('War 2', 'Jepang');
INSERT IGNORE INTO Audio VALUES ('War 2', 'Inggris');
INSERT IGNORE INTO Subtitle VALUES ('War 2', 'Indonesia');
INSERT IGNORE INTO Subtitle VALUES ('War 2', 'Jepang');
INSERT IGNORE INTO Subtitle VALUES ('War 2', 'Korea');
INSERT IGNORE INTO Konten VALUES ('Inside Out 2', 'Teenager Riley''s mind headquarters is undergoing a sudden demolition to make room for something entirely unexpected: new Emotions! Joy, Sadness, Anger, Fear and Disgust, who’ve long been running a successful operation by all accounts, aren’t sure how to feel when Anxiety shows up. And it looks like she’s not alone.', 2024, 'PG', 'Film');
INSERT IGNORE INTO Film VALUES ('Inside Out 2', 97, 'Kelsey Mann');
INSERT IGNORE INTO Genre_Konten VALUES ('Inside Out 2', 12);
INSERT IGNORE INTO Genre_Konten VALUES ('Inside Out 2', 7);
INSERT IGNORE INTO Genre_Konten VALUES ('Inside Out 2', 8);
INSERT IGNORE INTO Genre_Konten VALUES ('Inside Out 2', 9);
INSERT IGNORE INTO Aktor (`nama_lengkap`) VALUES ('Amy Poehler');
INSERT IGNORE INTO Peran VALUES ('Amy Poehler', 'Inside Out 2', 'Joy (voice)');
INSERT IGNORE INTO Aktor (`nama_lengkap`) VALUES ('Maya Hawke');
INSERT IGNORE INTO Peran VALUES ('Maya Hawke', 'Inside Out 2', 'Anxiety (voice)');
INSERT IGNORE INTO Aktor (`nama_lengkap`) VALUES ('Kensington Tallman');
INSERT IGNORE INTO Peran VALUES ('Kensington Tallman', 'Inside Out 2', 'Riley (voice)');
INSERT IGNORE INTO Aktor (`nama_lengkap`) VALUES ('Liza Lapira');
INSERT IGNORE INTO Peran VALUES ('Liza Lapira', 'Inside Out 2', 'Disgust (voice)');
INSERT IGNORE INTO Aktor (`nama_lengkap`) VALUES ('Tony Hale');
INSERT IGNORE INTO Peran VALUES ('Tony Hale', 'Inside Out 2', 'Fear (voice)');
INSERT IGNORE INTO Aktor (`nama_lengkap`) VALUES ('Lewis Black');
INSERT IGNORE INTO Peran VALUES ('Lewis Black', 'Inside Out 2', 'Anger (voice)');
INSERT IGNORE INTO Aktor (`nama_lengkap`) VALUES ('Phyllis Smith');
INSERT IGNORE INTO Peran VALUES ('Phyllis Smith', 'Inside Out 2', 'Sadness (voice)');
INSERT IGNORE INTO Aktor (`nama_lengkap`) VALUES ('Ayo Edebiri');
INSERT IGNORE INTO Peran VALUES ('Ayo Edebiri', 'Inside Out 2', 'Envy (voice)');
INSERT IGNORE INTO Aktor (`nama_lengkap`) VALUES ('Lilimar');
INSERT IGNORE INTO Peran VALUES ('Lilimar', 'Inside Out 2', 'Valentina (voice)');
INSERT IGNORE INTO Aktor (`nama_lengkap`) VALUES ('Grace Lu');
INSERT IGNORE INTO Peran VALUES ('Grace Lu', 'Inside Out 2', 'Grace (voice)');
INSERT IGNORE INTO Audio VALUES ('Inside Out 2', 'Jepang');
INSERT IGNORE INTO Audio VALUES ('Inside Out 2', 'Spanyol');
INSERT IGNORE INTO Subtitle VALUES ('Inside Out 2', 'Indonesia');
INSERT IGNORE INTO Subtitle VALUES ('Inside Out 2', 'Korea');
INSERT IGNORE INTO Subtitle VALUES ('Inside Out 2', 'Spanyol');
INSERT IGNORE INTO Konten VALUES ('Bugonia', 'Two conspiracy obsessed young men kidnap the high-powered CEO of a major company, convinced that she is an alien intent on destroying planet Earth.', 2025, 'R', 'Film');
INSERT IGNORE INTO Film VALUES ('Bugonia', 119, 'Yorgos Lanthimos');
INSERT IGNORE INTO Genre_Konten VALUES ('Bugonia', 10);
INSERT IGNORE INTO Genre_Konten VALUES ('Bugonia', 2);
INSERT IGNORE INTO Genre_Konten VALUES ('Bugonia', 3);
INSERT IGNORE INTO Aktor (`nama_lengkap`) VALUES ('Emma Stone');
INSERT IGNORE INTO Peran VALUES ('Emma Stone', 'Bugonia', 'Michelle');
INSERT IGNORE INTO Aktor (`nama_lengkap`) VALUES ('Jesse Plemons');
INSERT IGNORE INTO Peran VALUES ('Jesse Plemons', 'Bugonia', 'Teddy');
INSERT IGNORE INTO Aktor (`nama_lengkap`) VALUES ('Aidan Delbis');
INSERT IGNORE INTO Peran VALUES ('Aidan Delbis', 'Bugonia', 'Don');
INSERT IGNORE INTO Aktor (`nama_lengkap`) VALUES ('Stavros Halkias');
INSERT IGNORE INTO Peran VALUES ('Stavros Halkias', 'Bugonia', 'Casey');
INSERT IGNORE INTO Aktor (`nama_lengkap`) VALUES ('Alicia Silverstone');
INSERT IGNORE INTO Peran VALUES ('Alicia Silverstone', 'Bugonia', 'Sandy');
INSERT IGNORE INTO Aktor (`nama_lengkap`) VALUES ('J. Carmen Galindez Barrera');
INSERT IGNORE INTO Peran VALUES ('J. Carmen Galindez Barrera', 'Bugonia', 'Ricky / Security Guard');
INSERT IGNORE INTO Aktor (`nama_lengkap`) VALUES ('Marc T. Lewis');
INSERT IGNORE INTO Peran VALUES ('Marc T. Lewis', 'Bugonia', 'Tony');
INSERT IGNORE INTO Aktor (`nama_lengkap`) VALUES ('Vanessa Eng');
INSERT IGNORE INTO Peran VALUES ('Vanessa Eng', 'Bugonia', 'Corey');
INSERT IGNORE INTO Aktor (`nama_lengkap`) VALUES ('Cedric Dumornay');
INSERT IGNORE INTO Peran VALUES ('Cedric Dumornay', 'Bugonia', 'Chris');
INSERT IGNORE INTO Aktor (`nama_lengkap`) VALUES ('Charita Momma Cherri Jones');
INSERT IGNORE INTO Peran VALUES ('Charita Momma Cherri Jones', 'Bugonia', 'Tina');
INSERT IGNORE INTO Audio VALUES ('Bugonia', 'Indonesia');
INSERT IGNORE INTO Subtitle VALUES ('Bugonia', 'Jepang');
INSERT IGNORE INTO Subtitle VALUES ('Bugonia', 'Indonesia');
INSERT IGNORE INTO Subtitle VALUES ('Bugonia', 'Spanyol');
INSERT IGNORE INTO Subtitle VALUES ('Bugonia', 'Korea');
INSERT IGNORE INTO Konten VALUES ('It Chapter Two', '27 years after overcoming the malevolent supernatural entity Pennywise, the former members of the Losers'' Club, who have grown up and moved away from Derry, are brought back together by a devastating phone call.', 2019, 'R', 'Film');
INSERT IGNORE INTO Film VALUES ('It Chapter Two', 169, 'Andy Muschietti');
INSERT IGNORE INTO Genre_Konten VALUES ('It Chapter Two', 5);
INSERT IGNORE INTO Genre_Konten VALUES ('It Chapter Two', 3);
INSERT IGNORE INTO Aktor (`nama_lengkap`) VALUES ('Bill Skarsgård');
INSERT IGNORE INTO Peran VALUES ('Bill Skarsgård', 'It Chapter Two', 'Pennywise');
INSERT IGNORE INTO Aktor (`nama_lengkap`) VALUES ('James McAvoy');
INSERT IGNORE INTO Peran VALUES ('James McAvoy', 'It Chapter Two', 'Bill Denbrough');
INSERT IGNORE INTO Aktor (`nama_lengkap`) VALUES ('Jessica Chastain');
INSERT IGNORE INTO Peran VALUES ('Jessica Chastain', 'It Chapter Two', 'Beverly Marsh');
INSERT IGNORE INTO Aktor (`nama_lengkap`) VALUES ('Bill Hader');
INSERT IGNORE INTO Peran VALUES ('Bill Hader', 'It Chapter Two', 'Richie Tozier');
INSERT IGNORE INTO Aktor (`nama_lengkap`) VALUES ('Isaiah Mustafa');
INSERT IGNORE INTO Peran VALUES ('Isaiah Mustafa', 'It Chapter Two', 'Mike Hanlon');
INSERT IGNORE INTO Aktor (`nama_lengkap`) VALUES ('Jay Ryan');
INSERT IGNORE INTO Peran VALUES ('Jay Ryan', 'It Chapter Two', 'Ben Hanscom');
INSERT IGNORE INTO Aktor (`nama_lengkap`) VALUES ('James Ransone');
INSERT IGNORE INTO Peran VALUES ('James Ransone', 'It Chapter Two', 'Eddie Kaspbrak');
INSERT IGNORE INTO Aktor (`nama_lengkap`) VALUES ('Teach Grant');
INSERT IGNORE INTO Peran VALUES ('Teach Grant', 'It Chapter Two', 'Henry Bowers');
INSERT IGNORE INTO Aktor (`nama_lengkap`) VALUES ('Andy Bean');
INSERT IGNORE INTO Peran VALUES ('Andy Bean', 'It Chapter Two', 'Stanley Uris');
INSERT IGNORE INTO Aktor (`nama_lengkap`) VALUES ('Joan Gregson');
INSERT IGNORE INTO Peran VALUES ('Joan Gregson', 'It Chapter Two', 'Mrs. Kersh');
INSERT IGNORE INTO Audio VALUES ('It Chapter Two', 'Indonesia');
INSERT IGNORE INTO Subtitle VALUES ('It Chapter Two', 'Spanyol');
INSERT IGNORE INTO Subtitle VALUES ('It Chapter Two', 'Inggris');
INSERT IGNORE INTO Subtitle VALUES ('It Chapter Two', 'Korea');
INSERT IGNORE INTO Subtitle VALUES ('It Chapter Two', 'Indonesia');
INSERT IGNORE INTO Konten VALUES ('Groom & Two Brides', 'Adam is allergic to love, but somehow ends up engaged to both his boss''s daughter and his first love. Now he must try to keep his double life a secret.', 2025, '13+', 'Film');
INSERT IGNORE INTO Film VALUES ('Groom & Two Brides', 0, 'Elie El Semaan');
INSERT IGNORE INTO Genre_Konten VALUES ('Groom & Two Brides', 13);
INSERT IGNORE INTO Genre_Konten VALUES ('Groom & Two Brides', 8);
INSERT IGNORE INTO Aktor (`nama_lengkap`) VALUES ('Abdullah Boushahri');
INSERT IGNORE INTO Peran VALUES ('Abdullah Boushahri', 'Groom & Two Brides', 'Adam');
INSERT IGNORE INTO Aktor (`nama_lengkap`) VALUES ('Lulwa Al-Mulla');
INSERT IGNORE INTO Peran VALUES ('Lulwa Al-Mulla', 'Groom & Two Brides', 'Sama');
INSERT IGNORE INTO Aktor (`nama_lengkap`) VALUES ('Layla Abdullah');
INSERT IGNORE INTO Peran VALUES ('Layla Abdullah', 'Groom & Two Brides', 'Yasmine');
INSERT IGNORE INTO Aktor (`nama_lengkap`) VALUES ('Hamad Ashknani');
INSERT IGNORE INTO Peran VALUES ('Hamad Ashknani', 'Groom & Two Brides', 'Talal');
INSERT IGNORE INTO Aktor (`nama_lengkap`) VALUES ('Sara Abi Kanaan');
INSERT IGNORE INTO Peran VALUES ('Sara Abi Kanaan', 'Groom & Two Brides', 'Hala');
INSERT IGNORE INTO Aktor (`nama_lengkap`) VALUES ('Shihab Hajiyeh');
INSERT IGNORE INTO Peran VALUES ('Shihab Hajiyeh', 'Groom & Two Brides', '');
INSERT IGNORE INTO Audio VALUES ('Groom & Two Brides', 'Jepang');
INSERT IGNORE INTO Audio VALUES ('Groom & Two Brides', 'Spanyol');
INSERT IGNORE INTO Subtitle VALUES ('Groom & Two Brides', 'Spanyol');
INSERT IGNORE INTO Subtitle VALUES ('Groom & Two Brides', 'Inggris');
INSERT IGNORE INTO Subtitle VALUES ('Groom & Two Brides', 'Indonesia');
INSERT IGNORE INTO Subtitle VALUES ('Groom & Two Brides', 'Korea');
INSERT IGNORE INTO Konten VALUES ('Harry Potter and the Prisoner of Azkaban', 'Year three at Hogwarts means new fun and challenges as Harry learns the delicate art of approaching a Hippogriff, transforming shape-shifting Boggarts into hilarity and even turning back time. But the term also brings danger: soul-sucking Dementors hover over the school, an ally of the accursed He-Who-Cannot-Be-Named lurks within the castle walls, and fearsome wizard Sirius Black escapes Azkaban. And Harry will confront them all.', 2004, 'PG', 'Film');
INSERT IGNORE INTO Film VALUES ('Harry Potter and the Prisoner of Azkaban', 141, 'Alfonso Cuarón');
INSERT IGNORE INTO Genre_Konten VALUES ('Harry Potter and the Prisoner of Azkaban', 7);
INSERT IGNORE INTO Genre_Konten VALUES ('Harry Potter and the Prisoner of Azkaban', 6);
INSERT IGNORE INTO Aktor (`nama_lengkap`) VALUES ('Daniel Radcliffe');
INSERT IGNORE INTO Peran VALUES ('Daniel Radcliffe', 'Harry Potter and the Prisoner of Azkaban', 'Harry Potter');
INSERT IGNORE INTO Aktor (`nama_lengkap`) VALUES ('Rupert Grint');
INSERT IGNORE INTO Peran VALUES ('Rupert Grint', 'Harry Potter and the Prisoner of Azkaban', 'Ron Weasley');
INSERT IGNORE INTO Aktor (`nama_lengkap`) VALUES ('Emma Watson');
INSERT IGNORE INTO Peran VALUES ('Emma Watson', 'Harry Potter and the Prisoner of Azkaban', 'Hermione Granger');
INSERT IGNORE INTO Aktor (`nama_lengkap`) VALUES ('Robbie Coltrane');
INSERT IGNORE INTO Peran VALUES ('Robbie Coltrane', 'Harry Potter and the Prisoner of Azkaban', 'Rubeus Hagrid');
INSERT IGNORE INTO Aktor (`nama_lengkap`) VALUES ('Michael Gambon');
INSERT IGNORE INTO Peran VALUES ('Michael Gambon', 'Harry Potter and the Prisoner of Azkaban', 'Albus Dumbledore');
INSERT IGNORE INTO Aktor (`nama_lengkap`) VALUES ('Gary Oldman');
INSERT IGNORE INTO Peran VALUES ('Gary Oldman', 'Harry Potter and the Prisoner of Azkaban', 'Sirius Black');
INSERT IGNORE INTO Aktor (`nama_lengkap`) VALUES ('David Thewlis');
INSERT IGNORE INTO Peran VALUES ('David Thewlis', 'Harry Potter and the Prisoner of Azkaban', 'Remus Lupin');
INSERT IGNORE INTO Aktor (`nama_lengkap`) VALUES ('Timothy Spall');
INSERT IGNORE INTO Peran VALUES ('Timothy Spall', 'Harry Potter and the Prisoner of Azkaban', 'Peter Pettigrew');
INSERT IGNORE INTO Aktor (`nama_lengkap`) VALUES ('Alan Rickman');
INSERT IGNORE INTO Peran VALUES ('Alan Rickman', 'Harry Potter and the Prisoner of Azkaban', 'Severus Snape');
INSERT IGNORE INTO Aktor (`nama_lengkap`) VALUES ('Tom Felton');
INSERT IGNORE INTO Peran VALUES ('Tom Felton', 'Harry Potter and the Prisoner of Azkaban', 'Draco Malfoy');
INSERT IGNORE INTO Audio VALUES ('Harry Potter and the Prisoner of Azkaban', 'Jepang');
INSERT IGNORE INTO Audio VALUES ('Harry Potter and the Prisoner of Azkaban', 'Korea');
INSERT IGNORE INTO Subtitle VALUES ('Harry Potter and the Prisoner of Azkaban', 'Jepang');
INSERT IGNORE INTO Subtitle VALUES ('Harry Potter and the Prisoner of Azkaban', 'Indonesia');
INSERT IGNORE INTO Subtitle VALUES ('Harry Potter and the Prisoner of Azkaban', 'Korea');
INSERT IGNORE INTO Subtitle VALUES ('Harry Potter and the Prisoner of Azkaban', 'Inggris');
INSERT IGNORE INTO Konten VALUES ('Avatar: The Way of Water', 'Set more than a decade after the events of the first film, learn the story of the Sully family (Jake, Neytiri, and their kids), the trouble that follows them, the lengths they go to keep each other safe, the battles they fight to stay alive, and the tragedies they endure.', 2022, '13+', 'Film');
INSERT IGNORE INTO Film VALUES ('Avatar: The Way of Water', 192, 'James Cameron');
INSERT IGNORE INTO Genre_Konten VALUES ('Avatar: The Way of Water', 1);
INSERT IGNORE INTO Genre_Konten VALUES ('Avatar: The Way of Water', 7);
INSERT IGNORE INTO Genre_Konten VALUES ('Avatar: The Way of Water', 10);
INSERT IGNORE INTO Aktor (`nama_lengkap`) VALUES ('Sam Worthington');
INSERT IGNORE INTO Peran VALUES ('Sam Worthington', 'Avatar: The Way of Water', 'Jake Sully');
INSERT IGNORE INTO Aktor (`nama_lengkap`) VALUES ('Zoe Saldaña');
INSERT IGNORE INTO Peran VALUES ('Zoe Saldaña', 'Avatar: The Way of Water', 'Neytiri');
INSERT IGNORE INTO Aktor (`nama_lengkap`) VALUES ('Sigourney Weaver');
INSERT IGNORE INTO Peran VALUES ('Sigourney Weaver', 'Avatar: The Way of Water', 'Kiri');
INSERT IGNORE INTO Aktor (`nama_lengkap`) VALUES ('Stephen Lang');
INSERT IGNORE INTO Peran VALUES ('Stephen Lang', 'Avatar: The Way of Water', 'Colonel Miles Quaritch');
INSERT IGNORE INTO Aktor (`nama_lengkap`) VALUES ('Kate Winslet');
INSERT IGNORE INTO Peran VALUES ('Kate Winslet', 'Avatar: The Way of Water', 'Ronal');
INSERT IGNORE INTO Aktor (`nama_lengkap`) VALUES ('Cliff Curtis');
INSERT IGNORE INTO Peran VALUES ('Cliff Curtis', 'Avatar: The Way of Water', 'Tonowari');
INSERT IGNORE INTO Aktor (`nama_lengkap`) VALUES ('Joel David Moore');
INSERT IGNORE INTO Peran VALUES ('Joel David Moore', 'Avatar: The Way of Water', 'Norm Spellman');
INSERT IGNORE INTO Aktor (`nama_lengkap`) VALUES ('CCH Pounder');
INSERT IGNORE INTO Peran VALUES ('CCH Pounder', 'Avatar: The Way of Water', 'Mo''at');
INSERT IGNORE INTO Aktor (`nama_lengkap`) VALUES ('Edie Falco');
INSERT IGNORE INTO Peran VALUES ('Edie Falco', 'Avatar: The Way of Water', 'General Frances Ardmore');
INSERT IGNORE INTO Aktor (`nama_lengkap`) VALUES ('Jemaine Clement');
INSERT IGNORE INTO Peran VALUES ('Jemaine Clement', 'Avatar: The Way of Water', 'Dr. Ian Garvin');
INSERT IGNORE INTO Audio VALUES ('Avatar: The Way of Water', 'Inggris');
INSERT IGNORE INTO Audio VALUES ('Avatar: The Way of Water', 'Spanyol');
INSERT IGNORE INTO Subtitle VALUES ('Avatar: The Way of Water', 'Indonesia');
INSERT IGNORE INTO Konten VALUES ('Maniac', 'When a stranger enters a quiet, country town and is seduced by a sensuous married woman he unwittingly finds himself at the centre of a storm of sexual guilt and murder.', 1963, 'NR', 'Film');
INSERT IGNORE INTO Film VALUES ('Maniac', 86, 'Michael Carreras');
INSERT IGNORE INTO Genre_Konten VALUES ('Maniac', 2);
INSERT IGNORE INTO Genre_Konten VALUES ('Maniac', 11);
INSERT IGNORE INTO Genre_Konten VALUES ('Maniac', 5);
INSERT IGNORE INTO Genre_Konten VALUES ('Maniac', 3);
INSERT IGNORE INTO Aktor (`nama_lengkap`) VALUES ('Kerwin Mathews');
INSERT IGNORE INTO Peran VALUES ('Kerwin Mathews', 'Maniac', 'Paul Farrell');
INSERT IGNORE INTO Aktor (`nama_lengkap`) VALUES ('Nadia Gray');
INSERT IGNORE INTO Peran VALUES ('Nadia Gray', 'Maniac', 'Eve Beynat');
INSERT IGNORE INTO Aktor (`nama_lengkap`) VALUES ('Donald Houston');
INSERT IGNORE INTO Peran VALUES ('Donald Houston', 'Maniac', 'Georges');
INSERT IGNORE INTO Aktor (`nama_lengkap`) VALUES ('Liliane Brousse');
INSERT IGNORE INTO Peran VALUES ('Liliane Brousse', 'Maniac', 'Annette Beynat');
INSERT IGNORE INTO Aktor (`nama_lengkap`) VALUES ('George Pastell');
INSERT IGNORE INTO Peran VALUES ('George Pastell', 'Maniac', 'Inspector Etienne');
INSERT IGNORE INTO Aktor (`nama_lengkap`) VALUES ('Arnold Diamond');
INSERT IGNORE INTO Peran VALUES ('Arnold Diamond', 'Maniac', 'Janiello');
INSERT IGNORE INTO Aktor (`nama_lengkap`) VALUES ('Norman Bird');
INSERT IGNORE INTO Peran VALUES ('Norman Bird', 'Maniac', 'Salon');
INSERT IGNORE INTO Aktor (`nama_lengkap`) VALUES ('Justine Lord');
INSERT IGNORE INTO Peran VALUES ('Justine Lord', 'Maniac', 'Grace');
INSERT IGNORE INTO Aktor (`nama_lengkap`) VALUES ('Jerold Wells');
INSERT IGNORE INTO Peran VALUES ('Jerold Wells', 'Maniac', 'Giles');
INSERT IGNORE INTO Aktor (`nama_lengkap`) VALUES ('Leon Peers');
INSERT IGNORE INTO Peran VALUES ('Leon Peers', 'Maniac', 'Blanchard');
INSERT IGNORE INTO Audio VALUES ('Maniac', 'Jepang');
INSERT IGNORE INTO Subtitle VALUES ('Maniac', 'Spanyol');
INSERT IGNORE INTO Subtitle VALUES ('Maniac', 'Korea');
INSERT IGNORE INTO Subtitle VALUES ('Maniac', 'Jepang');
INSERT IGNORE INTO Konten VALUES ('Prisoner of War', 'British RAF Wing Commander James Wright is captured by the Japanese during WWII and forced to fight in brutal hand-to-hand combat. The Japanese soldiers get more than they bargained for when Wright’s years of martial arts training in Hong Kong prove him to be a formidable opponent.', 2025, 'NR', 'Film');
INSERT IGNORE INTO Film VALUES ('Prisoner of War', 113, 'Louis Mandylor');
INSERT IGNORE INTO Genre_Konten VALUES ('Prisoner of War', 1);
INSERT IGNORE INTO Genre_Konten VALUES ('Prisoner of War', 16);
INSERT IGNORE INTO Genre_Konten VALUES ('Prisoner of War', 3);
INSERT IGNORE INTO Genre_Konten VALUES ('Prisoner of War', 15);
INSERT IGNORE INTO Aktor (`nama_lengkap`) VALUES ('Scott Adkins');
INSERT IGNORE INTO Peran VALUES ('Scott Adkins', 'Prisoner of War', 'James Wright');
INSERT IGNORE INTO Aktor (`nama_lengkap`) VALUES ('Peter Shinkoda');
INSERT IGNORE INTO Peran VALUES ('Peter Shinkoda', 'Prisoner of War', 'Benjiro Ito');
INSERT IGNORE INTO Aktor (`nama_lengkap`) VALUES ('Michael Copon');
INSERT IGNORE INTO Peran VALUES ('Michael Copon', 'Prisoner of War', 'Gabriel Villanueva');
INSERT IGNORE INTO Aktor (`nama_lengkap`) VALUES ('Donald Cerrone');
INSERT IGNORE INTO Peran VALUES ('Donald Cerrone', 'Prisoner of War', 'Captain Collins');
INSERT IGNORE INTO Aktor (`nama_lengkap`) VALUES ('Michael Rene Walton');
INSERT IGNORE INTO Peran VALUES ('Michael Rene Walton', 'Prisoner of War', 'The Beard');
INSERT IGNORE INTO Aktor (`nama_lengkap`) VALUES ('Gary Cairns');
INSERT IGNORE INTO Peran VALUES ('Gary Cairns', 'Prisoner of War', 'Jonesy');
INSERT IGNORE INTO Aktor (`nama_lengkap`) VALUES ('Shane Kosugi');
INSERT IGNORE INTO Peran VALUES ('Shane Kosugi', 'Prisoner of War', 'Corporal Hirano');
INSERT IGNORE INTO Aktor (`nama_lengkap`) VALUES ('Masanori Mimoto');
INSERT IGNORE INTO Peran VALUES ('Masanori Mimoto', 'Prisoner of War', 'Captain Endo');
INSERT IGNORE INTO Aktor (`nama_lengkap`) VALUES ('Gabbi Garcia');
INSERT IGNORE INTO Peran VALUES ('Gabbi Garcia', 'Prisoner of War', 'Theresa');
INSERT IGNORE INTO Aktor (`nama_lengkap`) VALUES ('Sol Eugenio');
INSERT IGNORE INTO Peran VALUES ('Sol Eugenio', 'Prisoner of War', 'Japanese Soldier');
INSERT IGNORE INTO Audio VALUES ('Prisoner of War', 'Indonesia');
INSERT IGNORE INTO Subtitle VALUES ('Prisoner of War', 'Spanyol');
INSERT IGNORE INTO Subtitle VALUES ('Prisoner of War', 'Korea');
INSERT IGNORE INTO Subtitle VALUES ('Prisoner of War', 'Inggris');
INSERT IGNORE INTO Konten VALUES ('Predator: Killer of Killers', 'While three of the fiercest warriors in human history—a Viking raider, a ninja in feudal Japan, and a WWII pilot—are killers in their own right, they are merely prey for their new opponent: the ultimate killer of killers.', 2025, 'R', 'Film');
INSERT IGNORE INTO Film VALUES ('Predator: Killer of Killers', 85, 'Dan Trachtenberg');
INSERT IGNORE INTO Genre_Konten VALUES ('Predator: Killer of Killers', 12);
INSERT IGNORE INTO Genre_Konten VALUES ('Predator: Killer of Killers', 1);
INSERT IGNORE INTO Genre_Konten VALUES ('Predator: Killer of Killers', 10);
INSERT IGNORE INTO Genre_Konten VALUES ('Predator: Killer of Killers', 3);
INSERT IGNORE INTO Aktor (`nama_lengkap`) VALUES ('Lindsay LaVanchy');
INSERT IGNORE INTO Peran VALUES ('Lindsay LaVanchy', 'Predator: Killer of Killers', 'Ursa (voice)');
INSERT IGNORE INTO Aktor (`nama_lengkap`) VALUES ('Louis Ozawa');
INSERT IGNORE INTO Peran VALUES ('Louis Ozawa', 'Predator: Killer of Killers', 'Kenji / Kiyoshi (voice)');
INSERT IGNORE INTO Aktor (`nama_lengkap`) VALUES ('Rick Gonzalez');
INSERT IGNORE INTO Peran VALUES ('Rick Gonzalez', 'Predator: Killer of Killers', 'Torres (voice)');
INSERT IGNORE INTO Aktor (`nama_lengkap`) VALUES ('Michael Biehn');
INSERT IGNORE INTO Peran VALUES ('Michael Biehn', 'Predator: Killer of Killers', 'Vandy (voice)');
INSERT IGNORE INTO Aktor (`nama_lengkap`) VALUES ('Doug Cockle');
INSERT IGNORE INTO Peran VALUES ('Doug Cockle', 'Predator: Killer of Killers', 'Einar (voice)');
INSERT IGNORE INTO Aktor (`nama_lengkap`) VALUES ('Damien C. Haas');
INSERT IGNORE INTO Peran VALUES ('Damien C. Haas', 'Predator: Killer of Killers', 'Anders (voice)');
INSERT IGNORE INTO Aktor (`nama_lengkap`) VALUES ('Lauren Holt');
INSERT IGNORE INTO Peran VALUES ('Lauren Holt', 'Predator: Killer of Killers', 'Freya (voice)');
INSERT IGNORE INTO Aktor (`nama_lengkap`) VALUES ('Jeff Leach');
INSERT IGNORE INTO Peran VALUES ('Jeff Leach', 'Predator: Killer of Killers', 'Ivar (voice)');
INSERT IGNORE INTO Aktor (`nama_lengkap`) VALUES ('Cherami Leigh');
INSERT IGNORE INTO Peran VALUES ('Cherami Leigh', 'Predator: Killer of Killers', 'Young Ursa (voice)');
INSERT IGNORE INTO Aktor (`nama_lengkap`) VALUES ('Alessa Luz Martinez');
INSERT IGNORE INTO Peran VALUES ('Alessa Luz Martinez', 'Predator: Killer of Killers', 'Delgado (voice)');
INSERT IGNORE INTO Audio VALUES ('Predator: Killer of Killers', 'Korea');
INSERT IGNORE INTO Audio VALUES ('Predator: Killer of Killers', 'Jepang');
INSERT IGNORE INTO Audio VALUES ('Predator: Killer of Killers', 'Indonesia');
INSERT IGNORE INTO Subtitle VALUES ('Predator: Killer of Killers', 'Inggris');
INSERT IGNORE INTO Subtitle VALUES ('Predator: Killer of Killers', 'Korea');
INSERT IGNORE INTO Konten VALUES ('Sisu: Road to Revenge', 'Returning to the house where his family was brutally murdered during the war, ''the man who refuses to die'' dismantles it, loads it on a truck, and is determined to rebuild it somewhere safe in their honor. When the Red Army commander who killed his family comes back hellbent on finishing the job, a relentless, eye-popping cross-country chase ensues — a fight to the death.', 2025, '17+', 'Film');
INSERT IGNORE INTO Film VALUES ('Sisu: Road to Revenge', 89, 'Jalmari Helander');
INSERT IGNORE INTO Genre_Konten VALUES ('Sisu: Road to Revenge', 1);
INSERT IGNORE INTO Genre_Konten VALUES ('Sisu: Road to Revenge', 16);
INSERT IGNORE INTO Aktor (`nama_lengkap`) VALUES ('Jorma Tommila');
INSERT IGNORE INTO Peran VALUES ('Jorma Tommila', 'Sisu: Road to Revenge', 'Aatami');
INSERT IGNORE INTO Aktor (`nama_lengkap`) VALUES ('Richard Brake');
INSERT IGNORE INTO Peran VALUES ('Richard Brake', 'Sisu: Road to Revenge', '');
INSERT IGNORE INTO Aktor (`nama_lengkap`) VALUES ('Stephen Lang');
INSERT IGNORE INTO Peran VALUES ('Stephen Lang', 'Sisu: Road to Revenge', 'Igor Draganov');
INSERT IGNORE INTO Aktor (`nama_lengkap`) VALUES ('Einar Haraldsson');
INSERT IGNORE INTO Peran VALUES ('Einar Haraldsson', 'Sisu: Road to Revenge', 'Soldier');
INSERT IGNORE INTO Aktor (`nama_lengkap`) VALUES ('Jaakko Hutchings');
INSERT IGNORE INTO Peran VALUES ('Jaakko Hutchings', 'Sisu: Road to Revenge', 'Soviet Soldier');
INSERT IGNORE INTO Aktor (`nama_lengkap`) VALUES ('Ergo Küppas');
INSERT IGNORE INTO Peran VALUES ('Ergo Küppas', 'Sisu: Road to Revenge', 'Soviet Border Guard');
INSERT IGNORE INTO Aktor (`nama_lengkap`) VALUES ('Anton Klink');
INSERT IGNORE INTO Peran VALUES ('Anton Klink', 'Sisu: Road to Revenge', 'Soviet Border Guard');
INSERT IGNORE INTO Aktor (`nama_lengkap`) VALUES ('Pääru Oja');
INSERT IGNORE INTO Peran VALUES ('Pääru Oja', 'Sisu: Road to Revenge', '');
INSERT IGNORE INTO Aktor (`nama_lengkap`) VALUES ('Erki Laur');
INSERT IGNORE INTO Peran VALUES ('Erki Laur', 'Sisu: Road to Revenge', '');
INSERT IGNORE INTO Aktor (`nama_lengkap`) VALUES ('Veiko Porkanen');
INSERT IGNORE INTO Peran VALUES ('Veiko Porkanen', 'Sisu: Road to Revenge', '');
INSERT IGNORE INTO Audio VALUES ('Sisu: Road to Revenge', 'Inggris');
INSERT IGNORE INTO Subtitle VALUES ('Sisu: Road to Revenge', 'Inggris');
INSERT IGNORE INTO Subtitle VALUES ('Sisu: Road to Revenge', 'Spanyol');
INSERT IGNORE INTO Subtitle VALUES ('Sisu: Road to Revenge', 'Indonesia');
INSERT IGNORE INTO Subtitle VALUES ('Sisu: Road to Revenge', 'Korea');
INSERT IGNORE INTO Konten VALUES ('The Book', '', 2024, 'NR', 'Film');
INSERT IGNORE INTO Film VALUES ('The Book', 0, 'Bernardo Hernández');
INSERT IGNORE INTO Genre_Konten VALUES ('The Book', 5);
INSERT IGNORE INTO Genre_Konten VALUES ('The Book', 3);
INSERT IGNORE INTO Aktor (`nama_lengkap`) VALUES ('Nahia Laiz');
INSERT IGNORE INTO Peran VALUES ('Nahia Laiz', 'The Book', 'Verónica');
INSERT IGNORE INTO Aktor (`nama_lengkap`) VALUES ('Abdelatif Hwidar');
INSERT IGNORE INTO Peran VALUES ('Abdelatif Hwidar', 'The Book', 'Anticuario');
INSERT IGNORE INTO Aktor (`nama_lengkap`) VALUES ('Miguel Ramiro');
INSERT IGNORE INTO Peran VALUES ('Miguel Ramiro', 'The Book', 'Álex');
INSERT IGNORE INTO Aktor (`nama_lengkap`) VALUES ('Celina Ruiz');
INSERT IGNORE INTO Peran VALUES ('Celina Ruiz', 'The Book', '');
INSERT IGNORE INTO Aktor (`nama_lengkap`) VALUES ('Moncha Molina');
INSERT IGNORE INTO Peran VALUES ('Moncha Molina', 'The Book', '');
INSERT IGNORE INTO Audio VALUES ('The Book', 'Jepang');
INSERT IGNORE INTO Audio VALUES ('The Book', 'Indonesia');
INSERT IGNORE INTO Subtitle VALUES ('The Book', 'Indonesia');
INSERT IGNORE INTO Konten VALUES ('Elio', 'Elio, a space fanatic with an active imagination, finds himself on a cosmic misadventure where he must form new bonds with eccentric alien lifeforms, navigate a crisis of intergalactic proportions and somehow discover who he is truly meant to be.', 2025, 'PG', 'Film');
INSERT IGNORE INTO Film VALUES ('Elio', 98, 'Domee Shi');
INSERT IGNORE INTO Genre_Konten VALUES ('Elio', 9);
INSERT IGNORE INTO Genre_Konten VALUES ('Elio', 8);
INSERT IGNORE INTO Genre_Konten VALUES ('Elio', 7);
INSERT IGNORE INTO Genre_Konten VALUES ('Elio', 12);
INSERT IGNORE INTO Genre_Konten VALUES ('Elio', 10);
INSERT IGNORE INTO Aktor (`nama_lengkap`) VALUES ('Yonas Kibreab');
INSERT IGNORE INTO Peran VALUES ('Yonas Kibreab', 'Elio', 'Elio / Other Elio (voice)');
INSERT IGNORE INTO Aktor (`nama_lengkap`) VALUES ('Remy Edgerly');
INSERT IGNORE INTO Peran VALUES ('Remy Edgerly', 'Elio', 'Glordon (voice)');
INSERT IGNORE INTO Aktor (`nama_lengkap`) VALUES ('Zoe Saldaña');
INSERT IGNORE INTO Peran VALUES ('Zoe Saldaña', 'Elio', 'Olga Solís (voice)');
INSERT IGNORE INTO Aktor (`nama_lengkap`) VALUES ('Brad Garrett');
INSERT IGNORE INTO Peran VALUES ('Brad Garrett', 'Elio', 'Lord Grigon (voice)');
INSERT IGNORE INTO Aktor (`nama_lengkap`) VALUES ('Brandon Moon');
INSERT IGNORE INTO Peran VALUES ('Brandon Moon', 'Elio', 'Ambassador Helix (voice)');
INSERT IGNORE INTO Aktor (`nama_lengkap`) VALUES ('Jameela Jamil');
INSERT IGNORE INTO Peran VALUES ('Jameela Jamil', 'Elio', 'Ambassador Questa (voice)');
INSERT IGNORE INTO Aktor (`nama_lengkap`) VALUES ('Young Dylan');
INSERT IGNORE INTO Peran VALUES ('Young Dylan', 'Elio', 'Bryce (voice)');
INSERT IGNORE INTO Aktor (`nama_lengkap`) VALUES ('Jake T. Getman');
INSERT IGNORE INTO Peran VALUES ('Jake T. Getman', 'Elio', 'Caleb (voice)');
INSERT IGNORE INTO Aktor (`nama_lengkap`) VALUES ('Matthias Schweighöfer');
INSERT IGNORE INTO Peran VALUES ('Matthias Schweighöfer', 'Elio', 'Ambassador Tegmen (voice)');
INSERT IGNORE INTO Aktor (`nama_lengkap`) VALUES ('Ana de la Reguera');
INSERT IGNORE INTO Peran VALUES ('Ana de la Reguera', 'Elio', 'Ambassador Turais (voice)');
INSERT IGNORE INTO Audio VALUES ('Elio', 'Inggris');
INSERT IGNORE INTO Audio VALUES ('Elio', 'Indonesia');
INSERT IGNORE INTO Subtitle VALUES ('Elio', 'Indonesia');
INSERT IGNORE INTO Konten VALUES ('Harry Potter and the Philosopher''s Stone', 'Harry Potter has lived under the stairs at his aunt and uncle''s house his whole life. But on his 11th birthday, he learns he''s a powerful wizard—with a place waiting for him at the Hogwarts School of Witchcraft and Wizardry. As he learns to harness his newfound powers with the help of the school''s kindly headmaster, Harry uncovers the truth about his parents'' deaths—and about the villain who''s to blame.', 2001, 'PG', 'Film');
INSERT IGNORE INTO Film VALUES ('Harry Potter and the Philosopher''s Stone', 152, 'Chris Columbus');
INSERT IGNORE INTO Genre_Konten VALUES ('Harry Potter and the Philosopher''s Stone', 7);
INSERT IGNORE INTO Genre_Konten VALUES ('Harry Potter and the Philosopher''s Stone', 6);
INSERT IGNORE INTO Aktor (`nama_lengkap`) VALUES ('Daniel Radcliffe');
INSERT IGNORE INTO Peran VALUES ('Daniel Radcliffe', 'Harry Potter and the Philosopher''s Stone', 'Harry Potter');
INSERT IGNORE INTO Aktor (`nama_lengkap`) VALUES ('Rupert Grint');
INSERT IGNORE INTO Peran VALUES ('Rupert Grint', 'Harry Potter and the Philosopher''s Stone', 'Ron Weasley');
INSERT IGNORE INTO Aktor (`nama_lengkap`) VALUES ('Emma Watson');
INSERT IGNORE INTO Peran VALUES ('Emma Watson', 'Harry Potter and the Philosopher''s Stone', 'Hermione Granger');
INSERT IGNORE INTO Aktor (`nama_lengkap`) VALUES ('Richard Harris');
INSERT IGNORE INTO Peran VALUES ('Richard Harris', 'Harry Potter and the Philosopher''s Stone', 'Albus Dumbledore');
INSERT IGNORE INTO Aktor (`nama_lengkap`) VALUES ('Tom Felton');
INSERT IGNORE INTO Peran VALUES ('Tom Felton', 'Harry Potter and the Philosopher''s Stone', 'Draco Malfoy');
INSERT IGNORE INTO Aktor (`nama_lengkap`) VALUES ('Alan Rickman');
INSERT IGNORE INTO Peran VALUES ('Alan Rickman', 'Harry Potter and the Philosopher''s Stone', 'Severus Snape');
INSERT IGNORE INTO Aktor (`nama_lengkap`) VALUES ('Robbie Coltrane');
INSERT IGNORE INTO Peran VALUES ('Robbie Coltrane', 'Harry Potter and the Philosopher''s Stone', 'Rubeus Hagrid');
INSERT IGNORE INTO Aktor (`nama_lengkap`) VALUES ('Maggie Smith');
INSERT IGNORE INTO Peran VALUES ('Maggie Smith', 'Harry Potter and the Philosopher''s Stone', 'Minerva McGonagall');
INSERT IGNORE INTO Aktor (`nama_lengkap`) VALUES ('Richard Griffiths');
INSERT IGNORE INTO Peran VALUES ('Richard Griffiths', 'Harry Potter and the Philosopher''s Stone', 'Vernon Dursley');
INSERT IGNORE INTO Aktor (`nama_lengkap`) VALUES ('Ian Hart');
INSERT IGNORE INTO Peran VALUES ('Ian Hart', 'Harry Potter and the Philosopher''s Stone', 'Quirinus Quirrell');
INSERT IGNORE INTO Audio VALUES ('Harry Potter and the Philosopher''s Stone', 'Korea');
INSERT IGNORE INTO Subtitle VALUES ('Harry Potter and the Philosopher''s Stone', 'Indonesia');
INSERT IGNORE INTO Subtitle VALUES ('Harry Potter and the Philosopher''s Stone', 'Jepang');
INSERT IGNORE INTO Subtitle VALUES ('Harry Potter and the Philosopher''s Stone', 'Korea');
INSERT IGNORE INTO Subtitle VALUES ('Harry Potter and the Philosopher''s Stone', 'Spanyol');
INSERT IGNORE INTO Konten VALUES ('The Shawshank Redemption', 'Imprisoned in the 1940s for the double murder of his wife and her lover, upstanding banker Andy Dufresne begins a new life at the Shawshank prison, where he puts his accounting skills to work for an amoral warden. During his long stretch in prison, Dufresne comes to be admired by the other inmates -- including an older prisoner named Red -- for his integrity and unquenchable sense of hope.', 1994, 'R', 'Film');
INSERT IGNORE INTO Film VALUES ('The Shawshank Redemption', 142, 'Frank Darabont');
INSERT IGNORE INTO Genre_Konten VALUES ('The Shawshank Redemption', 4);
INSERT IGNORE INTO Genre_Konten VALUES ('The Shawshank Redemption', 2);
INSERT IGNORE INTO Aktor (`nama_lengkap`) VALUES ('Tim Robbins');
INSERT IGNORE INTO Peran VALUES ('Tim Robbins', 'The Shawshank Redemption', 'Andy Dufresne');
INSERT IGNORE INTO Aktor (`nama_lengkap`) VALUES ('Morgan Freeman');
INSERT IGNORE INTO Peran VALUES ('Morgan Freeman', 'The Shawshank Redemption', 'Ellis Boyd ''Red'' Redding');
INSERT IGNORE INTO Aktor (`nama_lengkap`) VALUES ('Bob Gunton');
INSERT IGNORE INTO Peran VALUES ('Bob Gunton', 'The Shawshank Redemption', 'Warden Norton');
INSERT IGNORE INTO Aktor (`nama_lengkap`) VALUES ('William Sadler');
INSERT IGNORE INTO Peran VALUES ('William Sadler', 'The Shawshank Redemption', 'Heywood');
INSERT IGNORE INTO Aktor (`nama_lengkap`) VALUES ('Clancy Brown');
INSERT IGNORE INTO Peran VALUES ('Clancy Brown', 'The Shawshank Redemption', 'Captain Byron T. Hadley');
INSERT IGNORE INTO Aktor (`nama_lengkap`) VALUES ('Gil Bellows');
INSERT IGNORE INTO Peran VALUES ('Gil Bellows', 'The Shawshank Redemption', 'Tommy');
INSERT IGNORE INTO Aktor (`nama_lengkap`) VALUES ('James Whitmore');
INSERT IGNORE INTO Peran VALUES ('James Whitmore', 'The Shawshank Redemption', 'Brooks Hatlen');
INSERT IGNORE INTO Aktor (`nama_lengkap`) VALUES ('Mark Rolston');
INSERT IGNORE INTO Peran VALUES ('Mark Rolston', 'The Shawshank Redemption', 'Bogs Diamond');
INSERT IGNORE INTO Aktor (`nama_lengkap`) VALUES ('Jeffrey DeMunn');
INSERT IGNORE INTO Peran VALUES ('Jeffrey DeMunn', 'The Shawshank Redemption', '1946 D.A.');
INSERT IGNORE INTO Aktor (`nama_lengkap`) VALUES ('Larry Brandenburg');
INSERT IGNORE INTO Peran VALUES ('Larry Brandenburg', 'The Shawshank Redemption', 'Skeet');
INSERT IGNORE INTO Audio VALUES ('The Shawshank Redemption', 'Korea');
INSERT IGNORE INTO Subtitle VALUES ('The Shawshank Redemption', 'Jepang');
INSERT IGNORE INTO Subtitle VALUES ('The Shawshank Redemption', 'Spanyol');
INSERT IGNORE INTO Subtitle VALUES ('The Shawshank Redemption', 'Korea');
INSERT IGNORE INTO Subtitle VALUES ('The Shawshank Redemption', 'Indonesia');
INSERT IGNORE INTO Konten VALUES ('Genshin Impact: Star Odyssey', 'Looking up, she could see the night sky embracing all that is. In that moment, a thousand emotions crystallized into questions. Where hang the sun and moon? What canvas depicts the stars? The infinite universe and breadth of time question the smallness of man. Yet it is these small specimens of mortality who may embark on long voyages, the power to create miracles firmly within their grasp.', 2025, 'NR', 'Film');
INSERT IGNORE INTO Film VALUES ('Genshin Impact: Star Odyssey', 3, NULL);
INSERT IGNORE INTO Genre_Konten VALUES ('Genshin Impact: Star Odyssey', 12);
INSERT IGNORE INTO Genre_Konten VALUES ('Genshin Impact: Star Odyssey', 14);
INSERT IGNORE INTO Aktor (`nama_lengkap`) VALUES ('Ryohei Kimura');
INSERT IGNORE INTO Peran VALUES ('Ryohei Kimura', 'Genshin Impact: Star Odyssey', 'Tartaglia');
INSERT IGNORE INTO Aktor (`nama_lengkap`) VALUES ('Inori Minase');
INSERT IGNORE INTO Peran VALUES ('Inori Minase', 'Genshin Impact: Star Odyssey', 'Furina');
INSERT IGNORE INTO Aktor (`nama_lengkap`) VALUES ('Kikuko Inoue');
INSERT IGNORE INTO Peran VALUES ('Kikuko Inoue', 'Genshin Impact: Star Odyssey', 'Alice');
INSERT IGNORE INTO Aktor (`nama_lengkap`) VALUES ('Mamiko Noto');
INSERT IGNORE INTO Peran VALUES ('Mamiko Noto', 'Genshin Impact: Star Odyssey', 'Skirk');
INSERT IGNORE INTO Aktor (`nama_lengkap`) VALUES ('Ryota Takeuchi');
INSERT IGNORE INTO Peran VALUES ('Ryota Takeuchi', 'Genshin Impact: Star Odyssey', 'Surtalogi');
INSERT IGNORE INTO Aktor (`nama_lengkap`) VALUES ('Kenjiro Tsuda');
INSERT IGNORE INTO Peran VALUES ('Kenjiro Tsuda', 'Genshin Impact: Star Odyssey', 'Dainsleif');
INSERT IGNORE INTO Audio VALUES ('Genshin Impact: Star Odyssey', 'Jepang');
INSERT IGNORE INTO Audio VALUES ('Genshin Impact: Star Odyssey', 'Spanyol');
INSERT IGNORE INTO Audio VALUES ('Genshin Impact: Star Odyssey', 'Inggris');
INSERT IGNORE INTO Subtitle VALUES ('Genshin Impact: Star Odyssey', 'Inggris');
INSERT IGNORE INTO Subtitle VALUES ('Genshin Impact: Star Odyssey', 'Indonesia');
INSERT IGNORE INTO Subtitle VALUES ('Genshin Impact: Star Odyssey', 'Korea');
INSERT IGNORE INTO Subtitle VALUES ('Genshin Impact: Star Odyssey', 'Spanyol');
INSERT IGNORE INTO Konten VALUES ('Predator 2', 'A police chief in the war-torn streets of Los Angeles discovers that an extraterrestrial creature is hunting down residents - and that he is the next target.', 1990, 'R', 'Film');
INSERT IGNORE INTO Film VALUES ('Predator 2', 108, 'Stephen Hopkins');
INSERT IGNORE INTO Genre_Konten VALUES ('Predator 2', 10);
INSERT IGNORE INTO Genre_Konten VALUES ('Predator 2', 1);
INSERT IGNORE INTO Genre_Konten VALUES ('Predator 2', 3);
INSERT IGNORE INTO Aktor (`nama_lengkap`) VALUES ('Danny Glover');
INSERT IGNORE INTO Peran VALUES ('Danny Glover', 'Predator 2', 'Lieutenant Mike Harrigan');
INSERT IGNORE INTO Aktor (`nama_lengkap`) VALUES ('Gary Busey');
INSERT IGNORE INTO Peran VALUES ('Gary Busey', 'Predator 2', 'Peter Keyes');
INSERT IGNORE INTO Aktor (`nama_lengkap`) VALUES ('Rubén Blades');
INSERT IGNORE INTO Peran VALUES ('Rubén Blades', 'Predator 2', 'Danny Archuleta');
INSERT IGNORE INTO Aktor (`nama_lengkap`) VALUES ('María Conchita Alonso');
INSERT IGNORE INTO Peran VALUES ('María Conchita Alonso', 'Predator 2', 'Leona Cantrell');
INSERT IGNORE INTO Aktor (`nama_lengkap`) VALUES ('Bill Paxton');
INSERT IGNORE INTO Peran VALUES ('Bill Paxton', 'Predator 2', 'Jerry Lambert');
INSERT IGNORE INTO Aktor (`nama_lengkap`) VALUES ('Robert Davi');
INSERT IGNORE INTO Peran VALUES ('Robert Davi', 'Predator 2', 'Captain Phil Heinemann');
INSERT IGNORE INTO Aktor (`nama_lengkap`) VALUES ('Adam Baldwin');
INSERT IGNORE INTO Peran VALUES ('Adam Baldwin', 'Predator 2', 'Garber');
INSERT IGNORE INTO Aktor (`nama_lengkap`) VALUES ('Kevin Peter Hall');
INSERT IGNORE INTO Peran VALUES ('Kevin Peter Hall', 'Predator 2', 'The Predator');
INSERT IGNORE INTO Aktor (`nama_lengkap`) VALUES ('Kent McCord');
INSERT IGNORE INTO Peran VALUES ('Kent McCord', 'Predator 2', 'Captain B. Pilgrim');
INSERT IGNORE INTO Aktor (`nama_lengkap`) VALUES ('Morton Downey, Jr.');
INSERT IGNORE INTO Peran VALUES ('Morton Downey, Jr.', 'Predator 2', 'Tony Pope');
INSERT IGNORE INTO Audio VALUES ('Predator 2', 'Inggris');
INSERT IGNORE INTO Audio VALUES ('Predator 2', 'Indonesia');
INSERT IGNORE INTO Subtitle VALUES ('Predator 2', 'Spanyol');
INSERT IGNORE INTO Subtitle VALUES ('Predator 2', 'Indonesia');
INSERT IGNORE INTO Subtitle VALUES ('Predator 2', 'Korea');
INSERT IGNORE INTO Konten VALUES ('A Working Man', 'Levon Cade left behind a decorated military career in the black ops to live a simple life working construction. But when his boss''s daughter, who is like family to him, is taken by human traffickers, his search to bring her home uncovers a world of corruption far greater than he ever could have imagined.', 2025, '17+', 'Film');
INSERT IGNORE INTO Film VALUES ('A Working Man', 116, 'David Ayer');
INSERT IGNORE INTO Genre_Konten VALUES ('A Working Man', 1);
INSERT IGNORE INTO Genre_Konten VALUES ('A Working Man', 2);
INSERT IGNORE INTO Genre_Konten VALUES ('A Working Man', 3);
INSERT IGNORE INTO Aktor (`nama_lengkap`) VALUES ('Jason Statham');
INSERT IGNORE INTO Peran VALUES ('Jason Statham', 'A Working Man', 'Levon Cade');
INSERT IGNORE INTO Aktor (`nama_lengkap`) VALUES ('Jason Flemyng');
INSERT IGNORE INTO Peran VALUES ('Jason Flemyng', 'A Working Man', 'Wolo Kolisnyk');
INSERT IGNORE INTO Aktor (`nama_lengkap`) VALUES ('Merab Ninidze');
INSERT IGNORE INTO Peran VALUES ('Merab Ninidze', 'A Working Man', 'Yuri');
INSERT IGNORE INTO Aktor (`nama_lengkap`) VALUES ('Maximilian Osinski');
INSERT IGNORE INTO Peran VALUES ('Maximilian Osinski', 'A Working Man', 'Dimi Kolisnyk');
INSERT IGNORE INTO Aktor (`nama_lengkap`) VALUES ('Cokey Falkow');
INSERT IGNORE INTO Peran VALUES ('Cokey Falkow', 'A Working Man', 'Dougie');
INSERT IGNORE INTO Aktor (`nama_lengkap`) VALUES ('Michael Peña');
INSERT IGNORE INTO Peran VALUES ('Michael Peña', 'A Working Man', 'Joe Garcia');
INSERT IGNORE INTO Aktor (`nama_lengkap`) VALUES ('David Harbour');
INSERT IGNORE INTO Peran VALUES ('David Harbour', 'A Working Man', 'Gunny Lefferty');
INSERT IGNORE INTO Aktor (`nama_lengkap`) VALUES ('Noemi Gonzalez');
INSERT IGNORE INTO Peran VALUES ('Noemi Gonzalez', 'A Working Man', 'Carla Garcia');
INSERT IGNORE INTO Aktor (`nama_lengkap`) VALUES ('Arianna Rivas');
INSERT IGNORE INTO Peran VALUES ('Arianna Rivas', 'A Working Man', 'Jenny Garcia');
INSERT IGNORE INTO Aktor (`nama_lengkap`) VALUES ('Isla Gie');
INSERT IGNORE INTO Peran VALUES ('Isla Gie', 'A Working Man', 'Merry Cade');
INSERT IGNORE INTO Audio VALUES ('A Working Man', 'Indonesia');
INSERT IGNORE INTO Subtitle VALUES ('A Working Man', 'Spanyol');
INSERT IGNORE INTO Subtitle VALUES ('A Working Man', 'Indonesia');
INSERT IGNORE INTO Subtitle VALUES ('A Working Man', 'Korea');
INSERT IGNORE INTO Konten VALUES ('Ice Road: Vengeance', 'Big rig ice road driver Mike McCann travels to Nepal to scatter his late brother’s ashes on Mt. Everest. While on a packed tour bus traversing the deadly 12,000 ft. terrain of the infamous Road to the Sky, McCann and his mountain guide encounter a group of mercenaries and must fight to save themselves, the busload of innocent travelers, and the local villagers’ homeland.', 2025, 'R', 'Film');
INSERT IGNORE INTO Film VALUES ('Ice Road: Vengeance', 113, 'Jonathan Hensleigh');
INSERT IGNORE INTO Genre_Konten VALUES ('Ice Road: Vengeance', 1);
INSERT IGNORE INTO Genre_Konten VALUES ('Ice Road: Vengeance', 3);
INSERT IGNORE INTO Genre_Konten VALUES ('Ice Road: Vengeance', 4);
INSERT IGNORE INTO Aktor (`nama_lengkap`) VALUES ('Liam Neeson');
INSERT IGNORE INTO Peran VALUES ('Liam Neeson', 'Ice Road: Vengeance', 'Mike McCann');
INSERT IGNORE INTO Aktor (`nama_lengkap`) VALUES ('Fan Bingbing');
INSERT IGNORE INTO Peran VALUES ('Fan Bingbing', 'Ice Road: Vengeance', 'Dhani Yangchen');
INSERT IGNORE INTO Aktor (`nama_lengkap`) VALUES ('Marcus Thomas');
INSERT IGNORE INTO Peran VALUES ('Marcus Thomas', 'Ice Road: Vengeance', 'Gurty');
INSERT IGNORE INTO Aktor (`nama_lengkap`) VALUES ('Grace O''Sullivan');
INSERT IGNORE INTO Peran VALUES ('Grace O''Sullivan', 'Ice Road: Vengeance', 'Starr Myers');
INSERT IGNORE INTO Aktor (`nama_lengkap`) VALUES ('Saksham Sharma');
INSERT IGNORE INTO Peran VALUES ('Saksham Sharma', 'Ice Road: Vengeance', 'Vijay Rai');
INSERT IGNORE INTO Aktor (`nama_lengkap`) VALUES ('Bernard Curry');
INSERT IGNORE INTO Peran VALUES ('Bernard Curry', 'Ice Road: Vengeance', 'Professor Myers');
INSERT IGNORE INTO Aktor (`nama_lengkap`) VALUES ('Geoff Morrell');
INSERT IGNORE INTO Peran VALUES ('Geoff Morrell', 'Ice Road: Vengeance', 'Spike');
INSERT IGNORE INTO Aktor (`nama_lengkap`) VALUES ('Mahesh Jadu');
INSERT IGNORE INTO Peran VALUES ('Mahesh Jadu', 'Ice Road: Vengeance', 'Rudra Yash');
INSERT IGNORE INTO Aktor (`nama_lengkap`) VALUES ('Amelia Bishop');
INSERT IGNORE INTO Peran VALUES ('Amelia Bishop', 'Ice Road: Vengeance', 'Jeet');
INSERT IGNORE INTO Aktor (`nama_lengkap`) VALUES ('Shapoor Batliwalla');
INSERT IGNORE INTO Peran VALUES ('Shapoor Batliwalla', 'Ice Road: Vengeance', 'Ganesh Rai');
INSERT IGNORE INTO Audio VALUES ('Ice Road: Vengeance', 'Jepang');
INSERT IGNORE INTO Audio VALUES ('Ice Road: Vengeance', 'Indonesia');
INSERT IGNORE INTO Audio VALUES ('Ice Road: Vengeance', 'Inggris');
INSERT IGNORE INTO Subtitle VALUES ('Ice Road: Vengeance', 'Indonesia');
INSERT IGNORE INTO Subtitle VALUES ('Ice Road: Vengeance', 'Inggris');
INSERT IGNORE INTO Konten VALUES ('Your Name.', 'High schoolers Mitsuha and Taki are complete strangers living separate lives. But one night, they suddenly switch places. Mitsuha wakes up in Taki’s body, and he in hers. This bizarre occurrence continues to happen randomly, and the two must adjust their lives around each other.', 2016, 'PG', 'Film');
INSERT IGNORE INTO Film VALUES ('Your Name.', 106, 'Makoto Shinkai');
INSERT IGNORE INTO Genre_Konten VALUES ('Your Name.', 12);
INSERT IGNORE INTO Genre_Konten VALUES ('Your Name.', 13);
INSERT IGNORE INTO Genre_Konten VALUES ('Your Name.', 4);
INSERT IGNORE INTO Aktor (`nama_lengkap`) VALUES ('Ryunosuke Kamiki');
INSERT IGNORE INTO Peran VALUES ('Ryunosuke Kamiki', 'Your Name.', 'Taki Tachibana (voice)');
INSERT IGNORE INTO Aktor (`nama_lengkap`) VALUES ('Mone Kamishiraishi');
INSERT IGNORE INTO Peran VALUES ('Mone Kamishiraishi', 'Your Name.', 'Mitsuha Miyamizu (voice)');
INSERT IGNORE INTO Aktor (`nama_lengkap`) VALUES ('Ryo Narita');
INSERT IGNORE INTO Peran VALUES ('Ryo Narita', 'Your Name.', 'Katsuhiko Teshigawara (voice)');
INSERT IGNORE INTO Aktor (`nama_lengkap`) VALUES ('Aoi Yuuki');
INSERT IGNORE INTO Peran VALUES ('Aoi Yuuki', 'Your Name.', 'Sayaka Natori (voice)');
INSERT IGNORE INTO Aktor (`nama_lengkap`) VALUES ('Nobunaga Shimazaki');
INSERT IGNORE INTO Peran VALUES ('Nobunaga Shimazaki', 'Your Name.', 'Tsukasa Fujii (voice)');
INSERT IGNORE INTO Aktor (`nama_lengkap`) VALUES ('Kaito Ishikawa');
INSERT IGNORE INTO Peran VALUES ('Kaito Ishikawa', 'Your Name.', 'Shinta Takagi (voice)');
INSERT IGNORE INTO Aktor (`nama_lengkap`) VALUES ('Kanon Tani');
INSERT IGNORE INTO Peran VALUES ('Kanon Tani', 'Your Name.', 'Yotsuha Miyamizu (voice)');
INSERT IGNORE INTO Aktor (`nama_lengkap`) VALUES ('Masaki Terasoma');
INSERT IGNORE INTO Peran VALUES ('Masaki Terasoma', 'Your Name.', 'Toshiki Miyamizu (voice)');
INSERT IGNORE INTO Aktor (`nama_lengkap`) VALUES ('Sayaka Ohara');
INSERT IGNORE INTO Peran VALUES ('Sayaka Ohara', 'Your Name.', 'Futaha Miyamizu (voice)');
INSERT IGNORE INTO Aktor (`nama_lengkap`) VALUES ('Kazuhiko Inoue');
INSERT IGNORE INTO Peran VALUES ('Kazuhiko Inoue', 'Your Name.', 'Taki''s Father (voice)');
INSERT IGNORE INTO Audio VALUES ('Your Name.', 'Jepang');
INSERT IGNORE INTO Audio VALUES ('Your Name.', 'Spanyol');
INSERT IGNORE INTO Subtitle VALUES ('Your Name.', 'Korea');
INSERT IGNORE INTO Subtitle VALUES ('Your Name.', 'Inggris');
INSERT IGNORE INTO Konten VALUES ('Now You See Me 2', 'One year after outwitting the FBI and winning the public’s adulation with their mind-bending spectacles, the Four Horsemen resurface only to find themselves face to face with a new enemy who enlists them to pull off their most dangerous heist yet.', 2016, 'PG-13', 'Film');
INSERT IGNORE INTO Film VALUES ('Now You See Me 2', 129, 'Jon M. Chu');
INSERT IGNORE INTO Genre_Konten VALUES ('Now You See Me 2', 3);
INSERT IGNORE INTO Genre_Konten VALUES ('Now You See Me 2', 2);
INSERT IGNORE INTO Aktor (`nama_lengkap`) VALUES ('Jesse Eisenberg');
INSERT IGNORE INTO Peran VALUES ('Jesse Eisenberg', 'Now You See Me 2', 'J. Daniel Atlas');
INSERT IGNORE INTO Aktor (`nama_lengkap`) VALUES ('Mark Ruffalo');
INSERT IGNORE INTO Peran VALUES ('Mark Ruffalo', 'Now You See Me 2', 'Dylan Rhodes');
INSERT IGNORE INTO Aktor (`nama_lengkap`) VALUES ('Woody Harrelson');
INSERT IGNORE INTO Peran VALUES ('Woody Harrelson', 'Now You See Me 2', 'Merritt McKinney / Chase McKinney');
INSERT IGNORE INTO Aktor (`nama_lengkap`) VALUES ('Morgan Freeman');
INSERT IGNORE INTO Peran VALUES ('Morgan Freeman', 'Now You See Me 2', 'Thaddeus Bradley');
INSERT IGNORE INTO Aktor (`nama_lengkap`) VALUES ('Dave Franco');
INSERT IGNORE INTO Peran VALUES ('Dave Franco', 'Now You See Me 2', 'Jack Wilder');
INSERT IGNORE INTO Aktor (`nama_lengkap`) VALUES ('Daniel Radcliffe');
INSERT IGNORE INTO Peran VALUES ('Daniel Radcliffe', 'Now You See Me 2', 'Walter Mabry');
INSERT IGNORE INTO Aktor (`nama_lengkap`) VALUES ('Lizzy Caplan');
INSERT IGNORE INTO Peran VALUES ('Lizzy Caplan', 'Now You See Me 2', 'Lula');
INSERT IGNORE INTO Aktor (`nama_lengkap`) VALUES ('Michael Caine');
INSERT IGNORE INTO Peran VALUES ('Michael Caine', 'Now You See Me 2', 'Arthur Tressler');
INSERT IGNORE INTO Aktor (`nama_lengkap`) VALUES ('Jay Chou');
INSERT IGNORE INTO Peran VALUES ('Jay Chou', 'Now You See Me 2', 'Li');
INSERT IGNORE INTO Aktor (`nama_lengkap`) VALUES ('Sanaa Lathan');
INSERT IGNORE INTO Peran VALUES ('Sanaa Lathan', 'Now You See Me 2', 'Deputy Director Natalie Austin');
INSERT IGNORE INTO Audio VALUES ('Now You See Me 2', 'Indonesia');
INSERT IGNORE INTO Audio VALUES ('Now You See Me 2', 'Korea');
INSERT IGNORE INTO Subtitle VALUES ('Now You See Me 2', 'Jepang');
INSERT IGNORE INTO Subtitle VALUES ('Now You See Me 2', 'Korea');
INSERT IGNORE INTO Subtitle VALUES ('Now You See Me 2', 'Spanyol');
INSERT IGNORE INTO Subtitle VALUES ('Now You See Me 2', 'Indonesia');
INSERT IGNORE INTO Konten VALUES ('Dr. Seuss''s The Sneetches', 'An unexpected friendship forms between two young Sneetches on an island surrounded by beaches in this sweet musical special set in the world of Seuss.', 2025, 'NR', 'Film');
INSERT IGNORE INTO Film VALUES ('Dr. Seuss''s The Sneetches', 45, 'Bronagh O''Hanlon');
INSERT IGNORE INTO Genre_Konten VALUES ('Dr. Seuss''s The Sneetches', 12);
INSERT IGNORE INTO Genre_Konten VALUES ('Dr. Seuss''s The Sneetches', 9);
INSERT IGNORE INTO Aktor (`nama_lengkap`) VALUES ('Amari McCoy');
INSERT IGNORE INTO Peran VALUES ('Amari McCoy', 'Dr. Seuss''s The Sneetches', 'Stella (voice)');
INSERT IGNORE INTO Aktor (`nama_lengkap`) VALUES ('Sophie Petersen');
INSERT IGNORE INTO Peran VALUES ('Sophie Petersen', 'Dr. Seuss''s The Sneetches', 'Pearl (voice)');
INSERT IGNORE INTO Aktor (`nama_lengkap`) VALUES ('Christopher Fitzgerald');
INSERT IGNORE INTO Peran VALUES ('Christopher Fitzgerald', 'Dr. Seuss''s The Sneetches', 'Pelican (voice)');
INSERT IGNORE INTO Audio VALUES ('Dr. Seuss''s The Sneetches', 'Korea');
INSERT IGNORE INTO Audio VALUES ('Dr. Seuss''s The Sneetches', 'Spanyol');
INSERT IGNORE INTO Audio VALUES ('Dr. Seuss''s The Sneetches', 'Inggris');
INSERT IGNORE INTO Subtitle VALUES ('Dr. Seuss''s The Sneetches', 'Indonesia');
INSERT IGNORE INTO Subtitle VALUES ('Dr. Seuss''s The Sneetches', 'Korea');
INSERT IGNORE INTO Subtitle VALUES ('Dr. Seuss''s The Sneetches', 'Spanyol');
INSERT IGNORE INTO Konten VALUES ('Icefall', 'A young Indigenous game warden arrests an infamous poacher only to discover that the poacher knows the location of a plane carrying millions of dollars that has crashed in a frozen lake. When a group of criminals and dirty cops are alerted to the poacher’s whereabouts, the warden and the poacher team up to fight back and escape across the treacherous lake before the ice melts.', 2025, 'NR', 'Film');
INSERT IGNORE INTO Film VALUES ('Icefall', 99, 'Stefan Ruzowitzky');
INSERT IGNORE INTO Genre_Konten VALUES ('Icefall', 1);
INSERT IGNORE INTO Genre_Konten VALUES ('Icefall', 2);
INSERT IGNORE INTO Genre_Konten VALUES ('Icefall', 3);
INSERT IGNORE INTO Aktor (`nama_lengkap`) VALUES ('Joel Kinnaman');
INSERT IGNORE INTO Peran VALUES ('Joel Kinnaman', 'Icefall', 'Harlan');
INSERT IGNORE INTO Aktor (`nama_lengkap`) VALUES ('Cara Jade Myers');
INSERT IGNORE INTO Peran VALUES ('Cara Jade Myers', 'Icefall', 'Ani');
INSERT IGNORE INTO Aktor (`nama_lengkap`) VALUES ('Danny Huston');
INSERT IGNORE INTO Peran VALUES ('Danny Huston', 'Icefall', 'Rhodes');
INSERT IGNORE INTO Aktor (`nama_lengkap`) VALUES ('Graham Greene');
INSERT IGNORE INTO Peran VALUES ('Graham Greene', 'Icefall', 'Oz');
INSERT IGNORE INTO Aktor (`nama_lengkap`) VALUES ('Martin Sensmeier');
INSERT IGNORE INTO Peran VALUES ('Martin Sensmeier', 'Icefall', '');
INSERT IGNORE INTO Aktor (`nama_lengkap`) VALUES ('Oliver Trevena');
INSERT IGNORE INTO Peran VALUES ('Oliver Trevena', 'Icefall', 'Dax');
INSERT IGNORE INTO Aktor (`nama_lengkap`) VALUES ('DeVaughn Nixon');
INSERT IGNORE INTO Peran VALUES ('DeVaughn Nixon', 'Icefall', 'Drake');
INSERT IGNORE INTO Aktor (`nama_lengkap`) VALUES ('Frida Gustavsson');
INSERT IGNORE INTO Peran VALUES ('Frida Gustavsson', 'Icefall', 'Sirena');
INSERT IGNORE INTO Aktor (`nama_lengkap`) VALUES ('Will Fletcher');
INSERT IGNORE INTO Peran VALUES ('Will Fletcher', 'Icefall', '');
INSERT IGNORE INTO Aktor (`nama_lengkap`) VALUES ('Bashar Rahal');
INSERT IGNORE INTO Peran VALUES ('Bashar Rahal', 'Icefall', 'Carl');
INSERT IGNORE INTO Audio VALUES ('Icefall', 'Jepang');
INSERT IGNORE INTO Audio VALUES ('Icefall', 'Korea');
INSERT IGNORE INTO Subtitle VALUES ('Icefall', 'Indonesia');
INSERT IGNORE INTO Subtitle VALUES ('Icefall', 'Inggris');
INSERT IGNORE INTO Subtitle VALUES ('Icefall', 'Korea');
INSERT IGNORE INTO Subtitle VALUES ('Icefall', 'Jepang');
INSERT IGNORE INTO Konten VALUES ('Night Carnage', 'A blogger who is also a werewolf meets a dashing playboy with a dark secret of his own. Starring Logan Andrews and Christian Howard.', 2025, 'NR', 'Film');
INSERT IGNORE INTO Film VALUES ('Night Carnage', 80, 'Thomas J. Churchill');
INSERT IGNORE INTO Genre_Konten VALUES ('Night Carnage', 1);
INSERT IGNORE INTO Genre_Konten VALUES ('Night Carnage', 5);
INSERT IGNORE INTO Genre_Konten VALUES ('Night Carnage', 13);
INSERT IGNORE INTO Aktor (`nama_lengkap`) VALUES ('Sadie Katz');
INSERT IGNORE INTO Peran VALUES ('Sadie Katz', 'Night Carnage', 'Pepper');
INSERT IGNORE INTO Aktor (`nama_lengkap`) VALUES ('Christian Howard');
INSERT IGNORE INTO Peran VALUES ('Christian Howard', 'Night Carnage', 'Michael Connor');
INSERT IGNORE INTO Aktor (`nama_lengkap`) VALUES ('Mike Ferguson');
INSERT IGNORE INTO Peran VALUES ('Mike Ferguson', 'Night Carnage', 'Adian');
INSERT IGNORE INTO Aktor (`nama_lengkap`) VALUES ('Katarina Leigh Waters');
INSERT IGNORE INTO Peran VALUES ('Katarina Leigh Waters', 'Night Carnage', 'Werewolf');
INSERT IGNORE INTO Aktor (`nama_lengkap`) VALUES ('Jazlyn Nicolette Sward');
INSERT IGNORE INTO Peran VALUES ('Jazlyn Nicolette Sward', 'Night Carnage', 'Laura');
INSERT IGNORE INTO Aktor (`nama_lengkap`) VALUES ('Alex Rinehart');
INSERT IGNORE INTO Peran VALUES ('Alex Rinehart', 'Night Carnage', 'Hope');
INSERT IGNORE INTO Aktor (`nama_lengkap`) VALUES ('Shannon Ritch');
INSERT IGNORE INTO Peran VALUES ('Shannon Ritch', 'Night Carnage', 'Vampire');
INSERT IGNORE INTO Aktor (`nama_lengkap`) VALUES ('Baker Chase Powell');
INSERT IGNORE INTO Peran VALUES ('Baker Chase Powell', 'Night Carnage', 'Marcus');
INSERT IGNORE INTO Aktor (`nama_lengkap`) VALUES ('Abigail Spear');
INSERT IGNORE INTO Peran VALUES ('Abigail Spear', 'Night Carnage', 'Trudy');
INSERT IGNORE INTO Aktor (`nama_lengkap`) VALUES ('Tank Jones');
INSERT IGNORE INTO Peran VALUES ('Tank Jones', 'Night Carnage', 'Bryan');
INSERT IGNORE INTO Audio VALUES ('Night Carnage', 'Jepang');
INSERT IGNORE INTO Audio VALUES ('Night Carnage', 'Spanyol');
INSERT IGNORE INTO Audio VALUES ('Night Carnage', 'Inggris');
INSERT IGNORE INTO Subtitle VALUES ('Night Carnage', 'Indonesia');
INSERT IGNORE INTO Subtitle VALUES ('Night Carnage', 'Inggris');
INSERT IGNORE INTO Subtitle VALUES ('Night Carnage', 'Korea');
INSERT IGNORE INTO Subtitle VALUES ('Night Carnage', 'Spanyol');
INSERT IGNORE INTO Konten VALUES ('The Rookie Guide', 'Yann can’t find a job he likes or can keep, and dreams of a better life. One day he learns that the famous travel guide Le Routard pays its employees to travel the world. Surely the perfect free holiday! Smooth-talking his way through the door, Yann manages to get himself hired for a trial research trip to Morocco, but he rapidly comes to realise that he’s seriously underestimated the job… Beguiled by Sofia, a feisty tourist guide, Yann gets swept up in an art trafficking operation led by the infamous mobster art dealer Dr Charoux and is plunged into an adventure where nothing will go as planned!', 2025, 'NR', 'Film');
INSERT IGNORE INTO Film VALUES ('The Rookie Guide', 85, 'Philippe Mechelen');
INSERT IGNORE INTO Genre_Konten VALUES ('The Rookie Guide', 8);
INSERT IGNORE INTO Aktor (`nama_lengkap`) VALUES ('Hakim Jemili');
INSERT IGNORE INTO Peran VALUES ('Hakim Jemili', 'The Rookie Guide', 'Yann Tatin');
INSERT IGNORE INTO Aktor (`nama_lengkap`) VALUES ('Christian Clavier');
INSERT IGNORE INTO Peran VALUES ('Christian Clavier', 'The Rookie Guide', 'Karol Kowalski');
INSERT IGNORE INTO Aktor (`nama_lengkap`) VALUES ('Michel Blanc');
INSERT IGNORE INTO Peran VALUES ('Michel Blanc', 'The Rookie Guide', 'Docteur Charoux');
INSERT IGNORE INTO Aktor (`nama_lengkap`) VALUES ('Manon Azem');
INSERT IGNORE INTO Peran VALUES ('Manon Azem', 'The Rookie Guide', 'Sofia Berrada');
INSERT IGNORE INTO Aktor (`nama_lengkap`) VALUES ('Fred Testot');
INSERT IGNORE INTO Peran VALUES ('Fred Testot', 'The Rookie Guide', 'Boris');
INSERT IGNORE INTO Aktor (`nama_lengkap`) VALUES ('Medi Sadoun');
INSERT IGNORE INTO Peran VALUES ('Medi Sadoun', 'The Rookie Guide', 'Mounir');
INSERT IGNORE INTO Aktor (`nama_lengkap`) VALUES ('Aude Gogny-Goubert');
INSERT IGNORE INTO Peran VALUES ('Aude Gogny-Goubert', 'The Rookie Guide', 'Frida');
INSERT IGNORE INTO Aktor (`nama_lengkap`) VALUES ('Yann Papin');
INSERT IGNORE INTO Peran VALUES ('Yann Papin', 'The Rookie Guide', 'Regis');
INSERT IGNORE INTO Aktor (`nama_lengkap`) VALUES ('Alice Taglioni');
INSERT IGNORE INTO Peran VALUES ('Alice Taglioni', 'The Rookie Guide', 'Marie Nesrine Garnier');
INSERT IGNORE INTO Aktor (`nama_lengkap`) VALUES ('Philippe Lefebvre');
INSERT IGNORE INTO Peran VALUES ('Philippe Lefebvre', 'The Rookie Guide', 'Marc Aziz Garnier');
INSERT IGNORE INTO Audio VALUES ('The Rookie Guide', 'Jepang');
INSERT IGNORE INTO Audio VALUES ('The Rookie Guide', 'Indonesia');
INSERT IGNORE INTO Subtitle VALUES ('The Rookie Guide', 'Korea');
INSERT IGNORE INTO Subtitle VALUES ('The Rookie Guide', 'Indonesia');
INSERT IGNORE INTO Subtitle VALUES ('The Rookie Guide', 'Jepang');
INSERT IGNORE INTO Konten VALUES ('Spiderbabe', 'A socially awkward young woman gets bitten by a radioactive spider and becomes a crime-fighting superhero and tries to defeat a nefarious super villain while going after any man (or woman) she wants to bed down with.', 2003, 'NR', 'Film');
INSERT IGNORE INTO Film VALUES ('Spiderbabe', 89, 'Johnny Crash');
INSERT IGNORE INTO Genre_Konten VALUES ('Spiderbabe', 1);
INSERT IGNORE INTO Genre_Konten VALUES ('Spiderbabe', 8);
INSERT IGNORE INTO Genre_Konten VALUES ('Spiderbabe', 10);
INSERT IGNORE INTO Aktor (`nama_lengkap`) VALUES ('Erin Brown');
INSERT IGNORE INTO Peran VALUES ('Erin Brown', 'Spiderbabe', 'Patricia Porker (Spiderbabe)');
INSERT IGNORE INTO Aktor (`nama_lengkap`) VALUES ('Julian Wells');
INSERT IGNORE INTO Peran VALUES ('Julian Wells', 'Spiderbabe', 'Lucinda Knoxx (Femtilian)');
INSERT IGNORE INTO Aktor (`nama_lengkap`) VALUES ('Darian Caine');
INSERT IGNORE INTO Peran VALUES ('Darian Caine', 'Spiderbabe', 'Lisa Knoxx');
INSERT IGNORE INTO Aktor (`nama_lengkap`) VALUES ('Adam Cox');
INSERT IGNORE INTO Peran VALUES ('Adam Cox', 'Spiderbabe', 'Mark Jeremy ("M.J.") Wetson');
INSERT IGNORE INTO Aktor (`nama_lengkap`) VALUES ('Christine Domaniecki');
INSERT IGNORE INTO Peran VALUES ('Christine Domaniecki', 'Spiderbabe', 'Aunt Maybe');
INSERT IGNORE INTO Aktor (`nama_lengkap`) VALUES ('Peter Quarry');
INSERT IGNORE INTO Peran VALUES ('Peter Quarry', 'Spiderbabe', 'Uncle Flem');
INSERT IGNORE INTO Aktor (`nama_lengkap`) VALUES ('Michael R. Thomas');
INSERT IGNORE INTO Peran VALUES ('Michael R. Thomas', 'Spiderbabe', 'Dr. Dowell');
INSERT IGNORE INTO Aktor (`nama_lengkap`) VALUES ('Shelby Taylor');
INSERT IGNORE INTO Peran VALUES ('Shelby Taylor', 'Spiderbabe', 'Queen Bee');
INSERT IGNORE INTO Aktor (`nama_lengkap`) VALUES ('John Link');
INSERT IGNORE INTO Peran VALUES ('John Link', 'Spiderbabe', 'Manholio Bar Manager');
INSERT IGNORE INTO Aktor (`nama_lengkap`) VALUES ('Justin Wingenfeld');
INSERT IGNORE INTO Peran VALUES ('Justin Wingenfeld', 'Spiderbabe', 'School Bully');
INSERT IGNORE INTO Audio VALUES ('Spiderbabe', 'Indonesia');
INSERT IGNORE INTO Audio VALUES ('Spiderbabe', 'Spanyol');
INSERT IGNORE INTO Audio VALUES ('Spiderbabe', 'Korea');
INSERT IGNORE INTO Subtitle VALUES ('Spiderbabe', 'Korea');
INSERT IGNORE INTO Subtitle VALUES ('Spiderbabe', 'Jepang');
INSERT IGNORE INTO Konten VALUES ('Moana 2', 'After receiving an unexpected call from her wayfinding ancestors, Moana journeys alongside Maui and a new crew to the far seas of Oceania and into dangerous, long-lost waters for an adventure unlike anything she''s ever faced.', 2024, 'SU', 'Film');
INSERT IGNORE INTO Film VALUES ('Moana 2', 100, 'David G. Derrick Jr.');
INSERT IGNORE INTO Genre_Konten VALUES ('Moana 2', 9);
INSERT IGNORE INTO Genre_Konten VALUES ('Moana 2', 8);
INSERT IGNORE INTO Genre_Konten VALUES ('Moana 2', 7);
INSERT IGNORE INTO Genre_Konten VALUES ('Moana 2', 12);
INSERT IGNORE INTO Genre_Konten VALUES ('Moana 2', 6);
INSERT IGNORE INTO Aktor (`nama_lengkap`) VALUES ('Auliʻi Cravalho');
INSERT IGNORE INTO Peran VALUES ('Auliʻi Cravalho', 'Moana 2', 'Moana (voice)');
INSERT IGNORE INTO Aktor (`nama_lengkap`) VALUES ('Dwayne Johnson');
INSERT IGNORE INTO Peran VALUES ('Dwayne Johnson', 'Moana 2', 'Maui (voice)');
INSERT IGNORE INTO Aktor (`nama_lengkap`) VALUES ('Hualālai Chung');
INSERT IGNORE INTO Peran VALUES ('Hualālai Chung', 'Moana 2', 'Moni (voice)');
INSERT IGNORE INTO Aktor (`nama_lengkap`) VALUES ('Rose Matafeo');
INSERT IGNORE INTO Peran VALUES ('Rose Matafeo', 'Moana 2', 'Loto (voice)');
INSERT IGNORE INTO Aktor (`nama_lengkap`) VALUES ('David Fane');
INSERT IGNORE INTO Peran VALUES ('David Fane', 'Moana 2', 'Kele (voice)');
INSERT IGNORE INTO Aktor (`nama_lengkap`) VALUES ('Awhimai Fraser');
INSERT IGNORE INTO Peran VALUES ('Awhimai Fraser', 'Moana 2', 'Matangi (voice)');
INSERT IGNORE INTO Aktor (`nama_lengkap`) VALUES ('Khaleesi Lambert-Tsuda');
INSERT IGNORE INTO Peran VALUES ('Khaleesi Lambert-Tsuda', 'Moana 2', 'Simea (voice)');
INSERT IGNORE INTO Aktor (`nama_lengkap`) VALUES ('Temuera Morrison');
INSERT IGNORE INTO Peran VALUES ('Temuera Morrison', 'Moana 2', 'Chief Tui (voice)');
INSERT IGNORE INTO Aktor (`nama_lengkap`) VALUES ('Nicole Scherzinger');
INSERT IGNORE INTO Peran VALUES ('Nicole Scherzinger', 'Moana 2', 'Sina (voice)');
INSERT IGNORE INTO Aktor (`nama_lengkap`) VALUES ('Rachel House');
INSERT IGNORE INTO Peran VALUES ('Rachel House', 'Moana 2', 'Gramma Tala (voice)');
INSERT IGNORE INTO Audio VALUES ('Moana 2', 'Inggris');
INSERT IGNORE INTO Audio VALUES ('Moana 2', 'Jepang');
INSERT IGNORE INTO Audio VALUES ('Moana 2', 'Spanyol');
INSERT IGNORE INTO Subtitle VALUES ('Moana 2', 'Indonesia');
INSERT IGNORE INTO Konten VALUES ('The Devil''s Bride', 'Caught in a strained marriage, Echa finds solace in a man who visits her dreams. But comfort turns to terror when he emerges as a malicious spirit.', 2025, '17+', 'Film');
INSERT IGNORE INTO Film VALUES ('The Devil''s Bride', 78, 'Azhar Kinoi Lubis');
INSERT IGNORE INTO Genre_Konten VALUES ('The Devil''s Bride', 5);
INSERT IGNORE INTO Genre_Konten VALUES ('The Devil''s Bride', 3);
INSERT IGNORE INTO Aktor (`nama_lengkap`) VALUES ('Erika Carlina');
INSERT IGNORE INTO Peran VALUES ('Erika Carlina', 'The Devil''s Bride', 'Echa');
INSERT IGNORE INTO Aktor (`nama_lengkap`) VALUES ('Emir Mahira');
INSERT IGNORE INTO Peran VALUES ('Emir Mahira', 'The Devil''s Bride', 'Ariel');
INSERT IGNORE INTO Aktor (`nama_lengkap`) VALUES ('Wavi Zihan');
INSERT IGNORE INTO Peran VALUES ('Wavi Zihan', 'The Devil''s Bride', 'Ema');
INSERT IGNORE INTO Aktor (`nama_lengkap`) VALUES ('Ruth Marini');
INSERT IGNORE INTO Peran VALUES ('Ruth Marini', 'The Devil''s Bride', 'Linda');
INSERT IGNORE INTO Aktor (`nama_lengkap`) VALUES ('Alfie Alfandy');
INSERT IGNORE INTO Peran VALUES ('Alfie Alfandy', 'The Devil''s Bride', 'Ustad Zaini');
INSERT IGNORE INTO Aktor (`nama_lengkap`) VALUES ('Ence Bagus');
INSERT IGNORE INTO Peran VALUES ('Ence Bagus', 'The Devil''s Bride', 'Restu');
INSERT IGNORE INTO Aktor (`nama_lengkap`) VALUES ('Dwika Pradnyana');
INSERT IGNORE INTO Peran VALUES ('Dwika Pradnyana', 'The Devil''s Bride', 'Jin Dassim');
INSERT IGNORE INTO Aktor (`nama_lengkap`) VALUES ('Baim D''Bill');
INSERT IGNORE INTO Peran VALUES ('Baim D''Bill', 'The Devil''s Bride', 'Jin Tampan');
INSERT IGNORE INTO Audio VALUES ('The Devil''s Bride', 'Jepang');
INSERT IGNORE INTO Audio VALUES ('The Devil''s Bride', 'Korea');
INSERT IGNORE INTO Subtitle VALUES ('The Devil''s Bride', 'Jepang');
INSERT IGNORE INTO Subtitle VALUES ('The Devil''s Bride', 'Spanyol');
INSERT IGNORE INTO Subtitle VALUES ('The Devil''s Bride', 'Korea');
INSERT IGNORE INTO Konten VALUES ('M3GAN 2.0', 'After the underlying tech for M3GAN is stolen and misused by a powerful defense contractor to create a military-grade weapon known as Amelia, M3GAN''s creator Gemma realizes that the only option is to resurrect M3GAN and give her a few upgrades, making her faster, stronger, and more lethal.', 2025, '17+', 'Film');
INSERT IGNORE INTO Film VALUES ('M3GAN 2.0', 120, 'Gerard Johnstone');
INSERT IGNORE INTO Genre_Konten VALUES ('M3GAN 2.0', 1);
INSERT IGNORE INTO Genre_Konten VALUES ('M3GAN 2.0', 10);
INSERT IGNORE INTO Genre_Konten VALUES ('M3GAN 2.0', 3);
INSERT IGNORE INTO Aktor (`nama_lengkap`) VALUES ('Allison Williams');
INSERT IGNORE INTO Peran VALUES ('Allison Williams', 'M3GAN 2.0', 'Gemma');
INSERT IGNORE INTO Aktor (`nama_lengkap`) VALUES ('Violet McGraw');
INSERT IGNORE INTO Peran VALUES ('Violet McGraw', 'M3GAN 2.0', 'Cady');
INSERT IGNORE INTO Aktor (`nama_lengkap`) VALUES ('Amie Donald');
INSERT IGNORE INTO Peran VALUES ('Amie Donald', 'M3GAN 2.0', 'M3GAN');
INSERT IGNORE INTO Aktor (`nama_lengkap`) VALUES ('Jenna Davis');
INSERT IGNORE INTO Peran VALUES ('Jenna Davis', 'M3GAN 2.0', 'M3GAN (voice)');
INSERT IGNORE INTO Aktor (`nama_lengkap`) VALUES ('Brian Jordan Alvarez');
INSERT IGNORE INTO Peran VALUES ('Brian Jordan Alvarez', 'M3GAN 2.0', 'Cole');
INSERT IGNORE INTO Aktor (`nama_lengkap`) VALUES ('Jen Van Epps');
INSERT IGNORE INTO Peran VALUES ('Jen Van Epps', 'M3GAN 2.0', 'Tess');
INSERT IGNORE INTO Aktor (`nama_lengkap`) VALUES ('Ivanna Sakhno');
INSERT IGNORE INTO Peran VALUES ('Ivanna Sakhno', 'M3GAN 2.0', 'AMELIA');
INSERT IGNORE INTO Aktor (`nama_lengkap`) VALUES ('Aristotle Athari');
INSERT IGNORE INTO Peran VALUES ('Aristotle Athari', 'M3GAN 2.0', 'Christian Bradley');
INSERT IGNORE INTO Aktor (`nama_lengkap`) VALUES ('Timm Sharp');
INSERT IGNORE INTO Peran VALUES ('Timm Sharp', 'M3GAN 2.0', 'Agent Tim Sattler');
INSERT IGNORE INTO Aktor (`nama_lengkap`) VALUES ('Jemaine Clement');
INSERT IGNORE INTO Peran VALUES ('Jemaine Clement', 'M3GAN 2.0', 'Alton Appleton');
INSERT IGNORE INTO Audio VALUES ('M3GAN 2.0', 'Spanyol');
INSERT IGNORE INTO Subtitle VALUES ('M3GAN 2.0', 'Indonesia');
INSERT IGNORE INTO Subtitle VALUES ('M3GAN 2.0', 'Korea');
INSERT IGNORE INTO Subtitle VALUES ('M3GAN 2.0', 'Inggris');
INSERT IGNORE INTO Konten VALUES ('Vultures', 'A father and daughter : Samuel, a journalist, and Ava, his intern, cover the murder of a girl attacked with acid for their magazine. Struck by the brutality of this murder, as well as by his daughter’s interest in the case, Samuel decides to conduct an independent investigation, without the knowledge of his editorial staff, and discovers disturbing similarities with the murder of another woman...', 2025, 'NR', 'Film');
INSERT IGNORE INTO Film VALUES ('Vultures', 104, 'Peter Dourountzis');
INSERT IGNORE INTO Genre_Konten VALUES ('Vultures', 3);
INSERT IGNORE INTO Genre_Konten VALUES ('Vultures', 11);
INSERT IGNORE INTO Aktor (`nama_lengkap`) VALUES ('Sami Bouajila');
INSERT IGNORE INTO Peran VALUES ('Sami Bouajila', 'Vultures', 'Samuel');
INSERT IGNORE INTO Aktor (`nama_lengkap`) VALUES ('Mallory Wanecque');
INSERT IGNORE INTO Peran VALUES ('Mallory Wanecque', 'Vultures', 'Ava');
INSERT IGNORE INTO Aktor (`nama_lengkap`) VALUES ('Jean-Pierre Darroussin');
INSERT IGNORE INTO Peran VALUES ('Jean-Pierre Darroussin', 'Vultures', 'Christian');
INSERT IGNORE INTO Aktor (`nama_lengkap`) VALUES ('Valérie Donzelli');
INSERT IGNORE INTO Peran VALUES ('Valérie Donzelli', 'Vultures', 'Solveig Rocher');
INSERT IGNORE INTO Aktor (`nama_lengkap`) VALUES ('Stefan Crepon');
INSERT IGNORE INTO Peran VALUES ('Stefan Crepon', 'Vultures', 'Aubin');
INSERT IGNORE INTO Aktor (`nama_lengkap`) VALUES ('Andréa Bescond');
INSERT IGNORE INTO Peran VALUES ('Andréa Bescond', 'Vultures', 'Elizabeth, dite Maman');
INSERT IGNORE INTO Aktor (`nama_lengkap`) VALUES ('Gilles Cohen');
INSERT IGNORE INTO Peran VALUES ('Gilles Cohen', 'Vultures', 'Spagiani');
INSERT IGNORE INTO Aktor (`nama_lengkap`) VALUES ('Samuel Jouy');
INSERT IGNORE INTO Peran VALUES ('Samuel Jouy', 'Vultures', 'Fresnel');
INSERT IGNORE INTO Aktor (`nama_lengkap`) VALUES ('Paul Hamy');
INSERT IGNORE INTO Peran VALUES ('Paul Hamy', 'Vultures', 'Luc Lacombe');
INSERT IGNORE INTO Aktor (`nama_lengkap`) VALUES ('Matthieu Lucci');
INSERT IGNORE INTO Peran VALUES ('Matthieu Lucci', 'Vultures', 'Némésis');
INSERT IGNORE INTO Audio VALUES ('Vultures', 'Indonesia');
INSERT IGNORE INTO Audio VALUES ('Vultures', 'Inggris');
INSERT IGNORE INTO Subtitle VALUES ('Vultures', 'Indonesia');
INSERT IGNORE INTO Subtitle VALUES ('Vultures', 'Spanyol');
INSERT IGNORE INTO Subtitle VALUES ('Vultures', 'Inggris');
INSERT IGNORE INTO Subtitle VALUES ('Vultures', 'Korea');
INSERT IGNORE INTO Konten VALUES ('Django Undisputed', 'Determined to exact his justice, Django faces dangerous challenges and bloody clashes to restore order in a territory dominated by lawlessness and injustice.', 2024, 'NR', 'Film');
INSERT IGNORE INTO Film VALUES ('Django Undisputed', 84, 'Claudio Del Falco');
INSERT IGNORE INTO Genre VALUES (18, 'Western');
INSERT IGNORE INTO Genre_Konten VALUES ('Django Undisputed', 18);
INSERT IGNORE INTO Aktor (`nama_lengkap`) VALUES ('Claudio Del Falco');
INSERT IGNORE INTO Peran VALUES ('Claudio Del Falco', 'Django Undisputed', 'Django');
INSERT IGNORE INTO Aktor (`nama_lengkap`) VALUES ('Tomas Arana');
INSERT IGNORE INTO Peran VALUES ('Tomas Arana', 'Django Undisputed', 'The King');
INSERT IGNORE INTO Aktor (`nama_lengkap`) VALUES ('Michael Segal');
INSERT IGNORE INTO Peran VALUES ('Michael Segal', 'Django Undisputed', 'Tomas');
INSERT IGNORE INTO Aktor (`nama_lengkap`) VALUES ('Ottaviano Dell''Acqua');
INSERT IGNORE INTO Peran VALUES ('Ottaviano Dell''Acqua', 'Django Undisputed', 'Frankye');
INSERT IGNORE INTO Aktor (`nama_lengkap`) VALUES ('Clara Guggiari');
INSERT IGNORE INTO Peran VALUES ('Clara Guggiari', 'Django Undisputed', 'Clara');
INSERT IGNORE INTO Aktor (`nama_lengkap`) VALUES ('Anna Rita Del Piano');
INSERT IGNORE INTO Peran VALUES ('Anna Rita Del Piano', 'Django Undisputed', 'Serena');
INSERT IGNORE INTO Aktor (`nama_lengkap`) VALUES ('Massimiliano Buzzanca');
INSERT IGNORE INTO Peran VALUES ('Massimiliano Buzzanca', 'Django Undisputed', 'Sceriffo');
INSERT IGNORE INTO Aktor (`nama_lengkap`) VALUES ('Mauro Aversano');
INSERT IGNORE INTO Peran VALUES ('Mauro Aversano', 'Django Undisputed', 'Mexican');
INSERT IGNORE INTO Aktor (`nama_lengkap`) VALUES ('Fabio Romagnolo');
INSERT IGNORE INTO Peran VALUES ('Fabio Romagnolo', 'Django Undisputed', 'Django Brother');
INSERT IGNORE INTO Aktor (`nama_lengkap`) VALUES ('Stefano Tricarico');
INSERT IGNORE INTO Peran VALUES ('Stefano Tricarico', 'Django Undisputed', 'Henchman Tomas');
INSERT IGNORE INTO Audio VALUES ('Django Undisputed', 'Spanyol');
INSERT IGNORE INTO Subtitle VALUES ('Django Undisputed', 'Jepang');
INSERT IGNORE INTO Konten VALUES ('La Vague', 'Three witches are trying to lower the water level in their flooded house. However, a dramatic incident occurs.', 2015, 'NR', 'Film');
INSERT IGNORE INTO Film VALUES ('La Vague', 6, 'Boris Carquillat');
INSERT IGNORE INTO Genre_Konten VALUES ('La Vague', 8);
INSERT IGNORE INTO Genre_Konten VALUES ('La Vague', 12);
INSERT IGNORE INTO Aktor (`nama_lengkap`) VALUES ('Véronique Augereau');
INSERT IGNORE INTO Peran VALUES ('Véronique Augereau', 'La Vague', 'Loa (voice)');
INSERT IGNORE INTO Aktor (`nama_lengkap`) VALUES ('Jasmine Ghoreishi');
INSERT IGNORE INTO Peran VALUES ('Jasmine Ghoreishi', 'La Vague', 'Ria (voice)');
INSERT IGNORE INTO Aktor (`nama_lengkap`) VALUES ('Agathe Jeannin');
INSERT IGNORE INTO Peran VALUES ('Agathe Jeannin', 'La Vague', 'Shana (voice)');
INSERT IGNORE INTO Audio VALUES ('La Vague', 'Indonesia');
INSERT IGNORE INTO Subtitle VALUES ('La Vague', 'Spanyol');
INSERT IGNORE INTO Konten VALUES ('A House of Dynamite', 'When a single, unattributed missile is launched at the United States, a race begins to determine who is responsible and how to respond.', 2025, 'R', 'Film');
INSERT IGNORE INTO Film VALUES ('A House of Dynamite', 112, 'Kathryn Bigelow');
INSERT IGNORE INTO Genre_Konten VALUES ('A House of Dynamite', 3);
INSERT IGNORE INTO Aktor (`nama_lengkap`) VALUES ('Idris Elba');
INSERT IGNORE INTO Peran VALUES ('Idris Elba', 'A House of Dynamite', 'POTUS');
INSERT IGNORE INTO Aktor (`nama_lengkap`) VALUES ('Rebecca Ferguson');
INSERT IGNORE INTO Peran VALUES ('Rebecca Ferguson', 'A House of Dynamite', 'Captain Olivia Walker');
INSERT IGNORE INTO Aktor (`nama_lengkap`) VALUES ('Gabriel Basso');
INSERT IGNORE INTO Peran VALUES ('Gabriel Basso', 'A House of Dynamite', 'Deputy National Security Advisor Jake Baerington');
INSERT IGNORE INTO Aktor (`nama_lengkap`) VALUES ('Jared Harris');
INSERT IGNORE INTO Peran VALUES ('Jared Harris', 'A House of Dynamite', 'Secretary of Defense Reid Baker');
INSERT IGNORE INTO Aktor (`nama_lengkap`) VALUES ('Tracy Letts');
INSERT IGNORE INTO Peran VALUES ('Tracy Letts', 'A House of Dynamite', 'General Anthony Brady');
INSERT IGNORE INTO Aktor (`nama_lengkap`) VALUES ('Anthony Ramos');
INSERT IGNORE INTO Peran VALUES ('Anthony Ramos', 'A House of Dynamite', 'Major Daniel Gonzalez');
INSERT IGNORE INTO Aktor (`nama_lengkap`) VALUES ('Moses Ingram');
INSERT IGNORE INTO Peran VALUES ('Moses Ingram', 'A House of Dynamite', 'Cathy Rogers');
INSERT IGNORE INTO Aktor (`nama_lengkap`) VALUES ('Jonah Hauer-King');
INSERT IGNORE INTO Peran VALUES ('Jonah Hauer-King', 'A House of Dynamite', 'Lieutenant Commander Robert Reeves');
INSERT IGNORE INTO Aktor (`nama_lengkap`) VALUES ('Greta Lee');
INSERT IGNORE INTO Peran VALUES ('Greta Lee', 'A House of Dynamite', 'Ana Park');
INSERT IGNORE INTO Aktor (`nama_lengkap`) VALUES ('Jason Clarke');
INSERT IGNORE INTO Peran VALUES ('Jason Clarke', 'A House of Dynamite', 'Admiral Mark Miller');
INSERT IGNORE INTO Audio VALUES ('A House of Dynamite', 'Inggris');
INSERT IGNORE INTO Audio VALUES ('A House of Dynamite', 'Indonesia');
INSERT IGNORE INTO Audio VALUES ('A House of Dynamite', 'Jepang');
INSERT IGNORE INTO Subtitle VALUES ('A House of Dynamite', 'Inggris');
INSERT IGNORE INTO Subtitle VALUES ('A House of Dynamite', 'Spanyol');
INSERT IGNORE INTO Konten VALUES ('The Super Mario Bros. Movie', 'While working underground to fix a water main, Brooklyn plumbers—and brothers—Mario and Luigi are transported down a mysterious pipe and wander into a magical new world. But when the brothers are separated, Mario embarks on an epic quest to find Luigi.', 2023, 'SU', 'Film');
INSERT IGNORE INTO Film VALUES ('The Super Mario Bros. Movie', 93, 'Michael Jelenic');
INSERT IGNORE INTO Genre_Konten VALUES ('The Super Mario Bros. Movie', 9);
INSERT IGNORE INTO Genre_Konten VALUES ('The Super Mario Bros. Movie', 8);
INSERT IGNORE INTO Genre_Konten VALUES ('The Super Mario Bros. Movie', 7);
INSERT IGNORE INTO Genre_Konten VALUES ('The Super Mario Bros. Movie', 12);
INSERT IGNORE INTO Genre_Konten VALUES ('The Super Mario Bros. Movie', 6);
INSERT IGNORE INTO Aktor (`nama_lengkap`) VALUES ('Chris Pratt');
INSERT IGNORE INTO Peran VALUES ('Chris Pratt', 'The Super Mario Bros. Movie', 'Mario (voice)');
INSERT IGNORE INTO Aktor (`nama_lengkap`) VALUES ('Anya Taylor-Joy');
INSERT IGNORE INTO Peran VALUES ('Anya Taylor-Joy', 'The Super Mario Bros. Movie', 'Princess Peach (voice)');
INSERT IGNORE INTO Aktor (`nama_lengkap`) VALUES ('Charlie Day');
INSERT IGNORE INTO Peran VALUES ('Charlie Day', 'The Super Mario Bros. Movie', 'Luigi (voice)');
INSERT IGNORE INTO Aktor (`nama_lengkap`) VALUES ('Jack Black');
INSERT IGNORE INTO Peran VALUES ('Jack Black', 'The Super Mario Bros. Movie', 'Bowser (voice)');
INSERT IGNORE INTO Aktor (`nama_lengkap`) VALUES ('Keegan-Michael Key');
INSERT IGNORE INTO Peran VALUES ('Keegan-Michael Key', 'The Super Mario Bros. Movie', 'Toad (voice)');
INSERT IGNORE INTO Aktor (`nama_lengkap`) VALUES ('Seth Rogen');
INSERT IGNORE INTO Peran VALUES ('Seth Rogen', 'The Super Mario Bros. Movie', 'Donkey Kong (voice)');
INSERT IGNORE INTO Aktor (`nama_lengkap`) VALUES ('Fred Armisen');
INSERT IGNORE INTO Peran VALUES ('Fred Armisen', 'The Super Mario Bros. Movie', 'Cranky Kong (voice)');
INSERT IGNORE INTO Aktor (`nama_lengkap`) VALUES ('Sebastian Maniscalco');
INSERT IGNORE INTO Peran VALUES ('Sebastian Maniscalco', 'The Super Mario Bros. Movie', 'Spike (voice)');
INSERT IGNORE INTO Aktor (`nama_lengkap`) VALUES ('Charles Martinet');
INSERT IGNORE INTO Peran VALUES ('Charles Martinet', 'The Super Mario Bros. Movie', 'Mario''s Dad / Giuseppe (voice)');
INSERT IGNORE INTO Aktor (`nama_lengkap`) VALUES ('Kevin Michael Richardson');
INSERT IGNORE INTO Peran VALUES ('Kevin Michael Richardson', 'The Super Mario Bros. Movie', 'Kamek (voice)');
INSERT IGNORE INTO Audio VALUES ('The Super Mario Bros. Movie', 'Jepang');
INSERT IGNORE INTO Audio VALUES ('The Super Mario Bros. Movie', 'Spanyol');
INSERT IGNORE INTO Audio VALUES ('The Super Mario Bros. Movie', 'Korea');
INSERT IGNORE INTO Subtitle VALUES ('The Super Mario Bros. Movie', 'Korea');
INSERT IGNORE INTO Konten VALUES ('Ligaw', 'A sultry woman who charms the hearts of men in a remote province. Dolores, a devoted wife to her paraplegic husband, falls for a young mountaineer. What begins as a reckless escape turns into an affair drenched in passion and secrecy.', 2025, 'NR', 'Film');
INSERT IGNORE INTO Film VALUES ('Ligaw', 85, 'Omar Deroca');
INSERT IGNORE INTO Genre_Konten VALUES ('Ligaw', 4);
INSERT IGNORE INTO Genre_Konten VALUES ('Ligaw', 13);
INSERT IGNORE INTO Aktor (`nama_lengkap`) VALUES ('Robb Guinto');
INSERT IGNORE INTO Peran VALUES ('Robb Guinto', 'Ligaw', 'Dolores');
INSERT IGNORE INTO Aktor (`nama_lengkap`) VALUES ('Ali Asistio');
INSERT IGNORE INTO Peran VALUES ('Ali Asistio', 'Ligaw', 'Jayron');
INSERT IGNORE INTO Aktor (`nama_lengkap`) VALUES ('JC Tan');
INSERT IGNORE INTO Peran VALUES ('JC Tan', 'Ligaw', 'Rodel');
INSERT IGNORE INTO Aktor (`nama_lengkap`) VALUES ('Rash Flores');
INSERT IGNORE INTO Peran VALUES ('Rash Flores', 'Ligaw', 'Olan');
INSERT IGNORE INTO Aktor (`nama_lengkap`) VALUES ('Jodi Garcia');
INSERT IGNORE INTO Peran VALUES ('Jodi Garcia', 'Ligaw', 'Female Hiker');
INSERT IGNORE INTO Audio VALUES ('Ligaw', 'Inggris');
INSERT IGNORE INTO Audio VALUES ('Ligaw', 'Indonesia');
INSERT IGNORE INTO Subtitle VALUES ('Ligaw', 'Indonesia');
INSERT IGNORE INTO Subtitle VALUES ('Ligaw', 'Spanyol');
INSERT IGNORE INTO Subtitle VALUES ('Ligaw', 'Inggris');
INSERT IGNORE INTO Subtitle VALUES ('Ligaw', 'Jepang');
INSERT IGNORE INTO Konten VALUES ('Captain Avispa', 'In Avispatropolis, the fearless Captain Avispa emerges as an exemplary protector of the city, whose courage and convictions always prevail over the forces of evil. His unbreakable power is nourished by absolute sincerity, as he would lose his strength if he dared to weave deceit. Only in pursuit of noble causes does he allow himself to deviate from the truth. As is common in stories of this kind, Captain Wasp is surrounded by a constellation of close friends and arch-enemies, whose stories have their origins in the artist''s songs.', 2024, 'NR', 'Film');
INSERT IGNORE INTO Film VALUES ('Captain Avispa', 88, 'Jean Gabriel Guerra');
INSERT IGNORE INTO Genre_Konten VALUES ('Captain Avispa', 12);
INSERT IGNORE INTO Genre_Konten VALUES ('Captain Avispa', 9);
INSERT IGNORE INTO Aktor (`nama_lengkap`) VALUES ('Luis Fonsi');
INSERT IGNORE INTO Peran VALUES ('Luis Fonsi', 'Captain Avispa', 'Captain Avispa / Jesse Vespa (voice)');
INSERT IGNORE INTO Aktor (`nama_lengkap`) VALUES ('Joy Huerta');
INSERT IGNORE INTO Peran VALUES ('Joy Huerta', 'Captain Avispa', 'Princess Honey Bee (voice)');
INSERT IGNORE INTO Aktor (`nama_lengkap`) VALUES ('Juanes');
INSERT IGNORE INTO Peran VALUES ('Juanes', 'Captain Avispa', 'Sergeant Picadura (voice)');
INSERT IGNORE INTO Aktor (`nama_lengkap`) VALUES ('José Guillermo Cortines');
INSERT IGNORE INTO Peran VALUES ('José Guillermo Cortines', 'Captain Avispa', 'Jacques Puasón / Bobby Flashington / Máximo Waxon / DJ (voice)');
INSERT IGNORE INTO Aktor (`nama_lengkap`) VALUES ('Amelia Vega');
INSERT IGNORE INTO Peran VALUES ('Amelia Vega', 'Captain Avispa', 'Polibya Néctar (voice)');
INSERT IGNORE INTO Aktor (`nama_lengkap`) VALUES ('Karen Martínez');
INSERT IGNORE INTO Peran VALUES ('Karen Martínez', 'Captain Avispa', 'Ximena Colmena (voice)');
INSERT IGNORE INTO Aktor (`nama_lengkap`) VALUES ('Adalgisa Pantaleón');
INSERT IGNORE INTO Peran VALUES ('Adalgisa Pantaleón', 'Captain Avispa', 'Queen Ada (voice)');
INSERT IGNORE INTO Aktor (`nama_lengkap`) VALUES ('Roger Zayas-Bazán');
INSERT IGNORE INTO Peran VALUES ('Roger Zayas-Bazán', 'Captain Avispa', 'Mayor Panales (voice)');
INSERT IGNORE INTO Aktor (`nama_lengkap`) VALUES ('Bianca Garcia');
INSERT IGNORE INTO Peran VALUES ('Bianca Garcia', 'Captain Avispa', 'Aki Teriyaki (voice)');
INSERT IGNORE INTO Aktor (`nama_lengkap`) VALUES ('Héctor Aníbal');
INSERT IGNORE INTO Peran VALUES ('Héctor Aníbal', 'Captain Avispa', 'Mínimo Waxon (voice)');
INSERT IGNORE INTO Audio VALUES ('Captain Avispa', 'Inggris');
INSERT IGNORE INTO Audio VALUES ('Captain Avispa', 'Korea');
INSERT IGNORE INTO Subtitle VALUES ('Captain Avispa', 'Indonesia');
INSERT IGNORE INTO Konten VALUES ('Avengers: Infinity War', 'As the Avengers and their allies have continued to protect the world from threats too large for any one hero to handle, a new danger has emerged from the cosmic shadows: Thanos. A despot of intergalactic infamy, his goal is to collect all six Infinity Stones, artifacts of unimaginable power, and use them to inflict his twisted will on all of reality. Everything the Avengers have fought for has led up to this moment - the fate of Earth and existence itself has never been more uncertain.', 2018, '13+', 'Film');
INSERT IGNORE INTO Film VALUES ('Avengers: Infinity War', 149, 'Anthony Russo');
INSERT IGNORE INTO Genre_Konten VALUES ('Avengers: Infinity War', 7);
INSERT IGNORE INTO Genre_Konten VALUES ('Avengers: Infinity War', 1);
INSERT IGNORE INTO Genre_Konten VALUES ('Avengers: Infinity War', 10);
INSERT IGNORE INTO Aktor (`nama_lengkap`) VALUES ('Robert Downey Jr.');
INSERT IGNORE INTO Peran VALUES ('Robert Downey Jr.', 'Avengers: Infinity War', 'Tony Stark / Iron Man');
INSERT IGNORE INTO Aktor (`nama_lengkap`) VALUES ('Chris Evans');
INSERT IGNORE INTO Peran VALUES ('Chris Evans', 'Avengers: Infinity War', 'Steve Rogers / Captain America');
INSERT IGNORE INTO Aktor (`nama_lengkap`) VALUES ('Chris Hemsworth');
INSERT IGNORE INTO Peran VALUES ('Chris Hemsworth', 'Avengers: Infinity War', 'Thor');
INSERT IGNORE INTO Aktor (`nama_lengkap`) VALUES ('Josh Brolin');
INSERT IGNORE INTO Peran VALUES ('Josh Brolin', 'Avengers: Infinity War', 'Thanos');
INSERT IGNORE INTO Aktor (`nama_lengkap`) VALUES ('Mark Ruffalo');
INSERT IGNORE INTO Peran VALUES ('Mark Ruffalo', 'Avengers: Infinity War', 'Bruce Banner / Hulk');
INSERT IGNORE INTO Aktor (`nama_lengkap`) VALUES ('Scarlett Johansson');
INSERT IGNORE INTO Peran VALUES ('Scarlett Johansson', 'Avengers: Infinity War', 'Natasha Romanoff / Black Widow');
INSERT IGNORE INTO Aktor (`nama_lengkap`) VALUES ('Don Cheadle');
INSERT IGNORE INTO Peran VALUES ('Don Cheadle', 'Avengers: Infinity War', 'James Rhodes / War Machine');
INSERT IGNORE INTO Aktor (`nama_lengkap`) VALUES ('Benedict Cumberbatch');
INSERT IGNORE INTO Peran VALUES ('Benedict Cumberbatch', 'Avengers: Infinity War', 'Doctor Strange');
INSERT IGNORE INTO Aktor (`nama_lengkap`) VALUES ('Tom Holland');
INSERT IGNORE INTO Peran VALUES ('Tom Holland', 'Avengers: Infinity War', 'Peter Parker / Spider-Man');
INSERT IGNORE INTO Aktor (`nama_lengkap`) VALUES ('Chadwick Boseman');
INSERT IGNORE INTO Peran VALUES ('Chadwick Boseman', 'Avengers: Infinity War', 'T''Challa / Black Panther');
INSERT IGNORE INTO Audio VALUES ('Avengers: Infinity War', 'Indonesia');
INSERT IGNORE INTO Audio VALUES ('Avengers: Infinity War', 'Spanyol');
INSERT IGNORE INTO Subtitle VALUES ('Avengers: Infinity War', 'Inggris');
INSERT IGNORE INTO Subtitle VALUES ('Avengers: Infinity War', 'Korea');
INSERT IGNORE INTO Konten VALUES ('Sonic the Hedgehog 3', 'Sonic, Knuckles, and Tails reunite against a powerful new adversary, Shadow, a mysterious villain with powers unlike anything they have faced before. With their abilities outmatched in every way, Team Sonic must seek out an unlikely alliance in hopes of stopping Shadow and protecting the planet.', 2024, '13+', 'Film');
INSERT IGNORE INTO Film VALUES ('Sonic the Hedgehog 3', 110, 'Jeff Fowler');
INSERT IGNORE INTO Genre_Konten VALUES ('Sonic the Hedgehog 3', 1);
INSERT IGNORE INTO Genre_Konten VALUES ('Sonic the Hedgehog 3', 10);
INSERT IGNORE INTO Genre_Konten VALUES ('Sonic the Hedgehog 3', 8);
INSERT IGNORE INTO Genre_Konten VALUES ('Sonic the Hedgehog 3', 9);
INSERT IGNORE INTO Aktor (`nama_lengkap`) VALUES ('Jim Carrey');
INSERT IGNORE INTO Peran VALUES ('Jim Carrey', 'Sonic the Hedgehog 3', 'Ivo Robotnik / Gerald Robotnik');
INSERT IGNORE INTO Aktor (`nama_lengkap`) VALUES ('Ben Schwartz');
INSERT IGNORE INTO Peran VALUES ('Ben Schwartz', 'Sonic the Hedgehog 3', 'Sonic (voice)');
INSERT IGNORE INTO Aktor (`nama_lengkap`) VALUES ('Keanu Reeves');
INSERT IGNORE INTO Peran VALUES ('Keanu Reeves', 'Sonic the Hedgehog 3', 'Shadow (voice)');
INSERT IGNORE INTO Aktor (`nama_lengkap`) VALUES ('Idris Elba');
INSERT IGNORE INTO Peran VALUES ('Idris Elba', 'Sonic the Hedgehog 3', 'Knuckles (voice)');
INSERT IGNORE INTO Aktor (`nama_lengkap`) VALUES ('Colleen O''Shaughnessey');
INSERT IGNORE INTO Peran VALUES ('Colleen O''Shaughnessey', 'Sonic the Hedgehog 3', 'Tails (voice)');
INSERT IGNORE INTO Aktor (`nama_lengkap`) VALUES ('James Marsden');
INSERT IGNORE INTO Peran VALUES ('James Marsden', 'Sonic the Hedgehog 3', 'Tom');
INSERT IGNORE INTO Aktor (`nama_lengkap`) VALUES ('Tika Sumpter');
INSERT IGNORE INTO Peran VALUES ('Tika Sumpter', 'Sonic the Hedgehog 3', 'Maddie');
INSERT IGNORE INTO Aktor (`nama_lengkap`) VALUES ('Lee Majdoub');
INSERT IGNORE INTO Peran VALUES ('Lee Majdoub', 'Sonic the Hedgehog 3', 'Agent Stone');
INSERT IGNORE INTO Aktor (`nama_lengkap`) VALUES ('Krysten Ritter');
INSERT IGNORE INTO Peran VALUES ('Krysten Ritter', 'Sonic the Hedgehog 3', 'Director Rockwell');
INSERT IGNORE INTO Aktor (`nama_lengkap`) VALUES ('Adam Pally');
INSERT IGNORE INTO Peran VALUES ('Adam Pally', 'Sonic the Hedgehog 3', 'Wade');
INSERT IGNORE INTO Audio VALUES ('Sonic the Hedgehog 3', 'Jepang');
INSERT IGNORE INTO Audio VALUES ('Sonic the Hedgehog 3', 'Korea');
INSERT IGNORE INTO Subtitle VALUES ('Sonic the Hedgehog 3', 'Korea');
INSERT IGNORE INTO Subtitle VALUES ('Sonic the Hedgehog 3', 'Inggris');
INSERT IGNORE INTO Konten VALUES ('Striking Rescue', 'A veteran Muay Thai expert goes on a take-no-prisoners mission of revenge after his wife and daughter are brutally murdered by mysterious forces.', 2024, 'NR', 'Film');
INSERT IGNORE INTO Film VALUES ('Striking Rescue', 106, 'Cheng Siyi');
INSERT IGNORE INTO Genre_Konten VALUES ('Striking Rescue', 1);
INSERT IGNORE INTO Genre_Konten VALUES ('Striking Rescue', 2);
INSERT IGNORE INTO Genre_Konten VALUES ('Striking Rescue', 3);
INSERT IGNORE INTO Aktor (`nama_lengkap`) VALUES ('Tony Jaa');
INSERT IGNORE INTO Peran VALUES ('Tony Jaa', 'Striking Rescue', 'Bai An');
INSERT IGNORE INTO Aktor (`nama_lengkap`) VALUES ('Eason Hung');
INSERT IGNORE INTO Peran VALUES ('Eason Hung', 'Striking Rescue', 'Wu Zheng');
INSERT IGNORE INTO Aktor (`nama_lengkap`) VALUES ('Xing Yu');
INSERT IGNORE INTO Peran VALUES ('Xing Yu', 'Striking Rescue', 'Long Tai');
INSERT IGNORE INTO Aktor (`nama_lengkap`) VALUES ('Philip Keung Ho-Man');
INSERT IGNORE INTO Peran VALUES ('Philip Keung Ho-Man', 'Striking Rescue', 'He Yinghao');
INSERT IGNORE INTO Aktor (`nama_lengkap`) VALUES ('Chen Duo-Yi');
INSERT IGNORE INTO Peran VALUES ('Chen Duo-Yi', 'Striking Rescue', 'He Ting');
INSERT IGNORE INTO Aktor (`nama_lengkap`) VALUES ('Peng Bo');
INSERT IGNORE INTO Peran VALUES ('Peng Bo', 'Striking Rescue', 'Lu Ping');
INSERT IGNORE INTO Aktor (`nama_lengkap`) VALUES ('Yu Bolin');
INSERT IGNORE INTO Peran VALUES ('Yu Bolin', 'Striking Rescue', 'Sang Kang');
INSERT IGNORE INTO Aktor (`nama_lengkap`) VALUES ('Mao Fan');
INSERT IGNORE INTO Peran VALUES ('Mao Fan', 'Striking Rescue', 'Clay');
INSERT IGNORE INTO Aktor (`nama_lengkap`) VALUES ('Ge Shuai');
INSERT IGNORE INTO Peran VALUES ('Ge Shuai', 'Striking Rescue', 'Jiu Shu');
INSERT IGNORE INTO Aktor (`nama_lengkap`) VALUES ('Zhao Leiqi');
INSERT IGNORE INTO Peran VALUES ('Zhao Leiqi', 'Striking Rescue', 'Veterinary');
INSERT IGNORE INTO Audio VALUES ('Striking Rescue', 'Inggris');
INSERT IGNORE INTO Audio VALUES ('Striking Rescue', 'Spanyol');
INSERT IGNORE INTO Audio VALUES ('Striking Rescue', 'Jepang');
INSERT IGNORE INTO Subtitle VALUES ('Striking Rescue', 'Spanyol');
INSERT IGNORE INTO Subtitle VALUES ('Striking Rescue', 'Inggris');
INSERT IGNORE INTO Konten VALUES ('Harry Potter and the Goblet of Fire', 'When Harry Potter''s name emerges from the Goblet of Fire, he becomes a competitor in a grueling battle for glory among three wizarding schools—the Triwizard Tournament. But since Harry never submitted his name for the Tournament, who did? Now Harry must confront a deadly dragon, fierce water demons and an enchanted maze only to find himself in the cruel grasp of He Who Must Not Be Named.', 2005, 'PG-13', 'Film');
INSERT IGNORE INTO Film VALUES ('Harry Potter and the Goblet of Fire', 157, 'Mike Newell');
INSERT IGNORE INTO Genre_Konten VALUES ('Harry Potter and the Goblet of Fire', 7);
INSERT IGNORE INTO Genre_Konten VALUES ('Harry Potter and the Goblet of Fire', 6);
INSERT IGNORE INTO Aktor (`nama_lengkap`) VALUES ('Daniel Radcliffe');
INSERT IGNORE INTO Peran VALUES ('Daniel Radcliffe', 'Harry Potter and the Goblet of Fire', 'Harry Potter');
INSERT IGNORE INTO Aktor (`nama_lengkap`) VALUES ('Rupert Grint');
INSERT IGNORE INTO Peran VALUES ('Rupert Grint', 'Harry Potter and the Goblet of Fire', 'Ron Weasley');
INSERT IGNORE INTO Aktor (`nama_lengkap`) VALUES ('Emma Watson');
INSERT IGNORE INTO Peran VALUES ('Emma Watson', 'Harry Potter and the Goblet of Fire', 'Hermione Granger');
INSERT IGNORE INTO Aktor (`nama_lengkap`) VALUES ('Brendan Gleeson');
INSERT IGNORE INTO Peran VALUES ('Brendan Gleeson', 'Harry Potter and the Goblet of Fire', 'Alastor ''Mad-Eye'' Moody');
INSERT IGNORE INTO Aktor (`nama_lengkap`) VALUES ('Michael Gambon');
INSERT IGNORE INTO Peran VALUES ('Michael Gambon', 'Harry Potter and the Goblet of Fire', 'Albus Dumbledore');
INSERT IGNORE INTO Aktor (`nama_lengkap`) VALUES ('Robert Pattinson');
INSERT IGNORE INTO Peran VALUES ('Robert Pattinson', 'Harry Potter and the Goblet of Fire', 'Cedric Diggory');
INSERT IGNORE INTO Aktor (`nama_lengkap`) VALUES ('Ralph Fiennes');
INSERT IGNORE INTO Peran VALUES ('Ralph Fiennes', 'Harry Potter and the Goblet of Fire', 'Lord Voldemort');
INSERT IGNORE INTO Aktor (`nama_lengkap`) VALUES ('Robbie Coltrane');
INSERT IGNORE INTO Peran VALUES ('Robbie Coltrane', 'Harry Potter and the Goblet of Fire', 'Rubeus Hagrid');
INSERT IGNORE INTO Aktor (`nama_lengkap`) VALUES ('Alan Rickman');
INSERT IGNORE INTO Peran VALUES ('Alan Rickman', 'Harry Potter and the Goblet of Fire', 'Severus Snape');
INSERT IGNORE INTO Aktor (`nama_lengkap`) VALUES ('David Tennant');
INSERT IGNORE INTO Peran VALUES ('David Tennant', 'Harry Potter and the Goblet of Fire', 'Barty Crouch Junior');
INSERT IGNORE INTO Audio VALUES ('Harry Potter and the Goblet of Fire', 'Inggris');
INSERT IGNORE INTO Audio VALUES ('Harry Potter and the Goblet of Fire', 'Korea');
INSERT IGNORE INTO Subtitle VALUES ('Harry Potter and the Goblet of Fire', 'Spanyol');
INSERT IGNORE INTO Subtitle VALUES ('Harry Potter and the Goblet of Fire', 'Inggris');
INSERT IGNORE INTO Konten VALUES ('Lefter: The Story of the Ordinarius', 'A football prodigy rises to fame, battling prejudice and inner turmoil on his quest for greatness. Based on the life of Turkish legend, Lefter.', 2025, '13+', 'Film');
INSERT IGNORE INTO Film VALUES ('Lefter: The Story of the Ordinarius', 0, 'Can Ulkay');
INSERT IGNORE INTO Genre_Konten VALUES ('Lefter: The Story of the Ordinarius', 4);
INSERT IGNORE INTO Genre_Konten VALUES ('Lefter: The Story of the Ordinarius', 15);
INSERT IGNORE INTO Aktor (`nama_lengkap`) VALUES ('Erdem Kaynarca');
INSERT IGNORE INTO Peran VALUES ('Erdem Kaynarca', 'Lefter: The Story of the Ordinarius', 'Lefter Küçükandonyadis');
INSERT IGNORE INTO Aktor (`nama_lengkap`) VALUES ('Aslıhan Malbora');
INSERT IGNORE INTO Peran VALUES ('Aslıhan Malbora', 'Lefter: The Story of the Ordinarius', 'Meri');
INSERT IGNORE INTO Aktor (`nama_lengkap`) VALUES ('Deniz Işın');
INSERT IGNORE INTO Peran VALUES ('Deniz Işın', 'Lefter: The Story of the Ordinarius', 'Stavrini');
INSERT IGNORE INTO Aktor (`nama_lengkap`) VALUES ('Aslihan Gurbuz');
INSERT IGNORE INTO Peran VALUES ('Aslihan Gurbuz', 'Lefter: The Story of the Ordinarius', 'Argiro');
INSERT IGNORE INTO Aktor (`nama_lengkap`) VALUES ('Halit Ergenç');
INSERT IGNORE INTO Peran VALUES ('Halit Ergenç', 'Lefter: The Story of the Ordinarius', 'Hristo');
INSERT IGNORE INTO Aktor (`nama_lengkap`) VALUES ('Taner Barlas');
INSERT IGNORE INTO Peran VALUES ('Taner Barlas', 'Lefter: The Story of the Ordinarius', '');
INSERT IGNORE INTO Aktor (`nama_lengkap`) VALUES ('Hamdi Alkan');
INSERT IGNORE INTO Peran VALUES ('Hamdi Alkan', 'Lefter: The Story of the Ordinarius', 'Ohannidis');
INSERT IGNORE INTO Aktor (`nama_lengkap`) VALUES ('Bora Akkaş');
INSERT IGNORE INTO Peran VALUES ('Bora Akkaş', 'Lefter: The Story of the Ordinarius', 'Leblebi ihsan');
INSERT IGNORE INTO Aktor (`nama_lengkap`) VALUES ('Engin Alkan');
INSERT IGNORE INTO Peran VALUES ('Engin Alkan', 'Lefter: The Story of the Ordinarius', 'Onnik');
INSERT IGNORE INTO Aktor (`nama_lengkap`) VALUES ('Onur Ay');
INSERT IGNORE INTO Peran VALUES ('Onur Ay', 'Lefter: The Story of the Ordinarius', 'Halit Kıvanç');
INSERT IGNORE INTO Audio VALUES ('Lefter: The Story of the Ordinarius', 'Jepang');
INSERT IGNORE INTO Audio VALUES ('Lefter: The Story of the Ordinarius', 'Indonesia');
INSERT IGNORE INTO Audio VALUES ('Lefter: The Story of the Ordinarius', 'Korea');
INSERT IGNORE INTO Subtitle VALUES ('Lefter: The Story of the Ordinarius', 'Korea');
INSERT IGNORE INTO Konten VALUES ('They Were Witches', 'Mia, an expert speaker in witchcraft, takes a trip to see a therapist. On the way she meets a group of young people who will begin to die one by one to bring an evil spirit back from death.', 2025, 'NR', 'Film');
INSERT IGNORE INTO Film VALUES ('They Were Witches', 100, 'Alejandro G. Alegre');
INSERT IGNORE INTO Genre_Konten VALUES ('They Were Witches', 5);
INSERT IGNORE INTO Aktor (`nama_lengkap`) VALUES ('Tania Niebla');
INSERT IGNORE INTO Peran VALUES ('Tania Niebla', 'They Were Witches', 'Mia');
INSERT IGNORE INTO Aktor (`nama_lengkap`) VALUES ('Karina Lechuga');
INSERT IGNORE INTO Peran VALUES ('Karina Lechuga', 'They Were Witches', 'Sara');
INSERT IGNORE INTO Aktor (`nama_lengkap`) VALUES ('Sebastián Ladrón de Guevara');
INSERT IGNORE INTO Peran VALUES ('Sebastián Ladrón de Guevara', 'They Were Witches', 'Mikel');
INSERT IGNORE INTO Aktor (`nama_lengkap`) VALUES ('Daniela Porras');
INSERT IGNORE INTO Peran VALUES ('Daniela Porras', 'They Were Witches', 'Luna');
INSERT IGNORE INTO Aktor (`nama_lengkap`) VALUES ('Micho Camacho');
INSERT IGNORE INTO Peran VALUES ('Micho Camacho', 'They Were Witches', 'Fabian');
INSERT IGNORE INTO Aktor (`nama_lengkap`) VALUES ('José Salof');
INSERT IGNORE INTO Peran VALUES ('José Salof', 'They Were Witches', 'Nico');
INSERT IGNORE INTO Aktor (`nama_lengkap`) VALUES ('Renée Venencie');
INSERT IGNORE INTO Peran VALUES ('Renée Venencie', 'They Were Witches', 'Nadia');
INSERT IGNORE INTO Audio VALUES ('They Were Witches', 'Jepang');
INSERT IGNORE INTO Subtitle VALUES ('They Were Witches', 'Spanyol');
INSERT IGNORE INTO Subtitle VALUES ('They Were Witches', 'Korea');
INSERT IGNORE INTO Konten VALUES ('Avatar', 'In the 22nd century, a paraplegic Marine is dispatched to the moon Pandora on a unique mission, but becomes torn between following orders and protecting an alien civilization.', 2009, 'PG-13', 'Film');
INSERT IGNORE INTO Film VALUES ('Avatar', 162, 'James Cameron');
INSERT IGNORE INTO Genre_Konten VALUES ('Avatar', 1);
INSERT IGNORE INTO Genre_Konten VALUES ('Avatar', 7);
INSERT IGNORE INTO Genre_Konten VALUES ('Avatar', 6);
INSERT IGNORE INTO Genre_Konten VALUES ('Avatar', 10);
INSERT IGNORE INTO Aktor (`nama_lengkap`) VALUES ('Sam Worthington');
INSERT IGNORE INTO Peran VALUES ('Sam Worthington', 'Avatar', 'Jake Sully');
INSERT IGNORE INTO Aktor (`nama_lengkap`) VALUES ('Zoe Saldaña');
INSERT IGNORE INTO Peran VALUES ('Zoe Saldaña', 'Avatar', 'Neytiri');
INSERT IGNORE INTO Aktor (`nama_lengkap`) VALUES ('Sigourney Weaver');
INSERT IGNORE INTO Peran VALUES ('Sigourney Weaver', 'Avatar', 'Dr. Grace Augustine');
INSERT IGNORE INTO Aktor (`nama_lengkap`) VALUES ('Stephen Lang');
INSERT IGNORE INTO Peran VALUES ('Stephen Lang', 'Avatar', 'Colonel Miles Quaritch');
INSERT IGNORE INTO Aktor (`nama_lengkap`) VALUES ('Michelle Rodriguez');
INSERT IGNORE INTO Peran VALUES ('Michelle Rodriguez', 'Avatar', 'Trudy Chacon');
INSERT IGNORE INTO Aktor (`nama_lengkap`) VALUES ('Giovanni Ribisi');
INSERT IGNORE INTO Peran VALUES ('Giovanni Ribisi', 'Avatar', 'Parker Selfridge');
INSERT IGNORE INTO Aktor (`nama_lengkap`) VALUES ('Joel David Moore');
INSERT IGNORE INTO Peran VALUES ('Joel David Moore', 'Avatar', 'Norm Spellman');
INSERT IGNORE INTO Aktor (`nama_lengkap`) VALUES ('CCH Pounder');
INSERT IGNORE INTO Peran VALUES ('CCH Pounder', 'Avatar', 'Mo''at');
INSERT IGNORE INTO Aktor (`nama_lengkap`) VALUES ('Wes Studi');
INSERT IGNORE INTO Peran VALUES ('Wes Studi', 'Avatar', 'Eytukan');
INSERT IGNORE INTO Aktor (`nama_lengkap`) VALUES ('Laz Alonso');
INSERT IGNORE INTO Peran VALUES ('Laz Alonso', 'Avatar', 'Tsu''Tey');
INSERT IGNORE INTO Audio VALUES ('Avatar', 'Jepang');
INSERT IGNORE INTO Audio VALUES ('Avatar', 'Indonesia');
INSERT IGNORE INTO Audio VALUES ('Avatar', 'Spanyol');
INSERT IGNORE INTO Subtitle VALUES ('Avatar', 'Jepang');
INSERT IGNORE INTO Konten VALUES ('Prey', 'When danger threatens her camp, the fierce and highly skilled Comanche warrior Naru sets out to protect her people. But the prey she stalks turns out to be a highly evolved alien predator with a technically advanced arsenal.', 2022, 'R', 'Film');
INSERT IGNORE INTO Film VALUES ('Prey', 100, 'Dan Trachtenberg');
INSERT IGNORE INTO Genre_Konten VALUES ('Prey', 3);
INSERT IGNORE INTO Genre_Konten VALUES ('Prey', 1);
INSERT IGNORE INTO Genre_Konten VALUES ('Prey', 10);
INSERT IGNORE INTO Aktor (`nama_lengkap`) VALUES ('Amber Midthunder');
INSERT IGNORE INTO Peran VALUES ('Amber Midthunder', 'Prey', 'Naru');
INSERT IGNORE INTO Aktor (`nama_lengkap`) VALUES ('Dakota Beavers');
INSERT IGNORE INTO Peran VALUES ('Dakota Beavers', 'Prey', 'Taabe');
INSERT IGNORE INTO Aktor (`nama_lengkap`) VALUES ('Michelle Thrush');
INSERT IGNORE INTO Peran VALUES ('Michelle Thrush', 'Prey', 'Aruka');
INSERT IGNORE INTO Aktor (`nama_lengkap`) VALUES ('Stormee Kipp');
INSERT IGNORE INTO Peran VALUES ('Stormee Kipp', 'Prey', 'Wasape');
INSERT IGNORE INTO Aktor (`nama_lengkap`) VALUES ('Julian Black Antelope');
INSERT IGNORE INTO Peran VALUES ('Julian Black Antelope', 'Prey', 'Chief Kehetu');
INSERT IGNORE INTO Aktor (`nama_lengkap`) VALUES ('Dane DiLiegro');
INSERT IGNORE INTO Peran VALUES ('Dane DiLiegro', 'Prey', 'Predator');
INSERT IGNORE INTO Aktor (`nama_lengkap`) VALUES ('Stefany Mathias');
INSERT IGNORE INTO Peran VALUES ('Stefany Mathias', 'Prey', 'Sumu (Chief Wife)');
INSERT IGNORE INTO Aktor (`nama_lengkap`) VALUES ('Bennett Taylor');
INSERT IGNORE INTO Peran VALUES ('Bennett Taylor', 'Prey', 'Raphael');
INSERT IGNORE INTO Aktor (`nama_lengkap`) VALUES ('Mike Paterson');
INSERT IGNORE INTO Peran VALUES ('Mike Paterson', 'Prey', 'Big Beard');
INSERT IGNORE INTO Aktor (`nama_lengkap`) VALUES ('Nelson Leis');
INSERT IGNORE INTO Peran VALUES ('Nelson Leis', 'Prey', 'Waxed Mustache');
INSERT IGNORE INTO Audio VALUES ('Prey', 'Jepang');
INSERT IGNORE INTO Subtitle VALUES ('Prey', 'Jepang');
INSERT IGNORE INTO Subtitle VALUES ('Prey', 'Inggris');
INSERT IGNORE INTO Konten VALUES ('It', 'In a small town in Maine, seven children known as The Losers Club come face to face with life problems, bullies and a monster that takes the shape of a clown called Pennywise.', 2017, '17+', 'Film');
INSERT IGNORE INTO Film VALUES ('It', 135, 'Andy Muschietti');
INSERT IGNORE INTO Genre_Konten VALUES ('It', 5);
INSERT IGNORE INTO Genre_Konten VALUES ('It', 3);
INSERT IGNORE INTO Aktor (`nama_lengkap`) VALUES ('Bill Skarsgård');
INSERT IGNORE INTO Peran VALUES ('Bill Skarsgård', 'It', 'Pennywise');
INSERT IGNORE INTO Aktor (`nama_lengkap`) VALUES ('Jaeden Martell');
INSERT IGNORE INTO Peran VALUES ('Jaeden Martell', 'It', 'Bill Denbrough');
INSERT IGNORE INTO Aktor (`nama_lengkap`) VALUES ('Sophia Lillis');
INSERT IGNORE INTO Peran VALUES ('Sophia Lillis', 'It', 'Beverly Marsh');
INSERT IGNORE INTO Aktor (`nama_lengkap`) VALUES ('Jeremy Ray Taylor');
INSERT IGNORE INTO Peran VALUES ('Jeremy Ray Taylor', 'It', 'Ben Hanscom');
INSERT IGNORE INTO Aktor (`nama_lengkap`) VALUES ('Finn Wolfhard');
INSERT IGNORE INTO Peran VALUES ('Finn Wolfhard', 'It', 'Richie Tozier');
INSERT IGNORE INTO Aktor (`nama_lengkap`) VALUES ('Jack Dylan Grazer');
INSERT IGNORE INTO Peran VALUES ('Jack Dylan Grazer', 'It', 'Eddie Kaspbrak');
INSERT IGNORE INTO Aktor (`nama_lengkap`) VALUES ('Chosen Jacobs');
INSERT IGNORE INTO Peran VALUES ('Chosen Jacobs', 'It', 'Mike Hanlon');
INSERT IGNORE INTO Aktor (`nama_lengkap`) VALUES ('Wyatt Oleff');
INSERT IGNORE INTO Peran VALUES ('Wyatt Oleff', 'It', 'Stanley Uris');
INSERT IGNORE INTO Aktor (`nama_lengkap`) VALUES ('Nicholas Hamilton');
INSERT IGNORE INTO Peran VALUES ('Nicholas Hamilton', 'It', 'Henry Bowers');
INSERT IGNORE INTO Aktor (`nama_lengkap`) VALUES ('Jackson Robert Scott');
INSERT IGNORE INTO Peran VALUES ('Jackson Robert Scott', 'It', 'Georgie Denbrough');
INSERT IGNORE INTO Audio VALUES ('It', 'Korea');
INSERT IGNORE INTO Audio VALUES ('It', 'Indonesia');
INSERT IGNORE INTO Audio VALUES ('It', 'Spanyol');
INSERT IGNORE INTO Subtitle VALUES ('It', 'Spanyol');
INSERT IGNORE INTO Subtitle VALUES ('It', 'Korea');
INSERT IGNORE INTO Subtitle VALUES ('It', 'Inggris');
INSERT IGNORE INTO Konten VALUES ('The Lost Bus', 'A determined father risks everything to rescue a dedicated teacher and her students from a raging wildfire.', 2025, '17+', 'Film');
INSERT IGNORE INTO Film VALUES ('The Lost Bus', 130, 'Paul Greengrass');
INSERT IGNORE INTO Genre_Konten VALUES ('The Lost Bus', 4);
INSERT IGNORE INTO Genre_Konten VALUES ('The Lost Bus', 11);
INSERT IGNORE INTO Genre_Konten VALUES ('The Lost Bus', 3);
INSERT IGNORE INTO Aktor (`nama_lengkap`) VALUES ('Matthew McConaughey');
INSERT IGNORE INTO Peran VALUES ('Matthew McConaughey', 'The Lost Bus', 'Kevin McKay');
INSERT IGNORE INTO Aktor (`nama_lengkap`) VALUES ('America Ferrera');
INSERT IGNORE INTO Peran VALUES ('America Ferrera', 'The Lost Bus', 'Mary Ludwig');
INSERT IGNORE INTO Aktor (`nama_lengkap`) VALUES ('Yul Vazquez');
INSERT IGNORE INTO Peran VALUES ('Yul Vazquez', 'The Lost Bus', 'Chief Martinez');
INSERT IGNORE INTO Aktor (`nama_lengkap`) VALUES ('Ashlie Atkinson');
INSERT IGNORE INTO Peran VALUES ('Ashlie Atkinson', 'The Lost Bus', 'Ruby Bishop');
INSERT IGNORE INTO Aktor (`nama_lengkap`) VALUES ('Kimberli Flores');
INSERT IGNORE INTO Peran VALUES ('Kimberli Flores', 'The Lost Bus', 'Linda');
INSERT IGNORE INTO Aktor (`nama_lengkap`) VALUES ('Levi McConaughey');
INSERT IGNORE INTO Peran VALUES ('Levi McConaughey', 'The Lost Bus', 'Shaun');
INSERT IGNORE INTO Aktor (`nama_lengkap`) VALUES ('Kay McConaughey');
INSERT IGNORE INTO Peran VALUES ('Kay McConaughey', 'The Lost Bus', 'Sherry');
INSERT IGNORE INTO Aktor (`nama_lengkap`) VALUES ('John Messina');
INSERT IGNORE INTO Peran VALUES ('John Messina', 'The Lost Bus', 'John Messina');
INSERT IGNORE INTO Aktor (`nama_lengkap`) VALUES ('Kate Wharton');
INSERT IGNORE INTO Peran VALUES ('Kate Wharton', 'The Lost Bus', 'Jen Kissoon');
INSERT IGNORE INTO Aktor (`nama_lengkap`) VALUES ('Danny McCarthy');
INSERT IGNORE INTO Peran VALUES ('Danny McCarthy', 'The Lost Bus', 'Matt McKenzie');
INSERT IGNORE INTO Audio VALUES ('The Lost Bus', 'Inggris');
INSERT IGNORE INTO Subtitle VALUES ('The Lost Bus', 'Indonesia');
INSERT IGNORE INTO Subtitle VALUES ('The Lost Bus', 'Inggris');
INSERT IGNORE INTO Subtitle VALUES ('The Lost Bus', 'Spanyol');
INSERT IGNORE INTO Subtitle VALUES ('The Lost Bus', 'Korea');
INSERT IGNORE INTO Konten VALUES ('The BLVD', 'An experimental documentary about the street drag racing scene on Chicago’s Near West Side.  This is a rambling, textured film about obsession. It is about the mythos of speed for its own sake, and it is about waiting. While waiting, The BLVD exposes community, inner-city landscapes and nomadic experiences of place. The film treats storytelling as a living medium for determining history. And it commands respect for those who transform cars, or anything else, through passion.', 1999, 'NR', 'Film');
INSERT IGNORE INTO Film VALUES ('The BLVD', 63, 'Deborah Stratman');
INSERT IGNORE INTO Genre_Konten VALUES ('The BLVD', 17);
INSERT IGNORE INTO Audio VALUES ('The BLVD', 'Korea');
INSERT IGNORE INTO Audio VALUES ('The BLVD', 'Spanyol');
INSERT IGNORE INTO Subtitle VALUES ('The BLVD', 'Jepang');
INSERT IGNORE INTO Subtitle VALUES ('The BLVD', 'Inggris');
INSERT IGNORE INTO Konten VALUES ('From Darkness', 'Park ranger Angelica seeks the help of her dog handler ex-boyfriend, Viktor, to search for a missing woman in a dangerous nature reserve in Sweden. The search is complicated by a disturbing myth about the Cave Banshee, a vengeful spirit from the Nordic folklore that once lured miners to their deaths in the reserve''s treacherous caves. As they delve deeper into the forest, Viktor starts to question his own sanity and whether the rumored Banshee is more than just a myth. To make matters worse, Angelica and Viktor share a painful history with the haunted place. Viktor must now confront his troubled past and work together with Angelica to survive the night and unravel the mystery behind the woman''s disappearance.', 2024, 'NR', 'Film');
INSERT IGNORE INTO Film VALUES ('From Darkness', 95, 'Philip W. da Silva');
INSERT IGNORE INTO Genre_Konten VALUES ('From Darkness', 5);
INSERT IGNORE INTO Genre_Konten VALUES ('From Darkness', 11);
INSERT IGNORE INTO Genre_Konten VALUES ('From Darkness', 3);
INSERT IGNORE INTO Aktor (`nama_lengkap`) VALUES ('Rakel Benér');
INSERT IGNORE INTO Peran VALUES ('Rakel Benér', 'From Darkness', 'Angelica');
INSERT IGNORE INTO Aktor (`nama_lengkap`) VALUES ('Oscar Skagerberg');
INSERT IGNORE INTO Peran VALUES ('Oscar Skagerberg', 'From Darkness', 'Viktor');
INSERT IGNORE INTO Aktor (`nama_lengkap`) VALUES ('Peter Mörlin');
INSERT IGNORE INTO Peran VALUES ('Peter Mörlin', 'From Darkness', 'Johan');
INSERT IGNORE INTO Aktor (`nama_lengkap`) VALUES ('Thomas Hedengran');
INSERT IGNORE INTO Peran VALUES ('Thomas Hedengran', 'From Darkness', 'Stefan');
INSERT IGNORE INTO Aktor (`nama_lengkap`) VALUES ('Amanda Kilpeläinen Arvidsson');
INSERT IGNORE INTO Peran VALUES ('Amanda Kilpeläinen Arvidsson', 'From Darkness', 'Maria');
INSERT IGNORE INTO Aktor (`nama_lengkap`) VALUES ('Lennart B. Sandelin');
INSERT IGNORE INTO Peran VALUES ('Lennart B. Sandelin', 'From Darkness', 'Bengt');
INSERT IGNORE INTO Aktor (`nama_lengkap`) VALUES ('Lars Adsten');
INSERT IGNORE INTO Peran VALUES ('Lars Adsten', 'From Darkness', 'Theo');
INSERT IGNORE INTO Audio VALUES ('From Darkness', 'Jepang');
INSERT IGNORE INTO Audio VALUES ('From Darkness', 'Korea');
INSERT IGNORE INTO Audio VALUES ('From Darkness', 'Inggris');
INSERT IGNORE INTO Subtitle VALUES ('From Darkness', 'Jepang');
INSERT IGNORE INTO Subtitle VALUES ('From Darkness', 'Korea');
INSERT IGNORE INTO Konten VALUES ('How the Grinch Stole Christmas', 'The Grinch decides to rob Whoville of Christmas - but a dash of kindness from little Cindy Lou Who and her family may be enough to melt his heart...', 2000, 'PG', 'Film');
INSERT IGNORE INTO Film VALUES ('How the Grinch Stole Christmas', 104, 'Ron Howard');
INSERT IGNORE INTO Genre_Konten VALUES ('How the Grinch Stole Christmas', 9);
INSERT IGNORE INTO Genre_Konten VALUES ('How the Grinch Stole Christmas', 8);
INSERT IGNORE INTO Genre_Konten VALUES ('How the Grinch Stole Christmas', 6);
INSERT IGNORE INTO Aktor (`nama_lengkap`) VALUES ('Jim Carrey');
INSERT IGNORE INTO Peran VALUES ('Jim Carrey', 'How the Grinch Stole Christmas', 'Grinch');
INSERT IGNORE INTO Aktor (`nama_lengkap`) VALUES ('Taylor Momsen');
INSERT IGNORE INTO Peran VALUES ('Taylor Momsen', 'How the Grinch Stole Christmas', 'Cindy Lou Who');
INSERT IGNORE INTO Aktor (`nama_lengkap`) VALUES ('Jeffrey Tambor');
INSERT IGNORE INTO Peran VALUES ('Jeffrey Tambor', 'How the Grinch Stole Christmas', 'Mayor Augustus Maywho');
INSERT IGNORE INTO Aktor (`nama_lengkap`) VALUES ('Christine Baranski');
INSERT IGNORE INTO Peran VALUES ('Christine Baranski', 'How the Grinch Stole Christmas', 'Martha May Whovier');
INSERT IGNORE INTO Aktor (`nama_lengkap`) VALUES ('Bill Irwin');
INSERT IGNORE INTO Peran VALUES ('Bill Irwin', 'How the Grinch Stole Christmas', 'Lou Lou Who');
INSERT IGNORE INTO Aktor (`nama_lengkap`) VALUES ('Molly Shannon');
INSERT IGNORE INTO Peran VALUES ('Molly Shannon', 'How the Grinch Stole Christmas', 'Betty Lou Who');
INSERT IGNORE INTO Aktor (`nama_lengkap`) VALUES ('Clint Howard');
INSERT IGNORE INTO Peran VALUES ('Clint Howard', 'How the Grinch Stole Christmas', 'Whobris');
INSERT IGNORE INTO Aktor (`nama_lengkap`) VALUES ('Josh Ryan Evans');
INSERT IGNORE INTO Peran VALUES ('Josh Ryan Evans', 'How the Grinch Stole Christmas', '8-Year-Old Grinch');
INSERT IGNORE INTO Aktor (`nama_lengkap`) VALUES ('Mindy Sterling');
INSERT IGNORE INTO Peran VALUES ('Mindy Sterling', 'How the Grinch Stole Christmas', 'Clarnella');
INSERT IGNORE INTO Aktor (`nama_lengkap`) VALUES ('Bryce Dallas Howard');
INSERT IGNORE INTO Peran VALUES ('Bryce Dallas Howard', 'How the Grinch Stole Christmas', 'Surprised Who');
INSERT IGNORE INTO Audio VALUES ('How the Grinch Stole Christmas', 'Spanyol');
INSERT IGNORE INTO Subtitle VALUES ('How the Grinch Stole Christmas', 'Korea');
INSERT IGNORE INTO Subtitle VALUES ('How the Grinch Stole Christmas', 'Inggris');
INSERT IGNORE INTO Konten VALUES ('Harry Potter and the Chamber of Secrets', 'Cars fly, trees fight back, and a mysterious house-elf comes to warn Harry Potter at the start of his second year at Hogwarts. Adventure and danger await when bloody writing on a wall announces: The Chamber Of Secrets Has Been Opened. To save Hogwarts will require all of Harry, Ron and Hermione''s magical abilities and courage.', 2002, 'PG', 'Film');
INSERT IGNORE INTO Film VALUES ('Harry Potter and the Chamber of Secrets', 161, 'Chris Columbus');
INSERT IGNORE INTO Genre_Konten VALUES ('Harry Potter and the Chamber of Secrets', 7);
INSERT IGNORE INTO Genre_Konten VALUES ('Harry Potter and the Chamber of Secrets', 6);
INSERT IGNORE INTO Aktor (`nama_lengkap`) VALUES ('Daniel Radcliffe');
INSERT IGNORE INTO Peran VALUES ('Daniel Radcliffe', 'Harry Potter and the Chamber of Secrets', 'Harry Potter');
INSERT IGNORE INTO Aktor (`nama_lengkap`) VALUES ('Rupert Grint');
INSERT IGNORE INTO Peran VALUES ('Rupert Grint', 'Harry Potter and the Chamber of Secrets', 'Ron Weasley');
INSERT IGNORE INTO Aktor (`nama_lengkap`) VALUES ('Emma Watson');
INSERT IGNORE INTO Peran VALUES ('Emma Watson', 'Harry Potter and the Chamber of Secrets', 'Hermione Granger');
INSERT IGNORE INTO Aktor (`nama_lengkap`) VALUES ('Kenneth Branagh');
INSERT IGNORE INTO Peran VALUES ('Kenneth Branagh', 'Harry Potter and the Chamber of Secrets', 'Gilderoy Lockhart');
INSERT IGNORE INTO Aktor (`nama_lengkap`) VALUES ('Toby Jones');
INSERT IGNORE INTO Peran VALUES ('Toby Jones', 'Harry Potter and the Chamber of Secrets', 'Dobby (voice)');
INSERT IGNORE INTO Aktor (`nama_lengkap`) VALUES ('Robbie Coltrane');
INSERT IGNORE INTO Peran VALUES ('Robbie Coltrane', 'Harry Potter and the Chamber of Secrets', 'Rubeus Hagrid');
INSERT IGNORE INTO Aktor (`nama_lengkap`) VALUES ('Richard Harris');
INSERT IGNORE INTO Peran VALUES ('Richard Harris', 'Harry Potter and the Chamber of Secrets', 'Albus Dumbledore');
INSERT IGNORE INTO Aktor (`nama_lengkap`) VALUES ('Alan Rickman');
INSERT IGNORE INTO Peran VALUES ('Alan Rickman', 'Harry Potter and the Chamber of Secrets', 'Severus Snape');
INSERT IGNORE INTO Aktor (`nama_lengkap`) VALUES ('Tom Felton');
INSERT IGNORE INTO Peran VALUES ('Tom Felton', 'Harry Potter and the Chamber of Secrets', 'Draco Malfoy');
INSERT IGNORE INTO Aktor (`nama_lengkap`) VALUES ('Jason Isaacs');
INSERT IGNORE INTO Peran VALUES ('Jason Isaacs', 'Harry Potter and the Chamber of Secrets', 'Lucius Malfoy');
INSERT IGNORE INTO Audio VALUES ('Harry Potter and the Chamber of Secrets', 'Indonesia');
INSERT IGNORE INTO Audio VALUES ('Harry Potter and the Chamber of Secrets', 'Spanyol');
INSERT IGNORE INTO Audio VALUES ('Harry Potter and the Chamber of Secrets', 'Jepang');
INSERT IGNORE INTO Subtitle VALUES ('Harry Potter and the Chamber of Secrets', 'Jepang');
INSERT IGNORE INTO Subtitle VALUES ('Harry Potter and the Chamber of Secrets', 'Korea');
INSERT IGNORE INTO Subtitle VALUES ('Harry Potter and the Chamber of Secrets', 'Inggris');
INSERT IGNORE INTO Subtitle VALUES ('Harry Potter and the Chamber of Secrets', 'Spanyol');
INSERT IGNORE INTO Konten VALUES ('The Fountain', 'Spanning over one thousand years, and three parallel stories, The Fountain is a story of love, death, spirituality, and the fragility of our existence in this world.', 2006, 'PG-13', 'Film');
INSERT IGNORE INTO Film VALUES ('The Fountain', 96, 'Darren Aronofsky');
INSERT IGNORE INTO Genre_Konten VALUES ('The Fountain', 4);
INSERT IGNORE INTO Genre_Konten VALUES ('The Fountain', 7);
INSERT IGNORE INTO Genre_Konten VALUES ('The Fountain', 10);
INSERT IGNORE INTO Genre_Konten VALUES ('The Fountain', 13);
INSERT IGNORE INTO Aktor (`nama_lengkap`) VALUES ('Hugh Jackman');
INSERT IGNORE INTO Peran VALUES ('Hugh Jackman', 'The Fountain', 'Tomás / Tom Creo / Tommy');
INSERT IGNORE INTO Aktor (`nama_lengkap`) VALUES ('Rachel Weisz');
INSERT IGNORE INTO Peran VALUES ('Rachel Weisz', 'The Fountain', 'Isabel / Izzi Creo');
INSERT IGNORE INTO Aktor (`nama_lengkap`) VALUES ('Ellen Burstyn');
INSERT IGNORE INTO Peran VALUES ('Ellen Burstyn', 'The Fountain', 'Dr. Lillian Guzetti');
INSERT IGNORE INTO Aktor (`nama_lengkap`) VALUES ('Mark Margolis');
INSERT IGNORE INTO Peran VALUES ('Mark Margolis', 'The Fountain', 'Father Avila');
INSERT IGNORE INTO Aktor (`nama_lengkap`) VALUES ('Stephen McHattie');
INSERT IGNORE INTO Peran VALUES ('Stephen McHattie', 'The Fountain', 'Grand Inquisitor Silecio');
INSERT IGNORE INTO Aktor (`nama_lengkap`) VALUES ('Fernando Hernández');
INSERT IGNORE INTO Peran VALUES ('Fernando Hernández', 'The Fountain', 'Lord of Xibalba');
INSERT IGNORE INTO Aktor (`nama_lengkap`) VALUES ('Cliff Curtis');
INSERT IGNORE INTO Peran VALUES ('Cliff Curtis', 'The Fountain', 'Captain Ariel');
INSERT IGNORE INTO Aktor (`nama_lengkap`) VALUES ('Sean Patrick Thomas');
INSERT IGNORE INTO Peran VALUES ('Sean Patrick Thomas', 'The Fountain', 'Antonio');
INSERT IGNORE INTO Aktor (`nama_lengkap`) VALUES ('Donna Murphy');
INSERT IGNORE INTO Peran VALUES ('Donna Murphy', 'The Fountain', 'Betty');
INSERT IGNORE INTO Aktor (`nama_lengkap`) VALUES ('Ethan Suplee');
INSERT IGNORE INTO Peran VALUES ('Ethan Suplee', 'The Fountain', 'Manny');
INSERT IGNORE INTO Audio VALUES ('The Fountain', 'Korea');
INSERT IGNORE INTO Audio VALUES ('The Fountain', 'Inggris');
INSERT IGNORE INTO Subtitle VALUES ('The Fountain', 'Spanyol');
INSERT IGNORE INTO Subtitle VALUES ('The Fountain', 'Korea');
INSERT IGNORE INTO Subtitle VALUES ('The Fountain', 'Indonesia');
INSERT IGNORE INTO Konten VALUES ('Bone Lake', 'A couple’s romantic vacation at a secluded lakeside estate is upended when they are forced to share the mansion with a mysterious and attractive couple. In this darkly hilarious and seductive horror story, a dream getaway spirals into a nightmarish maze of sex, lies, and manipulation, bringing terrifying secrets to light and triggering a bloody battle for survival.', 2025, 'R', 'Film');
INSERT IGNORE INTO Film VALUES ('Bone Lake', 94, 'Mercedes Bryce Morgan');
INSERT IGNORE INTO Genre_Konten VALUES ('Bone Lake', 5);
INSERT IGNORE INTO Genre_Konten VALUES ('Bone Lake', 3);
INSERT IGNORE INTO Genre_Konten VALUES ('Bone Lake', 11);
INSERT IGNORE INTO Aktor (`nama_lengkap`) VALUES ('Alex Roe');
INSERT IGNORE INTO Peran VALUES ('Alex Roe', 'Bone Lake', 'Will');
INSERT IGNORE INTO Aktor (`nama_lengkap`) VALUES ('Maddie Hasson');
INSERT IGNORE INTO Peran VALUES ('Maddie Hasson', 'Bone Lake', 'Sage');
INSERT IGNORE INTO Aktor (`nama_lengkap`) VALUES ('Marco Pigossi');
INSERT IGNORE INTO Peran VALUES ('Marco Pigossi', 'Bone Lake', 'Diego');
INSERT IGNORE INTO Aktor (`nama_lengkap`) VALUES ('Andra Nechita');
INSERT IGNORE INTO Peran VALUES ('Andra Nechita', 'Bone Lake', 'Cin');
INSERT IGNORE INTO Aktor (`nama_lengkap`) VALUES ('Clayton Spencer');
INSERT IGNORE INTO Peran VALUES ('Clayton Spencer', 'Bone Lake', 'Brett');
INSERT IGNORE INTO Aktor (`nama_lengkap`) VALUES ('Eliane Reis');
INSERT IGNORE INTO Peran VALUES ('Eliane Reis', 'Bone Lake', 'Angie');
INSERT IGNORE INTO Audio VALUES ('Bone Lake', 'Inggris');
INSERT IGNORE INTO Subtitle VALUES ('Bone Lake', 'Spanyol');
INSERT IGNORE INTO Subtitle VALUES ('Bone Lake', 'Jepang');
INSERT IGNORE INTO Subtitle VALUES ('Bone Lake', 'Indonesia');
INSERT IGNORE INTO Subtitle VALUES ('Bone Lake', 'Inggris');
INSERT IGNORE INTO Konten VALUES ('The Wild Robot', 'After a shipwreck, an intelligent robot called Roz is stranded on an uninhabited island. To survive the harsh environment, Roz bonds with the island''s animals and cares for an orphaned baby goose.', 2024, 'PG', 'Film');
INSERT IGNORE INTO Film VALUES ('The Wild Robot', 102, 'Chris Sanders');
INSERT IGNORE INTO Genre_Konten VALUES ('The Wild Robot', 12);
INSERT IGNORE INTO Genre_Konten VALUES ('The Wild Robot', 10);
INSERT IGNORE INTO Genre_Konten VALUES ('The Wild Robot', 9);
INSERT IGNORE INTO Genre_Konten VALUES ('The Wild Robot', 7);
INSERT IGNORE INTO Genre_Konten VALUES ('The Wild Robot', 4);
INSERT IGNORE INTO Aktor (`nama_lengkap`) VALUES ('Lupita Nyong''o');
INSERT IGNORE INTO Peran VALUES ('Lupita Nyong''o', 'The Wild Robot', 'Roz / Rummage (voice)');
INSERT IGNORE INTO Aktor (`nama_lengkap`) VALUES ('Pedro Pascal');
INSERT IGNORE INTO Peran VALUES ('Pedro Pascal', 'The Wild Robot', 'Fink (voice)');
INSERT IGNORE INTO Aktor (`nama_lengkap`) VALUES ('Kit Connor');
INSERT IGNORE INTO Peran VALUES ('Kit Connor', 'The Wild Robot', 'Brightbill (voice)');
INSERT IGNORE INTO Aktor (`nama_lengkap`) VALUES ('Bill Nighy');
INSERT IGNORE INTO Peran VALUES ('Bill Nighy', 'The Wild Robot', 'Longneck (voice)');
INSERT IGNORE INTO Aktor (`nama_lengkap`) VALUES ('Stephanie Hsu');
INSERT IGNORE INTO Peran VALUES ('Stephanie Hsu', 'The Wild Robot', 'Vontra (voice)');
INSERT IGNORE INTO Aktor (`nama_lengkap`) VALUES ('Matt Berry');
INSERT IGNORE INTO Peran VALUES ('Matt Berry', 'The Wild Robot', 'Paddler (voice)');
INSERT IGNORE INTO Aktor (`nama_lengkap`) VALUES ('Ving Rhames');
INSERT IGNORE INTO Peran VALUES ('Ving Rhames', 'The Wild Robot', 'Thunderbolt (voice)');
INSERT IGNORE INTO Aktor (`nama_lengkap`) VALUES ('Mark Hamill');
INSERT IGNORE INTO Peran VALUES ('Mark Hamill', 'The Wild Robot', 'Thorn (voice)');
INSERT IGNORE INTO Aktor (`nama_lengkap`) VALUES ('Catherine O''Hara');
INSERT IGNORE INTO Peran VALUES ('Catherine O''Hara', 'The Wild Robot', 'Pinktail (voice)');
INSERT IGNORE INTO Aktor (`nama_lengkap`) VALUES ('Boone Storm');
INSERT IGNORE INTO Peran VALUES ('Boone Storm', 'The Wild Robot', 'Baby Brightbill (voice)');
INSERT IGNORE INTO Audio VALUES ('The Wild Robot', 'Indonesia');
INSERT IGNORE INTO Audio VALUES ('The Wild Robot', 'Inggris');
INSERT IGNORE INTO Subtitle VALUES ('The Wild Robot', 'Korea');
INSERT IGNORE INTO Subtitle VALUES ('The Wild Robot', 'Spanyol');
INSERT IGNORE INTO Subtitle VALUES ('The Wild Robot', 'Inggris');
INSERT IGNORE INTO Konten VALUES ('The Godfather', 'Spanning the years 1945 to 1955, a chronicle of the fictional Italian-American Corleone crime family. When organized crime family patriarch, Vito Corleone barely survives an attempt on his life, his youngest son, Michael steps in to take care of the would-be killers, launching a campaign of bloody revenge.', 1972, '17+', 'Film');
INSERT IGNORE INTO Film VALUES ('The Godfather', 175, 'Francis Ford Coppola');
INSERT IGNORE INTO Genre_Konten VALUES ('The Godfather', 4);
INSERT IGNORE INTO Genre_Konten VALUES ('The Godfather', 2);
INSERT IGNORE INTO Aktor (`nama_lengkap`) VALUES ('Marlon Brando');
INSERT IGNORE INTO Peran VALUES ('Marlon Brando', 'The Godfather', 'Don Vito Corleone');
INSERT IGNORE INTO Aktor (`nama_lengkap`) VALUES ('Al Pacino');
INSERT IGNORE INTO Peran VALUES ('Al Pacino', 'The Godfather', 'Michael Corleone');
INSERT IGNORE INTO Aktor (`nama_lengkap`) VALUES ('James Caan');
INSERT IGNORE INTO Peran VALUES ('James Caan', 'The Godfather', 'Sonny Corleone');
INSERT IGNORE INTO Aktor (`nama_lengkap`) VALUES ('Robert Duvall');
INSERT IGNORE INTO Peran VALUES ('Robert Duvall', 'The Godfather', 'Tom Hagen');
INSERT IGNORE INTO Aktor (`nama_lengkap`) VALUES ('Richard S. Castellano');
INSERT IGNORE INTO Peran VALUES ('Richard S. Castellano', 'The Godfather', 'Clemenza');
INSERT IGNORE INTO Aktor (`nama_lengkap`) VALUES ('Diane Keaton');
INSERT IGNORE INTO Peran VALUES ('Diane Keaton', 'The Godfather', 'Kay Adams');
INSERT IGNORE INTO Aktor (`nama_lengkap`) VALUES ('Talia Shire');
INSERT IGNORE INTO Peran VALUES ('Talia Shire', 'The Godfather', 'Connie Corleone Rizzi');
INSERT IGNORE INTO Aktor (`nama_lengkap`) VALUES ('Gianni Russo');
INSERT IGNORE INTO Peran VALUES ('Gianni Russo', 'The Godfather', 'Carlo Rizzi');
INSERT IGNORE INTO Aktor (`nama_lengkap`) VALUES ('Sterling Hayden');
INSERT IGNORE INTO Peran VALUES ('Sterling Hayden', 'The Godfather', 'Captain McCluskey');
INSERT IGNORE INTO Aktor (`nama_lengkap`) VALUES ('John Marley');
INSERT IGNORE INTO Peran VALUES ('John Marley', 'The Godfather', 'Jack Woltz');
INSERT IGNORE INTO Audio VALUES ('The Godfather', 'Korea');
INSERT IGNORE INTO Audio VALUES ('The Godfather', 'Indonesia');
INSERT IGNORE INTO Subtitle VALUES ('The Godfather', 'Indonesia');
INSERT IGNORE INTO Subtitle VALUES ('The Godfather', 'Inggris');
INSERT IGNORE INTO Subtitle VALUES ('The Godfather', 'Spanyol');
INSERT IGNORE INTO Subtitle VALUES ('The Godfather', 'Jepang');
INSERT IGNORE INTO Konten VALUES ('Titanic', '101-year-old Rose DeWitt Bukater tells the story of her life aboard the Titanic, 84 years later. A young Rose boards the ship with her mother and fiancé. Meanwhile, Jack Dawson and Fabrizio De Rossi win third-class tickets aboard the ship. Rose tells the whole story from Titanic''s departure through to its death—on its first and last voyage—on April 15, 1912.', 1997, 'PG-13', 'Film');
INSERT IGNORE INTO Film VALUES ('Titanic', 194, 'James Cameron');
INSERT IGNORE INTO Genre_Konten VALUES ('Titanic', 4);
INSERT IGNORE INTO Genre_Konten VALUES ('Titanic', 13);
INSERT IGNORE INTO Aktor (`nama_lengkap`) VALUES ('Leonardo DiCaprio');
INSERT IGNORE INTO Peran VALUES ('Leonardo DiCaprio', 'Titanic', 'Jack Dawson');
INSERT IGNORE INTO Aktor (`nama_lengkap`) VALUES ('Kate Winslet');
INSERT IGNORE INTO Peran VALUES ('Kate Winslet', 'Titanic', 'Rose DeWitt Bukater');
INSERT IGNORE INTO Aktor (`nama_lengkap`) VALUES ('Billy Zane');
INSERT IGNORE INTO Peran VALUES ('Billy Zane', 'Titanic', 'Cal Hockley');
INSERT IGNORE INTO Aktor (`nama_lengkap`) VALUES ('Kathy Bates');
INSERT IGNORE INTO Peran VALUES ('Kathy Bates', 'Titanic', 'Molly Brown');
INSERT IGNORE INTO Aktor (`nama_lengkap`) VALUES ('Frances Fisher');
INSERT IGNORE INTO Peran VALUES ('Frances Fisher', 'Titanic', 'Ruth DeWitt Bukater');
INSERT IGNORE INTO Aktor (`nama_lengkap`) VALUES ('Gloria Stuart');
INSERT IGNORE INTO Peran VALUES ('Gloria Stuart', 'Titanic', 'Old Rose');
INSERT IGNORE INTO Aktor (`nama_lengkap`) VALUES ('Bill Paxton');
INSERT IGNORE INTO Peran VALUES ('Bill Paxton', 'Titanic', 'Brock Lovett');
INSERT IGNORE INTO Aktor (`nama_lengkap`) VALUES ('Bernard Hill');
INSERT IGNORE INTO Peran VALUES ('Bernard Hill', 'Titanic', 'Captain Smith');
INSERT IGNORE INTO Aktor (`nama_lengkap`) VALUES ('David Warner');
INSERT IGNORE INTO Peran VALUES ('David Warner', 'Titanic', 'Spicer Lovejoy');
INSERT IGNORE INTO Aktor (`nama_lengkap`) VALUES ('Victor Garber');
INSERT IGNORE INTO Peran VALUES ('Victor Garber', 'Titanic', 'Thomas Andrews');
INSERT IGNORE INTO Audio VALUES ('Titanic', 'Indonesia');
INSERT IGNORE INTO Audio VALUES ('Titanic', 'Korea');
INSERT IGNORE INTO Subtitle VALUES ('Titanic', 'Jepang');
INSERT IGNORE INTO Subtitle VALUES ('Titanic', 'Indonesia');
INSERT IGNORE INTO Subtitle VALUES ('Titanic', 'Korea');
INSERT IGNORE INTO Konten VALUES ('The Wolf of Wall Street', 'A New York stockbroker refuses to cooperate in a large securities fraud case involving corruption on Wall Street, corporate banking world and mob infiltration. Based on Jordan Belfort''s autobiography.', 2013, '21+', 'Film');
INSERT IGNORE INTO Film VALUES ('The Wolf of Wall Street', 180, 'Martin Scorsese');
INSERT IGNORE INTO Genre_Konten VALUES ('The Wolf of Wall Street', 2);
INSERT IGNORE INTO Genre_Konten VALUES ('The Wolf of Wall Street', 4);
INSERT IGNORE INTO Genre_Konten VALUES ('The Wolf of Wall Street', 8);
INSERT IGNORE INTO Aktor (`nama_lengkap`) VALUES ('Leonardo DiCaprio');
INSERT IGNORE INTO Peran VALUES ('Leonardo DiCaprio', 'The Wolf of Wall Street', 'Jordan Belfort');
INSERT IGNORE INTO Aktor (`nama_lengkap`) VALUES ('Jonah Hill');
INSERT IGNORE INTO Peran VALUES ('Jonah Hill', 'The Wolf of Wall Street', 'Donnie Azoff');
INSERT IGNORE INTO Aktor (`nama_lengkap`) VALUES ('Margot Robbie');
INSERT IGNORE INTO Peran VALUES ('Margot Robbie', 'The Wolf of Wall Street', 'Naomi Lapaglia');
INSERT IGNORE INTO Aktor (`nama_lengkap`) VALUES ('Matthew McConaughey');
INSERT IGNORE INTO Peran VALUES ('Matthew McConaughey', 'The Wolf of Wall Street', 'Mark Hanna');
INSERT IGNORE INTO Aktor (`nama_lengkap`) VALUES ('Kyle Chandler');
INSERT IGNORE INTO Peran VALUES ('Kyle Chandler', 'The Wolf of Wall Street', 'Agent Patrick Denham');
INSERT IGNORE INTO Aktor (`nama_lengkap`) VALUES ('Rob Reiner');
INSERT IGNORE INTO Peran VALUES ('Rob Reiner', 'The Wolf of Wall Street', 'Max Belfort');
INSERT IGNORE INTO Aktor (`nama_lengkap`) VALUES ('Jon Bernthal');
INSERT IGNORE INTO Peran VALUES ('Jon Bernthal', 'The Wolf of Wall Street', 'Brad');
INSERT IGNORE INTO Aktor (`nama_lengkap`) VALUES ('Jon Favreau');
INSERT IGNORE INTO Peran VALUES ('Jon Favreau', 'The Wolf of Wall Street', 'Manny Riskin');
INSERT IGNORE INTO Aktor (`nama_lengkap`) VALUES ('Jean Dujardin');
INSERT IGNORE INTO Peran VALUES ('Jean Dujardin', 'The Wolf of Wall Street', 'Jean Jacques Saurel');
INSERT IGNORE INTO Aktor (`nama_lengkap`) VALUES ('Joanna Lumley');
INSERT IGNORE INTO Peran VALUES ('Joanna Lumley', 'The Wolf of Wall Street', 'Aunt Emma');
INSERT IGNORE INTO Audio VALUES ('The Wolf of Wall Street', 'Inggris');
INSERT IGNORE INTO Audio VALUES ('The Wolf of Wall Street', 'Jepang');
INSERT IGNORE INTO Audio VALUES ('The Wolf of Wall Street', 'Indonesia');
INSERT IGNORE INTO Subtitle VALUES ('The Wolf of Wall Street', 'Inggris');
INSERT IGNORE INTO Subtitle VALUES ('The Wolf of Wall Street', 'Korea');
INSERT IGNORE INTO Subtitle VALUES ('The Wolf of Wall Street', 'Spanyol');
INSERT IGNORE INTO Subtitle VALUES ('The Wolf of Wall Street', 'Indonesia');
INSERT IGNORE INTO Konten VALUES ('Coco', 'Despite his family’s baffling generations-old ban on music, Miguel dreams of becoming an accomplished musician like his idol, Ernesto de la Cruz. Desperate to prove his talent, Miguel finds himself in the stunning and colorful Land of the Dead following a mysterious chain of events. Along the way, he meets charming trickster Hector, and together, they set off on an extraordinary journey to unlock the real story behind Miguel''s family history.', 2017, 'SU', 'Film');
INSERT IGNORE INTO Film VALUES ('Coco', 105, 'Lee Unkrich');
INSERT IGNORE INTO Genre_Konten VALUES ('Coco', 9);
INSERT IGNORE INTO Genre_Konten VALUES ('Coco', 12);
INSERT IGNORE INTO Genre_Konten VALUES ('Coco', 14);
INSERT IGNORE INTO Genre_Konten VALUES ('Coco', 7);
INSERT IGNORE INTO Aktor (`nama_lengkap`) VALUES ('Anthony Gonzalez');
INSERT IGNORE INTO Peran VALUES ('Anthony Gonzalez', 'Coco', 'Miguel Rivera (voice)');
INSERT IGNORE INTO Aktor (`nama_lengkap`) VALUES ('Gael García Bernal');
INSERT IGNORE INTO Peran VALUES ('Gael García Bernal', 'Coco', 'Héctor (voice)');
INSERT IGNORE INTO Aktor (`nama_lengkap`) VALUES ('Benjamin Bratt');
INSERT IGNORE INTO Peran VALUES ('Benjamin Bratt', 'Coco', 'Ernesto de la Cruz (voice)');
INSERT IGNORE INTO Aktor (`nama_lengkap`) VALUES ('Alanna Ubach');
INSERT IGNORE INTO Peran VALUES ('Alanna Ubach', 'Coco', 'Mamá Imelda (voice)');
INSERT IGNORE INTO Aktor (`nama_lengkap`) VALUES ('Renée Victor');
INSERT IGNORE INTO Peran VALUES ('Renée Victor', 'Coco', 'Abuelita (voice)');
INSERT IGNORE INTO Aktor (`nama_lengkap`) VALUES ('Jaime Camil');
INSERT IGNORE INTO Peran VALUES ('Jaime Camil', 'Coco', 'Papá (voice)');
INSERT IGNORE INTO Aktor (`nama_lengkap`) VALUES ('Alfonso Arau');
INSERT IGNORE INTO Peran VALUES ('Alfonso Arau', 'Coco', 'Papá Julio (voice)');
INSERT IGNORE INTO Aktor (`nama_lengkap`) VALUES ('Herbert Siguenza');
INSERT IGNORE INTO Peran VALUES ('Herbert Siguenza', 'Coco', 'Tío Oscar / Tío Felipe (voice)');
INSERT IGNORE INTO Aktor (`nama_lengkap`) VALUES ('Gabriel Iglesias');
INSERT IGNORE INTO Peran VALUES ('Gabriel Iglesias', 'Coco', 'Clerk (voice)');
INSERT IGNORE INTO Aktor (`nama_lengkap`) VALUES ('Lombardo Boyar');
INSERT IGNORE INTO Peran VALUES ('Lombardo Boyar', 'Coco', 'Plaza Mariachi / Gustavo (voice)');
INSERT IGNORE INTO Audio VALUES ('Coco', 'Jepang');
INSERT IGNORE INTO Audio VALUES ('Coco', 'Spanyol');
INSERT IGNORE INTO Audio VALUES ('Coco', 'Korea');
INSERT IGNORE INTO Subtitle VALUES ('Coco', 'Spanyol');
INSERT IGNORE INTO Subtitle VALUES ('Coco', 'Jepang');
INSERT IGNORE INTO Subtitle VALUES ('Coco', 'Korea');
INSERT IGNORE INTO Subtitle VALUES ('Coco', 'Inggris');
INSERT IGNORE INTO Konten VALUES ('The Predator', 'When a young boy accidentally triggers the universe''s most lethal hunters'' return to Earth, only a ragtag crew of ex-soldiers and a disgruntled scientist can prevent the end of the human race.', 2018, 'R', 'Film');
INSERT IGNORE INTO Film VALUES ('The Predator', 107, 'Shane Black');
INSERT IGNORE INTO Genre_Konten VALUES ('The Predator', 10);
INSERT IGNORE INTO Genre_Konten VALUES ('The Predator', 1);
INSERT IGNORE INTO Genre_Konten VALUES ('The Predator', 3);
INSERT IGNORE INTO Aktor (`nama_lengkap`) VALUES ('Boyd Holbrook');
INSERT IGNORE INTO Peran VALUES ('Boyd Holbrook', 'The Predator', 'Quinn McKenna');
INSERT IGNORE INTO Aktor (`nama_lengkap`) VALUES ('Trevante Rhodes');
INSERT IGNORE INTO Peran VALUES ('Trevante Rhodes', 'The Predator', 'Nebraska Williams');
INSERT IGNORE INTO Aktor (`nama_lengkap`) VALUES ('Sterling K. Brown');
INSERT IGNORE INTO Peran VALUES ('Sterling K. Brown', 'The Predator', 'Traeger');
INSERT IGNORE INTO Aktor (`nama_lengkap`) VALUES ('Jacob Tremblay');
INSERT IGNORE INTO Peran VALUES ('Jacob Tremblay', 'The Predator', 'Rory McKenna');
INSERT IGNORE INTO Aktor (`nama_lengkap`) VALUES ('Keegan-Michael Key');
INSERT IGNORE INTO Peran VALUES ('Keegan-Michael Key', 'The Predator', 'Coyle');
INSERT IGNORE INTO Aktor (`nama_lengkap`) VALUES ('Olivia Munn');
INSERT IGNORE INTO Peran VALUES ('Olivia Munn', 'The Predator', 'Casey Brackett');
INSERT IGNORE INTO Aktor (`nama_lengkap`) VALUES ('Thomas Jane');
INSERT IGNORE INTO Peran VALUES ('Thomas Jane', 'The Predator', 'Baxley');
INSERT IGNORE INTO Aktor (`nama_lengkap`) VALUES ('Alfie Allen');
INSERT IGNORE INTO Peran VALUES ('Alfie Allen', 'The Predator', 'Lynch');
INSERT IGNORE INTO Aktor (`nama_lengkap`) VALUES ('Augusto Aguilera');
INSERT IGNORE INTO Peran VALUES ('Augusto Aguilera', 'The Predator', 'Nettles');
INSERT IGNORE INTO Aktor (`nama_lengkap`) VALUES ('Jake Busey');
INSERT IGNORE INTO Peran VALUES ('Jake Busey', 'The Predator', 'Keyes');
INSERT IGNORE INTO Audio VALUES ('The Predator', 'Inggris');
INSERT IGNORE INTO Audio VALUES ('The Predator', 'Indonesia');
INSERT IGNORE INTO Subtitle VALUES ('The Predator', 'Jepang');
INSERT IGNORE INTO Konten VALUES ('Sinners', 'Trying to leave their troubled lives behind, twin brothers return to their hometown to start again, only to discover that an even greater evil is waiting to welcome them back.', 2025, '17+', 'Film');
INSERT IGNORE INTO Film VALUES ('Sinners', 138, 'Ryan Coogler');
INSERT IGNORE INTO Genre_Konten VALUES ('Sinners', 5);
INSERT IGNORE INTO Genre_Konten VALUES ('Sinners', 1);
INSERT IGNORE INTO Genre_Konten VALUES ('Sinners', 3);
INSERT IGNORE INTO Aktor (`nama_lengkap`) VALUES ('Michael B. Jordan');
INSERT IGNORE INTO Peran VALUES ('Michael B. Jordan', 'Sinners', 'Smoke / Stack');
INSERT IGNORE INTO Aktor (`nama_lengkap`) VALUES ('Hailee Steinfeld');
INSERT IGNORE INTO Peran VALUES ('Hailee Steinfeld', 'Sinners', 'Mary');
INSERT IGNORE INTO Aktor (`nama_lengkap`) VALUES ('Miles Caton');
INSERT IGNORE INTO Peran VALUES ('Miles Caton', 'Sinners', 'Sammie Moore');
INSERT IGNORE INTO Aktor (`nama_lengkap`) VALUES ('Jack O''Connell');
INSERT IGNORE INTO Peran VALUES ('Jack O''Connell', 'Sinners', 'Remmick');
INSERT IGNORE INTO Aktor (`nama_lengkap`) VALUES ('Wunmi Mosaku');
INSERT IGNORE INTO Peran VALUES ('Wunmi Mosaku', 'Sinners', 'Annie');
INSERT IGNORE INTO Aktor (`nama_lengkap`) VALUES ('Jayme Lawson');
INSERT IGNORE INTO Peran VALUES ('Jayme Lawson', 'Sinners', 'Pearline');
INSERT IGNORE INTO Aktor (`nama_lengkap`) VALUES ('Omar Benson Miller');
INSERT IGNORE INTO Peran VALUES ('Omar Benson Miller', 'Sinners', 'Cornbread');
INSERT IGNORE INTO Aktor (`nama_lengkap`) VALUES ('Delroy Lindo');
INSERT IGNORE INTO Peran VALUES ('Delroy Lindo', 'Sinners', 'Delta Slim');
INSERT IGNORE INTO Aktor (`nama_lengkap`) VALUES ('Li Jun Li');
INSERT IGNORE INTO Peran VALUES ('Li Jun Li', 'Sinners', 'Grace Chow');
INSERT IGNORE INTO Aktor (`nama_lengkap`) VALUES ('Yao');
INSERT IGNORE INTO Peran VALUES ('Yao', 'Sinners', 'Bo Chow');
INSERT IGNORE INTO Audio VALUES ('Sinners', 'Indonesia');
INSERT IGNORE INTO Audio VALUES ('Sinners', 'Inggris');
INSERT IGNORE INTO Subtitle VALUES ('Sinners', 'Korea');
INSERT IGNORE INTO Subtitle VALUES ('Sinners', 'Indonesia');
INSERT IGNORE INTO Konten VALUES ('The Predator', 'When a young boy accidentally triggers the universe''s most lethal hunters'' return to Earth, only a ragtag crew of ex-soldiers and a disgruntled scientist can prevent the end of the human race.', 2018, 'R', 'Film');
INSERT IGNORE INTO Film VALUES ('The Predator', 107, 'Shane Black');
INSERT IGNORE INTO Genre_Konten VALUES ('The Predator', 10);
INSERT IGNORE INTO Genre_Konten VALUES ('The Predator', 1);
INSERT IGNORE INTO Genre_Konten VALUES ('The Predator', 3);
INSERT IGNORE INTO Aktor (`nama_lengkap`) VALUES ('Boyd Holbrook');
INSERT IGNORE INTO Peran VALUES ('Boyd Holbrook', 'The Predator', 'Quinn McKenna');
INSERT IGNORE INTO Aktor (`nama_lengkap`) VALUES ('Trevante Rhodes');
INSERT IGNORE INTO Peran VALUES ('Trevante Rhodes', 'The Predator', 'Nebraska Williams');
INSERT IGNORE INTO Aktor (`nama_lengkap`) VALUES ('Sterling K. Brown');
INSERT IGNORE INTO Peran VALUES ('Sterling K. Brown', 'The Predator', 'Traeger');
INSERT IGNORE INTO Aktor (`nama_lengkap`) VALUES ('Jacob Tremblay');
INSERT IGNORE INTO Peran VALUES ('Jacob Tremblay', 'The Predator', 'Rory McKenna');
INSERT IGNORE INTO Aktor (`nama_lengkap`) VALUES ('Keegan-Michael Key');
INSERT IGNORE INTO Peran VALUES ('Keegan-Michael Key', 'The Predator', 'Coyle');
INSERT IGNORE INTO Aktor (`nama_lengkap`) VALUES ('Olivia Munn');
INSERT IGNORE INTO Peran VALUES ('Olivia Munn', 'The Predator', 'Casey Brackett');
INSERT IGNORE INTO Aktor (`nama_lengkap`) VALUES ('Thomas Jane');
INSERT IGNORE INTO Peran VALUES ('Thomas Jane', 'The Predator', 'Baxley');
INSERT IGNORE INTO Aktor (`nama_lengkap`) VALUES ('Alfie Allen');
INSERT IGNORE INTO Peran VALUES ('Alfie Allen', 'The Predator', 'Lynch');
INSERT IGNORE INTO Aktor (`nama_lengkap`) VALUES ('Augusto Aguilera');
INSERT IGNORE INTO Peran VALUES ('Augusto Aguilera', 'The Predator', 'Nettles');
INSERT IGNORE INTO Aktor (`nama_lengkap`) VALUES ('Jake Busey');
INSERT IGNORE INTO Peran VALUES ('Jake Busey', 'The Predator', 'Keyes');
INSERT IGNORE INTO Audio VALUES ('The Predator', 'Spanyol');
INSERT IGNORE INTO Audio VALUES ('The Predator', 'Korea');
INSERT IGNORE INTO Audio VALUES ('The Predator', 'Inggris');
INSERT IGNORE INTO Subtitle VALUES ('The Predator', 'Indonesia');
INSERT IGNORE INTO Subtitle VALUES ('The Predator', 'Spanyol');
INSERT IGNORE INTO Subtitle VALUES ('The Predator', 'Jepang');
INSERT IGNORE INTO Subtitle VALUES ('The Predator', 'Korea');
INSERT IGNORE INTO Konten VALUES ('Sinners', 'Trying to leave their troubled lives behind, twin brothers return to their hometown to start again, only to discover that an even greater evil is waiting to welcome them back.', 2025, '17+', 'Film');
INSERT IGNORE INTO Film VALUES ('Sinners', 138, 'Ryan Coogler');
INSERT IGNORE INTO Genre_Konten VALUES ('Sinners', 5);
INSERT IGNORE INTO Genre_Konten VALUES ('Sinners', 1);
INSERT IGNORE INTO Genre_Konten VALUES ('Sinners', 3);
INSERT IGNORE INTO Aktor (`nama_lengkap`) VALUES ('Michael B. Jordan');
INSERT IGNORE INTO Peran VALUES ('Michael B. Jordan', 'Sinners', 'Smoke / Stack');
INSERT IGNORE INTO Aktor (`nama_lengkap`) VALUES ('Hailee Steinfeld');
INSERT IGNORE INTO Peran VALUES ('Hailee Steinfeld', 'Sinners', 'Mary');
INSERT IGNORE INTO Aktor (`nama_lengkap`) VALUES ('Miles Caton');
INSERT IGNORE INTO Peran VALUES ('Miles Caton', 'Sinners', 'Sammie Moore');
INSERT IGNORE INTO Aktor (`nama_lengkap`) VALUES ('Jack O''Connell');
INSERT IGNORE INTO Peran VALUES ('Jack O''Connell', 'Sinners', 'Remmick');
INSERT IGNORE INTO Aktor (`nama_lengkap`) VALUES ('Wunmi Mosaku');
INSERT IGNORE INTO Peran VALUES ('Wunmi Mosaku', 'Sinners', 'Annie');
INSERT IGNORE INTO Aktor (`nama_lengkap`) VALUES ('Jayme Lawson');
INSERT IGNORE INTO Peran VALUES ('Jayme Lawson', 'Sinners', 'Pearline');
INSERT IGNORE INTO Aktor (`nama_lengkap`) VALUES ('Omar Benson Miller');
INSERT IGNORE INTO Peran VALUES ('Omar Benson Miller', 'Sinners', 'Cornbread');
INSERT IGNORE INTO Aktor (`nama_lengkap`) VALUES ('Delroy Lindo');
INSERT IGNORE INTO Peran VALUES ('Delroy Lindo', 'Sinners', 'Delta Slim');
INSERT IGNORE INTO Aktor (`nama_lengkap`) VALUES ('Li Jun Li');
INSERT IGNORE INTO Peran VALUES ('Li Jun Li', 'Sinners', 'Grace Chow');
INSERT IGNORE INTO Aktor (`nama_lengkap`) VALUES ('Yao');
INSERT IGNORE INTO Peran VALUES ('Yao', 'Sinners', 'Bo Chow');
INSERT IGNORE INTO Audio VALUES ('Sinners', 'Spanyol');
INSERT IGNORE INTO Audio VALUES ('Sinners', 'Indonesia');
INSERT IGNORE INTO Audio VALUES ('Sinners', 'Jepang');
INSERT IGNORE INTO Subtitle VALUES ('Sinners', 'Spanyol');
INSERT IGNORE INTO Subtitle VALUES ('Sinners', 'Inggris');
INSERT IGNORE INTO Konten VALUES ('DeadTectives', 'A team of reality TV paranormal investigators go to Mexico''s most haunted house in the pursuit of better ratings. However, when the true dark secrets of the mansion begin to reveal themselves, the hapless team quickly discover that this house is no hoax. With zero genuine ghost-hunting experience, they have to figure out how to stop the ghosts and escape the house with their lives.', 2019, 'NR', 'Film');
INSERT IGNORE INTO Film VALUES ('DeadTectives', 92, 'Tony West');
INSERT IGNORE INTO Genre_Konten VALUES ('DeadTectives', 8);
INSERT IGNORE INTO Genre_Konten VALUES ('DeadTectives', 5);
INSERT IGNORE INTO Aktor (`nama_lengkap`) VALUES ('Chris Geere');
INSERT IGNORE INTO Peran VALUES ('Chris Geere', 'DeadTectives', 'Sam');
INSERT IGNORE INTO Aktor (`nama_lengkap`) VALUES ('Tina Ivlev');
INSERT IGNORE INTO Peran VALUES ('Tina Ivlev', 'DeadTectives', 'Kate');
INSERT IGNORE INTO Aktor (`nama_lengkap`) VALUES ('David Newman');
INSERT IGNORE INTO Peran VALUES ('David Newman', 'DeadTectives', 'Lloyd');
INSERT IGNORE INTO Aktor (`nama_lengkap`) VALUES ('José María de Tavira');
INSERT IGNORE INTO Peran VALUES ('José María de Tavira', 'DeadTectives', 'Javier');
INSERT IGNORE INTO Aktor (`nama_lengkap`) VALUES ('Martha Higareda');
INSERT IGNORE INTO Peran VALUES ('Martha Higareda', 'DeadTectives', 'Abril');
INSERT IGNORE INTO Aktor (`nama_lengkap`) VALUES ('Emilio Savinni');
INSERT IGNORE INTO Peran VALUES ('Emilio Savinni', 'DeadTectives', 'Dead Father');
INSERT IGNORE INTO Aktor (`nama_lengkap`) VALUES ('Mark Riley');
INSERT IGNORE INTO Peran VALUES ('Mark Riley', 'DeadTectives', 'Bob');
INSERT IGNORE INTO Aktor (`nama_lengkap`) VALUES ('Valentina Zertuche');
INSERT IGNORE INTO Peran VALUES ('Valentina Zertuche', 'DeadTectives', 'Dead Little Girl');
INSERT IGNORE INTO Aktor (`nama_lengkap`) VALUES ('Matías del Castillo');
INSERT IGNORE INTO Peran VALUES ('Matías del Castillo', 'DeadTectives', 'Dead Little Boy');
INSERT IGNORE INTO Aktor (`nama_lengkap`) VALUES ('Núria Blanco');
INSERT IGNORE INTO Peran VALUES ('Núria Blanco', 'DeadTectives', 'Dead Mother');
INSERT IGNORE INTO Audio VALUES ('DeadTectives', 'Korea');
INSERT IGNORE INTO Subtitle VALUES ('DeadTectives', 'Inggris');
INSERT IGNORE INTO Subtitle VALUES ('DeadTectives', 'Jepang');
INSERT IGNORE INTO Subtitle VALUES ('DeadTectives', 'Indonesia');
INSERT IGNORE INTO Konten VALUES ('Inception', 'Cobb, a skilled thief who commits corporate espionage by infiltrating the subconscious of his targets is offered a chance to regain his old life as payment for a task considered to be impossible: "inception", the implantation of another person''s idea into a target''s subconscious.', 2010, 'PG-13', 'Film');
INSERT IGNORE INTO Film VALUES ('Inception', 148, 'Christopher Nolan');
INSERT IGNORE INTO Genre_Konten VALUES ('Inception', 1);
INSERT IGNORE INTO Genre_Konten VALUES ('Inception', 10);
INSERT IGNORE INTO Genre_Konten VALUES ('Inception', 7);
INSERT IGNORE INTO Aktor (`nama_lengkap`) VALUES ('Leonardo DiCaprio');
INSERT IGNORE INTO Peran VALUES ('Leonardo DiCaprio', 'Inception', 'Dom Cobb');
INSERT IGNORE INTO Aktor (`nama_lengkap`) VALUES ('Joseph Gordon-Levitt');
INSERT IGNORE INTO Peran VALUES ('Joseph Gordon-Levitt', 'Inception', 'Arthur');
INSERT IGNORE INTO Aktor (`nama_lengkap`) VALUES ('Ken Watanabe');
INSERT IGNORE INTO Peran VALUES ('Ken Watanabe', 'Inception', 'Saito');
INSERT IGNORE INTO Aktor (`nama_lengkap`) VALUES ('Tom Hardy');
INSERT IGNORE INTO Peran VALUES ('Tom Hardy', 'Inception', 'Eames');
INSERT IGNORE INTO Aktor (`nama_lengkap`) VALUES ('Elliot Page');
INSERT IGNORE INTO Peran VALUES ('Elliot Page', 'Inception', 'Ariadne');
INSERT IGNORE INTO Aktor (`nama_lengkap`) VALUES ('Dileep Rao');
INSERT IGNORE INTO Peran VALUES ('Dileep Rao', 'Inception', 'Yusuf');
INSERT IGNORE INTO Aktor (`nama_lengkap`) VALUES ('Cillian Murphy');
INSERT IGNORE INTO Peran VALUES ('Cillian Murphy', 'Inception', 'Robert Fischer, Jr.');
INSERT IGNORE INTO Aktor (`nama_lengkap`) VALUES ('Tom Berenger');
INSERT IGNORE INTO Peran VALUES ('Tom Berenger', 'Inception', 'Peter Browning');
INSERT IGNORE INTO Aktor (`nama_lengkap`) VALUES ('Marion Cotillard');
INSERT IGNORE INTO Peran VALUES ('Marion Cotillard', 'Inception', 'Mal Cobb');
INSERT IGNORE INTO Aktor (`nama_lengkap`) VALUES ('Pete Postlethwaite');
INSERT IGNORE INTO Peran VALUES ('Pete Postlethwaite', 'Inception', 'Maurice Fischer');
INSERT IGNORE INTO Audio VALUES ('Inception', 'Indonesia');
INSERT IGNORE INTO Audio VALUES ('Inception', 'Korea');
INSERT IGNORE INTO Audio VALUES ('Inception', 'Jepang');
INSERT IGNORE INTO Subtitle VALUES ('Inception', 'Inggris');
INSERT IGNORE INTO Subtitle VALUES ('Inception', 'Korea');
INSERT IGNORE INTO Konten VALUES ('The Pursuit of Lust', 'Sensual Mongolian actress E.Khandmaa stars in this romantic drama, which highlights a housewife’s longing for pleasure her passionless husband fails to provide. That is until her spouse’s business client eventually gives in to her desires.', 2025, 'NR', 'Film');
INSERT IGNORE INTO Film VALUES ('The Pursuit of Lust', 38, 'Batdelger Byambasvren');
INSERT IGNORE INTO Genre_Konten VALUES ('The Pursuit of Lust', 13);
INSERT IGNORE INTO Genre_Konten VALUES ('The Pursuit of Lust', 4);
INSERT IGNORE INTO Aktor (`nama_lengkap`) VALUES ('STEPINSTONE');
INSERT IGNORE INTO Peran VALUES ('STEPINSTONE', 'The Pursuit of Lust', '');
INSERT IGNORE INTO Aktor (`nama_lengkap`) VALUES ('E.KHANDMAA');
INSERT IGNORE INTO Peran VALUES ('E.KHANDMAA', 'The Pursuit of Lust', '');
INSERT IGNORE INTO Aktor (`nama_lengkap`) VALUES ('E.BATKHULEG');
INSERT IGNORE INTO Peran VALUES ('E.BATKHULEG', 'The Pursuit of Lust', '');
INSERT IGNORE INTO Audio VALUES ('The Pursuit of Lust', 'Indonesia');
INSERT IGNORE INTO Audio VALUES ('The Pursuit of Lust', 'Jepang');
INSERT IGNORE INTO Subtitle VALUES ('The Pursuit of Lust', 'Spanyol');
INSERT IGNORE INTO Subtitle VALUES ('The Pursuit of Lust', 'Korea');
INSERT IGNORE INTO Subtitle VALUES ('The Pursuit of Lust', 'Jepang');
INSERT IGNORE INTO Subtitle VALUES ('The Pursuit of Lust', 'Inggris');
INSERT IGNORE INTO Konten VALUES ('Quicksand', 'A married couple on the brink of divorce becomes trapped in quicksand while hiking through a Colombian rainforest. It’s a struggle for survival as they battle the elements of the jungle and must work together in order to escape.', 2023, 'NR', 'Film');
INSERT IGNORE INTO Film VALUES ('Quicksand', 86, 'Andres Beltran');
INSERT IGNORE INTO Genre_Konten VALUES ('Quicksand', 3);
INSERT IGNORE INTO Genre_Konten VALUES ('Quicksand', 5);
INSERT IGNORE INTO Genre_Konten VALUES ('Quicksand', 11);
INSERT IGNORE INTO Genre_Konten VALUES ('Quicksand', 4);
INSERT IGNORE INTO Aktor (`nama_lengkap`) VALUES ('Carolina Gaitán');
INSERT IGNORE INTO Peran VALUES ('Carolina Gaitán', 'Quicksand', 'Sofia');
INSERT IGNORE INTO Aktor (`nama_lengkap`) VALUES ('Allan Hawco');
INSERT IGNORE INTO Peran VALUES ('Allan Hawco', 'Quicksand', 'Josh');
INSERT IGNORE INTO Aktor (`nama_lengkap`) VALUES ('Sebastián Eslava');
INSERT IGNORE INTO Peran VALUES ('Sebastián Eslava', 'Quicksand', 'Marcos');
INSERT IGNORE INTO Aktor (`nama_lengkap`) VALUES ('Andrés Castañeda');
INSERT IGNORE INTO Peran VALUES ('Andrés Castañeda', 'Quicksand', 'Diego');
INSERT IGNORE INTO Aktor (`nama_lengkap`) VALUES ('Allison Castrillón');
INSERT IGNORE INTO Peran VALUES ('Allison Castrillón', 'Quicksand', 'Front Desk Clerk');
INSERT IGNORE INTO Aktor (`nama_lengkap`) VALUES ('Juan Manuel Combariza');
INSERT IGNORE INTO Peran VALUES ('Juan Manuel Combariza', 'Quicksand', 'Concierge');
INSERT IGNORE INTO Aktor (`nama_lengkap`) VALUES ('Juan Camilo Pérez');
INSERT IGNORE INTO Peran VALUES ('Juan Camilo Pérez', 'Quicksand', 'Javier');
INSERT IGNORE INTO Audio VALUES ('Quicksand', 'Spanyol');
INSERT IGNORE INTO Subtitle VALUES ('Quicksand', 'Indonesia');
INSERT IGNORE INTO Subtitle VALUES ('Quicksand', 'Spanyol');
INSERT IGNORE INTO Subtitle VALUES ('Quicksand', 'Inggris');
INSERT IGNORE INTO Subtitle VALUES ('Quicksand', 'Jepang');
INSERT IGNORE INTO Konten VALUES ('Thunderbolts*', 'After finding themselves ensnared in a death trap, seven disillusioned castoffs must embark on a dangerous mission that will force them to confront the darkest corners of their pasts.', 2025, '13+', 'Film');
INSERT IGNORE INTO Film VALUES ('Thunderbolts*', 127, 'Jake Schreier');
INSERT IGNORE INTO Genre_Konten VALUES ('Thunderbolts*', 1);
INSERT IGNORE INTO Genre_Konten VALUES ('Thunderbolts*', 10);
INSERT IGNORE INTO Genre_Konten VALUES ('Thunderbolts*', 7);
INSERT IGNORE INTO Aktor (`nama_lengkap`) VALUES ('Florence Pugh');
INSERT IGNORE INTO Peran VALUES ('Florence Pugh', 'Thunderbolts*', 'Yelena Belova');
INSERT IGNORE INTO Aktor (`nama_lengkap`) VALUES ('Sebastian Stan');
INSERT IGNORE INTO Peran VALUES ('Sebastian Stan', 'Thunderbolts*', 'Bucky Barnes');
INSERT IGNORE INTO Aktor (`nama_lengkap`) VALUES ('Julia Louis-Dreyfus');
INSERT IGNORE INTO Peran VALUES ('Julia Louis-Dreyfus', 'Thunderbolts*', 'Valentina Allegra de Fontaine');
INSERT IGNORE INTO Aktor (`nama_lengkap`) VALUES ('Lewis Pullman');
INSERT IGNORE INTO Peran VALUES ('Lewis Pullman', 'Thunderbolts*', 'Robert Reynolds');
INSERT IGNORE INTO Aktor (`nama_lengkap`) VALUES ('David Harbour');
INSERT IGNORE INTO Peran VALUES ('David Harbour', 'Thunderbolts*', 'Alexei Shostakov');
INSERT IGNORE INTO Aktor (`nama_lengkap`) VALUES ('Wyatt Russell');
INSERT IGNORE INTO Peran VALUES ('Wyatt Russell', 'Thunderbolts*', 'John Walker');
INSERT IGNORE INTO Aktor (`nama_lengkap`) VALUES ('Hannah John-Kamen');
INSERT IGNORE INTO Peran VALUES ('Hannah John-Kamen', 'Thunderbolts*', 'Ava Starr');
INSERT IGNORE INTO Aktor (`nama_lengkap`) VALUES ('Olga Kurylenko');
INSERT IGNORE INTO Peran VALUES ('Olga Kurylenko', 'Thunderbolts*', 'Antonia Dreykov');
INSERT IGNORE INTO Aktor (`nama_lengkap`) VALUES ('Geraldine Viswanathan');
INSERT IGNORE INTO Peran VALUES ('Geraldine Viswanathan', 'Thunderbolts*', 'Mel');
INSERT IGNORE INTO Aktor (`nama_lengkap`) VALUES ('Wendell Pierce');
INSERT IGNORE INTO Peran VALUES ('Wendell Pierce', 'Thunderbolts*', 'Congressman Gary');
INSERT IGNORE INTO Audio VALUES ('Thunderbolts*', 'Korea');
INSERT IGNORE INTO Audio VALUES ('Thunderbolts*', 'Indonesia');
INSERT IGNORE INTO Audio VALUES ('Thunderbolts*', 'Jepang');
INSERT IGNORE INTO Subtitle VALUES ('Thunderbolts*', 'Indonesia');
INSERT IGNORE INTO Subtitle VALUES ('Thunderbolts*', 'Spanyol');
INSERT IGNORE INTO Konten VALUES ('Kira''s Reason: A Love Story', 'Kira and Mads try to work out their marriage, after Kira has been two years in a mental institution, but is she really ready for the real world?', 2001, 'NR', 'Film');
INSERT IGNORE INTO Film VALUES ('Kira''s Reason: A Love Story', 93, 'Ole Christian Madsen');
INSERT IGNORE INTO Genre_Konten VALUES ('Kira''s Reason: A Love Story', 4);
INSERT IGNORE INTO Genre_Konten VALUES ('Kira''s Reason: A Love Story', 13);
INSERT IGNORE INTO Aktor (`nama_lengkap`) VALUES ('Stine Stengade');
INSERT IGNORE INTO Peran VALUES ('Stine Stengade', 'Kira''s Reason: A Love Story', 'Kira');
INSERT IGNORE INTO Aktor (`nama_lengkap`) VALUES ('Lars Mikkelsen');
INSERT IGNORE INTO Peran VALUES ('Lars Mikkelsen', 'Kira''s Reason: A Love Story', 'Mads');
INSERT IGNORE INTO Aktor (`nama_lengkap`) VALUES ('Sven Wollter');
INSERT IGNORE INTO Peran VALUES ('Sven Wollter', 'Kira''s Reason: A Love Story', 'Kira''s father');
INSERT IGNORE INTO Aktor (`nama_lengkap`) VALUES ('Peaches Latrice Petersen');
INSERT IGNORE INTO Peran VALUES ('Peaches Latrice Petersen', 'Kira''s Reason: A Love Story', 'Kay');
INSERT IGNORE INTO Aktor (`nama_lengkap`) VALUES ('Camilla Bendix');
INSERT IGNORE INTO Peran VALUES ('Camilla Bendix', 'Kira''s Reason: A Love Story', 'Charlotte');
INSERT IGNORE INTO Aktor (`nama_lengkap`) VALUES ('Lotte Bergstrøm');
INSERT IGNORE INTO Peran VALUES ('Lotte Bergstrøm', 'Kira''s Reason: A Love Story', 'Michelle');
INSERT IGNORE INTO Aktor (`nama_lengkap`) VALUES ('Thomas W. Gabrielsson');
INSERT IGNORE INTO Peran VALUES ('Thomas W. Gabrielsson', 'Kira''s Reason: A Love Story', 'Gustav');
INSERT IGNORE INTO Aktor (`nama_lengkap`) VALUES ('Ronnie Lorenzen');
INSERT IGNORE INTO Peran VALUES ('Ronnie Lorenzen', 'Kira''s Reason: A Love Story', 'Mikkel');
INSERT IGNORE INTO Aktor (`nama_lengkap`) VALUES ('Oliver Appelt Nielsen');
INSERT IGNORE INTO Peran VALUES ('Oliver Appelt Nielsen', 'Kira''s Reason: A Love Story', 'Julius');
INSERT IGNORE INTO Aktor (`nama_lengkap`) VALUES ('Klaus Pagh');
INSERT IGNORE INTO Peran VALUES ('Klaus Pagh', 'Kira''s Reason: A Love Story', 'Mads'' boss');
INSERT IGNORE INTO Audio VALUES ('Kira''s Reason: A Love Story', 'Korea');
INSERT IGNORE INTO Audio VALUES ('Kira''s Reason: A Love Story', 'Indonesia');
INSERT IGNORE INTO Audio VALUES ('Kira''s Reason: A Love Story', 'Spanyol');
INSERT IGNORE INTO Subtitle VALUES ('Kira''s Reason: A Love Story', 'Jepang');
INSERT IGNORE INTO Subtitle VALUES ('Kira''s Reason: A Love Story', 'Korea');
INSERT IGNORE INTO Subtitle VALUES ('Kira''s Reason: A Love Story', 'Indonesia');
INSERT IGNORE INTO Subtitle VALUES ('Kira''s Reason: A Love Story', 'Inggris');
INSERT IGNORE INTO Konten VALUES ('The Super Mario Galaxy Movie', 'A new movie based on the world of Super Mario Bros. that further broadens Mario''s world with a bright and fun story. Plot TBA.', 2026, 'NR', 'Film');
INSERT IGNORE INTO Film VALUES ('The Super Mario Galaxy Movie', 0, 'Michael Jelenic');
INSERT IGNORE INTO Genre_Konten VALUES ('The Super Mario Galaxy Movie', 9);
INSERT IGNORE INTO Genre_Konten VALUES ('The Super Mario Galaxy Movie', 6);
INSERT IGNORE INTO Genre_Konten VALUES ('The Super Mario Galaxy Movie', 8);
INSERT IGNORE INTO Genre_Konten VALUES ('The Super Mario Galaxy Movie', 7);
INSERT IGNORE INTO Genre_Konten VALUES ('The Super Mario Galaxy Movie', 12);
INSERT IGNORE INTO Aktor (`nama_lengkap`) VALUES ('Chris Pratt');
INSERT IGNORE INTO Peran VALUES ('Chris Pratt', 'The Super Mario Galaxy Movie', 'Mario (voice)');
INSERT IGNORE INTO Aktor (`nama_lengkap`) VALUES ('Anya Taylor-Joy');
INSERT IGNORE INTO Peran VALUES ('Anya Taylor-Joy', 'The Super Mario Galaxy Movie', 'Princess Peach (voice)');
INSERT IGNORE INTO Aktor (`nama_lengkap`) VALUES ('Charlie Day');
INSERT IGNORE INTO Peran VALUES ('Charlie Day', 'The Super Mario Galaxy Movie', 'Luigi (voice)');
INSERT IGNORE INTO Aktor (`nama_lengkap`) VALUES ('Jack Black');
INSERT IGNORE INTO Peran VALUES ('Jack Black', 'The Super Mario Galaxy Movie', 'Bowser (voice)');
INSERT IGNORE INTO Aktor (`nama_lengkap`) VALUES ('Keegan-Michael Key');
INSERT IGNORE INTO Peran VALUES ('Keegan-Michael Key', 'The Super Mario Galaxy Movie', 'Toad (voice)');
INSERT IGNORE INTO Aktor (`nama_lengkap`) VALUES ('Benny Safdie');
INSERT IGNORE INTO Peran VALUES ('Benny Safdie', 'The Super Mario Galaxy Movie', 'Bowser Jr. (voice)');
INSERT IGNORE INTO Aktor (`nama_lengkap`) VALUES ('Kevin Michael Richardson');
INSERT IGNORE INTO Peran VALUES ('Kevin Michael Richardson', 'The Super Mario Galaxy Movie', 'Kamek (voice)');
INSERT IGNORE INTO Aktor (`nama_lengkap`) VALUES ('Brie Larson');
INSERT IGNORE INTO Peran VALUES ('Brie Larson', 'The Super Mario Galaxy Movie', 'Rosalina (voice)');
INSERT IGNORE INTO Audio VALUES ('The Super Mario Galaxy Movie', 'Korea');
INSERT IGNORE INTO Subtitle VALUES ('The Super Mario Galaxy Movie', 'Inggris');
INSERT IGNORE INTO Konten VALUES ('The Lord of the Rings: The Fellowship of the Ring', 'Young hobbit Frodo Baggins, after inheriting a mysterious ring from his uncle Bilbo, must leave his home in order to keep it from falling into the hands of its evil creator. Along the way, a fellowship is formed to protect the ringbearer and make sure that the ring arrives at its final destination: Mt. Doom, the only place where it can be destroyed.', 2001, 'PG-13', 'Film');
INSERT IGNORE INTO Film VALUES ('The Lord of the Rings: The Fellowship of the Ring', 179, 'Peter Jackson');
INSERT IGNORE INTO Genre_Konten VALUES ('The Lord of the Rings: The Fellowship of the Ring', 7);
INSERT IGNORE INTO Genre_Konten VALUES ('The Lord of the Rings: The Fellowship of the Ring', 6);
INSERT IGNORE INTO Genre_Konten VALUES ('The Lord of the Rings: The Fellowship of the Ring', 1);
INSERT IGNORE INTO Aktor (`nama_lengkap`) VALUES ('Elijah Wood');
INSERT IGNORE INTO Peran VALUES ('Elijah Wood', 'The Lord of the Rings: The Fellowship of the Ring', 'Frodo');
INSERT IGNORE INTO Aktor (`nama_lengkap`) VALUES ('Ian McKellen');
INSERT IGNORE INTO Peran VALUES ('Ian McKellen', 'The Lord of the Rings: The Fellowship of the Ring', 'Gandalf');
INSERT IGNORE INTO Aktor (`nama_lengkap`) VALUES ('Viggo Mortensen');
INSERT IGNORE INTO Peran VALUES ('Viggo Mortensen', 'The Lord of the Rings: The Fellowship of the Ring', 'Aragorn');
INSERT IGNORE INTO Aktor (`nama_lengkap`) VALUES ('Sean Astin');
INSERT IGNORE INTO Peran VALUES ('Sean Astin', 'The Lord of the Rings: The Fellowship of the Ring', 'Sam');
INSERT IGNORE INTO Aktor (`nama_lengkap`) VALUES ('Ian Holm');
INSERT IGNORE INTO Peran VALUES ('Ian Holm', 'The Lord of the Rings: The Fellowship of the Ring', 'Bilbo');
INSERT IGNORE INTO Aktor (`nama_lengkap`) VALUES ('Liv Tyler');
INSERT IGNORE INTO Peran VALUES ('Liv Tyler', 'The Lord of the Rings: The Fellowship of the Ring', 'Arwen');
INSERT IGNORE INTO Aktor (`nama_lengkap`) VALUES ('Christopher Lee');
INSERT IGNORE INTO Peran VALUES ('Christopher Lee', 'The Lord of the Rings: The Fellowship of the Ring', 'Saruman');
INSERT IGNORE INTO Aktor (`nama_lengkap`) VALUES ('Sean Bean');
INSERT IGNORE INTO Peran VALUES ('Sean Bean', 'The Lord of the Rings: The Fellowship of the Ring', 'Boromir');
INSERT IGNORE INTO Aktor (`nama_lengkap`) VALUES ('Billy Boyd');
INSERT IGNORE INTO Peran VALUES ('Billy Boyd', 'The Lord of the Rings: The Fellowship of the Ring', 'Pippin');
INSERT IGNORE INTO Aktor (`nama_lengkap`) VALUES ('Dominic Monaghan');
INSERT IGNORE INTO Peran VALUES ('Dominic Monaghan', 'The Lord of the Rings: The Fellowship of the Ring', 'Merry');
INSERT IGNORE INTO Audio VALUES ('The Lord of the Rings: The Fellowship of the Ring', 'Korea');
INSERT IGNORE INTO Subtitle VALUES ('The Lord of the Rings: The Fellowship of the Ring', 'Spanyol');
INSERT IGNORE INTO Subtitle VALUES ('The Lord of the Rings: The Fellowship of the Ring', 'Jepang');
INSERT IGNORE INTO Subtitle VALUES ('The Lord of the Rings: The Fellowship of the Ring', 'Inggris');
INSERT IGNORE INTO Subtitle VALUES ('The Lord of the Rings: The Fellowship of the Ring', 'Korea');
INSERT IGNORE INTO Konten VALUES ('Despicable Me 4', 'Gru and Lucy and their girls—Margo, Edith and Agnes—welcome a new member to the Gru family, Gru Jr., who is intent on tormenting his dad. Gru also faces a new nemesis in Maxime Le Mal and his femme fatale girlfriend Valentina, forcing the family to go on the run.', 2024, 'PG', 'Film');
INSERT IGNORE INTO Film VALUES ('Despicable Me 4', 94, 'Chris Renaud');
INSERT IGNORE INTO Genre_Konten VALUES ('Despicable Me 4', 9);
INSERT IGNORE INTO Genre_Konten VALUES ('Despicable Me 4', 8);
INSERT IGNORE INTO Genre_Konten VALUES ('Despicable Me 4', 12);
INSERT IGNORE INTO Genre_Konten VALUES ('Despicable Me 4', 10);
INSERT IGNORE INTO Aktor (`nama_lengkap`) VALUES ('Steve Carell');
INSERT IGNORE INTO Peran VALUES ('Steve Carell', 'Despicable Me 4', 'Gru (voice)');
INSERT IGNORE INTO Aktor (`nama_lengkap`) VALUES ('Kristen Wiig');
INSERT IGNORE INTO Peran VALUES ('Kristen Wiig', 'Despicable Me 4', 'Lucy (voice)');
INSERT IGNORE INTO Aktor (`nama_lengkap`) VALUES ('Will Ferrell');
INSERT IGNORE INTO Peran VALUES ('Will Ferrell', 'Despicable Me 4', 'Maxime (voice)');
INSERT IGNORE INTO Aktor (`nama_lengkap`) VALUES ('Sofía Vergara');
INSERT IGNORE INTO Peran VALUES ('Sofía Vergara', 'Despicable Me 4', 'Valentina (voice)');
INSERT IGNORE INTO Aktor (`nama_lengkap`) VALUES ('Miranda Cosgrove');
INSERT IGNORE INTO Peran VALUES ('Miranda Cosgrove', 'Despicable Me 4', 'Margo (voice)');
INSERT IGNORE INTO Aktor (`nama_lengkap`) VALUES ('Dana Gaier');
INSERT IGNORE INTO Peran VALUES ('Dana Gaier', 'Despicable Me 4', 'Edith (voice)');
INSERT IGNORE INTO Aktor (`nama_lengkap`) VALUES ('Madison Polan');
INSERT IGNORE INTO Peran VALUES ('Madison Polan', 'Despicable Me 4', 'Agnes (voice)');
INSERT IGNORE INTO Aktor (`nama_lengkap`) VALUES ('Pierre Coffin');
INSERT IGNORE INTO Peran VALUES ('Pierre Coffin', 'Despicable Me 4', 'Minions (voice)');
INSERT IGNORE INTO Aktor (`nama_lengkap`) VALUES ('Chris Renaud');
INSERT IGNORE INTO Peran VALUES ('Chris Renaud', 'Despicable Me 4', 'Principal Übelschlecht (voice)');
INSERT IGNORE INTO Aktor (`nama_lengkap`) VALUES ('Steve Coogan');
INSERT IGNORE INTO Peran VALUES ('Steve Coogan', 'Despicable Me 4', 'Silas (voice)');
INSERT IGNORE INTO Audio VALUES ('Despicable Me 4', 'Jepang');
INSERT IGNORE INTO Audio VALUES ('Despicable Me 4', 'Korea');
INSERT IGNORE INTO Audio VALUES ('Despicable Me 4', 'Inggris');
INSERT IGNORE INTO Subtitle VALUES ('Despicable Me 4', 'Jepang');
INSERT IGNORE INTO Subtitle VALUES ('Despicable Me 4', 'Korea');
INSERT IGNORE INTO Konten VALUES ('Live Wire: Human Timebomb', 'A computer chip turns an FBI agent into a lethal weapon.', 1996, 'R', 'Film');
INSERT IGNORE INTO Film VALUES ('Live Wire: Human Timebomb', 98, 'Mark Roper');
INSERT IGNORE INTO Genre_Konten VALUES ('Live Wire: Human Timebomb', 1);
INSERT IGNORE INTO Genre_Konten VALUES ('Live Wire: Human Timebomb', 4);
INSERT IGNORE INTO Genre_Konten VALUES ('Live Wire: Human Timebomb', 3);
INSERT IGNORE INTO Aktor (`nama_lengkap`) VALUES ('Bryan Genesse');
INSERT IGNORE INTO Peran VALUES ('Bryan Genesse', 'Live Wire: Human Timebomb', 'Parker');
INSERT IGNORE INTO Aktor (`nama_lengkap`) VALUES ('Joe Lara');
INSERT IGNORE INTO Peran VALUES ('Joe Lara', 'Live Wire: Human Timebomb', 'Price');
INSERT IGNORE INTO Aktor (`nama_lengkap`) VALUES ('J. Cynthia Brooks');
INSERT IGNORE INTO Peran VALUES ('J. Cynthia Brooks', 'Live Wire: Human Timebomb', 'Gina');
INSERT IGNORE INTO Aktor (`nama_lengkap`) VALUES ('Shelley Andrews');
INSERT IGNORE INTO Peran VALUES ('Shelley Andrews', 'Live Wire: Human Timebomb', 'Juanita''s friend #2');
INSERT IGNORE INTO Aktor (`nama_lengkap`) VALUES ('Paul Brandt');
INSERT IGNORE INTO Peran VALUES ('Paul Brandt', 'Live Wire: Human Timebomb', 'Young Cell Guard');
INSERT IGNORE INTO Aktor (`nama_lengkap`) VALUES ('Gerrie Buader');
INSERT IGNORE INTO Peran VALUES ('Gerrie Buader', 'Live Wire: Human Timebomb', 'Security Agent #5');
INSERT IGNORE INTO Aktor (`nama_lengkap`) VALUES ('Christopher Buchanan');
INSERT IGNORE INTO Peran VALUES ('Christopher Buchanan', 'Live Wire: Human Timebomb', 'FBI leader');
INSERT IGNORE INTO Aktor (`nama_lengkap`) VALUES ('Anthony Fridjhon');
INSERT IGNORE INTO Peran VALUES ('Anthony Fridjhon', 'Live Wire: Human Timebomb', 'Gen. Raoul Arnaz');
INSERT IGNORE INTO Aktor (`nama_lengkap`) VALUES ('Frantz Dobrowsky');
INSERT IGNORE INTO Peran VALUES ('Frantz Dobrowsky', 'Live Wire: Human Timebomb', 'Pablo Arnaz');
INSERT IGNORE INTO Aktor (`nama_lengkap`) VALUES ('Gavin Hood');
INSERT IGNORE INTO Peran VALUES ('Gavin Hood', 'Live Wire: Human Timebomb', 'Mike');
INSERT IGNORE INTO Audio VALUES ('Live Wire: Human Timebomb', 'Jepang');
INSERT IGNORE INTO Audio VALUES ('Live Wire: Human Timebomb', 'Korea');
INSERT IGNORE INTO Subtitle VALUES ('Live Wire: Human Timebomb', 'Jepang');
INSERT IGNORE INTO Konten VALUES ('The Awakening', 'When a British archaeologist violates an Egyptian queen''s tomb, her evil spirit enters his daughter.', 1980, 'R', 'Film');
INSERT IGNORE INTO Film VALUES ('The Awakening', 105, 'Mike Newell');
INSERT IGNORE INTO Genre_Konten VALUES ('The Awakening', 5);
INSERT IGNORE INTO Aktor (`nama_lengkap`) VALUES ('Charlton Heston');
INSERT IGNORE INTO Peran VALUES ('Charlton Heston', 'The Awakening', 'Matthew Corbeck');
INSERT IGNORE INTO Aktor (`nama_lengkap`) VALUES ('Susannah York');
INSERT IGNORE INTO Peran VALUES ('Susannah York', 'The Awakening', 'Jane Turner');
INSERT IGNORE INTO Aktor (`nama_lengkap`) VALUES ('Jill Townsend');
INSERT IGNORE INTO Peran VALUES ('Jill Townsend', 'The Awakening', 'Anne Corbeck');
INSERT IGNORE INTO Aktor (`nama_lengkap`) VALUES ('Stephanie Zimbalist');
INSERT IGNORE INTO Peran VALUES ('Stephanie Zimbalist', 'The Awakening', 'Margaret Corbeck');
INSERT IGNORE INTO Aktor (`nama_lengkap`) VALUES ('Patrick Drury');
INSERT IGNORE INTO Peran VALUES ('Patrick Drury', 'The Awakening', 'Paul Whittier');
INSERT IGNORE INTO Aktor (`nama_lengkap`) VALUES ('Bruce Myers');
INSERT IGNORE INTO Peran VALUES ('Bruce Myers', 'The Awakening', 'Dr. Khalid');
INSERT IGNORE INTO Aktor (`nama_lengkap`) VALUES ('Nadim Sawalha');
INSERT IGNORE INTO Peran VALUES ('Nadim Sawalha', 'The Awakening', 'Dr. El Sadek');
INSERT IGNORE INTO Aktor (`nama_lengkap`) VALUES ('Ian McDiarmid');
INSERT IGNORE INTO Peran VALUES ('Ian McDiarmid', 'The Awakening', 'Dr. Richter');
INSERT IGNORE INTO Aktor (`nama_lengkap`) VALUES ('Ahmed Osman');
INSERT IGNORE INTO Peran VALUES ('Ahmed Osman', 'The Awakening', 'Yussef');
INSERT IGNORE INTO Aktor (`nama_lengkap`) VALUES ('Miriam Margolyes');
INSERT IGNORE INTO Peran VALUES ('Miriam Margolyes', 'The Awakening', 'Dr. Kadira');
INSERT IGNORE INTO Audio VALUES ('The Awakening', 'Spanyol');
INSERT IGNORE INTO Subtitle VALUES ('The Awakening', 'Jepang');
INSERT IGNORE INTO Subtitle VALUES ('The Awakening', 'Inggris');
INSERT IGNORE INTO Subtitle VALUES ('The Awakening', 'Spanyol');
INSERT IGNORE INTO Subtitle VALUES ('The Awakening', 'Indonesia');
INSERT IGNORE INTO Konten VALUES ('The Executioners', 'Four female friends spend the night in a mansion. Their joy is quickly shattered when three men break in and cruelly attack them. As the night takes a darker turn, they find themselves relishing in the violence they had once suffered.', 2018, 'NR', 'Film');
INSERT IGNORE INTO Film VALUES ('The Executioners', 92, 'Giorgio Serafini');
INSERT IGNORE INTO Genre_Konten VALUES ('The Executioners', 5);
INSERT IGNORE INTO Genre_Konten VALUES ('The Executioners', 3);
INSERT IGNORE INTO Aktor (`nama_lengkap`) VALUES ('Natalie Burn');
INSERT IGNORE INTO Peran VALUES ('Natalie Burn', 'The Executioners', 'Kay');
INSERT IGNORE INTO Aktor (`nama_lengkap`) VALUES ('Jemma Dallender');
INSERT IGNORE INTO Peran VALUES ('Jemma Dallender', 'The Executioners', 'Belle');
INSERT IGNORE INTO Aktor (`nama_lengkap`) VALUES ('Rachel Rosenstein');
INSERT IGNORE INTO Peran VALUES ('Rachel Rosenstein', 'The Executioners', 'Angela');
INSERT IGNORE INTO Aktor (`nama_lengkap`) VALUES ('Anna Shields');
INSERT IGNORE INTO Peran VALUES ('Anna Shields', 'The Executioners', 'Lory');
INSERT IGNORE INTO Aktor (`nama_lengkap`) VALUES ('Justin Fischer');
INSERT IGNORE INTO Peran VALUES ('Justin Fischer', 'The Executioners', 'David');
INSERT IGNORE INTO Aktor (`nama_lengkap`) VALUES ('Anthony Belevtsov');
INSERT IGNORE INTO Peran VALUES ('Anthony Belevtsov', 'The Executioners', 'Mr. Black');
INSERT IGNORE INTO Aktor (`nama_lengkap`) VALUES ('Michael Santi');
INSERT IGNORE INTO Peran VALUES ('Michael Santi', 'The Executioners', 'Mr. Red');
INSERT IGNORE INTO Aktor (`nama_lengkap`) VALUES ('Fernando Soto Jr.');
INSERT IGNORE INTO Peran VALUES ('Fernando Soto Jr.', 'The Executioners', 'Mr. Blue');
INSERT IGNORE INTO Aktor (`nama_lengkap`) VALUES ('John Hardy');
INSERT IGNORE INTO Peran VALUES ('John Hardy', 'The Executioners', 'Belle''s Father');
INSERT IGNORE INTO Aktor (`nama_lengkap`) VALUES ('Giorgio Serafini');
INSERT IGNORE INTO Peran VALUES ('Giorgio Serafini', 'The Executioners', 'Jim');
INSERT IGNORE INTO Audio VALUES ('The Executioners', 'Indonesia');
INSERT IGNORE INTO Audio VALUES ('The Executioners', 'Inggris');
INSERT IGNORE INTO Subtitle VALUES ('The Executioners', 'Spanyol');
INSERT IGNORE INTO Subtitle VALUES ('The Executioners', 'Korea');
INSERT IGNORE INTO Subtitle VALUES ('The Executioners', 'Jepang');
INSERT IGNORE INTO Subtitle VALUES ('The Executioners', 'Inggris');
INSERT IGNORE INTO Konten VALUES ('Fight Another Day', 'Follows a tough cop, who after being transported to a dystopian future, must enter a deadly combat tournament to be able to return to his past.', 2024, 'NR', 'Film');
INSERT IGNORE INTO Film VALUES ('Fight Another Day', 108, 'James Mark');
INSERT IGNORE INTO Genre_Konten VALUES ('Fight Another Day', 1);
INSERT IGNORE INTO Aktor (`nama_lengkap`) VALUES ('Jim Belushi');
INSERT IGNORE INTO Peran VALUES ('Jim Belushi', 'Fight Another Day', 'Duke');
INSERT IGNORE INTO Aktor (`nama_lengkap`) VALUES ('Martin Kove');
INSERT IGNORE INTO Peran VALUES ('Martin Kove', 'Fight Another Day', 'Fischer');
INSERT IGNORE INTO Aktor (`nama_lengkap`) VALUES ('Eric Johnson');
INSERT IGNORE INTO Peran VALUES ('Eric Johnson', 'Fight Another Day', 'Ryan Taylor');
INSERT IGNORE INTO Aktor (`nama_lengkap`) VALUES ('Ennis Esmer');
INSERT IGNORE INTO Peran VALUES ('Ennis Esmer', 'Fight Another Day', 'Gerrard');
INSERT IGNORE INTO Aktor (`nama_lengkap`) VALUES ('Chuck Liddell');
INSERT IGNORE INTO Peran VALUES ('Chuck Liddell', 'Fight Another Day', 'Barbarian');
INSERT IGNORE INTO Aktor (`nama_lengkap`) VALUES ('Ken Kilpatrick');
INSERT IGNORE INTO Peran VALUES ('Ken Kilpatrick', 'Fight Another Day', 'Aztec');
INSERT IGNORE INTO Aktor (`nama_lengkap`) VALUES ('Finn McCager Higgins');
INSERT IGNORE INTO Peran VALUES ('Finn McCager Higgins', 'Fight Another Day', 'Blaine Arzure');
INSERT IGNORE INTO Aktor (`nama_lengkap`) VALUES ('Christina Ochoa');
INSERT IGNORE INTO Peran VALUES ('Christina Ochoa', 'Fight Another Day', 'Isabell');
INSERT IGNORE INTO Aktor (`nama_lengkap`) VALUES ('Michael Bisping');
INSERT IGNORE INTO Peran VALUES ('Michael Bisping', 'Fight Another Day', 'Arthur Dane');
INSERT IGNORE INTO Aktor (`nama_lengkap`) VALUES ('Nicolas Grimes');
INSERT IGNORE INTO Peran VALUES ('Nicolas Grimes', 'Fight Another Day', 'Halvor');
INSERT IGNORE INTO Audio VALUES ('Fight Another Day', 'Indonesia');
INSERT IGNORE INTO Subtitle VALUES ('Fight Another Day', 'Korea');
INSERT IGNORE INTO Konten VALUES ('The Incredibles', 'Bob Parr has given up his superhero days to log in time as an insurance adjuster and raise his three children with his formerly heroic wife in suburbia. But when he receives a mysterious assignment, it''s time to get back into costume.', 2004, 'PG', 'Film');
INSERT IGNORE INTO Film VALUES ('The Incredibles', 115, 'Brad Bird');
INSERT IGNORE INTO Genre_Konten VALUES ('The Incredibles', 1);
INSERT IGNORE INTO Genre_Konten VALUES ('The Incredibles', 7);
INSERT IGNORE INTO Genre_Konten VALUES ('The Incredibles', 12);
INSERT IGNORE INTO Genre_Konten VALUES ('The Incredibles', 9);
INSERT IGNORE INTO Aktor (`nama_lengkap`) VALUES ('Craig T. Nelson');
INSERT IGNORE INTO Peran VALUES ('Craig T. Nelson', 'The Incredibles', 'Bob Parr / Mr. Incredible (voice)');
INSERT IGNORE INTO Aktor (`nama_lengkap`) VALUES ('Holly Hunter');
INSERT IGNORE INTO Peran VALUES ('Holly Hunter', 'The Incredibles', 'Helen Parr / Elastigirl (voice)');
INSERT IGNORE INTO Aktor (`nama_lengkap`) VALUES ('Sarah Vowell');
INSERT IGNORE INTO Peran VALUES ('Sarah Vowell', 'The Incredibles', 'Violet Parr (voice)');
INSERT IGNORE INTO Aktor (`nama_lengkap`) VALUES ('Spencer Fox');
INSERT IGNORE INTO Peran VALUES ('Spencer Fox', 'The Incredibles', 'Dashiell ''Dash'' Parr (voice)');
INSERT IGNORE INTO Aktor (`nama_lengkap`) VALUES ('Jason Lee');
INSERT IGNORE INTO Peran VALUES ('Jason Lee', 'The Incredibles', 'Buddy Pine / Syndrome (voice)');
INSERT IGNORE INTO Aktor (`nama_lengkap`) VALUES ('Samuel L. Jackson');
INSERT IGNORE INTO Peran VALUES ('Samuel L. Jackson', 'The Incredibles', 'Lucius Best / Frozone (voice)');
INSERT IGNORE INTO Aktor (`nama_lengkap`) VALUES ('Elizabeth Peña');
INSERT IGNORE INTO Peran VALUES ('Elizabeth Peña', 'The Incredibles', 'Mirage (voice)');
INSERT IGNORE INTO Aktor (`nama_lengkap`) VALUES ('Eli Fucile');
INSERT IGNORE INTO Peran VALUES ('Eli Fucile', 'The Incredibles', 'Jack-Jack Parr (voice)');
INSERT IGNORE INTO Aktor (`nama_lengkap`) VALUES ('Maeve Andrews');
INSERT IGNORE INTO Peran VALUES ('Maeve Andrews', 'The Incredibles', 'Jack-Jack Parr (voice)');
INSERT IGNORE INTO Aktor (`nama_lengkap`) VALUES ('Brad Bird');
INSERT IGNORE INTO Peran VALUES ('Brad Bird', 'The Incredibles', 'Edna ''E'' Mode (voice)');
INSERT IGNORE INTO Audio VALUES ('The Incredibles', 'Indonesia');
INSERT IGNORE INTO Subtitle VALUES ('The Incredibles', 'Inggris');
INSERT IGNORE INTO Konten VALUES ('American Pie', 'At a high-school party, four friends find that losing their collective virginity isn''t as easy as they had thought. But they still believe that they need to do so before college. To motivate themselves, they enter a pact to all "score" by their senior prom.', 1999, 'R', 'Film');
INSERT IGNORE INTO Film VALUES ('American Pie', 95, 'Paul Weitz');
INSERT IGNORE INTO Genre_Konten VALUES ('American Pie', 8);
INSERT IGNORE INTO Genre_Konten VALUES ('American Pie', 13);
INSERT IGNORE INTO Aktor (`nama_lengkap`) VALUES ('Jason Biggs');
INSERT IGNORE INTO Peran VALUES ('Jason Biggs', 'American Pie', 'Jim Levenstein');
INSERT IGNORE INTO Aktor (`nama_lengkap`) VALUES ('Chris Klein');
INSERT IGNORE INTO Peran VALUES ('Chris Klein', 'American Pie', 'Chris ''Oz'' Ostreicher');
INSERT IGNORE INTO Aktor (`nama_lengkap`) VALUES ('Thomas Ian Nicholas');
INSERT IGNORE INTO Peran VALUES ('Thomas Ian Nicholas', 'American Pie', 'Kevin Meyers');
INSERT IGNORE INTO Aktor (`nama_lengkap`) VALUES ('Alyson Hannigan');
INSERT IGNORE INTO Peran VALUES ('Alyson Hannigan', 'American Pie', 'Michelle Flaherty');
INSERT IGNORE INTO Aktor (`nama_lengkap`) VALUES ('Shannon Elizabeth');
INSERT IGNORE INTO Peran VALUES ('Shannon Elizabeth', 'American Pie', 'Nadia');
INSERT IGNORE INTO Aktor (`nama_lengkap`) VALUES ('Tara Reid');
INSERT IGNORE INTO Peran VALUES ('Tara Reid', 'American Pie', 'Victoria ''Vicky'' Lathum');
INSERT IGNORE INTO Aktor (`nama_lengkap`) VALUES ('Eddie Kaye Thomas');
INSERT IGNORE INTO Peran VALUES ('Eddie Kaye Thomas', 'American Pie', 'Paul Finch');
INSERT IGNORE INTO Aktor (`nama_lengkap`) VALUES ('Seann William Scott');
INSERT IGNORE INTO Peran VALUES ('Seann William Scott', 'American Pie', 'Steve Stifler');
INSERT IGNORE INTO Aktor (`nama_lengkap`) VALUES ('Eugene Levy');
INSERT IGNORE INTO Peran VALUES ('Eugene Levy', 'American Pie', 'Jim''s Father');
INSERT IGNORE INTO Aktor (`nama_lengkap`) VALUES ('Natasha Lyonne');
INSERT IGNORE INTO Peran VALUES ('Natasha Lyonne', 'American Pie', 'Jessica');
INSERT IGNORE INTO Audio VALUES ('American Pie', 'Indonesia');
INSERT IGNORE INTO Subtitle VALUES ('American Pie', 'Indonesia');
INSERT IGNORE INTO Subtitle VALUES ('American Pie', 'Korea');
INSERT IGNORE INTO Konten VALUES ('Young Hearts', '14-year-old Elias increasingly feels like an outsider in his village. When he meets his new neighbour of the same age, Alexander, Elias is confronted with his burgeoning sexuality.', 2024, 'NR', 'Film');
INSERT IGNORE INTO Film VALUES ('Young Hearts', 99, 'Anthony Schatteman');
INSERT IGNORE INTO Genre_Konten VALUES ('Young Hearts', 4);
INSERT IGNORE INTO Genre_Konten VALUES ('Young Hearts', 13);
INSERT IGNORE INTO Aktor (`nama_lengkap`) VALUES ('Lou Goossens');
INSERT IGNORE INTO Peran VALUES ('Lou Goossens', 'Young Hearts', 'Elias');
INSERT IGNORE INTO Aktor (`nama_lengkap`) VALUES ('Marius De Saeger');
INSERT IGNORE INTO Peran VALUES ('Marius De Saeger', 'Young Hearts', 'Alexander');
INSERT IGNORE INTO Aktor (`nama_lengkap`) VALUES ('Geert Van Rampelberg');
INSERT IGNORE INTO Peran VALUES ('Geert Van Rampelberg', 'Young Hearts', 'Luk');
INSERT IGNORE INTO Aktor (`nama_lengkap`) VALUES ('Emilie De Roo');
INSERT IGNORE INTO Peran VALUES ('Emilie De Roo', 'Young Hearts', 'Nathalie');
INSERT IGNORE INTO Aktor (`nama_lengkap`) VALUES ('Dirk van Dijck');
INSERT IGNORE INTO Peran VALUES ('Dirk van Dijck', 'Young Hearts', 'Fred');
INSERT IGNORE INTO Aktor (`nama_lengkap`) VALUES ('Jul Goossens');
INSERT IGNORE INTO Peran VALUES ('Jul Goossens', 'Young Hearts', 'Maxime');
INSERT IGNORE INTO Aktor (`nama_lengkap`) VALUES ('Ezra van Dongen');
INSERT IGNORE INTO Peran VALUES ('Ezra van Dongen', 'Young Hearts', 'Line');
INSERT IGNORE INTO Aktor (`nama_lengkap`) VALUES ('Olivier Englebert');
INSERT IGNORE INTO Peran VALUES ('Olivier Englebert', 'Young Hearts', 'Marc');
INSERT IGNORE INTO Aktor (`nama_lengkap`) VALUES ('Olga De Saeger');
INSERT IGNORE INTO Peran VALUES ('Olga De Saeger', 'Young Hearts', 'Ella');
INSERT IGNORE INTO Aktor (`nama_lengkap`) VALUES ('Wim Opbrouck');
INSERT IGNORE INTO Peran VALUES ('Wim Opbrouck', 'Young Hearts', 'Tony');
INSERT IGNORE INTO Audio VALUES ('Young Hearts', 'Inggris');
INSERT IGNORE INTO Audio VALUES ('Young Hearts', 'Indonesia');
INSERT IGNORE INTO Subtitle VALUES ('Young Hearts', 'Korea');
INSERT IGNORE INTO Konten VALUES ('The Elixir', 'An elixir unleashes the undead in a village. A family at odds with one another must unite and fight to survive as their hometown collapses.', 2025, '17+', 'Film');
INSERT IGNORE INTO Film VALUES ('The Elixir', 118, 'Kimo Stamboel');
INSERT IGNORE INTO Genre_Konten VALUES ('The Elixir', 5);
INSERT IGNORE INTO Genre_Konten VALUES ('The Elixir', 3);
INSERT IGNORE INTO Aktor (`nama_lengkap`) VALUES ('Mikha Tambayong');
INSERT IGNORE INTO Peran VALUES ('Mikha Tambayong', 'The Elixir', 'Kenes');
INSERT IGNORE INTO Aktor (`nama_lengkap`) VALUES ('Eva Celia');
INSERT IGNORE INTO Peran VALUES ('Eva Celia', 'The Elixir', 'Karina');
INSERT IGNORE INTO Aktor (`nama_lengkap`) VALUES ('Marthino Lio');
INSERT IGNORE INTO Peran VALUES ('Marthino Lio', 'The Elixir', 'Bambang');
INSERT IGNORE INTO Aktor (`nama_lengkap`) VALUES ('Dimas Anggara');
INSERT IGNORE INTO Peran VALUES ('Dimas Anggara', 'The Elixir', 'Rudi');
INSERT IGNORE INTO Aktor (`nama_lengkap`) VALUES ('Varen Arianda Calief');
INSERT IGNORE INTO Peran VALUES ('Varen Arianda Calief', 'The Elixir', 'Raihan');
INSERT IGNORE INTO Aktor (`nama_lengkap`) VALUES ('Ardit Erwandha');
INSERT IGNORE INTO Peran VALUES ('Ardit Erwandha', 'The Elixir', 'Rahman');
INSERT IGNORE INTO Aktor (`nama_lengkap`) VALUES ('Claresta Taufan');
INSERT IGNORE INTO Peran VALUES ('Claresta Taufan', 'The Elixir', 'Ningsih');
INSERT IGNORE INTO Aktor (`nama_lengkap`) VALUES ('Donny Damara');
INSERT IGNORE INTO Peran VALUES ('Donny Damara', 'The Elixir', 'Sadimin');
INSERT IGNORE INTO Aktor (`nama_lengkap`) VALUES ('Kiki Narendra');
INSERT IGNORE INTO Peran VALUES ('Kiki Narendra', 'The Elixir', 'Aris');
INSERT IGNORE INTO Aktor (`nama_lengkap`) VALUES ('Vonny Anggraini');
INSERT IGNORE INTO Peran VALUES ('Vonny Anggraini', 'The Elixir', 'Mbok Sum');
INSERT IGNORE INTO Audio VALUES ('The Elixir', 'Inggris');
INSERT IGNORE INTO Subtitle VALUES ('The Elixir', 'Inggris');
INSERT IGNORE INTO Subtitle VALUES ('The Elixir', 'Indonesia');
INSERT IGNORE INTO Konten VALUES ('The Dark Knight', 'Batman raises the stakes in his war on crime. With the help of Lt. Jim Gordon and District Attorney Harvey Dent, Batman sets out to dismantle the remaining criminal organizations that plague the streets. The partnership proves to be effective, but they soon find themselves prey to a reign of chaos unleashed by a rising criminal mastermind known to the terrified citizens of Gotham as the Joker.', 2008, '13+', 'Film');
INSERT IGNORE INTO Film VALUES ('The Dark Knight', 152, 'Christopher Nolan');
INSERT IGNORE INTO Genre_Konten VALUES ('The Dark Knight', 4);
INSERT IGNORE INTO Genre_Konten VALUES ('The Dark Knight', 1);
INSERT IGNORE INTO Genre_Konten VALUES ('The Dark Knight', 2);
INSERT IGNORE INTO Genre_Konten VALUES ('The Dark Knight', 3);
INSERT IGNORE INTO Aktor (`nama_lengkap`) VALUES ('Christian Bale');
INSERT IGNORE INTO Peran VALUES ('Christian Bale', 'The Dark Knight', 'Bruce Wayne');
INSERT IGNORE INTO Aktor (`nama_lengkap`) VALUES ('Heath Ledger');
INSERT IGNORE INTO Peran VALUES ('Heath Ledger', 'The Dark Knight', 'Joker');
INSERT IGNORE INTO Aktor (`nama_lengkap`) VALUES ('Aaron Eckhart');
INSERT IGNORE INTO Peran VALUES ('Aaron Eckhart', 'The Dark Knight', 'Harvey Dent');
INSERT IGNORE INTO Aktor (`nama_lengkap`) VALUES ('Michael Caine');
INSERT IGNORE INTO Peran VALUES ('Michael Caine', 'The Dark Knight', 'Alfred');
INSERT IGNORE INTO Aktor (`nama_lengkap`) VALUES ('Maggie Gyllenhaal');
INSERT IGNORE INTO Peran VALUES ('Maggie Gyllenhaal', 'The Dark Knight', 'Rachel');
INSERT IGNORE INTO Aktor (`nama_lengkap`) VALUES ('Gary Oldman');
INSERT IGNORE INTO Peran VALUES ('Gary Oldman', 'The Dark Knight', 'Gordon');
INSERT IGNORE INTO Aktor (`nama_lengkap`) VALUES ('Morgan Freeman');
INSERT IGNORE INTO Peran VALUES ('Morgan Freeman', 'The Dark Knight', 'Lucius Fox');
INSERT IGNORE INTO Aktor (`nama_lengkap`) VALUES ('Monique Gabriela Curnen');
INSERT IGNORE INTO Peran VALUES ('Monique Gabriela Curnen', 'The Dark Knight', 'Ramirez');
INSERT IGNORE INTO Aktor (`nama_lengkap`) VALUES ('Ron Dean');
INSERT IGNORE INTO Peran VALUES ('Ron Dean', 'The Dark Knight', 'Wuertz');
INSERT IGNORE INTO Aktor (`nama_lengkap`) VALUES ('Cillian Murphy');
INSERT IGNORE INTO Peran VALUES ('Cillian Murphy', 'The Dark Knight', 'Scarecrow');
INSERT IGNORE INTO Audio VALUES ('The Dark Knight', 'Jepang');
INSERT IGNORE INTO Audio VALUES ('The Dark Knight', 'Spanyol');
INSERT IGNORE INTO Subtitle VALUES ('The Dark Knight', 'Korea');
INSERT IGNORE INTO Subtitle VALUES ('The Dark Knight', 'Inggris');
INSERT IGNORE INTO Subtitle VALUES ('The Dark Knight', 'Spanyol');
INSERT IGNORE INTO Konten VALUES ('Red One', 'After Santa Claus (codename: Red One) is kidnapped, the North Pole''s Head of Security must team up with the world''s most infamous tracker in a globe-trotting, action-packed mission to save Christmas.', 2024, '13+', 'Film');
INSERT IGNORE INTO Film VALUES ('Red One', 124, 'Jake Kasdan');
INSERT IGNORE INTO Genre_Konten VALUES ('Red One', 1);
INSERT IGNORE INTO Genre_Konten VALUES ('Red One', 8);
INSERT IGNORE INTO Genre_Konten VALUES ('Red One', 6);
INSERT IGNORE INTO Aktor (`nama_lengkap`) VALUES ('Dwayne Johnson');
INSERT IGNORE INTO Peran VALUES ('Dwayne Johnson', 'Red One', 'Callum Drift');
INSERT IGNORE INTO Aktor (`nama_lengkap`) VALUES ('Chris Evans');
INSERT IGNORE INTO Peran VALUES ('Chris Evans', 'Red One', 'Jack O''Malley');
INSERT IGNORE INTO Aktor (`nama_lengkap`) VALUES ('Lucy Liu');
INSERT IGNORE INTO Peran VALUES ('Lucy Liu', 'Red One', 'Zoe');
INSERT IGNORE INTO Aktor (`nama_lengkap`) VALUES ('J.K. Simmons');
INSERT IGNORE INTO Peran VALUES ('J.K. Simmons', 'Red One', 'Nick');
INSERT IGNORE INTO Aktor (`nama_lengkap`) VALUES ('Kiernan Shipka');
INSERT IGNORE INTO Peran VALUES ('Kiernan Shipka', 'Red One', 'Gryla');
INSERT IGNORE INTO Aktor (`nama_lengkap`) VALUES ('Bonnie Hunt');
INSERT IGNORE INTO Peran VALUES ('Bonnie Hunt', 'Red One', 'Mrs. Claus');
INSERT IGNORE INTO Aktor (`nama_lengkap`) VALUES ('Kristofer Hivju');
INSERT IGNORE INTO Peran VALUES ('Kristofer Hivju', 'Red One', 'Krampus');
INSERT IGNORE INTO Aktor (`nama_lengkap`) VALUES ('Mary Elizabeth Ellis');
INSERT IGNORE INTO Peran VALUES ('Mary Elizabeth Ellis', 'Red One', 'Olivia');
INSERT IGNORE INTO Aktor (`nama_lengkap`) VALUES ('Wesley Kimmel');
INSERT IGNORE INTO Peran VALUES ('Wesley Kimmel', 'Red One', 'Dylan');
INSERT IGNORE INTO Aktor (`nama_lengkap`) VALUES ('Nick Kroll');
INSERT IGNORE INTO Peran VALUES ('Nick Kroll', 'Red One', 'Ted');
INSERT IGNORE INTO Audio VALUES ('Red One', 'Jepang');
INSERT IGNORE INTO Audio VALUES ('Red One', 'Inggris');
INSERT IGNORE INTO Audio VALUES ('Red One', 'Korea');
INSERT IGNORE INTO Subtitle VALUES ('Red One', 'Korea');
INSERT IGNORE INTO Subtitle VALUES ('Red One', 'Inggris');
INSERT IGNORE INTO Subtitle VALUES ('Red One', 'Indonesia');
INSERT IGNORE INTO Subtitle VALUES ('Red One', 'Spanyol');
INSERT IGNORE INTO Konten VALUES ('Nuremberg', 'In postwar Germany, an American psychiatrist must determine whether Nazi prisoners are fit to go on trial for war crimes, and finds himself in a complex battle of intellect and ethics with Hermann Göring, Hitler''s right-hand man.', 2025, 'PG-13', 'Film');
INSERT IGNORE INTO Film VALUES ('Nuremberg', 148, 'James Vanderbilt');
INSERT IGNORE INTO Genre_Konten VALUES ('Nuremberg', 15);
INSERT IGNORE INTO Genre_Konten VALUES ('Nuremberg', 4);
INSERT IGNORE INTO Genre_Konten VALUES ('Nuremberg', 3);
INSERT IGNORE INTO Genre_Konten VALUES ('Nuremberg', 16);
INSERT IGNORE INTO Aktor (`nama_lengkap`) VALUES ('Russell Crowe');
INSERT IGNORE INTO Peran VALUES ('Russell Crowe', 'Nuremberg', 'Hermann Göring');
INSERT IGNORE INTO Aktor (`nama_lengkap`) VALUES ('Rami Malek');
INSERT IGNORE INTO Peran VALUES ('Rami Malek', 'Nuremberg', 'Douglas Kelley');
INSERT IGNORE INTO Aktor (`nama_lengkap`) VALUES ('Michael Shannon');
INSERT IGNORE INTO Peran VALUES ('Michael Shannon', 'Nuremberg', 'Justice Robert H. Jackson');
INSERT IGNORE INTO Aktor (`nama_lengkap`) VALUES ('Leo Woodall');
INSERT IGNORE INTO Peran VALUES ('Leo Woodall', 'Nuremberg', 'Sergeant Howie Triest');
INSERT IGNORE INTO Aktor (`nama_lengkap`) VALUES ('John Slattery');
INSERT IGNORE INTO Peran VALUES ('John Slattery', 'Nuremberg', 'Colonel Burton Andrus');
INSERT IGNORE INTO Aktor (`nama_lengkap`) VALUES ('Richard E. Grant');
INSERT IGNORE INTO Peran VALUES ('Richard E. Grant', 'Nuremberg', 'Sir David Maxwell-Fyfe');
INSERT IGNORE INTO Aktor (`nama_lengkap`) VALUES ('Colin Hanks');
INSERT IGNORE INTO Peran VALUES ('Colin Hanks', 'Nuremberg', 'Dr. Gustave Gilbert');
INSERT IGNORE INTO Aktor (`nama_lengkap`) VALUES ('Mark O''Brien');
INSERT IGNORE INTO Peran VALUES ('Mark O''Brien', 'Nuremberg', 'Colonel John Amen');
INSERT IGNORE INTO Aktor (`nama_lengkap`) VALUES ('Lotte Verbeek');
INSERT IGNORE INTO Peran VALUES ('Lotte Verbeek', 'Nuremberg', 'Emmy Göring');
INSERT IGNORE INTO Aktor (`nama_lengkap`) VALUES ('Wrenn Schmidt');
INSERT IGNORE INTO Peran VALUES ('Wrenn Schmidt', 'Nuremberg', 'Elsie Douglas');
INSERT IGNORE INTO Audio VALUES ('Nuremberg', 'Jepang');
INSERT IGNORE INTO Subtitle VALUES ('Nuremberg', 'Indonesia');
INSERT IGNORE INTO Subtitle VALUES ('Nuremberg', 'Korea');
INSERT IGNORE INTO Subtitle VALUES ('Nuremberg', 'Jepang');
INSERT IGNORE INTO Konten VALUES ('Fly Me Away', 'Thomas, a blasé young man, spends his nights in clubs and his days in bed. Until his father, Dr. Reinhard, fed up with his son’s escapades, cuts him off completely and forces him to take care of one of his young patients. Mar- cus, 12, was born with a serious congenital disorder. He lives with his mother in the poor suburbs of Paris and spends his days either at the hospital or in a center for sick children. This encounter will disrupt their lives and change them both, profoundly and forever.', 2021, 'NR', 'Film');
INSERT IGNORE INTO Film VALUES ('Fly Me Away', 93, 'Christophe Barratier');
INSERT IGNORE INTO Genre_Konten VALUES ('Fly Me Away', 8);
INSERT IGNORE INTO Genre_Konten VALUES ('Fly Me Away', 4);
INSERT IGNORE INTO Aktor (`nama_lengkap`) VALUES ('Victor Belmondo');
INSERT IGNORE INTO Peran VALUES ('Victor Belmondo', 'Fly Me Away', 'Thomas');
INSERT IGNORE INTO Aktor (`nama_lengkap`) VALUES ('Gérard Lanvin');
INSERT IGNORE INTO Peran VALUES ('Gérard Lanvin', 'Fly Me Away', 'Docteur Reinhard');
INSERT IGNORE INTO Aktor (`nama_lengkap`) VALUES ('Yoann Eloundou Noah');
INSERT IGNORE INTO Peran VALUES ('Yoann Eloundou Noah', 'Fly Me Away', 'Marcus');
INSERT IGNORE INTO Aktor (`nama_lengkap`) VALUES ('Ornella Fleury');
INSERT IGNORE INTO Peran VALUES ('Ornella Fleury', 'Fly Me Away', 'Julie');
INSERT IGNORE INTO Aktor (`nama_lengkap`) VALUES ('Marie-Sohna Condé');
INSERT IGNORE INTO Peran VALUES ('Marie-Sohna Condé', 'Fly Me Away', 'Maïssa');
INSERT IGNORE INTO Aktor (`nama_lengkap`) VALUES ('Lili Aupetit');
INSERT IGNORE INTO Peran VALUES ('Lili Aupetit', 'Fly Me Away', 'Léa');
INSERT IGNORE INTO Aktor (`nama_lengkap`) VALUES ('Daphné De Quatrebarbes');
INSERT IGNORE INTO Peran VALUES ('Daphné De Quatrebarbes', 'Fly Me Away', 'Tante Léa');
INSERT IGNORE INTO Aktor (`nama_lengkap`) VALUES ('François Bureloup');
INSERT IGNORE INTO Peran VALUES ('François Bureloup', 'Fly Me Away', 'M. Bureloup, le voisin aigri');
INSERT IGNORE INTO Aktor (`nama_lengkap`) VALUES ('Gwendoline Doycheva');
INSERT IGNORE INTO Peran VALUES ('Gwendoline Doycheva', 'Fly Me Away', 'Manon');
INSERT IGNORE INTO Aktor (`nama_lengkap`) VALUES ('Jean-Louis Barcelona');
INSERT IGNORE INTO Peran VALUES ('Jean-Louis Barcelona', 'Fly Me Away', 'Jean-Louis');
INSERT IGNORE INTO Audio VALUES ('Fly Me Away', 'Inggris');
INSERT IGNORE INTO Audio VALUES ('Fly Me Away', 'Korea');
INSERT IGNORE INTO Audio VALUES ('Fly Me Away', 'Spanyol');
INSERT IGNORE INTO Subtitle VALUES ('Fly Me Away', 'Korea');
INSERT IGNORE INTO Subtitle VALUES ('Fly Me Away', 'Jepang');
INSERT IGNORE INTO Subtitle VALUES ('Fly Me Away', 'Indonesia');
INSERT IGNORE INTO Subtitle VALUES ('Fly Me Away', 'Spanyol');
INSERT IGNORE INTO Konten VALUES ('Your Fault', 'The love between Noah and Nick seems unwavering despite their parents'' attempts to separate them. But his job and her entry into college open up their lives to new relationships that will shake the foundations of both their relationship and the Leister family itself.', 2024, 'NR', 'Film');
INSERT IGNORE INTO Film VALUES ('Your Fault', 118, 'Domingo González');
INSERT IGNORE INTO Genre_Konten VALUES ('Your Fault', 4);
INSERT IGNORE INTO Genre_Konten VALUES ('Your Fault', 13);
INSERT IGNORE INTO Aktor (`nama_lengkap`) VALUES ('Nicole Wallace');
INSERT IGNORE INTO Peran VALUES ('Nicole Wallace', 'Your Fault', 'Noah Morgan');
INSERT IGNORE INTO Aktor (`nama_lengkap`) VALUES ('Gabriel Guevara');
INSERT IGNORE INTO Peran VALUES ('Gabriel Guevara', 'Your Fault', 'Nick Leister');
INSERT IGNORE INTO Aktor (`nama_lengkap`) VALUES ('Marta Hazas');
INSERT IGNORE INTO Peran VALUES ('Marta Hazas', 'Your Fault', 'Rafaela');
INSERT IGNORE INTO Aktor (`nama_lengkap`) VALUES ('Iván Sánchez');
INSERT IGNORE INTO Peran VALUES ('Iván Sánchez', 'Your Fault', 'William Leister');
INSERT IGNORE INTO Aktor (`nama_lengkap`) VALUES ('Eva Ruiz');
INSERT IGNORE INTO Peran VALUES ('Eva Ruiz', 'Your Fault', 'Jenna');
INSERT IGNORE INTO Aktor (`nama_lengkap`) VALUES ('Víctor Varona');
INSERT IGNORE INTO Peran VALUES ('Víctor Varona', 'Your Fault', 'Lion');
INSERT IGNORE INTO Aktor (`nama_lengkap`) VALUES ('Gabriela Andrada');
INSERT IGNORE INTO Peran VALUES ('Gabriela Andrada', 'Your Fault', 'Sofía');
INSERT IGNORE INTO Aktor (`nama_lengkap`) VALUES ('Alex Bejar');
INSERT IGNORE INTO Peran VALUES ('Alex Bejar', 'Your Fault', 'Briar');
INSERT IGNORE INTO Aktor (`nama_lengkap`) VALUES ('Goya Toledo');
INSERT IGNORE INTO Peran VALUES ('Goya Toledo', 'Your Fault', 'Anabel');
INSERT IGNORE INTO Aktor (`nama_lengkap`) VALUES ('Javier Morgade');
INSERT IGNORE INTO Peran VALUES ('Javier Morgade', 'Your Fault', 'Michael');
INSERT IGNORE INTO Audio VALUES ('Your Fault', 'Jepang');
INSERT IGNORE INTO Audio VALUES ('Your Fault', 'Inggris');
INSERT IGNORE INTO Audio VALUES ('Your Fault', 'Spanyol');
INSERT IGNORE INTO Subtitle VALUES ('Your Fault', 'Indonesia');
INSERT IGNORE INTO Subtitle VALUES ('Your Fault', 'Korea');
INSERT IGNORE INTO Subtitle VALUES ('Your Fault', 'Inggris');
INSERT IGNORE INTO Konten VALUES ('Moana', 'In Ancient Polynesia, when a terrible curse incurred by Maui reaches the island of an impetuous Chieftain, his willful daughter answers the Ocean''s call to seek out the demigod to set things right.', 2026, 'NR', 'Film');
INSERT IGNORE INTO Film VALUES ('Moana', 0, 'Thomas Kail');
INSERT IGNORE INTO Genre_Konten VALUES ('Moana', 9);
INSERT IGNORE INTO Genre_Konten VALUES ('Moana', 6);
INSERT IGNORE INTO Genre_Konten VALUES ('Moana', 8);
INSERT IGNORE INTO Genre_Konten VALUES ('Moana', 7);
INSERT IGNORE INTO Aktor (`nama_lengkap`) VALUES ('Catherine Laga‘aia');
INSERT IGNORE INTO Peran VALUES ('Catherine Laga‘aia', 'Moana', 'Moana');
INSERT IGNORE INTO Aktor (`nama_lengkap`) VALUES ('Dwayne Johnson');
INSERT IGNORE INTO Peran VALUES ('Dwayne Johnson', 'Moana', 'Maui');
INSERT IGNORE INTO Aktor (`nama_lengkap`) VALUES ('Rena Owen');
INSERT IGNORE INTO Peran VALUES ('Rena Owen', 'Moana', 'Gramma Tala');
INSERT IGNORE INTO Aktor (`nama_lengkap`) VALUES ('John Tui');
INSERT IGNORE INTO Peran VALUES ('John Tui', 'Moana', 'Chief Tui');
INSERT IGNORE INTO Aktor (`nama_lengkap`) VALUES ('Frankie Adams');
INSERT IGNORE INTO Peran VALUES ('Frankie Adams', 'Moana', 'Sina');
INSERT IGNORE INTO Audio VALUES ('Moana', 'Spanyol');
INSERT IGNORE INTO Audio VALUES ('Moana', 'Indonesia');
INSERT IGNORE INTO Subtitle VALUES ('Moana', 'Korea');
INSERT IGNORE INTO Subtitle VALUES ('Moana', 'Indonesia');
INSERT IGNORE INTO Subtitle VALUES ('Moana', 'Inggris');
INSERT IGNORE INTO Subtitle VALUES ('Moana', 'Spanyol');
INSERT IGNORE INTO Konten VALUES ('Los bárbaros', 'In the year of the crisis, four young people attempt to make a home by squatting in an unfinished building – a paradoxical limbo amid the real-estate bubble, where they willingly remain on the fringes of it all.', 2025, 'NR', 'Film');
INSERT IGNORE INTO Film VALUES ('Los bárbaros', 102, 'Javier Barbero Montes');
INSERT IGNORE INTO Genre_Konten VALUES ('Los bárbaros', 4);
INSERT IGNORE INTO Aktor (`nama_lengkap`) VALUES ('Àlex Monner');
INSERT IGNORE INTO Peran VALUES ('Àlex Monner', 'Los bárbaros', '');
INSERT IGNORE INTO Aktor (`nama_lengkap`) VALUES ('Job Mansilla');
INSERT IGNORE INTO Peran VALUES ('Job Mansilla', 'Los bárbaros', '');
INSERT IGNORE INTO Aktor (`nama_lengkap`) VALUES ('Eliza Rycembel');
INSERT IGNORE INTO Peran VALUES ('Eliza Rycembel', 'Los bárbaros', '');
INSERT IGNORE INTO Aktor (`nama_lengkap`) VALUES ('Greta Fernández');
INSERT IGNORE INTO Peran VALUES ('Greta Fernández', 'Los bárbaros', '');
INSERT IGNORE INTO Audio VALUES ('Los bárbaros', 'Jepang');
INSERT IGNORE INTO Audio VALUES ('Los bárbaros', 'Inggris');
INSERT IGNORE INTO Subtitle VALUES ('Los bárbaros', 'Spanyol');
INSERT IGNORE INTO Konten VALUES ('Pirates of the Caribbean: The Curse of the Black Pearl', 'After Port Royal is attacked and pillaged by a mysterious pirate crew, capturing the governor''s daughter Elizabeth Swann in the process, William Turner asks free-willing pirate Jack Sparrow to help him locate the crew''s ship—The Black Pearl—so that he can rescue the woman he loves.', 2003, 'PG-13', 'Film');
INSERT IGNORE INTO Film VALUES ('Pirates of the Caribbean: The Curse of the Black Pearl', 143, 'Gore Verbinski');
INSERT IGNORE INTO Genre_Konten VALUES ('Pirates of the Caribbean: The Curse of the Black Pearl', 7);
INSERT IGNORE INTO Genre_Konten VALUES ('Pirates of the Caribbean: The Curse of the Black Pearl', 6);
INSERT IGNORE INTO Genre_Konten VALUES ('Pirates of the Caribbean: The Curse of the Black Pearl', 1);
INSERT IGNORE INTO Aktor (`nama_lengkap`) VALUES ('Johnny Depp');
INSERT IGNORE INTO Peran VALUES ('Johnny Depp', 'Pirates of the Caribbean: The Curse of the Black Pearl', 'Jack Sparrow');
INSERT IGNORE INTO Aktor (`nama_lengkap`) VALUES ('Geoffrey Rush');
INSERT IGNORE INTO Peran VALUES ('Geoffrey Rush', 'Pirates of the Caribbean: The Curse of the Black Pearl', 'Barbossa');
INSERT IGNORE INTO Aktor (`nama_lengkap`) VALUES ('Orlando Bloom');
INSERT IGNORE INTO Peran VALUES ('Orlando Bloom', 'Pirates of the Caribbean: The Curse of the Black Pearl', 'Will Turner');
INSERT IGNORE INTO Aktor (`nama_lengkap`) VALUES ('Keira Knightley');
INSERT IGNORE INTO Peran VALUES ('Keira Knightley', 'Pirates of the Caribbean: The Curse of the Black Pearl', 'Elizabeth Swann');
INSERT IGNORE INTO Aktor (`nama_lengkap`) VALUES ('Jack Davenport');
INSERT IGNORE INTO Peran VALUES ('Jack Davenport', 'Pirates of the Caribbean: The Curse of the Black Pearl', 'Norrington');
INSERT IGNORE INTO Aktor (`nama_lengkap`) VALUES ('Jonathan Pryce');
INSERT IGNORE INTO Peran VALUES ('Jonathan Pryce', 'Pirates of the Caribbean: The Curse of the Black Pearl', 'Governor Weatherby Swann');
INSERT IGNORE INTO Aktor (`nama_lengkap`) VALUES ('Lee Arenberg');
INSERT IGNORE INTO Peran VALUES ('Lee Arenberg', 'Pirates of the Caribbean: The Curse of the Black Pearl', 'Pintel');
INSERT IGNORE INTO Aktor (`nama_lengkap`) VALUES ('Mackenzie Crook');
INSERT IGNORE INTO Peran VALUES ('Mackenzie Crook', 'Pirates of the Caribbean: The Curse of the Black Pearl', 'Ragetti');
INSERT IGNORE INTO Aktor (`nama_lengkap`) VALUES ('Damian O''Hare');
INSERT IGNORE INTO Peran VALUES ('Damian O''Hare', 'Pirates of the Caribbean: The Curse of the Black Pearl', 'Lt. Gillette');
INSERT IGNORE INTO Aktor (`nama_lengkap`) VALUES ('Giles New');
INSERT IGNORE INTO Peran VALUES ('Giles New', 'Pirates of the Caribbean: The Curse of the Black Pearl', 'Murtogg');
INSERT IGNORE INTO Audio VALUES ('Pirates of the Caribbean: The Curse of the Black Pearl', 'Jepang');
INSERT IGNORE INTO Audio VALUES ('Pirates of the Caribbean: The Curse of the Black Pearl', 'Spanyol');
INSERT IGNORE INTO Subtitle VALUES ('Pirates of the Caribbean: The Curse of the Black Pearl', 'Korea');
INSERT IGNORE INTO Konten VALUES ('Shrek', 'It ain''t easy bein'' green -- especially if you''re a likable (albeit smelly) ogre named Shrek. On a mission to retrieve a gorgeous princess from the clutches of a fire-breathing dragon, Shrek teams up with an unlikely compatriot -- a wisecracking donkey.', 2001, 'PG', 'Film');
INSERT IGNORE INTO Film VALUES ('Shrek', 90, 'Andrew Adamson');
INSERT IGNORE INTO Genre_Konten VALUES ('Shrek', 12);
INSERT IGNORE INTO Genre_Konten VALUES ('Shrek', 8);
INSERT IGNORE INTO Genre_Konten VALUES ('Shrek', 6);
INSERT IGNORE INTO Genre_Konten VALUES ('Shrek', 7);
INSERT IGNORE INTO Genre_Konten VALUES ('Shrek', 9);
INSERT IGNORE INTO Aktor (`nama_lengkap`) VALUES ('Mike Myers');
INSERT IGNORE INTO Peran VALUES ('Mike Myers', 'Shrek', 'Shrek / Blind Mouse (voice)');
INSERT IGNORE INTO Aktor (`nama_lengkap`) VALUES ('Eddie Murphy');
INSERT IGNORE INTO Peran VALUES ('Eddie Murphy', 'Shrek', 'Donkey (voice)');
INSERT IGNORE INTO Aktor (`nama_lengkap`) VALUES ('Cameron Diaz');
INSERT IGNORE INTO Peran VALUES ('Cameron Diaz', 'Shrek', 'Princess Fiona (voice)');
INSERT IGNORE INTO Aktor (`nama_lengkap`) VALUES ('John Lithgow');
INSERT IGNORE INTO Peran VALUES ('John Lithgow', 'Shrek', 'Lord Farquaad (voice)');
INSERT IGNORE INTO Aktor (`nama_lengkap`) VALUES ('Vincent Cassel');
INSERT IGNORE INTO Peran VALUES ('Vincent Cassel', 'Shrek', 'Monsieur Hood (voice)');
INSERT IGNORE INTO Aktor (`nama_lengkap`) VALUES ('Peter Dennis');
INSERT IGNORE INTO Peran VALUES ('Peter Dennis', 'Shrek', 'Ogre Hunter (voice)');
INSERT IGNORE INTO Aktor (`nama_lengkap`) VALUES ('Clive Pearse');
INSERT IGNORE INTO Peran VALUES ('Clive Pearse', 'Shrek', 'Ogre Hunter (voice)');
INSERT IGNORE INTO Aktor (`nama_lengkap`) VALUES ('Jim Cummings');
INSERT IGNORE INTO Peran VALUES ('Jim Cummings', 'Shrek', 'Captain of the Guards (voice)');
INSERT IGNORE INTO Aktor (`nama_lengkap`) VALUES ('Bobby Block');
INSERT IGNORE INTO Peran VALUES ('Bobby Block', 'Shrek', 'Baby Bear (voice)');
INSERT IGNORE INTO Aktor (`nama_lengkap`) VALUES ('Chris Miller');
INSERT IGNORE INTO Peran VALUES ('Chris Miller', 'Shrek', 'Geppetto / Magic Mirror (voice)');
INSERT IGNORE INTO Audio VALUES ('Shrek', 'Indonesia');
INSERT IGNORE INTO Audio VALUES ('Shrek', 'Spanyol');
INSERT IGNORE INTO Subtitle VALUES ('Shrek', 'Korea');
INSERT IGNORE INTO Subtitle VALUES ('Shrek', 'Spanyol');
INSERT IGNORE INTO Subtitle VALUES ('Shrek', 'Inggris');
INSERT IGNORE INTO Subtitle VALUES ('Shrek', 'Jepang');
INSERT IGNORE INTO Konten VALUES ('White Chicks', 'Two FBI agent brothers, Marcus and Kevin Copeland, accidentally foil a drug bust. To avoid being fired they accept a mission escorting a pair of socialites to the Hamptons--but when the girls are disfigured in a car accident, they refuse to go. Left without options, Marcus and Kevin decide to pose as the sisters, transforming themselves from black men into rich white women.', 2004, 'PG-13', 'Film');
INSERT IGNORE INTO Film VALUES ('White Chicks', 109, 'Keenen Ivory Wayans');
INSERT IGNORE INTO Genre_Konten VALUES ('White Chicks', 8);
INSERT IGNORE INTO Genre_Konten VALUES ('White Chicks', 2);
INSERT IGNORE INTO Aktor (`nama_lengkap`) VALUES ('Shawn Wayans');
INSERT IGNORE INTO Peran VALUES ('Shawn Wayans', 'White Chicks', 'Kevin Copeland / Brittany Wilson');
INSERT IGNORE INTO Aktor (`nama_lengkap`) VALUES ('Marlon Wayans');
INSERT IGNORE INTO Peran VALUES ('Marlon Wayans', 'White Chicks', 'Marcus Anthony Copeland II / Tiffany Wilson');
INSERT IGNORE INTO Aktor (`nama_lengkap`) VALUES ('Frankie Faison');
INSERT IGNORE INTO Peran VALUES ('Frankie Faison', 'White Chicks', 'Elliott Gordon');
INSERT IGNORE INTO Aktor (`nama_lengkap`) VALUES ('Terry Crews');
INSERT IGNORE INTO Peran VALUES ('Terry Crews', 'White Chicks', 'Latrell Spencer');
INSERT IGNORE INTO Aktor (`nama_lengkap`) VALUES ('Faune Chambers Watkins');
INSERT IGNORE INTO Peran VALUES ('Faune Chambers Watkins', 'White Chicks', 'Gina Copeland');
INSERT IGNORE INTO Aktor (`nama_lengkap`) VALUES ('Rochelle Aytes');
INSERT IGNORE INTO Peran VALUES ('Rochelle Aytes', 'White Chicks', 'Denise Porter');
INSERT IGNORE INTO Aktor (`nama_lengkap`) VALUES ('John Heard');
INSERT IGNORE INTO Peran VALUES ('John Heard', 'White Chicks', 'Warren Vandergeld');
INSERT IGNORE INTO Aktor (`nama_lengkap`) VALUES ('Lochlyn Munro');
INSERT IGNORE INTO Peran VALUES ('Lochlyn Munro', 'White Chicks', 'Agent Jake Harper');
INSERT IGNORE INTO Aktor (`nama_lengkap`) VALUES ('Busy Philipps');
INSERT IGNORE INTO Peran VALUES ('Busy Philipps', 'White Chicks', 'Karen Googlestein');
INSERT IGNORE INTO Aktor (`nama_lengkap`) VALUES ('Jennifer Carpenter');
INSERT IGNORE INTO Peran VALUES ('Jennifer Carpenter', 'White Chicks', 'Lisa Anderson');
INSERT IGNORE INTO Audio VALUES ('White Chicks', 'Indonesia');
INSERT IGNORE INTO Audio VALUES ('White Chicks', 'Korea');
INSERT IGNORE INTO Subtitle VALUES ('White Chicks', 'Jepang');
INSERT IGNORE INTO Subtitle VALUES ('White Chicks', 'Korea');
INSERT IGNORE INTO Subtitle VALUES ('White Chicks', 'Indonesia');
INSERT IGNORE INTO Konten VALUES ('The Pianist', 'The true story of pianist Władysław Szpilman''s experiences in Warsaw during the Nazi occupation. When the Jews of the city find themselves forced into a ghetto, Szpilman finds work playing in a café; and when his family is deported in 1942, he stays behind, works for a while as a laborer, and eventually goes into hiding in the ruins of the war-torn city.', 2002, 'R', 'Film');
INSERT IGNORE INTO Film VALUES ('The Pianist', 150, 'Roman Polanski');
INSERT IGNORE INTO Genre_Konten VALUES ('The Pianist', 4);
INSERT IGNORE INTO Genre_Konten VALUES ('The Pianist', 16);
INSERT IGNORE INTO Aktor (`nama_lengkap`) VALUES ('Adrien Brody');
INSERT IGNORE INTO Peran VALUES ('Adrien Brody', 'The Pianist', 'Władysław ''Władek'' Szpilman');
INSERT IGNORE INTO Aktor (`nama_lengkap`) VALUES ('Thomas Kretschmann');
INSERT IGNORE INTO Peran VALUES ('Thomas Kretschmann', 'The Pianist', 'Captain Wilm Hosenfeld');
INSERT IGNORE INTO Aktor (`nama_lengkap`) VALUES ('Frank Finlay');
INSERT IGNORE INTO Peran VALUES ('Frank Finlay', 'The Pianist', 'Father');
INSERT IGNORE INTO Aktor (`nama_lengkap`) VALUES ('Maureen Lipman');
INSERT IGNORE INTO Peran VALUES ('Maureen Lipman', 'The Pianist', 'Mother');
INSERT IGNORE INTO Aktor (`nama_lengkap`) VALUES ('Emilia Fox');
INSERT IGNORE INTO Peran VALUES ('Emilia Fox', 'The Pianist', 'Dorota');
INSERT IGNORE INTO Aktor (`nama_lengkap`) VALUES ('Ed Stoppard');
INSERT IGNORE INTO Peran VALUES ('Ed Stoppard', 'The Pianist', 'Henryk Szpilman');
INSERT IGNORE INTO Aktor (`nama_lengkap`) VALUES ('Julia Rayner');
INSERT IGNORE INTO Peran VALUES ('Julia Rayner', 'The Pianist', 'Regina Szpilman');
INSERT IGNORE INTO Aktor (`nama_lengkap`) VALUES ('Jessica Kate Meyer');
INSERT IGNORE INTO Peran VALUES ('Jessica Kate Meyer', 'The Pianist', 'Halina Szpilman');
INSERT IGNORE INTO Aktor (`nama_lengkap`) VALUES ('Michał Żebrowski');
INSERT IGNORE INTO Peran VALUES ('Michał Żebrowski', 'The Pianist', 'Jurek');
INSERT IGNORE INTO Aktor (`nama_lengkap`) VALUES ('Wanja Mues');
INSERT IGNORE INTO Peran VALUES ('Wanja Mues', 'The Pianist', 'SS Slapping Father');
INSERT IGNORE INTO Audio VALUES ('The Pianist', 'Korea');
INSERT IGNORE INTO Audio VALUES ('The Pianist', 'Indonesia');
INSERT IGNORE INTO Audio VALUES ('The Pianist', 'Jepang');
INSERT IGNORE INTO Subtitle VALUES ('The Pianist', 'Inggris');
INSERT IGNORE INTO Subtitle VALUES ('The Pianist', 'Spanyol');
INSERT IGNORE INTO Konten VALUES ('Coraline', 'Wandering her rambling old house in her boring new town, 11-year-old Coraline discovers a hidden door to a strangely idealized version of her life. In order to stay in the fantasy, she must make a frighteningly real sacrifice.', 2009, 'PG', 'Film');
INSERT IGNORE INTO Film VALUES ('Coraline', 100, 'Henry Selick');
INSERT IGNORE INTO Genre_Konten VALUES ('Coraline', 12);
INSERT IGNORE INTO Genre_Konten VALUES ('Coraline', 9);
INSERT IGNORE INTO Genre_Konten VALUES ('Coraline', 6);
INSERT IGNORE INTO Aktor (`nama_lengkap`) VALUES ('Dakota Fanning');
INSERT IGNORE INTO Peran VALUES ('Dakota Fanning', 'Coraline', 'Coraline Jones (voice)');
INSERT IGNORE INTO Aktor (`nama_lengkap`) VALUES ('Teri Hatcher');
INSERT IGNORE INTO Peran VALUES ('Teri Hatcher', 'Coraline', 'Mel Jones / Other Mother (voice)');
INSERT IGNORE INTO Aktor (`nama_lengkap`) VALUES ('Jennifer Saunders');
INSERT IGNORE INTO Peran VALUES ('Jennifer Saunders', 'Coraline', 'Miss April Spink / Other Spink (voice)');
INSERT IGNORE INTO Aktor (`nama_lengkap`) VALUES ('Dawn French');
INSERT IGNORE INTO Peran VALUES ('Dawn French', 'Coraline', 'Miss Miriam Forcible / Other Forcible (voice)');
INSERT IGNORE INTO Aktor (`nama_lengkap`) VALUES ('Keith David');
INSERT IGNORE INTO Peran VALUES ('Keith David', 'Coraline', 'The Cat (voice)');
INSERT IGNORE INTO Aktor (`nama_lengkap`) VALUES ('John Hodgman');
INSERT IGNORE INTO Peran VALUES ('John Hodgman', 'Coraline', 'Charlie Jones / Other Father (voice)');
INSERT IGNORE INTO Aktor (`nama_lengkap`) VALUES ('Robert Bailey Jr.');
INSERT IGNORE INTO Peran VALUES ('Robert Bailey Jr.', 'Coraline', 'Wyborne ''Wybie'' Lovat (voice)');
INSERT IGNORE INTO Aktor (`nama_lengkap`) VALUES ('Ian McShane');
INSERT IGNORE INTO Peran VALUES ('Ian McShane', 'Coraline', 'Mr. Sergei Alexander Bobinsky / Other Bobinsky (voice)');
INSERT IGNORE INTO Aktor (`nama_lengkap`) VALUES ('Aankha Neal');
INSERT IGNORE INTO Peran VALUES ('Aankha Neal', 'Coraline', 'Sweet Ghost Girl (voice)');
INSERT IGNORE INTO Aktor (`nama_lengkap`) VALUES ('George Selick');
INSERT IGNORE INTO Peran VALUES ('George Selick', 'Coraline', 'Ghost Boy (voice)');
INSERT IGNORE INTO Audio VALUES ('Coraline', 'Indonesia');
INSERT IGNORE INTO Subtitle VALUES ('Coraline', 'Spanyol');
INSERT IGNORE INTO Subtitle VALUES ('Coraline', 'Inggris');
INSERT IGNORE INTO Subtitle VALUES ('Coraline', 'Jepang');
INSERT IGNORE INTO Konten VALUES ('The Astronaut', 'After returning from her first space mission, astronaut Sam Walker is placed under NASA’s care at a high security house for rehabilitation and medical testing. However, when disturbing occurrences begin happening around the property, she fears that something extraterrestrial has followed her back to Earth', 2025, 'NR', 'Film');
INSERT IGNORE INTO Film VALUES ('The Astronaut', 90, 'Jess Varley');
INSERT IGNORE INTO Genre_Konten VALUES ('The Astronaut', 5);
INSERT IGNORE INTO Genre_Konten VALUES ('The Astronaut', 10);
INSERT IGNORE INTO Genre_Konten VALUES ('The Astronaut', 3);
INSERT IGNORE INTO Aktor (`nama_lengkap`) VALUES ('Kate Mara');
INSERT IGNORE INTO Peran VALUES ('Kate Mara', 'The Astronaut', 'Sam Walker');
INSERT IGNORE INTO Aktor (`nama_lengkap`) VALUES ('Laurence Fishburne');
INSERT IGNORE INTO Peran VALUES ('Laurence Fishburne', 'The Astronaut', 'General William Harris');
INSERT IGNORE INTO Aktor (`nama_lengkap`) VALUES ('Gabriel Luna');
INSERT IGNORE INTO Peran VALUES ('Gabriel Luna', 'The Astronaut', 'Mark');
INSERT IGNORE INTO Aktor (`nama_lengkap`) VALUES ('Ivana Miličević');
INSERT IGNORE INTO Peran VALUES ('Ivana Miličević', 'The Astronaut', 'Dr. Michelle Aiden');
INSERT IGNORE INTO Aktor (`nama_lengkap`) VALUES ('Scarlett Holmes');
INSERT IGNORE INTO Peran VALUES ('Scarlett Holmes', 'The Astronaut', 'Izzy');
INSERT IGNORE INTO Aktor (`nama_lengkap`) VALUES ('Macy Gray');
INSERT IGNORE INTO Peran VALUES ('Macy Gray', 'The Astronaut', 'Val');
INSERT IGNORE INTO Aktor (`nama_lengkap`) VALUES ('Reza Diako');
INSERT IGNORE INTO Peran VALUES ('Reza Diako', 'The Astronaut', 'Ethan Marshall');
INSERT IGNORE INTO Audio VALUES ('The Astronaut', 'Indonesia');
INSERT IGNORE INTO Audio VALUES ('The Astronaut', 'Jepang');
INSERT IGNORE INTO Audio VALUES ('The Astronaut', 'Inggris');
INSERT IGNORE INTO Subtitle VALUES ('The Astronaut', 'Indonesia');
INSERT IGNORE INTO Subtitle VALUES ('The Astronaut', 'Korea');
INSERT IGNORE INTO Konten VALUES ('The Twits', 'When the meanest, nastiest villains pull a trick to take over their town, two brave children team up with a family of magical animals to bring them down.', 2025, 'PG', 'Film');
INSERT IGNORE INTO Film VALUES ('The Twits', 99, 'Phil Johnston');
INSERT IGNORE INTO Genre_Konten VALUES ('The Twits', 12);
INSERT IGNORE INTO Genre_Konten VALUES ('The Twits', 8);
INSERT IGNORE INTO Genre_Konten VALUES ('The Twits', 9);
INSERT IGNORE INTO Genre_Konten VALUES ('The Twits', 6);
INSERT IGNORE INTO Aktor (`nama_lengkap`) VALUES ('Margo Martindale');
INSERT IGNORE INTO Peran VALUES ('Margo Martindale', 'The Twits', 'Credenza Twit (voice)');
INSERT IGNORE INTO Aktor (`nama_lengkap`) VALUES ('Johnny Vegas');
INSERT IGNORE INTO Peran VALUES ('Johnny Vegas', 'The Twits', 'Jim Twit (voice)');
INSERT IGNORE INTO Aktor (`nama_lengkap`) VALUES ('Maitreyi Ramakrishnan');
INSERT IGNORE INTO Peran VALUES ('Maitreyi Ramakrishnan', 'The Twits', 'Beesha Balti (voice)');
INSERT IGNORE INTO Aktor (`nama_lengkap`) VALUES ('Ryan Anderson Lopez');
INSERT IGNORE INTO Peran VALUES ('Ryan Anderson Lopez', 'The Twits', 'Busby Mulch (voice)');
INSERT IGNORE INTO Aktor (`nama_lengkap`) VALUES ('Emilia Clarke');
INSERT IGNORE INTO Peran VALUES ('Emilia Clarke', 'The Twits', 'Pippa (voice)');
INSERT IGNORE INTO Aktor (`nama_lengkap`) VALUES ('Natalie Portman');
INSERT IGNORE INTO Peran VALUES ('Natalie Portman', 'The Twits', 'Mary Muggle-Wump (voice)');
INSERT IGNORE INTO Aktor (`nama_lengkap`) VALUES ('Timothy Simons');
INSERT IGNORE INTO Peran VALUES ('Timothy Simons', 'The Twits', 'Marty Muggle-Wump (voice)');
INSERT IGNORE INTO Aktor (`nama_lengkap`) VALUES ('Nicole Byer');
INSERT IGNORE INTO Peran VALUES ('Nicole Byer', 'The Twits', 'Beverly Onion (voice)');
INSERT IGNORE INTO Aktor (`nama_lengkap`) VALUES ('Jason Mantzoukas');
INSERT IGNORE INTO Peran VALUES ('Jason Mantzoukas', 'The Twits', 'Mayor Wayne John John-John (voice)');
INSERT IGNORE INTO Aktor (`nama_lengkap`) VALUES ('Alan Tudyk');
INSERT IGNORE INTO Peran VALUES ('Alan Tudyk', 'The Twits', 'The Sweet-Toed Toad (voice)');
INSERT IGNORE INTO Audio VALUES ('The Twits', 'Jepang');
INSERT IGNORE INTO Audio VALUES ('The Twits', 'Inggris');
INSERT IGNORE INTO Subtitle VALUES ('The Twits', 'Korea');
INSERT IGNORE INTO Subtitle VALUES ('The Twits', 'Indonesia');
INSERT IGNORE INTO Konten VALUES ('Mission Blue', 'This documentary follows oceanographer Sylvia Earle''s campaign to save the world''s oceans from threats such as overfishing and toxic waste.', 2014, 'PG', 'Film');
INSERT IGNORE INTO Film VALUES ('Mission Blue', 94, 'Robert Nixon');
INSERT IGNORE INTO Genre_Konten VALUES ('Mission Blue', 17);
INSERT IGNORE INTO Aktor (`nama_lengkap`) VALUES ('James Cameron');
INSERT IGNORE INTO Peran VALUES ('James Cameron', 'Mission Blue', 'Self');
INSERT IGNORE INTO Aktor (`nama_lengkap`) VALUES ('Michael deGruy');
INSERT IGNORE INTO Peran VALUES ('Michael deGruy', 'Mission Blue', 'Self (archive footage)');
INSERT IGNORE INTO Aktor (`nama_lengkap`) VALUES ('Sylvia Earle');
INSERT IGNORE INTO Peran VALUES ('Sylvia Earle', 'Mission Blue', 'Self');
INSERT IGNORE INTO Aktor (`nama_lengkap`) VALUES ('Bryce Groark');
INSERT IGNORE INTO Peran VALUES ('Bryce Groark', 'Mission Blue', 'Self');
INSERT IGNORE INTO Aktor (`nama_lengkap`) VALUES ('Jeremy Jackson');
INSERT IGNORE INTO Peran VALUES ('Jeremy Jackson', 'Mission Blue', 'Self');
INSERT IGNORE INTO Aktor (`nama_lengkap`) VALUES ('Carl Safina');
INSERT IGNORE INTO Peran VALUES ('Carl Safina', 'Mission Blue', 'Self');
INSERT IGNORE INTO Aktor (`nama_lengkap`) VALUES ('Fisher Stevens');
INSERT IGNORE INTO Peran VALUES ('Fisher Stevens', 'Mission Blue', 'Self');
INSERT IGNORE INTO Audio VALUES ('Mission Blue', 'Spanyol');
INSERT IGNORE INTO Audio VALUES ('Mission Blue', 'Inggris');
INSERT IGNORE INTO Audio VALUES ('Mission Blue', 'Indonesia');
INSERT IGNORE INTO Subtitle VALUES ('Mission Blue', 'Spanyol');
INSERT IGNORE INTO Konten VALUES ('Ghost Rider', 'In order to save his dying father, young stunt cyclist Johnny Blaze sells his soul to Mephistopheles and sadly parts from the pure-hearted Roxanne Simpson, the love of his life. Years later, Johnny''s path crosses again with Roxanne, now a go-getting reporter, and also with Mephistopheles, who offers to release Johnny''s soul if Johnny becomes the fabled, fiery ''Ghost Rider''.', 2007, 'PG-13', 'Film');
INSERT IGNORE INTO Film VALUES ('Ghost Rider', 114, 'Mark Steven Johnson');
INSERT IGNORE INTO Genre_Konten VALUES ('Ghost Rider', 3);
INSERT IGNORE INTO Genre_Konten VALUES ('Ghost Rider', 1);
INSERT IGNORE INTO Genre_Konten VALUES ('Ghost Rider', 6);
INSERT IGNORE INTO Aktor (`nama_lengkap`) VALUES ('Nicolas Cage');
INSERT IGNORE INTO Peran VALUES ('Nicolas Cage', 'Ghost Rider', 'Johnny Blaze / Ghost Rider');
INSERT IGNORE INTO Aktor (`nama_lengkap`) VALUES ('Eva Mendes');
INSERT IGNORE INTO Peran VALUES ('Eva Mendes', 'Ghost Rider', 'Roxanne Simpson');
INSERT IGNORE INTO Aktor (`nama_lengkap`) VALUES ('Sam Elliott');
INSERT IGNORE INTO Peran VALUES ('Sam Elliott', 'Ghost Rider', 'Carter Slade / Phantom Rider');
INSERT IGNORE INTO Aktor (`nama_lengkap`) VALUES ('Wes Bentley');
INSERT IGNORE INTO Peran VALUES ('Wes Bentley', 'Ghost Rider', 'Blackheart / Black King');
INSERT IGNORE INTO Aktor (`nama_lengkap`) VALUES ('Peter Fonda');
INSERT IGNORE INTO Peran VALUES ('Peter Fonda', 'Ghost Rider', 'Mephistopheles / Mephisto');
INSERT IGNORE INTO Aktor (`nama_lengkap`) VALUES ('Matt Long');
INSERT IGNORE INTO Peran VALUES ('Matt Long', 'Ghost Rider', 'Young Johnny Blaze');
INSERT IGNORE INTO Aktor (`nama_lengkap`) VALUES ('Brett Cullen');
INSERT IGNORE INTO Peran VALUES ('Brett Cullen', 'Ghost Rider', 'Barton Blaze');
INSERT IGNORE INTO Aktor (`nama_lengkap`) VALUES ('Raquel Alessi');
INSERT IGNORE INTO Peran VALUES ('Raquel Alessi', 'Ghost Rider', 'Young Roxanne Simpson');
INSERT IGNORE INTO Aktor (`nama_lengkap`) VALUES ('Donal Logue');
INSERT IGNORE INTO Peran VALUES ('Donal Logue', 'Ghost Rider', 'Mack');
INSERT IGNORE INTO Aktor (`nama_lengkap`) VALUES ('Tony Ghosthawk');
INSERT IGNORE INTO Peran VALUES ('Tony Ghosthawk', 'Ghost Rider', 'Team Blaze');
INSERT IGNORE INTO Audio VALUES ('Ghost Rider', 'Spanyol');
INSERT IGNORE INTO Subtitle VALUES ('Ghost Rider', 'Inggris');
INSERT IGNORE INTO Konten VALUES ('Five Nights at Freddy''s 2', 'One year since the supernatural nightmare at Freddy Fazbear''s Pizza, the stories about what transpired there have been twisted into a campy local legend, inspiring the town''s first ever Fazfest. With the truth about what transpired kept from her, Abby sneaks out to reconnect with Freddy, Bonnie, Chica, and Foxy, setting into motion a terrifying series of events that will reveal dark secrets about the true origin of Freddy''s, and unleash a long-forgotten horror hidden away for decades.', 2025, '13+', 'Film');
INSERT IGNORE INTO Film VALUES ('Five Nights at Freddy''s 2', 104, 'Emma Tammi');
INSERT IGNORE INTO Genre_Konten VALUES ('Five Nights at Freddy''s 2', 5);
INSERT IGNORE INTO Genre_Konten VALUES ('Five Nights at Freddy''s 2', 3);
INSERT IGNORE INTO Aktor (`nama_lengkap`) VALUES ('Josh Hutcherson');
INSERT IGNORE INTO Peran VALUES ('Josh Hutcherson', 'Five Nights at Freddy''s 2', 'Mike');
INSERT IGNORE INTO Aktor (`nama_lengkap`) VALUES ('Elizabeth Lail');
INSERT IGNORE INTO Peran VALUES ('Elizabeth Lail', 'Five Nights at Freddy''s 2', 'Vanessa');
INSERT IGNORE INTO Aktor (`nama_lengkap`) VALUES ('Piper Rubio');
INSERT IGNORE INTO Peran VALUES ('Piper Rubio', 'Five Nights at Freddy''s 2', 'Abby');
INSERT IGNORE INTO Aktor (`nama_lengkap`) VALUES ('Matthew Lillard');
INSERT IGNORE INTO Peran VALUES ('Matthew Lillard', 'Five Nights at Freddy''s 2', 'William Afton');
INSERT IGNORE INTO Aktor (`nama_lengkap`) VALUES ('Theodus Crane');
INSERT IGNORE INTO Peran VALUES ('Theodus Crane', 'Five Nights at Freddy''s 2', 'Jeremiah');
INSERT IGNORE INTO Aktor (`nama_lengkap`) VALUES ('Freddy Carter');
INSERT IGNORE INTO Peran VALUES ('Freddy Carter', 'Five Nights at Freddy''s 2', 'Michael');
INSERT IGNORE INTO Aktor (`nama_lengkap`) VALUES ('Mckenna Grace');
INSERT IGNORE INTO Peran VALUES ('Mckenna Grace', 'Five Nights at Freddy''s 2', 'Lisa');
INSERT IGNORE INTO Aktor (`nama_lengkap`) VALUES ('Skeet Ulrich');
INSERT IGNORE INTO Peran VALUES ('Skeet Ulrich', 'Five Nights at Freddy''s 2', 'Henry Emily');
INSERT IGNORE INTO Aktor (`nama_lengkap`) VALUES ('Teo Briones');
INSERT IGNORE INTO Peran VALUES ('Teo Briones', 'Five Nights at Freddy''s 2', 'Alex');
INSERT IGNORE INTO Aktor (`nama_lengkap`) VALUES ('Wayne Knight');
INSERT IGNORE INTO Peran VALUES ('Wayne Knight', 'Five Nights at Freddy''s 2', 'Mr. Berg');
INSERT IGNORE INTO Audio VALUES ('Five Nights at Freddy''s 2', 'Jepang');
INSERT IGNORE INTO Subtitle VALUES ('Five Nights at Freddy''s 2', 'Korea');
INSERT IGNORE INTO Subtitle VALUES ('Five Nights at Freddy''s 2', 'Spanyol');
INSERT IGNORE INTO Subtitle VALUES ('Five Nights at Freddy''s 2', 'Jepang');
INSERT IGNORE INTO Subtitle VALUES ('Five Nights at Freddy''s 2', 'Inggris');
INSERT IGNORE INTO Konten VALUES ('Vāranāsi', 'When an asteroid hits the city of Vāranāsi in India, what are the events that it leads to? Is the world about to be doomed? Does it need a saviour who has to traverse across the continents and timelines to influence the most crucial moment in the history of earth?', NULL, 'NR', 'Film');
INSERT IGNORE INTO Film VALUES ('Vāranāsi', 0, 'S. S. Rajamouli');
INSERT IGNORE INTO Genre_Konten VALUES ('Vāranāsi', 7);
INSERT IGNORE INTO Genre_Konten VALUES ('Vāranāsi', 1);
INSERT IGNORE INTO Genre_Konten VALUES ('Vāranāsi', 10);
INSERT IGNORE INTO Genre_Konten VALUES ('Vāranāsi', 6);
INSERT IGNORE INTO Aktor (`nama_lengkap`) VALUES ('Mahesh Babu');
INSERT IGNORE INTO Peran VALUES ('Mahesh Babu', 'Vāranāsi', 'Rudhra');
INSERT IGNORE INTO Aktor (`nama_lengkap`) VALUES ('Priyanka Chopra Jonas');
INSERT IGNORE INTO Peran VALUES ('Priyanka Chopra Jonas', 'Vāranāsi', 'Mandakini');
INSERT IGNORE INTO Aktor (`nama_lengkap`) VALUES ('Prithviraj Sukumaran');
INSERT IGNORE INTO Peran VALUES ('Prithviraj Sukumaran', 'Vāranāsi', 'Kumbha');
INSERT IGNORE INTO Audio VALUES ('Vāranāsi', 'Spanyol');
INSERT IGNORE INTO Audio VALUES ('Vāranāsi', 'Korea');
INSERT IGNORE INTO Subtitle VALUES ('Vāranāsi', 'Indonesia');
INSERT IGNORE INTO Subtitle VALUES ('Vāranāsi', 'Spanyol');
INSERT IGNORE INTO Subtitle VALUES ('Vāranāsi', 'Inggris');
INSERT IGNORE INTO Subtitle VALUES ('Vāranāsi', 'Jepang');
INSERT IGNORE INTO Konten VALUES ('Accidentally Engaged', 'When unsuccessful actress Clarissa returns to her hometown for a wedding and tries to impress her old friends by claiming she''s dating big time celebrity Chas Hunter, she suddenly finds herself in a comically false engagement when her lies go public and Chas decides to join the festivities in a stunt to escape bad press.', 2016, 'NR', 'Film');
INSERT IGNORE INTO Film VALUES ('Accidentally Engaged', 86, 'Letia Clouston');
INSERT IGNORE INTO Genre_Konten VALUES ('Accidentally Engaged', 8);
INSERT IGNORE INTO Genre_Konten VALUES ('Accidentally Engaged', 13);
INSERT IGNORE INTO Genre VALUES (19, 'TV Movie');
INSERT IGNORE INTO Genre_Konten VALUES ('Accidentally Engaged', 19);
INSERT IGNORE INTO Aktor (`nama_lengkap`) VALUES ('Lexi Giovagnoli');
INSERT IGNORE INTO Peran VALUES ('Lexi Giovagnoli', 'Accidentally Engaged', 'Clarissa Byers');
INSERT IGNORE INTO Aktor (`nama_lengkap`) VALUES ('Lexi Atkins');
INSERT IGNORE INTO Peran VALUES ('Lexi Atkins', 'Accidentally Engaged', 'Maya Wilton');
INSERT IGNORE INTO Aktor (`nama_lengkap`) VALUES ('Randy Wayne');
INSERT IGNORE INTO Peran VALUES ('Randy Wayne', 'Accidentally Engaged', 'Graham');
INSERT IGNORE INTO Aktor (`nama_lengkap`) VALUES ('Maureen McCormick');
INSERT IGNORE INTO Peran VALUES ('Maureen McCormick', 'Accidentally Engaged', 'Jeannette');
INSERT IGNORE INTO Aktor (`nama_lengkap`) VALUES ('Joan Severance');
INSERT IGNORE INTO Peran VALUES ('Joan Severance', 'Accidentally Engaged', 'Sandy Byers');
INSERT IGNORE INTO Aktor (`nama_lengkap`) VALUES ('Brant Daugherty');
INSERT IGNORE INTO Peran VALUES ('Brant Daugherty', 'Accidentally Engaged', 'Chas Hunter');
INSERT IGNORE INTO Aktor (`nama_lengkap`) VALUES ('Nthenya Ndunda');
INSERT IGNORE INTO Peran VALUES ('Nthenya Ndunda', 'Accidentally Engaged', 'Veronica');
INSERT IGNORE INTO Aktor (`nama_lengkap`) VALUES ('Matt Clouston');
INSERT IGNORE INTO Peran VALUES ('Matt Clouston', 'Accidentally Engaged', 'Pete');
INSERT IGNORE INTO Aktor (`nama_lengkap`) VALUES ('Ashley Fink');
INSERT IGNORE INTO Peran VALUES ('Ashley Fink', 'Accidentally Engaged', 'Melody');
INSERT IGNORE INTO Aktor (`nama_lengkap`) VALUES ('Meredith May');
INSERT IGNORE INTO Peran VALUES ('Meredith May', 'Accidentally Engaged', 'Suzie Standish');
INSERT IGNORE INTO Audio VALUES ('Accidentally Engaged', 'Spanyol');
INSERT IGNORE INTO Subtitle VALUES ('Accidentally Engaged', 'Indonesia');
INSERT IGNORE INTO Subtitle VALUES ('Accidentally Engaged', 'Jepang');
INSERT IGNORE INTO Konten VALUES ('Dear Stranger', 'A Japanese man and his Chinese-American wife struggle with work, parenting, and caregiving in NYC. Their strained life spirals when their son is kidnapped, leading to murder. Unspoken truths and secrets surface, deepening their rift. Can they rebuild their shattered vision of a "happy family"?', 2025, 'NR', 'Film');
INSERT IGNORE INTO Film VALUES ('Dear Stranger', 138, 'Tetsuya Mariko');
INSERT IGNORE INTO Genre_Konten VALUES ('Dear Stranger', 4);
INSERT IGNORE INTO Aktor (`nama_lengkap`) VALUES ('Hidetoshi Nishijima');
INSERT IGNORE INTO Peran VALUES ('Hidetoshi Nishijima', 'Dear Stranger', 'Kenji Saiga');
INSERT IGNORE INTO Aktor (`nama_lengkap`) VALUES ('Gwei Lun-Mei');
INSERT IGNORE INTO Peran VALUES ('Gwei Lun-Mei', 'Dear Stranger', 'Jane Yang');
INSERT IGNORE INTO Aktor (`nama_lengkap`) VALUES ('Julian Wang');
INSERT IGNORE INTO Peran VALUES ('Julian Wang', 'Dear Stranger', 'Donovan "Donny" Fox');
INSERT IGNORE INTO Aktor (`nama_lengkap`) VALUES ('Christopher Mann');
INSERT IGNORE INTO Peran VALUES ('Christopher Mann', 'Dear Stranger', 'Detective Bixby');
INSERT IGNORE INTO Aktor (`nama_lengkap`) VALUES ('Everest Talde');
INSERT IGNORE INTO Peran VALUES ('Everest Talde', 'Dear Stranger', 'Kai Saiga');
INSERT IGNORE INTO Aktor (`nama_lengkap`) VALUES ('Fiona Fu');
INSERT IGNORE INTO Peran VALUES ('Fiona Fu', 'Dear Stranger', 'Shu-An Yao');
INSERT IGNORE INTO Aktor (`nama_lengkap`) VALUES ('Mia Reece');
INSERT IGNORE INTO Peran VALUES ('Mia Reece', 'Dear Stranger', 'Monica Lombera');
INSERT IGNORE INTO Aktor (`nama_lengkap`) VALUES ('James Chu');
INSERT IGNORE INTO Peran VALUES ('James Chu', 'Dear Stranger', 'En-Yu Yang');
INSERT IGNORE INTO Aktor (`nama_lengkap`) VALUES ('Aitor Martin');
INSERT IGNORE INTO Peran VALUES ('Aitor Martin', 'Dear Stranger', 'Miguel Lombera');
INSERT IGNORE INTO Aktor (`nama_lengkap`) VALUES ('Lanett Tachel');
INSERT IGNORE INTO Peran VALUES ('Lanett Tachel', 'Dear Stranger', 'Vanessa');
INSERT IGNORE INTO Audio VALUES ('Dear Stranger', 'Jepang');
INSERT IGNORE INTO Subtitle VALUES ('Dear Stranger', 'Jepang');
INSERT IGNORE INTO Subtitle VALUES ('Dear Stranger', 'Indonesia');
INSERT IGNORE INTO Subtitle VALUES ('Dear Stranger', 'Spanyol');
INSERT IGNORE INTO Konten VALUES ('The Lord of the Rings: The Return of the King', 'As armies mass for a final battle that will decide the fate of the world--and powerful, ancient forces of Light and Dark compete to determine the outcome--one member of the Fellowship of the Ring is revealed as the noble heir to the throne of the Kings of Men. Yet, the sole hope for triumph over evil lies with a brave hobbit, Frodo, who, accompanied by his loyal friend Sam and the hideous, wretched Gollum, ventures deep into the very dark heart of Mordor on his seemingly impossible quest to destroy the Ring of Power.​', 2003, 'PG-13', 'Film');
INSERT IGNORE INTO Film VALUES ('The Lord of the Rings: The Return of the King', 201, 'Peter Jackson');
INSERT IGNORE INTO Genre_Konten VALUES ('The Lord of the Rings: The Return of the King', 7);
INSERT IGNORE INTO Genre_Konten VALUES ('The Lord of the Rings: The Return of the King', 6);
INSERT IGNORE INTO Genre_Konten VALUES ('The Lord of the Rings: The Return of the King', 1);
INSERT IGNORE INTO Aktor (`nama_lengkap`) VALUES ('Elijah Wood');
INSERT IGNORE INTO Peran VALUES ('Elijah Wood', 'The Lord of the Rings: The Return of the King', 'Frodo');
INSERT IGNORE INTO Aktor (`nama_lengkap`) VALUES ('Ian McKellen');
INSERT IGNORE INTO Peran VALUES ('Ian McKellen', 'The Lord of the Rings: The Return of the King', 'Gandalf');
INSERT IGNORE INTO Aktor (`nama_lengkap`) VALUES ('Viggo Mortensen');
INSERT IGNORE INTO Peran VALUES ('Viggo Mortensen', 'The Lord of the Rings: The Return of the King', 'Aragorn');
INSERT IGNORE INTO Aktor (`nama_lengkap`) VALUES ('Sean Astin');
INSERT IGNORE INTO Peran VALUES ('Sean Astin', 'The Lord of the Rings: The Return of the King', 'Sam');
INSERT IGNORE INTO Aktor (`nama_lengkap`) VALUES ('Andy Serkis');
INSERT IGNORE INTO Peran VALUES ('Andy Serkis', 'The Lord of the Rings: The Return of the King', 'Gollum / Smeagol');
INSERT IGNORE INTO Aktor (`nama_lengkap`) VALUES ('Dominic Monaghan');
INSERT IGNORE INTO Peran VALUES ('Dominic Monaghan', 'The Lord of the Rings: The Return of the King', 'Merry');
INSERT IGNORE INTO Aktor (`nama_lengkap`) VALUES ('Billy Boyd');
INSERT IGNORE INTO Peran VALUES ('Billy Boyd', 'The Lord of the Rings: The Return of the King', 'Pippin');
INSERT IGNORE INTO Aktor (`nama_lengkap`) VALUES ('John Noble');
INSERT IGNORE INTO Peran VALUES ('John Noble', 'The Lord of the Rings: The Return of the King', 'Denethor');
INSERT IGNORE INTO Aktor (`nama_lengkap`) VALUES ('David Wenham');
INSERT IGNORE INTO Peran VALUES ('David Wenham', 'The Lord of the Rings: The Return of the King', 'Faramir');
INSERT IGNORE INTO Aktor (`nama_lengkap`) VALUES ('Miranda Otto');
INSERT IGNORE INTO Peran VALUES ('Miranda Otto', 'The Lord of the Rings: The Return of the King', 'Éowyn');
INSERT IGNORE INTO Audio VALUES ('The Lord of the Rings: The Return of the King', 'Korea');
INSERT IGNORE INTO Subtitle VALUES ('The Lord of the Rings: The Return of the King', 'Spanyol');
INSERT IGNORE INTO Subtitle VALUES ('The Lord of the Rings: The Return of the King', 'Korea');
INSERT IGNORE INTO Subtitle VALUES ('The Lord of the Rings: The Return of the King', 'Inggris');
INSERT IGNORE INTO Konten VALUES ('The Lord of the Rings: The Return of the King', 'As armies mass for a final battle that will decide the fate of the world--and powerful, ancient forces of Light and Dark compete to determine the outcome--one member of the Fellowship of the Ring is revealed as the noble heir to the throne of the Kings of Men. Yet, the sole hope for triumph over evil lies with a brave hobbit, Frodo, who, accompanied by his loyal friend Sam and the hideous, wretched Gollum, ventures deep into the very dark heart of Mordor on his seemingly impossible quest to destroy the Ring of Power.​', 2003, 'PG-13', 'Film');
INSERT IGNORE INTO Film VALUES ('The Lord of the Rings: The Return of the King', 201, 'Peter Jackson');
INSERT IGNORE INTO Genre_Konten VALUES ('The Lord of the Rings: The Return of the King', 7);
INSERT IGNORE INTO Genre_Konten VALUES ('The Lord of the Rings: The Return of the King', 6);
INSERT IGNORE INTO Genre_Konten VALUES ('The Lord of the Rings: The Return of the King', 1);
INSERT IGNORE INTO Aktor (`nama_lengkap`) VALUES ('Elijah Wood');
INSERT IGNORE INTO Peran VALUES ('Elijah Wood', 'The Lord of the Rings: The Return of the King', 'Frodo');
INSERT IGNORE INTO Aktor (`nama_lengkap`) VALUES ('Ian McKellen');
INSERT IGNORE INTO Peran VALUES ('Ian McKellen', 'The Lord of the Rings: The Return of the King', 'Gandalf');
INSERT IGNORE INTO Aktor (`nama_lengkap`) VALUES ('Viggo Mortensen');
INSERT IGNORE INTO Peran VALUES ('Viggo Mortensen', 'The Lord of the Rings: The Return of the King', 'Aragorn');
INSERT IGNORE INTO Aktor (`nama_lengkap`) VALUES ('Sean Astin');
INSERT IGNORE INTO Peran VALUES ('Sean Astin', 'The Lord of the Rings: The Return of the King', 'Sam');
INSERT IGNORE INTO Aktor (`nama_lengkap`) VALUES ('Andy Serkis');
INSERT IGNORE INTO Peran VALUES ('Andy Serkis', 'The Lord of the Rings: The Return of the King', 'Gollum / Smeagol');
INSERT IGNORE INTO Aktor (`nama_lengkap`) VALUES ('Dominic Monaghan');
INSERT IGNORE INTO Peran VALUES ('Dominic Monaghan', 'The Lord of the Rings: The Return of the King', 'Merry');
INSERT IGNORE INTO Aktor (`nama_lengkap`) VALUES ('Billy Boyd');
INSERT IGNORE INTO Peran VALUES ('Billy Boyd', 'The Lord of the Rings: The Return of the King', 'Pippin');
INSERT IGNORE INTO Aktor (`nama_lengkap`) VALUES ('John Noble');
INSERT IGNORE INTO Peran VALUES ('John Noble', 'The Lord of the Rings: The Return of the King', 'Denethor');
INSERT IGNORE INTO Aktor (`nama_lengkap`) VALUES ('David Wenham');
INSERT IGNORE INTO Peran VALUES ('David Wenham', 'The Lord of the Rings: The Return of the King', 'Faramir');
INSERT IGNORE INTO Aktor (`nama_lengkap`) VALUES ('Miranda Otto');
INSERT IGNORE INTO Peran VALUES ('Miranda Otto', 'The Lord of the Rings: The Return of the King', 'Éowyn');
INSERT IGNORE INTO Audio VALUES ('The Lord of the Rings: The Return of the King', 'Jepang');
INSERT IGNORE INTO Audio VALUES ('The Lord of the Rings: The Return of the King', 'Inggris');
INSERT IGNORE INTO Audio VALUES ('The Lord of the Rings: The Return of the King', 'Korea');
INSERT IGNORE INTO Subtitle VALUES ('The Lord of the Rings: The Return of the King', 'Jepang');
INSERT IGNORE INTO Subtitle VALUES ('The Lord of the Rings: The Return of the King', 'Spanyol');
INSERT IGNORE INTO Subtitle VALUES ('The Lord of the Rings: The Return of the King', 'Indonesia');
INSERT IGNORE INTO Konten VALUES ('Red Sonja', 'A young girl rises from the ashes of tragedy to become the most feared warrior woman of all time: the She-Devil with a Sword.', 2025, '17+', 'Film');
INSERT IGNORE INTO Film VALUES ('Red Sonja', 110, 'MJ Bassett');
INSERT IGNORE INTO Genre_Konten VALUES ('Red Sonja', 7);
INSERT IGNORE INTO Genre_Konten VALUES ('Red Sonja', 1);
INSERT IGNORE INTO Genre_Konten VALUES ('Red Sonja', 6);
INSERT IGNORE INTO Aktor (`nama_lengkap`) VALUES ('Matilda Lutz');
INSERT IGNORE INTO Peran VALUES ('Matilda Lutz', 'Red Sonja', 'Red Sonja');
INSERT IGNORE INTO Aktor (`nama_lengkap`) VALUES ('Robert Sheehan');
INSERT IGNORE INTO Peran VALUES ('Robert Sheehan', 'Red Sonja', 'Emperor Dragan the Magnificent');
INSERT IGNORE INTO Aktor (`nama_lengkap`) VALUES ('Wallis Day');
INSERT IGNORE INTO Peran VALUES ('Wallis Day', 'Red Sonja', 'Annisia');
INSERT IGNORE INTO Aktor (`nama_lengkap`) VALUES ('Luke Pasqualino');
INSERT IGNORE INTO Peran VALUES ('Luke Pasqualino', 'Red Sonja', 'Osin The Untouched');
INSERT IGNORE INTO Aktor (`nama_lengkap`) VALUES ('Michael Bisping');
INSERT IGNORE INTO Peran VALUES ('Michael Bisping', 'Red Sonja', 'Hawk');
INSERT IGNORE INTO Aktor (`nama_lengkap`) VALUES ('Martyn Ford');
INSERT IGNORE INTO Peran VALUES ('Martyn Ford', 'Red Sonja', 'General Karlak');
INSERT IGNORE INTO Aktor (`nama_lengkap`) VALUES ('Eliza Matengu');
INSERT IGNORE INTO Peran VALUES ('Eliza Matengu', 'Red Sonja', 'Amarak');
INSERT IGNORE INTO Aktor (`nama_lengkap`) VALUES ('Danica Davis');
INSERT IGNORE INTO Peran VALUES ('Danica Davis', 'Red Sonja', 'Teresia');
INSERT IGNORE INTO Aktor (`nama_lengkap`) VALUES ('Joana Nwamerue');
INSERT IGNORE INTO Peran VALUES ('Joana Nwamerue', 'Red Sonja', 'Varla');
INSERT IGNORE INTO Aktor (`nama_lengkap`) VALUES ('Manal El-Feitury');
INSERT IGNORE INTO Peran VALUES ('Manal El-Feitury', 'Red Sonja', 'Ayala');
INSERT IGNORE INTO Audio VALUES ('Red Sonja', 'Indonesia');
INSERT IGNORE INTO Audio VALUES ('Red Sonja', 'Inggris');
INSERT IGNORE INTO Audio VALUES ('Red Sonja', 'Korea');
INSERT IGNORE INTO Subtitle VALUES ('Red Sonja', 'Indonesia');
INSERT IGNORE INTO Subtitle VALUES ('Red Sonja', 'Korea');
INSERT IGNORE INTO Subtitle VALUES ('Red Sonja', 'Inggris');
INSERT IGNORE INTO Konten VALUES ('The Beekeeper', 'One man''s campaign for vengeance takes on national stakes after he is revealed to be a former operative of a powerful and clandestine organization known as Beekeepers.', 2024, '17+', 'Film');
INSERT IGNORE INTO Film VALUES ('The Beekeeper', 106, 'David Ayer');
INSERT IGNORE INTO Genre_Konten VALUES ('The Beekeeper', 1);
INSERT IGNORE INTO Genre_Konten VALUES ('The Beekeeper', 2);
INSERT IGNORE INTO Genre_Konten VALUES ('The Beekeeper', 3);
INSERT IGNORE INTO Aktor (`nama_lengkap`) VALUES ('Jason Statham');
INSERT IGNORE INTO Peran VALUES ('Jason Statham', 'The Beekeeper', 'Adam Clay');
INSERT IGNORE INTO Aktor (`nama_lengkap`) VALUES ('Emmy Raver-Lampman');
INSERT IGNORE INTO Peran VALUES ('Emmy Raver-Lampman', 'The Beekeeper', 'Agent Verona Parker');
INSERT IGNORE INTO Aktor (`nama_lengkap`) VALUES ('Josh Hutcherson');
INSERT IGNORE INTO Peran VALUES ('Josh Hutcherson', 'The Beekeeper', 'Derek Danforth');
INSERT IGNORE INTO Aktor (`nama_lengkap`) VALUES ('Jeremy Irons');
INSERT IGNORE INTO Peran VALUES ('Jeremy Irons', 'The Beekeeper', 'Wallace Westwyld');
INSERT IGNORE INTO Aktor (`nama_lengkap`) VALUES ('Bobby Naderi');
INSERT IGNORE INTO Peran VALUES ('Bobby Naderi', 'The Beekeeper', 'Agent Matt Wiley');
INSERT IGNORE INTO Aktor (`nama_lengkap`) VALUES ('David Witts');
INSERT IGNORE INTO Peran VALUES ('David Witts', 'The Beekeeper', 'Mickey Garnett');
INSERT IGNORE INTO Aktor (`nama_lengkap`) VALUES ('Michael Epp');
INSERT IGNORE INTO Peran VALUES ('Michael Epp', 'The Beekeeper', 'Pettis');
INSERT IGNORE INTO Aktor (`nama_lengkap`) VALUES ('Taylor James');
INSERT IGNORE INTO Peran VALUES ('Taylor James', 'The Beekeeper', 'Lazarus');
INSERT IGNORE INTO Aktor (`nama_lengkap`) VALUES ('Phylicia Rashād');
INSERT IGNORE INTO Peran VALUES ('Phylicia Rashād', 'The Beekeeper', 'Eloise Parker');
INSERT IGNORE INTO Aktor (`nama_lengkap`) VALUES ('Jemma Redgrave');
INSERT IGNORE INTO Peran VALUES ('Jemma Redgrave', 'The Beekeeper', 'President Danforth');
INSERT IGNORE INTO Audio VALUES ('The Beekeeper', 'Indonesia');
INSERT IGNORE INTO Audio VALUES ('The Beekeeper', 'Inggris');
INSERT IGNORE INTO Audio VALUES ('The Beekeeper', 'Spanyol');
INSERT IGNORE INTO Subtitle VALUES ('The Beekeeper', 'Jepang');
INSERT IGNORE INTO Subtitle VALUES ('The Beekeeper', 'Indonesia');
INSERT IGNORE INTO Subtitle VALUES ('The Beekeeper', 'Spanyol');
INSERT IGNORE INTO Konten VALUES ('Accidentally Engaged', 'When unsuccessful actress Clarissa returns to her hometown for a wedding and tries to impress her old friends by claiming she''s dating big time celebrity Chas Hunter, she suddenly finds herself in a comically false engagement when her lies go public and Chas decides to join the festivities in a stunt to escape bad press.', 2016, 'NR', 'Film');
INSERT IGNORE INTO Film VALUES ('Accidentally Engaged', 86, 'Letia Clouston');
INSERT IGNORE INTO Genre_Konten VALUES ('Accidentally Engaged', 8);
INSERT IGNORE INTO Genre_Konten VALUES ('Accidentally Engaged', 13);
INSERT IGNORE INTO Genre_Konten VALUES ('Accidentally Engaged', 19);
INSERT IGNORE INTO Aktor (`nama_lengkap`) VALUES ('Lexi Giovagnoli');
INSERT IGNORE INTO Peran VALUES ('Lexi Giovagnoli', 'Accidentally Engaged', 'Clarissa Byers');
INSERT IGNORE INTO Aktor (`nama_lengkap`) VALUES ('Lexi Atkins');
INSERT IGNORE INTO Peran VALUES ('Lexi Atkins', 'Accidentally Engaged', 'Maya Wilton');
INSERT IGNORE INTO Aktor (`nama_lengkap`) VALUES ('Randy Wayne');
INSERT IGNORE INTO Peran VALUES ('Randy Wayne', 'Accidentally Engaged', 'Graham');
INSERT IGNORE INTO Aktor (`nama_lengkap`) VALUES ('Maureen McCormick');
INSERT IGNORE INTO Peran VALUES ('Maureen McCormick', 'Accidentally Engaged', 'Jeannette');
INSERT IGNORE INTO Aktor (`nama_lengkap`) VALUES ('Joan Severance');
INSERT IGNORE INTO Peran VALUES ('Joan Severance', 'Accidentally Engaged', 'Sandy Byers');
INSERT IGNORE INTO Aktor (`nama_lengkap`) VALUES ('Brant Daugherty');
INSERT IGNORE INTO Peran VALUES ('Brant Daugherty', 'Accidentally Engaged', 'Chas Hunter');
INSERT IGNORE INTO Aktor (`nama_lengkap`) VALUES ('Nthenya Ndunda');
INSERT IGNORE INTO Peran VALUES ('Nthenya Ndunda', 'Accidentally Engaged', 'Veronica');
INSERT IGNORE INTO Aktor (`nama_lengkap`) VALUES ('Matt Clouston');
INSERT IGNORE INTO Peran VALUES ('Matt Clouston', 'Accidentally Engaged', 'Pete');
INSERT IGNORE INTO Aktor (`nama_lengkap`) VALUES ('Ashley Fink');
INSERT IGNORE INTO Peran VALUES ('Ashley Fink', 'Accidentally Engaged', 'Melody');
INSERT IGNORE INTO Aktor (`nama_lengkap`) VALUES ('Meredith May');
INSERT IGNORE INTO Peran VALUES ('Meredith May', 'Accidentally Engaged', 'Suzie Standish');
INSERT IGNORE INTO Audio VALUES ('Accidentally Engaged', 'Inggris');
INSERT IGNORE INTO Audio VALUES ('Accidentally Engaged', 'Jepang');
INSERT IGNORE INTO Subtitle VALUES ('Accidentally Engaged', 'Jepang');
INSERT IGNORE INTO Subtitle VALUES ('Accidentally Engaged', 'Indonesia');
INSERT IGNORE INTO Subtitle VALUES ('Accidentally Engaged', 'Inggris');
INSERT IGNORE INTO Konten VALUES ('Smurfs', 'When Papa Smurf is mysteriously taken by evil wizards, Razamel and Gargamel, Smurfette leads the Smurfs on a mission into the real world to save him. With the help of new friends, the Smurfs must discover what defines their destiny to save the universe.', 2025, 'SU', 'Film');
INSERT IGNORE INTO Film VALUES ('Smurfs', 89, 'Chris Miller');
INSERT IGNORE INTO Genre_Konten VALUES ('Smurfs', 12);
INSERT IGNORE INTO Genre_Konten VALUES ('Smurfs', 9);
INSERT IGNORE INTO Genre_Konten VALUES ('Smurfs', 6);
INSERT IGNORE INTO Aktor (`nama_lengkap`) VALUES ('Rihanna');
INSERT IGNORE INTO Peran VALUES ('Rihanna', 'Smurfs', 'Smurfette (voice)');
INSERT IGNORE INTO Aktor (`nama_lengkap`) VALUES ('James Corden');
INSERT IGNORE INTO Peran VALUES ('James Corden', 'Smurfs', 'No Name (voice)');
INSERT IGNORE INTO Aktor (`nama_lengkap`) VALUES ('Nick Offerman');
INSERT IGNORE INTO Peran VALUES ('Nick Offerman', 'Smurfs', 'Ken (voice)');
INSERT IGNORE INTO Aktor (`nama_lengkap`) VALUES ('JP Karliak');
INSERT IGNORE INTO Peran VALUES ('JP Karliak', 'Smurfs', 'Gargamel / Razamel (voice)');
INSERT IGNORE INTO Aktor (`nama_lengkap`) VALUES ('Dan Levy');
INSERT IGNORE INTO Peran VALUES ('Dan Levy', 'Smurfs', 'Joel (voice)');
INSERT IGNORE INTO Aktor (`nama_lengkap`) VALUES ('Amy Sedaris');
INSERT IGNORE INTO Peran VALUES ('Amy Sedaris', 'Smurfs', 'Jaunty (voice)');
INSERT IGNORE INTO Aktor (`nama_lengkap`) VALUES ('Natasha Lyonne');
INSERT IGNORE INTO Peran VALUES ('Natasha Lyonne', 'Smurfs', 'Mama Poot (voice)');
INSERT IGNORE INTO Aktor (`nama_lengkap`) VALUES ('Sandra Oh');
INSERT IGNORE INTO Peran VALUES ('Sandra Oh', 'Smurfs', 'Moxie Smurf (voice)');
INSERT IGNORE INTO Aktor (`nama_lengkap`) VALUES ('Jimmy Kimmel');
INSERT IGNORE INTO Peran VALUES ('Jimmy Kimmel', 'Smurfs', 'Tardigrade (voice)');
INSERT IGNORE INTO Aktor (`nama_lengkap`) VALUES ('Octavia Spencer');
INSERT IGNORE INTO Peran VALUES ('Octavia Spencer', 'Smurfs', 'Asmodius (voice)');
INSERT IGNORE INTO Audio VALUES ('Smurfs', 'Korea');
INSERT IGNORE INTO Audio VALUES ('Smurfs', 'Indonesia');
INSERT IGNORE INTO Audio VALUES ('Smurfs', 'Spanyol');
INSERT IGNORE INTO Subtitle VALUES ('Smurfs', 'Jepang');
INSERT IGNORE INTO Konten VALUES ('Osiris', 'Special Forces commandos on a mission are abducted mid-operation by a mysterious spacecraft. Upon waking aboard, they find themselves prey to a relentless alien race in a fight for survival.', 2025, 'NR', 'Film');
INSERT IGNORE INTO Film VALUES ('Osiris', 108, 'William Kaufman');
INSERT IGNORE INTO Genre_Konten VALUES ('Osiris', 10);
INSERT IGNORE INTO Genre_Konten VALUES ('Osiris', 1);
INSERT IGNORE INTO Genre_Konten VALUES ('Osiris', 5);
INSERT IGNORE INTO Aktor (`nama_lengkap`) VALUES ('Max Martini');
INSERT IGNORE INTO Peran VALUES ('Max Martini', 'Osiris', 'Kelly');
INSERT IGNORE INTO Aktor (`nama_lengkap`) VALUES ('Brianna Hildebrand');
INSERT IGNORE INTO Peran VALUES ('Brianna Hildebrand', 'Osiris', 'Ravi');
INSERT IGNORE INTO Aktor (`nama_lengkap`) VALUES ('LaMonica Garrett');
INSERT IGNORE INTO Peran VALUES ('LaMonica Garrett', 'Osiris', 'Rhodie');
INSERT IGNORE INTO Aktor (`nama_lengkap`) VALUES ('Michael Irby');
INSERT IGNORE INTO Peran VALUES ('Michael Irby', 'Osiris', 'Reyes');
INSERT IGNORE INTO Aktor (`nama_lengkap`) VALUES ('Linda Hamilton');
INSERT IGNORE INTO Peran VALUES ('Linda Hamilton', 'Osiris', 'Anya');
INSERT IGNORE INTO Aktor (`nama_lengkap`) VALUES ('Stanley White Jr.');
INSERT IGNORE INTO Peran VALUES ('Stanley White Jr.', 'Osiris', 'Scars');
INSERT IGNORE INTO Aktor (`nama_lengkap`) VALUES ('Tyler Galpin');
INSERT IGNORE INTO Peran VALUES ('Tyler Galpin', 'Osiris', 'Donny');
INSERT IGNORE INTO Aktor (`nama_lengkap`) VALUES ('Linds Edwards');
INSERT IGNORE INTO Peran VALUES ('Linds Edwards', 'Osiris', 'Nash');
INSERT IGNORE INTO Aktor (`nama_lengkap`) VALUES ('Dawson Towery');
INSERT IGNORE INTO Peran VALUES ('Dawson Towery', 'Osiris', 'Bull');
INSERT IGNORE INTO Aktor (`nama_lengkap`) VALUES ('David B. Meadows');
INSERT IGNORE INTO Peran VALUES ('David B. Meadows', 'Osiris', 'Gibbs');
INSERT IGNORE INTO Audio VALUES ('Osiris', 'Indonesia');
INSERT IGNORE INTO Audio VALUES ('Osiris', 'Spanyol');
INSERT IGNORE INTO Subtitle VALUES ('Osiris', 'Jepang');
INSERT IGNORE INTO Subtitle VALUES ('Osiris', 'Korea');
INSERT IGNORE INTO Konten VALUES ('The Time Traveler''s Wife', 'Due to a genetic disorder, handsome librarian Henry DeTamble involuntarily zips through time, appearing at various moments in the life of his true love, the beautiful artist Clare Abshire.', 2009, 'PG-13', 'Film');
INSERT IGNORE INTO Film VALUES ('The Time Traveler''s Wife', 107, 'Robert Schwentke');
INSERT IGNORE INTO Genre_Konten VALUES ('The Time Traveler''s Wife', 4);
INSERT IGNORE INTO Genre_Konten VALUES ('The Time Traveler''s Wife', 13);
INSERT IGNORE INTO Genre_Konten VALUES ('The Time Traveler''s Wife', 6);
INSERT IGNORE INTO Aktor (`nama_lengkap`) VALUES ('Eric Bana');
INSERT IGNORE INTO Peran VALUES ('Eric Bana', 'The Time Traveler''s Wife', 'Henry DeTamble');
INSERT IGNORE INTO Aktor (`nama_lengkap`) VALUES ('Rachel McAdams');
INSERT IGNORE INTO Peran VALUES ('Rachel McAdams', 'The Time Traveler''s Wife', 'Clare Abshire');
INSERT IGNORE INTO Aktor (`nama_lengkap`) VALUES ('Michelle Nolden');
INSERT IGNORE INTO Peran VALUES ('Michelle Nolden', 'The Time Traveler''s Wife', 'Annette DeTamble');
INSERT IGNORE INTO Aktor (`nama_lengkap`) VALUES ('Arliss Howard');
INSERT IGNORE INTO Peran VALUES ('Arliss Howard', 'The Time Traveler''s Wife', 'Richard DeTamble');
INSERT IGNORE INTO Aktor (`nama_lengkap`) VALUES ('Ron Livingston');
INSERT IGNORE INTO Peran VALUES ('Ron Livingston', 'The Time Traveler''s Wife', 'Gomez');
INSERT IGNORE INTO Aktor (`nama_lengkap`) VALUES ('Stephen Tobolowsky');
INSERT IGNORE INTO Peran VALUES ('Stephen Tobolowsky', 'The Time Traveler''s Wife', 'Dr. Kendrick');
INSERT IGNORE INTO Aktor (`nama_lengkap`) VALUES ('Brian Bisson');
INSERT IGNORE INTO Peran VALUES ('Brian Bisson', 'The Time Traveler''s Wife', 'Mark Abshire');
INSERT IGNORE INTO Aktor (`nama_lengkap`) VALUES ('Maggie Castle');
INSERT IGNORE INTO Peran VALUES ('Maggie Castle', 'The Time Traveler''s Wife', 'Alicia Abshire');
INSERT IGNORE INTO Aktor (`nama_lengkap`) VALUES ('Brooklynn Proulx');
INSERT IGNORE INTO Peran VALUES ('Brooklynn Proulx', 'The Time Traveler''s Wife', 'Clare at Six and Eight');
INSERT IGNORE INTO Aktor (`nama_lengkap`) VALUES ('James Lafazanos');
INSERT IGNORE INTO Peran VALUES ('James Lafazanos', 'The Time Traveler''s Wife', 'Jeremy (Gallery Owner)');
INSERT IGNORE INTO Audio VALUES ('The Time Traveler''s Wife', 'Spanyol');
INSERT IGNORE INTO Subtitle VALUES ('The Time Traveler''s Wife', 'Inggris');
INSERT IGNORE INTO Subtitle VALUES ('The Time Traveler''s Wife', 'Jepang');
INSERT IGNORE INTO Konten VALUES ('The Smashing Machine', 'In the late 1990s, up-and-coming mixed martial artist Mark Kerr aspires to become the greatest fighter in the world. However, he must also battle his opioid dependence and a volatile relationship with his girlfriend Dawn.', 2025, '13+', 'Film');
INSERT IGNORE INTO Film VALUES ('The Smashing Machine', 123, 'Benny Safdie');
INSERT IGNORE INTO Genre_Konten VALUES ('The Smashing Machine', 15);
INSERT IGNORE INTO Genre_Konten VALUES ('The Smashing Machine', 4);
INSERT IGNORE INTO Aktor (`nama_lengkap`) VALUES ('Dwayne Johnson');
INSERT IGNORE INTO Peran VALUES ('Dwayne Johnson', 'The Smashing Machine', 'Mark Kerr');
INSERT IGNORE INTO Aktor (`nama_lengkap`) VALUES ('Emily Blunt');
INSERT IGNORE INTO Peran VALUES ('Emily Blunt', 'The Smashing Machine', 'Dawn Staples');
INSERT IGNORE INTO Aktor (`nama_lengkap`) VALUES ('Ryan Bader');
INSERT IGNORE INTO Peran VALUES ('Ryan Bader', 'The Smashing Machine', 'Mark Coleman');
INSERT IGNORE INTO Aktor (`nama_lengkap`) VALUES ('Bas Rutten');
INSERT IGNORE INTO Peran VALUES ('Bas Rutten', 'The Smashing Machine', 'Bas Rutten');
INSERT IGNORE INTO Aktor (`nama_lengkap`) VALUES ('Lyndsey Gavin');
INSERT IGNORE INTO Peran VALUES ('Lyndsey Gavin', 'The Smashing Machine', 'Elizabeth Coleman');
INSERT IGNORE INTO Aktor (`nama_lengkap`) VALUES ('Zoe Kosovic');
INSERT IGNORE INTO Peran VALUES ('Zoe Kosovic', 'The Smashing Machine', 'McKenzie Coleman');
INSERT IGNORE INTO Aktor (`nama_lengkap`) VALUES ('Oleksandr Usyk');
INSERT IGNORE INTO Peran VALUES ('Oleksandr Usyk', 'The Smashing Machine', 'Igor Vovchanchyn');
INSERT IGNORE INTO Aktor (`nama_lengkap`) VALUES ('Satoshi Ishii');
INSERT IGNORE INTO Peran VALUES ('Satoshi Ishii', 'The Smashing Machine', 'Enson Inoue');
INSERT IGNORE INTO Aktor (`nama_lengkap`) VALUES ('James Moontasri');
INSERT IGNORE INTO Peran VALUES ('James Moontasri', 'The Smashing Machine', 'Akira Shoji');
INSERT IGNORE INTO Aktor (`nama_lengkap`) VALUES ('Yoko Hamamura');
INSERT IGNORE INTO Peran VALUES ('Yoko Hamamura', 'The Smashing Machine', 'Kazuyuki Fujita');
INSERT IGNORE INTO Audio VALUES ('The Smashing Machine', 'Korea');
INSERT IGNORE INTO Subtitle VALUES ('The Smashing Machine', 'Spanyol');
INSERT IGNORE INTO Subtitle VALUES ('The Smashing Machine', 'Inggris');
INSERT IGNORE INTO Subtitle VALUES ('The Smashing Machine', 'Indonesia');
INSERT IGNORE INTO Konten VALUES ('The People In The Walls', 'A viral ritual allows three kids to conjure people from the walls as they must now try to put them back before it is too late.', 2024, 'NR', 'Film');
INSERT IGNORE INTO Film VALUES ('The People In The Walls', 93, 'Michael Crum');
INSERT IGNORE INTO Genre_Konten VALUES ('The People In The Walls', 5);
INSERT IGNORE INTO Genre_Konten VALUES ('The People In The Walls', 3);
INSERT IGNORE INTO Genre_Konten VALUES ('The People In The Walls', 11);
INSERT IGNORE INTO Aktor (`nama_lengkap`) VALUES ('Natalia Santacoloma');
INSERT IGNORE INTO Peran VALUES ('Natalia Santacoloma', 'The People In The Walls', '');
INSERT IGNORE INTO Aktor (`nama_lengkap`) VALUES ('Donny Boaz');
INSERT IGNORE INTO Peran VALUES ('Donny Boaz', 'The People In The Walls', '');
INSERT IGNORE INTO Aktor (`nama_lengkap`) VALUES ('Cole Crum');
INSERT IGNORE INTO Peran VALUES ('Cole Crum', 'The People In The Walls', '');
INSERT IGNORE INTO Aktor (`nama_lengkap`) VALUES ('McKenna Smith');
INSERT IGNORE INTO Peran VALUES ('McKenna Smith', 'The People In The Walls', '');
INSERT IGNORE INTO Aktor (`nama_lengkap`) VALUES ('Aleena Heritage');
INSERT IGNORE INTO Peran VALUES ('Aleena Heritage', 'The People In The Walls', '');
INSERT IGNORE INTO Aktor (`nama_lengkap`) VALUES ('Cassi Colvin');
INSERT IGNORE INTO Peran VALUES ('Cassi Colvin', 'The People In The Walls', '');
INSERT IGNORE INTO Aktor (`nama_lengkap`) VALUES ('Shanon Snedden');
INSERT IGNORE INTO Peran VALUES ('Shanon Snedden', 'The People In The Walls', '');
INSERT IGNORE INTO Aktor (`nama_lengkap`) VALUES ('Mark Anthony Baca');
INSERT IGNORE INTO Peran VALUES ('Mark Anthony Baca', 'The People In The Walls', '');
INSERT IGNORE INTO Aktor (`nama_lengkap`) VALUES ('Daffy Arellano');
INSERT IGNORE INTO Peran VALUES ('Daffy Arellano', 'The People In The Walls', '');
INSERT IGNORE INTO Audio VALUES ('The People In The Walls', 'Inggris');
INSERT IGNORE INTO Audio VALUES ('The People In The Walls', 'Jepang');
INSERT IGNORE INTO Subtitle VALUES ('The People In The Walls', 'Spanyol');
INSERT IGNORE INTO Subtitle VALUES ('The People In The Walls', 'Jepang');
INSERT IGNORE INTO Konten VALUES ('Aztec Batman: Clash of Empires', 'In the time of the Aztec empire, tragedy strikes Yohualli Coatl when his father is murdered by Spanish conquistadors. To warn King Moctezuma and his high priest, Yoka, of imminent danger, Yohualli escapes to Tenochtitlán. There, he trains in the temple of the bat god Tzinacan with his mentor, developing equipment and weaponry to confront the Spanish invasion and avenge his father’s death. Along the way, he encounters key figures like the fierce Jaguar Woman and the conquistador Hernán Cortés.', 2025, 'R', 'Film');
INSERT IGNORE INTO Film VALUES ('Aztec Batman: Clash of Empires', 90, 'Juan Jose Meza-Leon');
INSERT IGNORE INTO Genre_Konten VALUES ('Aztec Batman: Clash of Empires', 12);
INSERT IGNORE INTO Genre_Konten VALUES ('Aztec Batman: Clash of Empires', 1);
INSERT IGNORE INTO Genre_Konten VALUES ('Aztec Batman: Clash of Empires', 7);
INSERT IGNORE INTO Genre_Konten VALUES ('Aztec Batman: Clash of Empires', 6);
INSERT IGNORE INTO Aktor (`nama_lengkap`) VALUES ('Horacio García Rojas');
INSERT IGNORE INTO Peran VALUES ('Horacio García Rojas', 'Aztec Batman: Clash of Empires', 'Yohualli Coatl / Batman (voice)');
INSERT IGNORE INTO Aktor (`nama_lengkap`) VALUES ('Álvaro Morte');
INSERT IGNORE INTO Peran VALUES ('Álvaro Morte', 'Aztec Batman: Clash of Empires', 'Hernán Cortés / Two-Face (voice)');
INSERT IGNORE INTO Aktor (`nama_lengkap`) VALUES ('Omar Chaparro');
INSERT IGNORE INTO Peran VALUES ('Omar Chaparro', 'Aztec Batman: Clash of Empires', 'Yoka / Joker (voice)');
INSERT IGNORE INTO Aktor (`nama_lengkap`) VALUES ('Humberto Busto');
INSERT IGNORE INTO Peran VALUES ('Humberto Busto', 'Aztec Batman: Clash of Empires', 'Moctezuma (voice)');
INSERT IGNORE INTO Aktor (`nama_lengkap`) VALUES ('Jorge R. Gutierrez');
INSERT IGNORE INTO Peran VALUES ('Jorge R. Gutierrez', 'Aztec Batman: Clash of Empires', 'Jefe Toltecatzin (voice)');
INSERT IGNORE INTO Aktor (`nama_lengkap`) VALUES ('Jesús Guzmán');
INSERT IGNORE INTO Peran VALUES ('Jesús Guzmán', 'Aztec Batman: Clash of Empires', 'Joven Yohualli (voice)');
INSERT IGNORE INTO Aktor (`nama_lengkap`) VALUES ('José Carlos Illanes');
INSERT IGNORE INTO Peran VALUES ('José Carlos Illanes', 'Aztec Batman: Clash of Empires', 'Pedro de Alvarado (voice)');
INSERT IGNORE INTO Aktor (`nama_lengkap`) VALUES ('Maya Zapata');
INSERT IGNORE INTO Peran VALUES ('Maya Zapata', 'Aztec Batman: Clash of Empires', 'Hiedra del Bosque / Poison Ivy (voice)');
INSERT IGNORE INTO Aktor (`nama_lengkap`) VALUES ('Teresa Ruiz');
INSERT IGNORE INTO Peran VALUES ('Teresa Ruiz', 'Aztec Batman: Clash of Empires', 'Mujer Jaguar / Catwoman (voice)');
INSERT IGNORE INTO Aktor (`nama_lengkap`) VALUES ('Nacho Ladislao');
INSERT IGNORE INTO Peran VALUES ('Nacho Ladislao', 'Aztec Batman: Clash of Empires', 'Gonzalo (voice)');
INSERT IGNORE INTO Audio VALUES ('Aztec Batman: Clash of Empires', 'Jepang');
INSERT IGNORE INTO Audio VALUES ('Aztec Batman: Clash of Empires', 'Indonesia');
INSERT IGNORE INTO Subtitle VALUES ('Aztec Batman: Clash of Empires', 'Indonesia');
INSERT IGNORE INTO Subtitle VALUES ('Aztec Batman: Clash of Empires', 'Spanyol');
INSERT IGNORE INTO Subtitle VALUES ('Aztec Batman: Clash of Empires', 'Jepang');
INSERT IGNORE INTO Subtitle VALUES ('Aztec Batman: Clash of Empires', 'Inggris');
INSERT IGNORE INTO Konten VALUES ('Karate Kid: Legends', 'After a family tragedy, kung fu prodigy Li Fong is uprooted from his home in Beijing and forced to move to New York City with his mother. When a new friend needs his help, Li enters a karate competition – but his skills alone aren''t enough. Li''s kung fu teacher Mr. Han enlists original Karate Kid Daniel LaRusso for help, and Li learns a new way to fight, merging their two styles into one for the ultimate martial arts showdown.', 2025, '13+', 'Film');
INSERT IGNORE INTO Film VALUES ('Karate Kid: Legends', 94, 'Jonathan Entwistle');
INSERT IGNORE INTO Genre_Konten VALUES ('Karate Kid: Legends', 1);
INSERT IGNORE INTO Genre_Konten VALUES ('Karate Kid: Legends', 7);
INSERT IGNORE INTO Genre_Konten VALUES ('Karate Kid: Legends', 4);
INSERT IGNORE INTO Aktor (`nama_lengkap`) VALUES ('Jackie Chan');
INSERT IGNORE INTO Peran VALUES ('Jackie Chan', 'Karate Kid: Legends', 'Mr. Han');
INSERT IGNORE INTO Aktor (`nama_lengkap`) VALUES ('Ben Wang');
INSERT IGNORE INTO Peran VALUES ('Ben Wang', 'Karate Kid: Legends', 'Li Fong');
INSERT IGNORE INTO Aktor (`nama_lengkap`) VALUES ('Joshua Jackson');
INSERT IGNORE INTO Peran VALUES ('Joshua Jackson', 'Karate Kid: Legends', 'Victor Lipani');
INSERT IGNORE INTO Aktor (`nama_lengkap`) VALUES ('Sadie Stanley');
INSERT IGNORE INTO Peran VALUES ('Sadie Stanley', 'Karate Kid: Legends', 'Mia Lipani');
INSERT IGNORE INTO Aktor (`nama_lengkap`) VALUES ('Ming-Na Wen');
INSERT IGNORE INTO Peran VALUES ('Ming-Na Wen', 'Karate Kid: Legends', 'Dr. Fong');
INSERT IGNORE INTO Aktor (`nama_lengkap`) VALUES ('Wyatt Oleff');
INSERT IGNORE INTO Peran VALUES ('Wyatt Oleff', 'Karate Kid: Legends', 'Alan');
INSERT IGNORE INTO Aktor (`nama_lengkap`) VALUES ('Aramis Knight');
INSERT IGNORE INTO Peran VALUES ('Aramis Knight', 'Karate Kid: Legends', 'Conor');
INSERT IGNORE INTO Aktor (`nama_lengkap`) VALUES ('Ralph Macchio');
INSERT IGNORE INTO Peran VALUES ('Ralph Macchio', 'Karate Kid: Legends', 'Daniel LaRusso');
INSERT IGNORE INTO Aktor (`nama_lengkap`) VALUES ('Olivia Yang Avis');
INSERT IGNORE INTO Peran VALUES ('Olivia Yang Avis', 'Karate Kid: Legends', 'Young Girl');
INSERT IGNORE INTO Aktor (`nama_lengkap`) VALUES ('Aaron Wang');
INSERT IGNORE INTO Peran VALUES ('Aaron Wang', 'Karate Kid: Legends', 'Young Student');
INSERT IGNORE INTO Audio VALUES ('Karate Kid: Legends', 'Inggris');
INSERT IGNORE INTO Audio VALUES ('Karate Kid: Legends', 'Indonesia');
INSERT IGNORE INTO Subtitle VALUES ('Karate Kid: Legends', 'Inggris');
INSERT IGNORE INTO Subtitle VALUES ('Karate Kid: Legends', 'Spanyol');
INSERT IGNORE INTO Subtitle VALUES ('Karate Kid: Legends', 'Korea');
INSERT IGNORE INTO Konten VALUES ('Light of the World', 'It''s 30 AD and everyone is expectantly awaiting the coming Messiah. While Jesus isn''t exactly what they imagined, there is something special about this man. Soon, John, James, Andrew, Peter, and others begin to follow Jesus on an unexpected adventure. This beautifully animated story of Jesus is told through the eyes of his beloved young friend, the Apostle John.', 2025, 'PG', 'Film');
INSERT IGNORE INTO Film VALUES ('Light of the World', 84, 'Tom Bancroft');
INSERT IGNORE INTO Genre_Konten VALUES ('Light of the World', 12);
INSERT IGNORE INTO Genre_Konten VALUES ('Light of the World', 6);
INSERT IGNORE INTO Genre_Konten VALUES ('Light of the World', 4);
INSERT IGNORE INTO Genre_Konten VALUES ('Light of the World', 14);
INSERT IGNORE INTO Aktor (`nama_lengkap`) VALUES ('Ian Hanlin');
INSERT IGNORE INTO Peran VALUES ('Ian Hanlin', 'Light of the World', 'Jesus (voice)');
INSERT IGNORE INTO Aktor (`nama_lengkap`) VALUES ('Benjamin Jacobson');
INSERT IGNORE INTO Peran VALUES ('Benjamin Jacobson', 'Light of the World', 'John (voice)');
INSERT IGNORE INTO Aktor (`nama_lengkap`) VALUES ('Vincent Tong');
INSERT IGNORE INTO Peran VALUES ('Vincent Tong', 'Light of the World', 'Andrew (voice)');
INSERT IGNORE INTO Aktor (`nama_lengkap`) VALUES ('Michael Benyaer');
INSERT IGNORE INTO Peran VALUES ('Michael Benyaer', 'Light of the World', 'Nicodemus (voice)');
INSERT IGNORE INTO Aktor (`nama_lengkap`) VALUES ('David Kaye');
INSERT IGNORE INTO Peran VALUES ('David Kaye', 'Light of the World', 'Judas Iscariot (voice)');
INSERT IGNORE INTO Aktor (`nama_lengkap`) VALUES ('Peter New');
INSERT IGNORE INTO Peran VALUES ('Peter New', 'Light of the World', 'Pharisee (voice)');
INSERT IGNORE INTO Aktor (`nama_lengkap`) VALUES ('Richard Newman');
INSERT IGNORE INTO Peran VALUES ('Richard Newman', 'Light of the World', 'Fish Monger (voice)');
INSERT IGNORE INTO Aktor (`nama_lengkap`) VALUES ('Sam Darkoh');
INSERT IGNORE INTO Peran VALUES ('Sam Darkoh', 'Light of the World', 'Peter (voice)');
INSERT IGNORE INTO Aktor (`nama_lengkap`) VALUES ('Colin Murdock');
INSERT IGNORE INTO Peran VALUES ('Colin Murdock', 'Light of the World', 'Lucius (voice)');
INSERT IGNORE INTO Aktor (`nama_lengkap`) VALUES ('Jesse Inocalla');
INSERT IGNORE INTO Peran VALUES ('Jesse Inocalla', 'Light of the World', 'The Baptizer (voice)');
INSERT IGNORE INTO Audio VALUES ('Light of the World', 'Spanyol');
INSERT IGNORE INTO Audio VALUES ('Light of the World', 'Jepang');
INSERT IGNORE INTO Subtitle VALUES ('Light of the World', 'Inggris');
INSERT IGNORE INTO Subtitle VALUES ('Light of the World', 'Indonesia');
INSERT IGNORE INTO Subtitle VALUES ('Light of the World', 'Jepang');
INSERT IGNORE INTO Subtitle VALUES ('Light of the World', 'Korea');
INSERT IGNORE INTO Konten VALUES ('Bhairavam', 'The relationship between three childhood friends begins to crumble as their loyalty is tested.', 2025, 'NR', 'Film');
INSERT IGNORE INTO Film VALUES ('Bhairavam', 155, 'Vijay Kanakamedala');
INSERT IGNORE INTO Genre_Konten VALUES ('Bhairavam', 1);
INSERT IGNORE INTO Genre_Konten VALUES ('Bhairavam', 2);
INSERT IGNORE INTO Genre_Konten VALUES ('Bhairavam', 3);
INSERT IGNORE INTO Aktor (`nama_lengkap`) VALUES ('Bellamkonda Srinivas');
INSERT IGNORE INTO Peran VALUES ('Bellamkonda Srinivas', 'Bhairavam', 'Seenu');
INSERT IGNORE INTO Aktor (`nama_lengkap`) VALUES ('Manchu Manoj');
INSERT IGNORE INTO Peran VALUES ('Manchu Manoj', 'Bhairavam', 'Gajapathi');
INSERT IGNORE INTO Aktor (`nama_lengkap`) VALUES ('Nara Rohith');
INSERT IGNORE INTO Peran VALUES ('Nara Rohith', 'Bhairavam', 'Varada');
INSERT IGNORE INTO Aktor (`nama_lengkap`) VALUES ('Aditi Shankar');
INSERT IGNORE INTO Peran VALUES ('Aditi Shankar', 'Bhairavam', 'Vennela');
INSERT IGNORE INTO Aktor (`nama_lengkap`) VALUES ('Anandhi');
INSERT IGNORE INTO Peran VALUES ('Anandhi', 'Bhairavam', 'Neelima');
INSERT IGNORE INTO Aktor (`nama_lengkap`) VALUES ('Divya Pillai');
INSERT IGNORE INTO Peran VALUES ('Divya Pillai', 'Bhairavam', 'Poornima');
INSERT IGNORE INTO Aktor (`nama_lengkap`) VALUES ('Inaya Sultana');
INSERT IGNORE INTO Peran VALUES ('Inaya Sultana', 'Bhairavam', '');
INSERT IGNORE INTO Aktor (`nama_lengkap`) VALUES ('Jayasudha');
INSERT IGNORE INTO Peran VALUES ('Jayasudha', 'Bhairavam', '');
INSERT IGNORE INTO Aktor (`nama_lengkap`) VALUES ('Sampath Raj');
INSERT IGNORE INTO Peran VALUES ('Sampath Raj', 'Bhairavam', '');
INSERT IGNORE INTO Aktor (`nama_lengkap`) VALUES ('Vennela Kishore');
INSERT IGNORE INTO Peran VALUES ('Vennela Kishore', 'Bhairavam', '');
INSERT IGNORE INTO Audio VALUES ('Bhairavam', 'Jepang');
INSERT IGNORE INTO Subtitle VALUES ('Bhairavam', 'Jepang');
INSERT IGNORE INTO Konten VALUES ('La Vague', 'Three witches are trying to lower the water level in their flooded house. However, a dramatic incident occurs.', 2015, 'NR', 'Film');
INSERT IGNORE INTO Film VALUES ('La Vague', 6, 'Boris Carquillat');
INSERT IGNORE INTO Genre_Konten VALUES ('La Vague', 8);
INSERT IGNORE INTO Genre_Konten VALUES ('La Vague', 12);
INSERT IGNORE INTO Aktor (`nama_lengkap`) VALUES ('Véronique Augereau');
INSERT IGNORE INTO Peran VALUES ('Véronique Augereau', 'La Vague', 'Loa (voice)');
INSERT IGNORE INTO Aktor (`nama_lengkap`) VALUES ('Jasmine Ghoreishi');
INSERT IGNORE INTO Peran VALUES ('Jasmine Ghoreishi', 'La Vague', 'Ria (voice)');
INSERT IGNORE INTO Aktor (`nama_lengkap`) VALUES ('Agathe Jeannin');
INSERT IGNORE INTO Peran VALUES ('Agathe Jeannin', 'La Vague', 'Shana (voice)');
INSERT IGNORE INTO Audio VALUES ('La Vague', 'Jepang');
INSERT IGNORE INTO Subtitle VALUES ('La Vague', 'Inggris');
INSERT IGNORE INTO Subtitle VALUES ('La Vague', 'Spanyol');
INSERT IGNORE INTO Subtitle VALUES ('La Vague', 'Korea');
INSERT IGNORE INTO Subtitle VALUES ('La Vague', 'Indonesia');
INSERT IGNORE INTO Konten VALUES ('Home Alone 2: Lost in New York', 'Instead of flying to Florida with his folks, Kevin ends up alone in New York, where he gets a hotel room with his dad''s credit card—despite problems from a clerk and meddling bellboy. But when Kevin runs into his old nemeses, the Wet Bandits, he''s determined to foil their plans to rob a toy store on Christmas Eve.', 1992, 'PG', 'Film');
INSERT IGNORE INTO Film VALUES ('Home Alone 2: Lost in New York', 120, 'Chris Columbus');
INSERT IGNORE INTO Genre_Konten VALUES ('Home Alone 2: Lost in New York', 8);
INSERT IGNORE INTO Genre_Konten VALUES ('Home Alone 2: Lost in New York', 9);
INSERT IGNORE INTO Genre_Konten VALUES ('Home Alone 2: Lost in New York', 7);
INSERT IGNORE INTO Aktor (`nama_lengkap`) VALUES ('Macaulay Culkin');
INSERT IGNORE INTO Peran VALUES ('Macaulay Culkin', 'Home Alone 2: Lost in New York', 'Kevin');
INSERT IGNORE INTO Aktor (`nama_lengkap`) VALUES ('Joe Pesci');
INSERT IGNORE INTO Peran VALUES ('Joe Pesci', 'Home Alone 2: Lost in New York', 'Harry');
INSERT IGNORE INTO Aktor (`nama_lengkap`) VALUES ('Daniel Stern');
INSERT IGNORE INTO Peran VALUES ('Daniel Stern', 'Home Alone 2: Lost in New York', 'Marv');
INSERT IGNORE INTO Aktor (`nama_lengkap`) VALUES ('Catherine O''Hara');
INSERT IGNORE INTO Peran VALUES ('Catherine O''Hara', 'Home Alone 2: Lost in New York', 'Kate');
INSERT IGNORE INTO Aktor (`nama_lengkap`) VALUES ('John Heard');
INSERT IGNORE INTO Peran VALUES ('John Heard', 'Home Alone 2: Lost in New York', 'Peter');
INSERT IGNORE INTO Aktor (`nama_lengkap`) VALUES ('Brenda Fricker');
INSERT IGNORE INTO Peran VALUES ('Brenda Fricker', 'Home Alone 2: Lost in New York', 'Pigeon Lady');
INSERT IGNORE INTO Aktor (`nama_lengkap`) VALUES ('Tim Curry');
INSERT IGNORE INTO Peran VALUES ('Tim Curry', 'Home Alone 2: Lost in New York', 'Concierge');
INSERT IGNORE INTO Aktor (`nama_lengkap`) VALUES ('Devin Ratray');
INSERT IGNORE INTO Peran VALUES ('Devin Ratray', 'Home Alone 2: Lost in New York', 'Buzz');
INSERT IGNORE INTO Aktor (`nama_lengkap`) VALUES ('Gerry Bamman');
INSERT IGNORE INTO Peran VALUES ('Gerry Bamman', 'Home Alone 2: Lost in New York', 'Uncle Frank');
INSERT IGNORE INTO Aktor (`nama_lengkap`) VALUES ('Rob Schneider');
INSERT IGNORE INTO Peran VALUES ('Rob Schneider', 'Home Alone 2: Lost in New York', 'Bellman');
INSERT IGNORE INTO Audio VALUES ('Home Alone 2: Lost in New York', 'Korea');
INSERT IGNORE INTO Audio VALUES ('Home Alone 2: Lost in New York', 'Inggris');
INSERT IGNORE INTO Audio VALUES ('Home Alone 2: Lost in New York', 'Jepang');
INSERT IGNORE INTO Subtitle VALUES ('Home Alone 2: Lost in New York', 'Korea');
INSERT IGNORE INTO Subtitle VALUES ('Home Alone 2: Lost in New York', 'Jepang');
INSERT IGNORE INTO Konten VALUES ('Grisaia: Phantom Trigger the Animation', 'Following the Heath Oslo incident, the existence of the US-Japanese anti-terror organization CIRS has become a matter of public knowledge. CIRS has been rebuilt from the ground up, and its most covert functions spun off to a new agency: SORD (Social Ops, Research & Development).  The goal of SORD is to train a new generation of operatives to defend the country against future threats. To that end, the organization has established a series of schools up and down the country. Mihama Academy, more-or-less left to rot after its abrupt closure, has been given new purpose as one such ''specialist training school''. It now entrusts the misfit girls who attend it with guns and live ammunition.  No matter how much life grinds them down, what future awaits these girls, who''ve themselves chosen the path of the gun?', 2019, 'NR', 'Film');
INSERT IGNORE INTO Film VALUES ('Grisaia: Phantom Trigger the Animation', 90, 'Motoki Tanaka');
INSERT IGNORE INTO Genre_Konten VALUES ('Grisaia: Phantom Trigger the Animation', 1);
INSERT IGNORE INTO Genre_Konten VALUES ('Grisaia: Phantom Trigger the Animation', 12);
INSERT IGNORE INTO Aktor (`nama_lengkap`) VALUES ('Ayane Sakura');
INSERT IGNORE INTO Peran VALUES ('Ayane Sakura', 'Grisaia: Phantom Trigger the Animation', 'Tohka Shishigaya (voice)');
INSERT IGNORE INTO Aktor (`nama_lengkap`) VALUES ('Maaya Uchida');
INSERT IGNORE INTO Peran VALUES ('Maaya Uchida', 'Grisaia: Phantom Trigger the Animation', 'Rena Fukami (voice)');
INSERT IGNORE INTO Aktor (`nama_lengkap`) VALUES ('Atsumi Tanezaki');
INSERT IGNORE INTO Peran VALUES ('Atsumi Tanezaki', 'Grisaia: Phantom Trigger the Animation', 'Murasaki Ikoma (voice)');
INSERT IGNORE INTO Aktor (`nama_lengkap`) VALUES ('Kaori Nazuka');
INSERT IGNORE INTO Peran VALUES ('Kaori Nazuka', 'Grisaia: Phantom Trigger the Animation', 'Sakurako Christina Kujirase (voice)');
INSERT IGNORE INTO Aktor (`nama_lengkap`) VALUES ('Tsubasa Yonaga');
INSERT IGNORE INTO Peran VALUES ('Tsubasa Yonaga', 'Grisaia: Phantom Trigger the Animation', 'Haruto Aoi (voice)');
INSERT IGNORE INTO Aktor (`nama_lengkap`) VALUES ('Suzuko Mimori');
INSERT IGNORE INTO Peran VALUES ('Suzuko Mimori', 'Grisaia: Phantom Trigger the Animation', 'Megumi Kumashiro (voice)');
INSERT IGNORE INTO Aktor (`nama_lengkap`) VALUES ('Mikako Izawa');
INSERT IGNORE INTO Peran VALUES ('Mikako Izawa', 'Grisaia: Phantom Trigger the Animation', 'Shiori Arisaka (voice)');
INSERT IGNORE INTO Aktor (`nama_lengkap`) VALUES ('Toa Yukinari');
INSERT IGNORE INTO Peran VALUES ('Toa Yukinari', 'Grisaia: Phantom Trigger the Animation', 'Ichiru Sengoku (voice)');
INSERT IGNORE INTO Aktor (`nama_lengkap`) VALUES ('Sarah Emi Bridcutt');
INSERT IGNORE INTO Peran VALUES ('Sarah Emi Bridcutt', 'Grisaia: Phantom Trigger the Animation', 'Inagaki Choco / Inagaki Vanilla (voice)');
INSERT IGNORE INTO Aktor (`nama_lengkap`) VALUES ('Tomoe Oumi');
INSERT IGNORE INTO Peran VALUES ('Tomoe Oumi', 'Grisaia: Phantom Trigger the Animation', 'Nogami (voice)');
INSERT IGNORE INTO Audio VALUES ('Grisaia: Phantom Trigger the Animation', 'Jepang');
INSERT IGNORE INTO Subtitle VALUES ('Grisaia: Phantom Trigger the Animation', 'Inggris');
INSERT IGNORE INTO Subtitle VALUES ('Grisaia: Phantom Trigger the Animation', 'Spanyol');
INSERT IGNORE INTO Subtitle VALUES ('Grisaia: Phantom Trigger the Animation', 'Jepang');
INSERT IGNORE INTO Subtitle VALUES ('Grisaia: Phantom Trigger the Animation', 'Korea');
INSERT IGNORE INTO Konten VALUES ('Being Eddie', 'From teen comedian to Hollywood legend, Eddie Murphy revisits his extraordinary showbiz ride with raw honesty and humor.', 2025, 'R', 'Film');
INSERT IGNORE INTO Film VALUES ('Being Eddie', 103, 'Angus Wall');
INSERT IGNORE INTO Genre_Konten VALUES ('Being Eddie', 17);
INSERT IGNORE INTO Aktor (`nama_lengkap`) VALUES ('Eddie Murphy');
INSERT IGNORE INTO Peran VALUES ('Eddie Murphy', 'Being Eddie', 'Self');
INSERT IGNORE INTO Aktor (`nama_lengkap`) VALUES ('Kevin Hart');
INSERT IGNORE INTO Peran VALUES ('Kevin Hart', 'Being Eddie', 'Self');
INSERT IGNORE INTO Aktor (`nama_lengkap`) VALUES ('Jamie Foxx');
INSERT IGNORE INTO Peran VALUES ('Jamie Foxx', 'Being Eddie', 'Self');
INSERT IGNORE INTO Aktor (`nama_lengkap`) VALUES ('Pete Davidson');
INSERT IGNORE INTO Peran VALUES ('Pete Davidson', 'Being Eddie', 'Self');
INSERT IGNORE INTO Aktor (`nama_lengkap`) VALUES ('John Landis');
INSERT IGNORE INTO Peran VALUES ('John Landis', 'Being Eddie', 'Self');
INSERT IGNORE INTO Aktor (`nama_lengkap`) VALUES ('Chris Rock');
INSERT IGNORE INTO Peran VALUES ('Chris Rock', 'Being Eddie', 'Self');
INSERT IGNORE INTO Aktor (`nama_lengkap`) VALUES ('Jerry Bruckheimer');
INSERT IGNORE INTO Peran VALUES ('Jerry Bruckheimer', 'Being Eddie', 'Self');
INSERT IGNORE INTO Aktor (`nama_lengkap`) VALUES ('Jerry Seinfeld');
INSERT IGNORE INTO Peran VALUES ('Jerry Seinfeld', 'Being Eddie', 'Self');
INSERT IGNORE INTO Aktor (`nama_lengkap`) VALUES ('Dave Chappelle');
INSERT IGNORE INTO Peran VALUES ('Dave Chappelle', 'Being Eddie', 'Self');
INSERT IGNORE INTO Aktor (`nama_lengkap`) VALUES ('Kenan Thompson');
INSERT IGNORE INTO Peran VALUES ('Kenan Thompson', 'Being Eddie', 'Self');
INSERT IGNORE INTO Audio VALUES ('Being Eddie', 'Indonesia');
INSERT IGNORE INTO Audio VALUES ('Being Eddie', 'Spanyol');
INSERT IGNORE INTO Subtitle VALUES ('Being Eddie', 'Spanyol');
INSERT IGNORE INTO Subtitle VALUES ('Being Eddie', 'Jepang');
INSERT IGNORE INTO Subtitle VALUES ('Being Eddie', 'Korea');
INSERT IGNORE INTO Konten VALUES ('The Chronicles of Narnia: The Lion, the Witch and the Wardrobe', 'Siblings Lucy, Edmund, Susan and Peter step through a magical wardrobe and find the land of Narnia. There, they discover a charming, once peaceful kingdom that has been plunged into eternal winter by the evil White Witch, Jadis. Aided by the wise and magnificent lion, Aslan, the children lead Narnia into a spectacular, climactic battle to be free of the Witch''s glacial powers forever.', 2005, 'PG', 'Film');
INSERT IGNORE INTO Film VALUES ('The Chronicles of Narnia: The Lion, the Witch and the Wardrobe', 143, 'Andrew Adamson');
INSERT IGNORE INTO Genre_Konten VALUES ('The Chronicles of Narnia: The Lion, the Witch and the Wardrobe', 7);
INSERT IGNORE INTO Genre_Konten VALUES ('The Chronicles of Narnia: The Lion, the Witch and the Wardrobe', 9);
INSERT IGNORE INTO Genre_Konten VALUES ('The Chronicles of Narnia: The Lion, the Witch and the Wardrobe', 6);
INSERT IGNORE INTO Aktor (`nama_lengkap`) VALUES ('William Moseley');
INSERT IGNORE INTO Peran VALUES ('William Moseley', 'The Chronicles of Narnia: The Lion, the Witch and the Wardrobe', 'Peter Pevensie');
INSERT IGNORE INTO Aktor (`nama_lengkap`) VALUES ('Anna Popplewell');
INSERT IGNORE INTO Peran VALUES ('Anna Popplewell', 'The Chronicles of Narnia: The Lion, the Witch and the Wardrobe', 'Susan Pevensie');
INSERT IGNORE INTO Aktor (`nama_lengkap`) VALUES ('Skandar Keynes');
INSERT IGNORE INTO Peran VALUES ('Skandar Keynes', 'The Chronicles of Narnia: The Lion, the Witch and the Wardrobe', 'Edmund Pevensie');
INSERT IGNORE INTO Aktor (`nama_lengkap`) VALUES ('Georgie Henley');
INSERT IGNORE INTO Peran VALUES ('Georgie Henley', 'The Chronicles of Narnia: The Lion, the Witch and the Wardrobe', 'Lucy Pevensie');
INSERT IGNORE INTO Aktor (`nama_lengkap`) VALUES ('Liam Neeson');
INSERT IGNORE INTO Peran VALUES ('Liam Neeson', 'The Chronicles of Narnia: The Lion, the Witch and the Wardrobe', 'Aslan (voice)');
INSERT IGNORE INTO Aktor (`nama_lengkap`) VALUES ('Tilda Swinton');
INSERT IGNORE INTO Peran VALUES ('Tilda Swinton', 'The Chronicles of Narnia: The Lion, the Witch and the Wardrobe', 'White Witch');
INSERT IGNORE INTO Aktor (`nama_lengkap`) VALUES ('James McAvoy');
INSERT IGNORE INTO Peran VALUES ('James McAvoy', 'The Chronicles of Narnia: The Lion, the Witch and the Wardrobe', 'Mr. Tumnus');
INSERT IGNORE INTO Aktor (`nama_lengkap`) VALUES ('Jim Broadbent');
INSERT IGNORE INTO Peran VALUES ('Jim Broadbent', 'The Chronicles of Narnia: The Lion, the Witch and the Wardrobe', 'Prof. Digory Kirke');
INSERT IGNORE INTO Aktor (`nama_lengkap`) VALUES ('Ray Winstone');
INSERT IGNORE INTO Peran VALUES ('Ray Winstone', 'The Chronicles of Narnia: The Lion, the Witch and the Wardrobe', 'Mr. Beaver (voice)');
INSERT IGNORE INTO Aktor (`nama_lengkap`) VALUES ('Dawn French');
INSERT IGNORE INTO Peran VALUES ('Dawn French', 'The Chronicles of Narnia: The Lion, the Witch and the Wardrobe', 'Mrs. Beaver (voice)');
INSERT IGNORE INTO Audio VALUES ('The Chronicles of Narnia: The Lion, the Witch and the Wardrobe', 'Spanyol');
INSERT IGNORE INTO Audio VALUES ('The Chronicles of Narnia: The Lion, the Witch and the Wardrobe', 'Indonesia');
INSERT IGNORE INTO Subtitle VALUES ('The Chronicles of Narnia: The Lion, the Witch and the Wardrobe', 'Inggris');
INSERT IGNORE INTO Subtitle VALUES ('The Chronicles of Narnia: The Lion, the Witch and the Wardrobe', 'Spanyol');
INSERT IGNORE INTO Konten VALUES ('Gone Girl', 'With his wife''s disappearance having become the focus of an intense media circus, a man sees the spotlight turned on him when it''s suspected that he may not be innocent.', 2014, 'R', 'Film');
INSERT IGNORE INTO Film VALUES ('Gone Girl', 149, 'David Fincher');
INSERT IGNORE INTO Genre_Konten VALUES ('Gone Girl', 11);
INSERT IGNORE INTO Genre_Konten VALUES ('Gone Girl', 3);
INSERT IGNORE INTO Genre_Konten VALUES ('Gone Girl', 4);
INSERT IGNORE INTO Aktor (`nama_lengkap`) VALUES ('Ben Affleck');
INSERT IGNORE INTO Peran VALUES ('Ben Affleck', 'Gone Girl', 'Nick Dunne');
INSERT IGNORE INTO Aktor (`nama_lengkap`) VALUES ('Rosamund Pike');
INSERT IGNORE INTO Peran VALUES ('Rosamund Pike', 'Gone Girl', 'Amy Dunne');
INSERT IGNORE INTO Aktor (`nama_lengkap`) VALUES ('Neil Patrick Harris');
INSERT IGNORE INTO Peran VALUES ('Neil Patrick Harris', 'Gone Girl', 'Desi Collings');
INSERT IGNORE INTO Aktor (`nama_lengkap`) VALUES ('Tyler Perry');
INSERT IGNORE INTO Peran VALUES ('Tyler Perry', 'Gone Girl', 'Tanner Bolt');
INSERT IGNORE INTO Aktor (`nama_lengkap`) VALUES ('Carrie Coon');
INSERT IGNORE INTO Peran VALUES ('Carrie Coon', 'Gone Girl', 'Margo Dunne');
INSERT IGNORE INTO Aktor (`nama_lengkap`) VALUES ('Kim Dickens');
INSERT IGNORE INTO Peran VALUES ('Kim Dickens', 'Gone Girl', 'Detective Rhonda Boney');
INSERT IGNORE INTO Aktor (`nama_lengkap`) VALUES ('Patrick Fugit');
INSERT IGNORE INTO Peran VALUES ('Patrick Fugit', 'Gone Girl', 'Officer James Gilpin');
INSERT IGNORE INTO Aktor (`nama_lengkap`) VALUES ('David Clennon');
INSERT IGNORE INTO Peran VALUES ('David Clennon', 'Gone Girl', 'Rand Elliott');
INSERT IGNORE INTO Aktor (`nama_lengkap`) VALUES ('Lisa Banes');
INSERT IGNORE INTO Peran VALUES ('Lisa Banes', 'Gone Girl', 'Marybeth Elliott');
INSERT IGNORE INTO Aktor (`nama_lengkap`) VALUES ('Missi Pyle');
INSERT IGNORE INTO Peran VALUES ('Missi Pyle', 'Gone Girl', 'Ellen Abbott');
INSERT IGNORE INTO Audio VALUES ('Gone Girl', 'Korea');
INSERT IGNORE INTO Subtitle VALUES ('Gone Girl', 'Indonesia');
INSERT IGNORE INTO Subtitle VALUES ('Gone Girl', 'Inggris');
INSERT IGNORE INTO Konten VALUES ('Pirates of the Caribbean: Dead Man''s Chest', 'Captain Jack Sparrow races to recover the heart of Davy Jones to avoid enslaving his soul to Jones'' service, as other friends and foes seek the heart for their own agenda as well.', 2006, 'PG-13', 'Film');
INSERT IGNORE INTO Film VALUES ('Pirates of the Caribbean: Dead Man''s Chest', 151, 'Gore Verbinski');
INSERT IGNORE INTO Genre_Konten VALUES ('Pirates of the Caribbean: Dead Man''s Chest', 7);
INSERT IGNORE INTO Genre_Konten VALUES ('Pirates of the Caribbean: Dead Man''s Chest', 6);
INSERT IGNORE INTO Genre_Konten VALUES ('Pirates of the Caribbean: Dead Man''s Chest', 1);
INSERT IGNORE INTO Aktor (`nama_lengkap`) VALUES ('Johnny Depp');
INSERT IGNORE INTO Peran VALUES ('Johnny Depp', 'Pirates of the Caribbean: Dead Man''s Chest', 'Jack Sparrow');
INSERT IGNORE INTO Aktor (`nama_lengkap`) VALUES ('Orlando Bloom');
INSERT IGNORE INTO Peran VALUES ('Orlando Bloom', 'Pirates of the Caribbean: Dead Man''s Chest', 'Will Turner');
INSERT IGNORE INTO Aktor (`nama_lengkap`) VALUES ('Keira Knightley');
INSERT IGNORE INTO Peran VALUES ('Keira Knightley', 'Pirates of the Caribbean: Dead Man''s Chest', 'Elizabeth Swann');
INSERT IGNORE INTO Aktor (`nama_lengkap`) VALUES ('Stellan Skarsgård');
INSERT IGNORE INTO Peran VALUES ('Stellan Skarsgård', 'Pirates of the Caribbean: Dead Man''s Chest', 'William "Bootstrap Bill" Turner');
INSERT IGNORE INTO Aktor (`nama_lengkap`) VALUES ('Bill Nighy');
INSERT IGNORE INTO Peran VALUES ('Bill Nighy', 'Pirates of the Caribbean: Dead Man''s Chest', 'Davy Jones');
INSERT IGNORE INTO Aktor (`nama_lengkap`) VALUES ('Jack Davenport');
INSERT IGNORE INTO Peran VALUES ('Jack Davenport', 'Pirates of the Caribbean: Dead Man''s Chest', 'James Norrington');
INSERT IGNORE INTO Aktor (`nama_lengkap`) VALUES ('Kevin McNally');
INSERT IGNORE INTO Peran VALUES ('Kevin McNally', 'Pirates of the Caribbean: Dead Man''s Chest', 'Joshamee Gibbs');
INSERT IGNORE INTO Aktor (`nama_lengkap`) VALUES ('Jonathan Pryce');
INSERT IGNORE INTO Peran VALUES ('Jonathan Pryce', 'Pirates of the Caribbean: Dead Man''s Chest', 'Weatherby Swann');
INSERT IGNORE INTO Aktor (`nama_lengkap`) VALUES ('Lee Arenberg');
INSERT IGNORE INTO Peran VALUES ('Lee Arenberg', 'Pirates of the Caribbean: Dead Man''s Chest', 'Pintel');
INSERT IGNORE INTO Aktor (`nama_lengkap`) VALUES ('Mackenzie Crook');
INSERT IGNORE INTO Peran VALUES ('Mackenzie Crook', 'Pirates of the Caribbean: Dead Man''s Chest', 'Ragetti');
INSERT IGNORE INTO Audio VALUES ('Pirates of the Caribbean: Dead Man''s Chest', 'Jepang');
INSERT IGNORE INTO Audio VALUES ('Pirates of the Caribbean: Dead Man''s Chest', 'Spanyol');
INSERT IGNORE INTO Audio VALUES ('Pirates of the Caribbean: Dead Man''s Chest', 'Inggris');
INSERT IGNORE INTO Subtitle VALUES ('Pirates of the Caribbean: Dead Man''s Chest', 'Indonesia');
INSERT IGNORE INTO Konten VALUES ('Twilight', 'When Bella Swan moves to a small town in the Pacific Northwest, she falls in love with Edward Cullen, a mysterious classmate who reveals himself to be a 108-year-old vampire. Despite Edward''s repeated cautions, Bella can''t stay away from him, a fatal move that endangers her own life.', 2008, 'PG-13', 'Film');
INSERT IGNORE INTO Film VALUES ('Twilight', 122, 'Catherine Hardwicke');
INSERT IGNORE INTO Genre_Konten VALUES ('Twilight', 6);
INSERT IGNORE INTO Genre_Konten VALUES ('Twilight', 4);
INSERT IGNORE INTO Genre_Konten VALUES ('Twilight', 13);
INSERT IGNORE INTO Aktor (`nama_lengkap`) VALUES ('Kristen Stewart');
INSERT IGNORE INTO Peran VALUES ('Kristen Stewart', 'Twilight', 'Bella Swan');
INSERT IGNORE INTO Aktor (`nama_lengkap`) VALUES ('Robert Pattinson');
INSERT IGNORE INTO Peran VALUES ('Robert Pattinson', 'Twilight', 'Edward Cullen');
INSERT IGNORE INTO Aktor (`nama_lengkap`) VALUES ('Billy Burke');
INSERT IGNORE INTO Peran VALUES ('Billy Burke', 'Twilight', 'Charlie Swan');
INSERT IGNORE INTO Aktor (`nama_lengkap`) VALUES ('Peter Facinelli');
INSERT IGNORE INTO Peran VALUES ('Peter Facinelli', 'Twilight', 'Dr. Carlisle Cullen');
INSERT IGNORE INTO Aktor (`nama_lengkap`) VALUES ('Ashley Greene');
INSERT IGNORE INTO Peran VALUES ('Ashley Greene', 'Twilight', 'Alice Cullen');
INSERT IGNORE INTO Aktor (`nama_lengkap`) VALUES ('Jackson Rathbone');
INSERT IGNORE INTO Peran VALUES ('Jackson Rathbone', 'Twilight', 'Jasper');
INSERT IGNORE INTO Aktor (`nama_lengkap`) VALUES ('Nikki Reed');
INSERT IGNORE INTO Peran VALUES ('Nikki Reed', 'Twilight', 'Rosalie');
INSERT IGNORE INTO Aktor (`nama_lengkap`) VALUES ('Kellan Lutz');
INSERT IGNORE INTO Peran VALUES ('Kellan Lutz', 'Twilight', 'Emmet Cullen');
INSERT IGNORE INTO Aktor (`nama_lengkap`) VALUES ('Elizabeth Reaser');
INSERT IGNORE INTO Peran VALUES ('Elizabeth Reaser', 'Twilight', 'Esme Cullen');
INSERT IGNORE INTO Aktor (`nama_lengkap`) VALUES ('Taylor Lautner');
INSERT IGNORE INTO Peran VALUES ('Taylor Lautner', 'Twilight', 'Jacob Black');
INSERT IGNORE INTO Audio VALUES ('Twilight', 'Spanyol');
INSERT IGNORE INTO Audio VALUES ('Twilight', 'Jepang');
INSERT IGNORE INTO Subtitle VALUES ('Twilight', 'Spanyol');
INSERT IGNORE INTO Subtitle VALUES ('Twilight', 'Jepang');
INSERT IGNORE INTO Subtitle VALUES ('Twilight', 'Korea');
INSERT IGNORE INTO Konten VALUES ('L''ennui', 'A philosophy teacher restless with the need to do something with his life meets a young woman suspected of driving an artist to his death. He finds the very simple Cecilia irritating but develops a sexual rapport with her. Obsessed with the need to own and tormented by her inability to respond to him, he becomes increasingly violent in a quest he can''t name - a quest that slowly begins to undermine his certainties.', 1998, 'NR', 'Film');
INSERT IGNORE INTO Film VALUES ('L''ennui', 122, 'Cédric Kahn');
INSERT IGNORE INTO Genre_Konten VALUES ('L''ennui', 4);
INSERT IGNORE INTO Genre_Konten VALUES ('L''ennui', 13);
INSERT IGNORE INTO Aktor (`nama_lengkap`) VALUES ('Charles Berling');
INSERT IGNORE INTO Peran VALUES ('Charles Berling', 'L''ennui', 'Martin');
INSERT IGNORE INTO Aktor (`nama_lengkap`) VALUES ('Sophie Guillemin');
INSERT IGNORE INTO Peran VALUES ('Sophie Guillemin', 'L''ennui', 'Cécilia');
INSERT IGNORE INTO Aktor (`nama_lengkap`) VALUES ('Arielle Dombasle');
INSERT IGNORE INTO Peran VALUES ('Arielle Dombasle', 'L''ennui', 'Sophie');
INSERT IGNORE INTO Aktor (`nama_lengkap`) VALUES ('Robert Kramer');
INSERT IGNORE INTO Peran VALUES ('Robert Kramer', 'L''ennui', 'Meyers');
INSERT IGNORE INTO Aktor (`nama_lengkap`) VALUES ('Alice Grey');
INSERT IGNORE INTO Peran VALUES ('Alice Grey', 'L''ennui', 'Cécilia''s Mother');
INSERT IGNORE INTO Aktor (`nama_lengkap`) VALUES ('Maurice Antoni');
INSERT IGNORE INTO Peran VALUES ('Maurice Antoni', 'L''ennui', 'Cécilia''s Father');
INSERT IGNORE INTO Aktor (`nama_lengkap`) VALUES ('Tom Ouedraogo');
INSERT IGNORE INTO Peran VALUES ('Tom Ouedraogo', 'L''ennui', 'Momo');
INSERT IGNORE INTO Aktor (`nama_lengkap`) VALUES ('Patrick Arrachequesne');
INSERT IGNORE INTO Peran VALUES ('Patrick Arrachequesne', 'L''ennui', 'Doctor');
INSERT IGNORE INTO Aktor (`nama_lengkap`) VALUES ('Serge Bozon');
INSERT IGNORE INTO Peran VALUES ('Serge Bozon', 'L''ennui', 'Philosophy Student');
INSERT IGNORE INTO Aktor (`nama_lengkap`) VALUES ('Anne-Sophie Morillon');
INSERT IGNORE INTO Peran VALUES ('Anne-Sophie Morillon', 'L''ennui', 'Agnès');
INSERT IGNORE INTO Audio VALUES ('L''ennui', 'Korea');
INSERT IGNORE INTO Audio VALUES ('L''ennui', 'Indonesia');
INSERT IGNORE INTO Subtitle VALUES ('L''ennui', 'Spanyol');
INSERT IGNORE INTO Konten VALUES ('Die My Love', 'Grace, a writer and young mother, is slowly slipping into madness. Locked away in an old house in Montana, her increasingly agitated and erratic behaviour leaves her companion, Jackson, worried and helpless.', 2025, '21+', 'Film');
INSERT IGNORE INTO Film VALUES ('Die My Love', 119, 'Lynne Ramsay');
INSERT IGNORE INTO Genre_Konten VALUES ('Die My Love', 4);
INSERT IGNORE INTO Genre_Konten VALUES ('Die My Love', 3);
INSERT IGNORE INTO Aktor (`nama_lengkap`) VALUES ('Jennifer Lawrence');
INSERT IGNORE INTO Peran VALUES ('Jennifer Lawrence', 'Die My Love', 'Grace');
INSERT IGNORE INTO Aktor (`nama_lengkap`) VALUES ('Robert Pattinson');
INSERT IGNORE INTO Peran VALUES ('Robert Pattinson', 'Die My Love', 'Jackson');
INSERT IGNORE INTO Aktor (`nama_lengkap`) VALUES ('Sissy Spacek');
INSERT IGNORE INTO Peran VALUES ('Sissy Spacek', 'Die My Love', 'Pam');
INSERT IGNORE INTO Aktor (`nama_lengkap`) VALUES ('LaKeith Stanfield');
INSERT IGNORE INTO Peran VALUES ('LaKeith Stanfield', 'Die My Love', 'Karl');
INSERT IGNORE INTO Aktor (`nama_lengkap`) VALUES ('Nick Nolte');
INSERT IGNORE INTO Peran VALUES ('Nick Nolte', 'Die My Love', 'Harry');
INSERT IGNORE INTO Aktor (`nama_lengkap`) VALUES ('Gabrielle Rose');
INSERT IGNORE INTO Peran VALUES ('Gabrielle Rose', 'Die My Love', 'Jen');
INSERT IGNORE INTO Aktor (`nama_lengkap`) VALUES ('Clare Coulter');
INSERT IGNORE INTO Peran VALUES ('Clare Coulter', 'Die My Love', 'Courtney');
INSERT IGNORE INTO Aktor (`nama_lengkap`) VALUES ('Sarah Lind');
INSERT IGNORE INTO Peran VALUES ('Sarah Lind', 'Die My Love', 'Cheryl');
INSERT IGNORE INTO Aktor (`nama_lengkap`) VALUES ('Luke Camilleri');
INSERT IGNORE INTO Peran VALUES ('Luke Camilleri', 'Die My Love', 'Greg');
INSERT IGNORE INTO Aktor (`nama_lengkap`) VALUES ('Victor Zinck, Jr.');
INSERT IGNORE INTO Peran VALUES ('Victor Zinck, Jr.', 'Die My Love', 'Tom');
INSERT IGNORE INTO Audio VALUES ('Die My Love', 'Spanyol');
INSERT IGNORE INTO Audio VALUES ('Die My Love', 'Korea');
INSERT IGNORE INTO Audio VALUES ('Die My Love', 'Inggris');
INSERT IGNORE INTO Subtitle VALUES ('Die My Love', 'Inggris');
INSERT IGNORE INTO Subtitle VALUES ('Die My Love', 'Jepang');
INSERT IGNORE INTO Subtitle VALUES ('Die My Love', 'Korea');
INSERT IGNORE INTO Konten VALUES ('The Mask', 'Bank clerk Stanley Ipkiss is transformed into a manic superhero when he wears a mysterious mask.', 1994, 'PG-13', 'Film');
INSERT IGNORE INTO Film VALUES ('The Mask', 101, 'Chuck Russell');
INSERT IGNORE INTO Genre_Konten VALUES ('The Mask', 13);
INSERT IGNORE INTO Genre_Konten VALUES ('The Mask', 8);
INSERT IGNORE INTO Genre_Konten VALUES ('The Mask', 2);
INSERT IGNORE INTO Genre_Konten VALUES ('The Mask', 6);
INSERT IGNORE INTO Aktor (`nama_lengkap`) VALUES ('Jim Carrey');
INSERT IGNORE INTO Peran VALUES ('Jim Carrey', 'The Mask', 'Stanley Ipkiss / The Mask');
INSERT IGNORE INTO Aktor (`nama_lengkap`) VALUES ('Peter Riegert');
INSERT IGNORE INTO Peran VALUES ('Peter Riegert', 'The Mask', 'Mitch Kellaway');
INSERT IGNORE INTO Aktor (`nama_lengkap`) VALUES ('Peter Greene');
INSERT IGNORE INTO Peran VALUES ('Peter Greene', 'The Mask', 'Dorian Tyrrell');
INSERT IGNORE INTO Aktor (`nama_lengkap`) VALUES ('Amy Yasbeck');
INSERT IGNORE INTO Peran VALUES ('Amy Yasbeck', 'The Mask', 'Peggy Brandt');
INSERT IGNORE INTO Aktor (`nama_lengkap`) VALUES ('Richard Jeni');
INSERT IGNORE INTO Peran VALUES ('Richard Jeni', 'The Mask', 'Charlie Schumaker');
INSERT IGNORE INTO Aktor (`nama_lengkap`) VALUES ('Orestes Matacena');
INSERT IGNORE INTO Peran VALUES ('Orestes Matacena', 'The Mask', 'Niko');
INSERT IGNORE INTO Aktor (`nama_lengkap`) VALUES ('Tim Bagley');
INSERT IGNORE INTO Peran VALUES ('Tim Bagley', 'The Mask', 'Irv');
INSERT IGNORE INTO Aktor (`nama_lengkap`) VALUES ('Nancy Fish');
INSERT IGNORE INTO Peran VALUES ('Nancy Fish', 'The Mask', 'Mrs. Peenman');
INSERT IGNORE INTO Aktor (`nama_lengkap`) VALUES ('Johnny Williams');
INSERT IGNORE INTO Peran VALUES ('Johnny Williams', 'The Mask', 'Burt');
INSERT IGNORE INTO Aktor (`nama_lengkap`) VALUES ('Reg E. Cathey');
INSERT IGNORE INTO Peran VALUES ('Reg E. Cathey', 'The Mask', 'Freeze');
INSERT IGNORE INTO Audio VALUES ('The Mask', 'Korea');
INSERT IGNORE INTO Audio VALUES ('The Mask', 'Indonesia');
INSERT IGNORE INTO Audio VALUES ('The Mask', 'Spanyol');
INSERT IGNORE INTO Subtitle VALUES ('The Mask', 'Spanyol');
INSERT IGNORE INTO Subtitle VALUES ('The Mask', 'Inggris');
INSERT IGNORE INTO Konten VALUES ('Balahibong Pusa', 'A young woman begins to unravel her stepfather’s dangerous obsession, pulling her into a seductive web of secrets that pits her against her own mother and spirals into a tense battle of desire and betrayal in this remake of the 2001 cult classic.', 2025, 'NR', 'Film');
INSERT IGNORE INTO Film VALUES ('Balahibong Pusa', 0, 'Roman Perez Jr.');
INSERT IGNORE INTO Genre_Konten VALUES ('Balahibong Pusa', 4);
INSERT IGNORE INTO Genre_Konten VALUES ('Balahibong Pusa', 13);
INSERT IGNORE INTO Aktor (`nama_lengkap`) VALUES ('Margaret Diaz');
INSERT IGNORE INTO Peran VALUES ('Margaret Diaz', 'Balahibong Pusa', '');
INSERT IGNORE INTO Aktor (`nama_lengkap`) VALUES ('Christine Bermas');
INSERT IGNORE INTO Peran VALUES ('Christine Bermas', 'Balahibong Pusa', '');
INSERT IGNORE INTO Aktor (`nama_lengkap`) VALUES ('Itan Magnaye');
INSERT IGNORE INTO Peran VALUES ('Itan Magnaye', 'Balahibong Pusa', '');
INSERT IGNORE INTO Aktor (`nama_lengkap`) VALUES ('Mark Anthony Fernandez');
INSERT IGNORE INTO Peran VALUES ('Mark Anthony Fernandez', 'Balahibong Pusa', '');
INSERT IGNORE INTO Aktor (`nama_lengkap`) VALUES ('Yda Manzano');
INSERT IGNORE INTO Peran VALUES ('Yda Manzano', 'Balahibong Pusa', '');
INSERT IGNORE INTO Audio VALUES ('Balahibong Pusa', 'Spanyol');
INSERT IGNORE INTO Audio VALUES ('Balahibong Pusa', 'Korea');
INSERT IGNORE INTO Audio VALUES ('Balahibong Pusa', 'Inggris');
INSERT IGNORE INTO Subtitle VALUES ('Balahibong Pusa', 'Inggris');
INSERT IGNORE INTO Subtitle VALUES ('Balahibong Pusa', 'Jepang');
INSERT IGNORE INTO Subtitle VALUES ('Balahibong Pusa', 'Spanyol');
INSERT IGNORE INTO Subtitle VALUES ('Balahibong Pusa', 'Indonesia');
INSERT IGNORE INTO Konten VALUES ('Caught Stealing', 'Burned-out ex-baseball player Hank Thompson unexpectedly finds himself embroiled in a dangerous struggle for survival amidst the criminal underbelly of late 1990s New York City, forced to navigate a treacherous underworld he never imagined.', 2025, '17+', 'Film');
INSERT IGNORE INTO Film VALUES ('Caught Stealing', 107, 'Darren Aronofsky');
INSERT IGNORE INTO Genre_Konten VALUES ('Caught Stealing', 2);
INSERT IGNORE INTO Genre_Konten VALUES ('Caught Stealing', 3);
INSERT IGNORE INTO Genre_Konten VALUES ('Caught Stealing', 8);
INSERT IGNORE INTO Aktor (`nama_lengkap`) VALUES ('Austin Butler');
INSERT IGNORE INTO Peran VALUES ('Austin Butler', 'Caught Stealing', 'Hank Thompson');
INSERT IGNORE INTO Aktor (`nama_lengkap`) VALUES ('Regina King');
INSERT IGNORE INTO Peran VALUES ('Regina King', 'Caught Stealing', 'Detective Roman');
INSERT IGNORE INTO Aktor (`nama_lengkap`) VALUES ('Zoë Kravitz');
INSERT IGNORE INTO Peran VALUES ('Zoë Kravitz', 'Caught Stealing', 'Yvonne');
INSERT IGNORE INTO Aktor (`nama_lengkap`) VALUES ('Matt Smith');
INSERT IGNORE INTO Peran VALUES ('Matt Smith', 'Caught Stealing', 'Russ');
INSERT IGNORE INTO Aktor (`nama_lengkap`) VALUES ('Liev Schreiber');
INSERT IGNORE INTO Peran VALUES ('Liev Schreiber', 'Caught Stealing', 'Lipa');
INSERT IGNORE INTO Aktor (`nama_lengkap`) VALUES ('Vincent D''Onofrio');
INSERT IGNORE INTO Peran VALUES ('Vincent D''Onofrio', 'Caught Stealing', 'Shmully');
INSERT IGNORE INTO Aktor (`nama_lengkap`) VALUES ('Griffin Dunne');
INSERT IGNORE INTO Peran VALUES ('Griffin Dunne', 'Caught Stealing', 'Paul');
INSERT IGNORE INTO Aktor (`nama_lengkap`) VALUES ('Nikita Kukushkin');
INSERT IGNORE INTO Peran VALUES ('Nikita Kukushkin', 'Caught Stealing', 'Pavel');
INSERT IGNORE INTO Aktor (`nama_lengkap`) VALUES ('Yuri Kolokolnikov');
INSERT IGNORE INTO Peran VALUES ('Yuri Kolokolnikov', 'Caught Stealing', 'Aleksei');
INSERT IGNORE INTO Aktor (`nama_lengkap`) VALUES ('Bad Bunny');
INSERT IGNORE INTO Peran VALUES ('Bad Bunny', 'Caught Stealing', 'Colorado');
INSERT IGNORE INTO Audio VALUES ('Caught Stealing', 'Spanyol');
INSERT IGNORE INTO Audio VALUES ('Caught Stealing', 'Inggris');
INSERT IGNORE INTO Subtitle VALUES ('Caught Stealing', 'Spanyol');
INSERT IGNORE INTO Subtitle VALUES ('Caught Stealing', 'Korea');
INSERT IGNORE INTO Subtitle VALUES ('Caught Stealing', 'Indonesia');
INSERT IGNORE INTO Konten VALUES ('365 Days: This Day', 'Laura and Massimo are back and hotter than ever. But the reunited couple''s new beginning is complicated by Massimo’s family ties and a mysterious man who enters Laura’s life to win her heart and trust, at any cost.', 2022, 'R', 'Film');
INSERT IGNORE INTO Film VALUES ('365 Days: This Day', 111, 'Tomasz Mandes');
INSERT IGNORE INTO Genre_Konten VALUES ('365 Days: This Day', 13);
INSERT IGNORE INTO Genre_Konten VALUES ('365 Days: This Day', 4);
INSERT IGNORE INTO Aktor (`nama_lengkap`) VALUES ('Anna-Maria Sieklucka');
INSERT IGNORE INTO Peran VALUES ('Anna-Maria Sieklucka', '365 Days: This Day', 'Laura Torricelli');
INSERT IGNORE INTO Aktor (`nama_lengkap`) VALUES ('Michele Morrone');
INSERT IGNORE INTO Peran VALUES ('Michele Morrone', '365 Days: This Day', 'Massimo Torricelli / Adriano Torricelli');
INSERT IGNORE INTO Aktor (`nama_lengkap`) VALUES ('Simone Susinna');
INSERT IGNORE INTO Peran VALUES ('Simone Susinna', '365 Days: This Day', 'Marcelo ''Nacho'' Matos');
INSERT IGNORE INTO Aktor (`nama_lengkap`) VALUES ('Magdalena Lamparska');
INSERT IGNORE INTO Peran VALUES ('Magdalena Lamparska', '365 Days: This Day', 'Olga');
INSERT IGNORE INTO Aktor (`nama_lengkap`) VALUES ('Otar Saralidze');
INSERT IGNORE INTO Peran VALUES ('Otar Saralidze', '365 Days: This Day', 'Domenico');
INSERT IGNORE INTO Aktor (`nama_lengkap`) VALUES ('Natasza Urbańska');
INSERT IGNORE INTO Peran VALUES ('Natasza Urbańska', '365 Days: This Day', 'Anna');
INSERT IGNORE INTO Aktor (`nama_lengkap`) VALUES ('Ramón Langa');
INSERT IGNORE INTO Peran VALUES ('Ramón Langa', '365 Days: This Day', 'Don Fernando Matos');
INSERT IGNORE INTO Aktor (`nama_lengkap`) VALUES ('Ewa Kasprzyk');
INSERT IGNORE INTO Peran VALUES ('Ewa Kasprzyk', '365 Days: This Day', 'Klara');
INSERT IGNORE INTO Aktor (`nama_lengkap`) VALUES ('Dariusz Jakubowski');
INSERT IGNORE INTO Peran VALUES ('Dariusz Jakubowski', '365 Days: This Day', 'Tomasz');
INSERT IGNORE INTO Aktor (`nama_lengkap`) VALUES ('Tomasz Mandes');
INSERT IGNORE INTO Peran VALUES ('Tomasz Mandes', '365 Days: This Day', 'Tommaso');
INSERT IGNORE INTO Audio VALUES ('365 Days: This Day', 'Korea');
INSERT IGNORE INTO Audio VALUES ('365 Days: This Day', 'Jepang');
INSERT IGNORE INTO Audio VALUES ('365 Days: This Day', 'Inggris');
INSERT IGNORE INTO Subtitle VALUES ('365 Days: This Day', 'Jepang');
INSERT IGNORE INTO Subtitle VALUES ('365 Days: This Day', 'Spanyol');
INSERT IGNORE INTO Subtitle VALUES ('365 Days: This Day', 'Korea');
INSERT IGNORE INTO Konten VALUES ('Game Night', 'Max and Annie''s weekly game night gets kicked up a notch when Max''s brother Brooks arranges a murder mystery party -- complete with fake thugs and federal agents. So when Brooks gets kidnapped, it''s all supposed to be part of the game. As the competitors set out to solve the case, they start to learn that neither the game nor Brooks are what they seem to be. The friends soon find themselves in over their heads as each twist leads to another unexpected turn over the course of one chaotic night.', 2018, 'R', 'Film');
INSERT IGNORE INTO Film VALUES ('Game Night', 100, 'John Francis Daley');
INSERT IGNORE INTO Genre_Konten VALUES ('Game Night', 11);
INSERT IGNORE INTO Genre_Konten VALUES ('Game Night', 8);
INSERT IGNORE INTO Genre_Konten VALUES ('Game Night', 2);
INSERT IGNORE INTO Aktor (`nama_lengkap`) VALUES ('Jason Bateman');
INSERT IGNORE INTO Peran VALUES ('Jason Bateman', 'Game Night', 'Max');
INSERT IGNORE INTO Aktor (`nama_lengkap`) VALUES ('Rachel McAdams');
INSERT IGNORE INTO Peran VALUES ('Rachel McAdams', 'Game Night', 'Annie');
INSERT IGNORE INTO Aktor (`nama_lengkap`) VALUES ('Kyle Chandler');
INSERT IGNORE INTO Peran VALUES ('Kyle Chandler', 'Game Night', 'Brooks');
INSERT IGNORE INTO Aktor (`nama_lengkap`) VALUES ('Sharon Horgan');
INSERT IGNORE INTO Peran VALUES ('Sharon Horgan', 'Game Night', 'Sarah');
INSERT IGNORE INTO Aktor (`nama_lengkap`) VALUES ('Billy Magnussen');
INSERT IGNORE INTO Peran VALUES ('Billy Magnussen', 'Game Night', 'Ryan');
INSERT IGNORE INTO Aktor (`nama_lengkap`) VALUES ('Lamorne Morris');
INSERT IGNORE INTO Peran VALUES ('Lamorne Morris', 'Game Night', 'Kevin');
INSERT IGNORE INTO Aktor (`nama_lengkap`) VALUES ('Kylie Bunbury');
INSERT IGNORE INTO Peran VALUES ('Kylie Bunbury', 'Game Night', 'Michelle');
INSERT IGNORE INTO Aktor (`nama_lengkap`) VALUES ('Jesse Plemons');
INSERT IGNORE INTO Peran VALUES ('Jesse Plemons', 'Game Night', 'Gary');
INSERT IGNORE INTO Aktor (`nama_lengkap`) VALUES ('Michael C. Hall');
INSERT IGNORE INTO Peran VALUES ('Michael C. Hall', 'Game Night', 'The Bulgarian');
INSERT IGNORE INTO Aktor (`nama_lengkap`) VALUES ('Danny Huston');
INSERT IGNORE INTO Peran VALUES ('Danny Huston', 'Game Night', 'Donald Anderton');
INSERT IGNORE INTO Audio VALUES ('Game Night', 'Spanyol');
INSERT IGNORE INTO Audio VALUES ('Game Night', 'Inggris');
INSERT IGNORE INTO Subtitle VALUES ('Game Night', 'Korea');
INSERT IGNORE INTO Subtitle VALUES ('Game Night', 'Indonesia');
INSERT IGNORE INTO Subtitle VALUES ('Game Night', 'Inggris');
INSERT IGNORE INTO Konten VALUES ('The Maze Runner', 'A teenager with no memory of his past finds himself among a group of boys living in a walled enclosure surrounded by a massive, ever-changing maze. As he struggles to adapt to their rules and society, he begins to uncover clues that may lead to escape and the truth behind their confinement.', 2014, 'PG-13', 'Film');
INSERT IGNORE INTO Film VALUES ('The Maze Runner', 113, 'Wes Ball');
INSERT IGNORE INTO Genre_Konten VALUES ('The Maze Runner', 1);
INSERT IGNORE INTO Genre_Konten VALUES ('The Maze Runner', 11);
INSERT IGNORE INTO Genre_Konten VALUES ('The Maze Runner', 10);
INSERT IGNORE INTO Genre_Konten VALUES ('The Maze Runner', 3);
INSERT IGNORE INTO Aktor (`nama_lengkap`) VALUES ('Dylan O''Brien');
INSERT IGNORE INTO Peran VALUES ('Dylan O''Brien', 'The Maze Runner', 'Thomas');
INSERT IGNORE INTO Aktor (`nama_lengkap`) VALUES ('Kaya Scodelario');
INSERT IGNORE INTO Peran VALUES ('Kaya Scodelario', 'The Maze Runner', 'Teresa Agnes');
INSERT IGNORE INTO Aktor (`nama_lengkap`) VALUES ('Aml Ameen');
INSERT IGNORE INTO Peran VALUES ('Aml Ameen', 'The Maze Runner', 'Alby');
INSERT IGNORE INTO Aktor (`nama_lengkap`) VALUES ('Thomas Brodie-Sangster');
INSERT IGNORE INTO Peran VALUES ('Thomas Brodie-Sangster', 'The Maze Runner', 'Newt');
INSERT IGNORE INTO Aktor (`nama_lengkap`) VALUES ('Ki Hong Lee');
INSERT IGNORE INTO Peran VALUES ('Ki Hong Lee', 'The Maze Runner', 'Minho');
INSERT IGNORE INTO Aktor (`nama_lengkap`) VALUES ('Will Poulter');
INSERT IGNORE INTO Peran VALUES ('Will Poulter', 'The Maze Runner', 'Gally');
INSERT IGNORE INTO Aktor (`nama_lengkap`) VALUES ('Patricia Clarkson');
INSERT IGNORE INTO Peran VALUES ('Patricia Clarkson', 'The Maze Runner', 'Ava Paige');
INSERT IGNORE INTO Aktor (`nama_lengkap`) VALUES ('Blake Cooper');
INSERT IGNORE INTO Peran VALUES ('Blake Cooper', 'The Maze Runner', 'Chuck');
INSERT IGNORE INTO Aktor (`nama_lengkap`) VALUES ('Dexter Darden');
INSERT IGNORE INTO Peran VALUES ('Dexter Darden', 'The Maze Runner', 'Frypan');
INSERT IGNORE INTO Aktor (`nama_lengkap`) VALUES ('Jacob Latimore');
INSERT IGNORE INTO Peran VALUES ('Jacob Latimore', 'The Maze Runner', 'Jeff');
INSERT IGNORE INTO Audio VALUES ('The Maze Runner', 'Jepang');
INSERT IGNORE INTO Audio VALUES ('The Maze Runner', 'Korea');
INSERT IGNORE INTO Audio VALUES ('The Maze Runner', 'Indonesia');
INSERT IGNORE INTO Subtitle VALUES ('The Maze Runner', 'Indonesia');
INSERT IGNORE INTO Subtitle VALUES ('The Maze Runner', 'Jepang');
INSERT IGNORE INTO Subtitle VALUES ('The Maze Runner', 'Spanyol');
INSERT IGNORE INTO Konten VALUES ('Rita', 'Rita, who finds herself alone when husband Ariel works abroad. They both find solace and sexual satisfaction in other people. When Ariel comes back, they both act like nothing happened. But will this keep their marriage from falling apart?', 2024, 'NR', 'Film');
INSERT IGNORE INTO Film VALUES ('Rita', 113, NULL);
INSERT IGNORE INTO Genre_Konten VALUES ('Rita', 4);
INSERT IGNORE INTO Aktor (`nama_lengkap`) VALUES ('Christine Bermas');
INSERT IGNORE INTO Peran VALUES ('Christine Bermas', 'Rita', 'Rita');
INSERT IGNORE INTO Aktor (`nama_lengkap`) VALUES ('Gold Aceron');
INSERT IGNORE INTO Peran VALUES ('Gold Aceron', 'Rita', 'Marlon');
INSERT IGNORE INTO Aktor (`nama_lengkap`) VALUES ('VR Relosa');
INSERT IGNORE INTO Peran VALUES ('VR Relosa', 'Rita', 'Ariel');
INSERT IGNORE INTO Aktor (`nama_lengkap`) VALUES ('Josh Ivan Morales');
INSERT IGNORE INTO Peran VALUES ('Josh Ivan Morales', 'Rita', 'Royce');
INSERT IGNORE INTO Aktor (`nama_lengkap`) VALUES ('Sahil Khan');
INSERT IGNORE INTO Peran VALUES ('Sahil Khan', 'Rita', 'Arabo');
INSERT IGNORE INTO Aktor (`nama_lengkap`) VALUES ('Amabella De Leon');
INSERT IGNORE INTO Peran VALUES ('Amabella De Leon', 'Rita', 'Shirley');
INSERT IGNORE INTO Audio VALUES ('Rita', 'Jepang');
INSERT IGNORE INTO Audio VALUES ('Rita', 'Indonesia');
INSERT IGNORE INTO Subtitle VALUES ('Rita', 'Spanyol');
INSERT IGNORE INTO Konten VALUES ('IT: Welcome to Derry', 'In 1962, a couple with their son move to Derry, Maine just as a young boy disappears. With their arrival, very bad things begin to happen in the town.', 2025, 'A', 'Serial_TV');
INSERT IGNORE INTO Serial_TV VALUES ('IT: Welcome to Derry', 1);
INSERT IGNORE INTO Genre_Konten VALUES ('IT: Welcome to Derry', 4);
INSERT IGNORE INTO Genre_Konten VALUES ('IT: Welcome to Derry', 11);
INSERT IGNORE INTO Aktor (`nama_lengkap`) VALUES ('Taylour Paige');
INSERT IGNORE INTO Peran VALUES ('Taylour Paige', 'IT: Welcome to Derry', 'Charlotte Hanlon');
INSERT IGNORE INTO Aktor (`nama_lengkap`) VALUES ('Jovan Adepo');
INSERT IGNORE INTO Peran VALUES ('Jovan Adepo', 'IT: Welcome to Derry', 'Leroy Hanlon');
INSERT IGNORE INTO Aktor (`nama_lengkap`) VALUES ('James Remar');
INSERT IGNORE INTO Peran VALUES ('James Remar', 'IT: Welcome to Derry', 'General Francis Shaw');
INSERT IGNORE INTO Aktor (`nama_lengkap`) VALUES ('Stephen Rider');
INSERT IGNORE INTO Peran VALUES ('Stephen Rider', 'IT: Welcome to Derry', 'Hank Grogan');
INSERT IGNORE INTO Aktor (`nama_lengkap`) VALUES ('Matilda Lawler');
INSERT IGNORE INTO Peran VALUES ('Matilda Lawler', 'IT: Welcome to Derry', 'Margaret ''Marge'' Truman');
INSERT IGNORE INTO Aktor (`nama_lengkap`) VALUES ('Amanda Christine');
INSERT IGNORE INTO Peran VALUES ('Amanda Christine', 'IT: Welcome to Derry', 'Veronica ''Ronnie'' Grogan');
INSERT IGNORE INTO Aktor (`nama_lengkap`) VALUES ('Clara Stack');
INSERT IGNORE INTO Peran VALUES ('Clara Stack', 'IT: Welcome to Derry', 'Lilly Bainbridge');
INSERT IGNORE INTO Aktor (`nama_lengkap`) VALUES ('Blake Cameron James');
INSERT IGNORE INTO Peran VALUES ('Blake Cameron James', 'IT: Welcome to Derry', 'Will Hanlon');
INSERT IGNORE INTO Aktor (`nama_lengkap`) VALUES ('Arian S. Cartaya');
INSERT IGNORE INTO Peran VALUES ('Arian S. Cartaya', 'IT: Welcome to Derry', 'Rich');
INSERT IGNORE INTO Aktor (`nama_lengkap`) VALUES ('Peter Outerbridge');
INSERT IGNORE INTO Peran VALUES ('Peter Outerbridge', 'IT: Welcome to Derry', 'Clint Bowers');
INSERT IGNORE INTO Episode VALUES ('IT: Welcome to Derry', 1, 1, 'The Pilot', 'As four misfit kids vow to find their missing classmate, Major Leroy Hanlon arrives to a mixed reception at Derry Air Force Base.', 54);
INSERT IGNORE INTO Episode VALUES ('IT: Welcome to Derry', 1, 2, 'The Thing in the Dark', 'While Charlotte and Will navigate their new life in Derry, Ronnie worries about her father''s fate.', 66);
INSERT IGNORE INTO Episode VALUES ('IT: Welcome to Derry', 1, 3, 'Now You See It', 'As Leroy, Pauly, and Dick search for a new dig site, the kids attempt to get visual proof of the phenomena they''ve been experiencing.', 59);
INSERT IGNORE INTO Audio VALUES ('IT: Welcome to Derry', 'Spanyol');
INSERT IGNORE INTO Audio VALUES ('IT: Welcome to Derry', 'Indonesia');
INSERT IGNORE INTO Subtitle VALUES ('IT: Welcome to Derry', 'Spanyol');
INSERT IGNORE INTO Subtitle VALUES ('IT: Welcome to Derry', 'Korea');
INSERT IGNORE INTO Konten VALUES ('The Return of Superman', 'An up-close look at celebrity dads who have to take care of their kids for the next 48 hours without any help. Will it be a dad-tastrophe, or can they finish their wives'' to-do lists while having fun with their kids?', 2013, 'NR', 'Serial_TV');
INSERT IGNORE INTO Serial_TV VALUES ('The Return of Superman', 14);
INSERT IGNORE INTO Genre VALUES (20, 'Reality');
INSERT IGNORE INTO Genre_Konten VALUES ('The Return of Superman', 20);
INSERT IGNORE INTO Aktor (`nama_lengkap`) VALUES ('Park Joo-ho');
INSERT IGNORE INTO Peran VALUES ('Park Joo-ho', 'The Return of Superman', '');
INSERT IGNORE INTO Aktor (`nama_lengkap`) VALUES ('Park Ji-young');
INSERT IGNORE INTO Peran VALUES ('Park Ji-young', 'The Return of Superman', '');
INSERT IGNORE INTO Aktor (`nama_lengkap`) VALUES ('Park Na-eun');
INSERT IGNORE INTO Peran VALUES ('Park Na-eun', 'The Return of Superman', '');
INSERT IGNORE INTO Aktor (`nama_lengkap`) VALUES ('Park Soo-hong');
INSERT IGNORE INTO Peran VALUES ('Park Soo-hong', 'The Return of Superman', '');
INSERT IGNORE INTO Aktor (`nama_lengkap`) VALUES ('Choi Ji-woo');
INSERT IGNORE INTO Peran VALUES ('Choi Ji-woo', 'The Return of Superman', '');
INSERT IGNORE INTO Aktor (`nama_lengkap`) VALUES ('An Young-mi');
INSERT IGNORE INTO Peran VALUES ('An Young-mi', 'The Return of Superman', '');
INSERT IGNORE INTO Episode VALUES ('The Return of Superman', 1, 1, '1. Things You Only Realize Once You Raise Them', 'Choo Sunghoon and Sarang are going to Osaka to meet Sunghoon''s parents.  Tablo is recovering from shoulder surgery, will he be able to look after  his daughter Haru? Lee Hwi-jae has become the god of child care, now  that he''s familiar with taking care of his twins, Seoeon and Seojun. He  goes to see an eye doctor to check the twin''s eyes. The charismatic  actor Jang Hyunsung is actually a very clumsy person at home. He''s very  friendly with his two sons, Junu and Junseo. He teaches Junseo how to  ride a bicycle without training wheels.', 85);
INSERT IGNORE INTO Episode VALUES ('The Return of Superman', 1, 2, '2. They''re Just Like Me', 'Sunghoon and Sarang have so much fun in Osaka, Sarang spends her birthday at her grandparents house and experiences various things she had never done before. Meanwhile, Tablo and Haru goes to the aquarium to see fishes which is Haru favorite thing in the world. Hwijae, worried about the twin''s eyes, takes them to an eye doctor. They get their eyes checked up and Hwijae gets so scared by the sound of their crying. Also he takes them to a baseball park with him. Hyunsung goes to Junu''s parent-teacher conference and gets surprised by Junu''s letter and his performance in school.', 85);
INSERT IGNORE INTO Episode VALUES ('The Return of Superman', 1, 3, '3. I Can''t Live Without You', 'Sunghoon and his dad wants to teach Sarang judo. Sarang is now getting along well with her grandparents and Sarang''s mom, Shiho Yano arrives in Osaka. Haru wants to treat her dad''s arm. Tablo starves for two days and realizes how hard it was for his wife Hyejung to look after Haru. It''s Haru''s first time spending two days without her mom. Hwijae''s wife told Hwijae to go to culture center. Will he be able to take care of the twins? Hyunsung tries to cook curry but he doesn''t even know how to peel carrots, also Hyunsung and his boys prepare a surprise for their mom for their wedding anniversary.', 85);
INSERT IGNORE INTO Audio VALUES ('The Return of Superman', 'Spanyol');
INSERT IGNORE INTO Audio VALUES ('The Return of Superman', 'Korea');
INSERT IGNORE INTO Audio VALUES ('The Return of Superman', 'Indonesia');
INSERT IGNORE INTO Subtitle VALUES ('The Return of Superman', 'Spanyol');
INSERT IGNORE INTO Konten VALUES ('Vikings', 'The adventures of Ragnar Lothbrok, the greatest hero of his age. The series tells the sagas of Ragnar''s band of Viking brothers and his family, as he rises to become King of the Viking tribes. As well as being a fearless warrior, Ragnar embodies the Norse traditions of devotion to the gods. Legend has it that he was a direct descendant of Odin, the god of war and warriors.', 2013, 'TV-MA', 'Serial_TV');
INSERT IGNORE INTO Serial_TV VALUES ('Vikings', 6);
INSERT IGNORE INTO Genre VALUES (21, 'Action & Adventure');
INSERT IGNORE INTO Genre_Konten VALUES ('Vikings', 21);
INSERT IGNORE INTO Genre_Konten VALUES ('Vikings', 4);
INSERT IGNORE INTO Genre VALUES (22, 'War & Politics');
INSERT IGNORE INTO Genre_Konten VALUES ('Vikings', 22);
INSERT IGNORE INTO Aktor (`nama_lengkap`) VALUES ('Alex Høgh Andersen');
INSERT IGNORE INTO Peran VALUES ('Alex Høgh Andersen', 'Vikings', 'Ivar Lothbrok / Ivar the Boneless');
INSERT IGNORE INTO Aktor (`nama_lengkap`) VALUES ('Jordan Patrick Smith');
INSERT IGNORE INTO Peran VALUES ('Jordan Patrick Smith', 'Vikings', 'Ubbe Lothbrok');
INSERT IGNORE INTO Aktor (`nama_lengkap`) VALUES ('Marco Ilsø');
INSERT IGNORE INTO Peran VALUES ('Marco Ilsø', 'Vikings', 'Hvitserk Lothbrok');
INSERT IGNORE INTO Aktor (`nama_lengkap`) VALUES ('Peter Franzén');
INSERT IGNORE INTO Peran VALUES ('Peter Franzén', 'Vikings', 'King Harald Finehair');
INSERT IGNORE INTO Aktor (`nama_lengkap`) VALUES ('Georgia Hirst');
INSERT IGNORE INTO Peran VALUES ('Georgia Hirst', 'Vikings', 'Torvi');
INSERT IGNORE INTO Aktor (`nama_lengkap`) VALUES ('Danila Kozlovsky');
INSERT IGNORE INTO Peran VALUES ('Danila Kozlovsky', 'Vikings', 'Prince Oleg of Novgorod');
INSERT IGNORE INTO Episode VALUES ('Vikings', 1, 1, 'Rites of Passage', 'Farmer, family man and rebel Ragnar Lothbrok is determined to sail west to discover new lands and riches despite an intimidating warning from his village''s tyrannical leader, Lord Haraldson, who makes it clear in no uncertain terms that doing so could result in severe consequences.', 47);
INSERT IGNORE INTO Episode VALUES ('Vikings', 1, 2, 'Wrath of the Northmen', 'The journey west begins as Ragnar gathers a crew willing to risk their lives to travel into the unknown. Earl Haraldson''s paranoia reaches new heights as his fear of Ragnar''s success grows.', 47);
INSERT IGNORE INTO Episode VALUES ('Vikings', 1, 3, 'Dispossessed', 'Ragnar and his crew return from their trip with treasure, and Earl Haraldson has no choice but to sanction another raid. The west is open for the taking, and the Vikings'' world will never be the same.', 45);
INSERT IGNORE INTO Audio VALUES ('Vikings', 'Jepang');
INSERT IGNORE INTO Subtitle VALUES ('Vikings', 'Inggris');
INSERT IGNORE INTO Subtitle VALUES ('Vikings', 'Indonesia');
INSERT IGNORE INTO Konten VALUES ('Stranger Things', 'When a young boy vanishes, a small town uncovers a mystery involving secret experiments, terrifying supernatural forces, and one strange little girl.', 2016, 'TV-14', 'Serial_TV');
INSERT IGNORE INTO Serial_TV VALUES ('Stranger Things', 5);
INSERT IGNORE INTO Genre VALUES (23, 'Sci-Fi & Fantasy');
INSERT IGNORE INTO Genre_Konten VALUES ('Stranger Things', 23);
INSERT IGNORE INTO Genre_Konten VALUES ('Stranger Things', 11);
INSERT IGNORE INTO Genre_Konten VALUES ('Stranger Things', 21);
INSERT IGNORE INTO Aktor (`nama_lengkap`) VALUES ('Millie Bobby Brown');
INSERT IGNORE INTO Peran VALUES ('Millie Bobby Brown', 'Stranger Things', 'Eleven');
INSERT IGNORE INTO Aktor (`nama_lengkap`) VALUES ('Finn Wolfhard');
INSERT IGNORE INTO Peran VALUES ('Finn Wolfhard', 'Stranger Things', 'Mike Wheeler');
INSERT IGNORE INTO Aktor (`nama_lengkap`) VALUES ('Noah Schnapp');
INSERT IGNORE INTO Peran VALUES ('Noah Schnapp', 'Stranger Things', 'Will Byers');
INSERT IGNORE INTO Aktor (`nama_lengkap`) VALUES ('Gaten Matarazzo');
INSERT IGNORE INTO Peran VALUES ('Gaten Matarazzo', 'Stranger Things', 'Dustin Henderson');
INSERT IGNORE INTO Aktor (`nama_lengkap`) VALUES ('Caleb McLaughlin');
INSERT IGNORE INTO Peran VALUES ('Caleb McLaughlin', 'Stranger Things', 'Lucas Sinclair');
INSERT IGNORE INTO Aktor (`nama_lengkap`) VALUES ('Sadie Sink');
INSERT IGNORE INTO Peran VALUES ('Sadie Sink', 'Stranger Things', 'Max Mayfield');
INSERT IGNORE INTO Aktor (`nama_lengkap`) VALUES ('David Harbour');
INSERT IGNORE INTO Peran VALUES ('David Harbour', 'Stranger Things', 'Jim Hopper');
INSERT IGNORE INTO Aktor (`nama_lengkap`) VALUES ('Winona Ryder');
INSERT IGNORE INTO Peran VALUES ('Winona Ryder', 'Stranger Things', 'Joyce Byers');
INSERT IGNORE INTO Aktor (`nama_lengkap`) VALUES ('Natalia Dyer');
INSERT IGNORE INTO Peran VALUES ('Natalia Dyer', 'Stranger Things', 'Nancy Wheeler');
INSERT IGNORE INTO Aktor (`nama_lengkap`) VALUES ('Joe Keery');
INSERT IGNORE INTO Peran VALUES ('Joe Keery', 'Stranger Things', 'Steve Harrington');
INSERT IGNORE INTO Episode VALUES ('Stranger Things', 1, 1, 'Chapter One: The Vanishing of Will Byers', 'On his way home from a friend''s house, young Will sees something terrifying. Nearby, a sinister secret lurks in the depths of a government lab.', 48);
INSERT IGNORE INTO Episode VALUES ('Stranger Things', 1, 2, 'Chapter Two: The Weirdo on Maple Street', 'Lucas, Mike and Dustin try to talk to the girl they found in the woods. Hopper questions an anxious Joyce about an unsettling phone call.', 55);
INSERT IGNORE INTO Episode VALUES ('Stranger Things', 1, 3, 'Chapter Three: Holly, Jolly', 'An increasingly concerned Nancy looks for Barb and finds out what Jonathan''s been up to. Joyce is convinced Will is trying to talk to her.', 51);
INSERT IGNORE INTO Audio VALUES ('Stranger Things', 'Korea');
INSERT IGNORE INTO Audio VALUES ('Stranger Things', 'Jepang');
INSERT IGNORE INTO Audio VALUES ('Stranger Things', 'Spanyol');
INSERT IGNORE INTO Subtitle VALUES ('Stranger Things', 'Korea');
INSERT IGNORE INTO Subtitle VALUES ('Stranger Things', 'Spanyol');
INSERT IGNORE INTO Subtitle VALUES ('Stranger Things', 'Indonesia');
INSERT IGNORE INTO Subtitle VALUES ('Stranger Things', 'Jepang');
INSERT IGNORE INTO Konten VALUES ('Hazbin Hotel', 'In attempt to find a non-violent alternative for reducing Hell''s overpopulation, the daughter of Lucifer opens a rehabilitation hotel that offers a group of misfit demons a chance at redemption.', 2024, 'TV-MA', 'Serial_TV');
INSERT IGNORE INTO Serial_TV VALUES ('Hazbin Hotel', 2);
INSERT IGNORE INTO Genre_Konten VALUES ('Hazbin Hotel', 12);
INSERT IGNORE INTO Genre_Konten VALUES ('Hazbin Hotel', 8);
INSERT IGNORE INTO Genre_Konten VALUES ('Hazbin Hotel', 4);
INSERT IGNORE INTO Genre_Konten VALUES ('Hazbin Hotel', 23);
INSERT IGNORE INTO Aktor (`nama_lengkap`) VALUES ('Stephanie Beatriz');
INSERT IGNORE INTO Peran VALUES ('Stephanie Beatriz', 'Hazbin Hotel', 'Vaggie (voice)');
INSERT IGNORE INTO Aktor (`nama_lengkap`) VALUES ('Keith David');
INSERT IGNORE INTO Peran VALUES ('Keith David', 'Hazbin Hotel', 'Husk (voice)');
INSERT IGNORE INTO Aktor (`nama_lengkap`) VALUES ('Kimiko Glenn');
INSERT IGNORE INTO Peran VALUES ('Kimiko Glenn', 'Hazbin Hotel', 'Niffty (voice)');
INSERT IGNORE INTO Aktor (`nama_lengkap`) VALUES ('Erika Henningsen');
INSERT IGNORE INTO Peran VALUES ('Erika Henningsen', 'Hazbin Hotel', 'Charlie Morningstar (voice)');
INSERT IGNORE INTO Aktor (`nama_lengkap`) VALUES ('Blake Roman');
INSERT IGNORE INTO Peran VALUES ('Blake Roman', 'Hazbin Hotel', 'Angel Dust (voice)');
INSERT IGNORE INTO Aktor (`nama_lengkap`) VALUES ('Amir Talai');
INSERT IGNORE INTO Peran VALUES ('Amir Talai', 'Hazbin Hotel', 'Alastor (voice)');
INSERT IGNORE INTO Episode VALUES ('Hazbin Hotel', 1, 1, 'Overture', 'Charlie pitches Heaven her plan to save sinners by way of redeeming themselves through her Hotel. Vaggie enlists the staff to make a commercial to promote the hotel.', 25);
INSERT IGNORE INTO Episode VALUES ('Hazbin Hotel', 1, 2, 'Radio Killed the Video Star', 'The Vee''s: Vox, Velvette, and Valentino rule their corner of Hell unchallenged, but Alastor''s return to the airwaves may shake things up. Meanwhile, a new Hotel guest tests Angel''s patience.', 25);
INSERT IGNORE INTO Episode VALUES ('Hazbin Hotel', 1, 3, 'Scrambled Eggs', 'While the Hotel''s guests and crew spend the day learning about trust, information revealed at a meeting of overlords leads to a respectless dispute.', 25);
INSERT IGNORE INTO Audio VALUES ('Hazbin Hotel', 'Korea');
INSERT IGNORE INTO Audio VALUES ('Hazbin Hotel', 'Inggris');
INSERT IGNORE INTO Audio VALUES ('Hazbin Hotel', 'Jepang');
INSERT IGNORE INTO Subtitle VALUES ('Hazbin Hotel', 'Inggris');
INSERT IGNORE INTO Subtitle VALUES ('Hazbin Hotel', 'Spanyol');
INSERT IGNORE INTO Konten VALUES ('Last Samurai Standing', 'In the early Meiji era, Shujiro, once known as an undefeated samurai, decides to participate in a deadly survival game to save his family and villagers.', 2025, 'D', 'Serial_TV');
INSERT IGNORE INTO Serial_TV VALUES ('Last Samurai Standing', 1);
INSERT IGNORE INTO Genre_Konten VALUES ('Last Samurai Standing', 21);
INSERT IGNORE INTO Genre_Konten VALUES ('Last Samurai Standing', 4);
INSERT IGNORE INTO Aktor (`nama_lengkap`) VALUES ('Junichi Okada');
INSERT IGNORE INTO Peran VALUES ('Junichi Okada', 'Last Samurai Standing', 'Shujiro Saga');
INSERT IGNORE INTO Aktor (`nama_lengkap`) VALUES ('Yumia Fujisaki');
INSERT IGNORE INTO Peran VALUES ('Yumia Fujisaki', 'Last Samurai Standing', 'Futaba Katsuki');
INSERT IGNORE INTO Aktor (`nama_lengkap`) VALUES ('Kaya Kiyohara');
INSERT IGNORE INTO Peran VALUES ('Kaya Kiyohara', 'Last Samurai Standing', 'Iroha Kinugasa');
INSERT IGNORE INTO Aktor (`nama_lengkap`) VALUES ('Masahiro Higashide');
INSERT IGNORE INTO Peran VALUES ('Masahiro Higashide', 'Last Samurai Standing', 'Kyojin Tsuge');
INSERT IGNORE INTO Aktor (`nama_lengkap`) VALUES ('Shota Sometani');
INSERT IGNORE INTO Peran VALUES ('Shota Sometani', 'Last Samurai Standing', 'Kocha Kamuy');
INSERT IGNORE INTO Aktor (`nama_lengkap`) VALUES ('Taichi Saotome');
INSERT IGNORE INTO Peran VALUES ('Taichi Saotome', 'Last Samurai Standing', 'Shikura Adashino');
INSERT IGNORE INTO Aktor (`nama_lengkap`) VALUES ('Yuya Endo');
INSERT IGNORE INTO Peran VALUES ('Yuya Endo', 'Last Samurai Standing', 'Sansuke Gion');
INSERT IGNORE INTO Aktor (`nama_lengkap`) VALUES ('Yasushi Fuchikami');
INSERT IGNORE INTO Peran VALUES ('Yasushi Fuchikami', 'Last Samurai Standing', 'Sakura');
INSERT IGNORE INTO Aktor (`nama_lengkap`) VALUES ('Kairi Jo');
INSERT IGNORE INTO Peran VALUES ('Kairi Jo', 'Last Samurai Standing', 'Shinjiro Sayama');
INSERT IGNORE INTO Aktor (`nama_lengkap`) VALUES ('Wataru Ichinose');
INSERT IGNORE INTO Peran VALUES ('Wataru Ichinose', 'Last Samurai Standing', 'Raizo Tachibana');
INSERT IGNORE INTO Episode VALUES ('Last Samurai Standing', 1, 1, 'Kodoku', 'Unable to support his sick family as a samurai in the modern Meiji period, Shujiro enters a dangerous tournament that promises a huge cash prize.', 58);
INSERT IGNORE INTO Episode VALUES ('Last Samurai Standing', 1, 2, 'Awakening', 'Kyojin, a former ninja, proposes an alliance with Shujiro and Futaba. Meanwhile, a high-ranking government official fears a potential samurai uprising.', 51);
INSERT IGNORE INTO Episode VALUES ('Last Samurai Standing', 1, 3, 'Fate', 'The organizers bet on which contestant will reach the next checkpoint first. Shujiro shares his past with Futaba, then reunites with his estranged sister.', 49);
INSERT IGNORE INTO Audio VALUES ('Last Samurai Standing', 'Spanyol');
INSERT IGNORE INTO Audio VALUES ('Last Samurai Standing', 'Jepang');
INSERT IGNORE INTO Subtitle VALUES ('Last Samurai Standing', 'Korea');
INSERT IGNORE INTO Subtitle VALUES ('Last Samurai Standing', 'Inggris');
INSERT IGNORE INTO Konten VALUES ('Law & Order: Special Victims Unit', 'In the criminal justice system, sexually-based offenses are considered especially heinous. In New York City, the dedicated detectives who investigate these vicious felonies are members of an elite squad known as the Special Victims Unit. These are their stories.', 1999, 'TV-14', 'Serial_TV');
INSERT IGNORE INTO Serial_TV VALUES ('Law & Order: Special Victims Unit', 27);
INSERT IGNORE INTO Genre_Konten VALUES ('Law & Order: Special Victims Unit', 2);
INSERT IGNORE INTO Genre_Konten VALUES ('Law & Order: Special Victims Unit', 4);
INSERT IGNORE INTO Genre_Konten VALUES ('Law & Order: Special Victims Unit', 11);
INSERT IGNORE INTO Aktor (`nama_lengkap`) VALUES ('Mariska Hargitay');
INSERT IGNORE INTO Peran VALUES ('Mariska Hargitay', 'Law & Order: Special Victims Unit', 'Olivia Benson');
INSERT IGNORE INTO Aktor (`nama_lengkap`) VALUES ('Ice-T');
INSERT IGNORE INTO Peran VALUES ('Ice-T', 'Law & Order: Special Victims Unit', 'Odafin ''Fin'' Tutuola');
INSERT IGNORE INTO Aktor (`nama_lengkap`) VALUES ('Kelli Giddish');
INSERT IGNORE INTO Peran VALUES ('Kelli Giddish', 'Law & Order: Special Victims Unit', 'Amanda Rollins');
INSERT IGNORE INTO Aktor (`nama_lengkap`) VALUES ('Peter Scanavino');
INSERT IGNORE INTO Peran VALUES ('Peter Scanavino', 'Law & Order: Special Victims Unit', 'Dominick ''Sonny'' Carisi Jr.');
INSERT IGNORE INTO Aktor (`nama_lengkap`) VALUES ('Aimé Donna Kelly');
INSERT IGNORE INTO Peran VALUES ('Aimé Donna Kelly', 'Law & Order: Special Victims Unit', 'Renee Curry');
INSERT IGNORE INTO Aktor (`nama_lengkap`) VALUES ('Kevin Kane');
INSERT IGNORE INTO Peran VALUES ('Kevin Kane', 'Law & Order: Special Victims Unit', 'Terry Bruno');
INSERT IGNORE INTO Episode VALUES ('Law & Order: Special Victims Unit', 1, 1, 'Payback', 'Detectives Stabler and Benson investigate the murder and dismemberment of a taxi driver; the team discovers that he may have been a vicious Serbian war criminal living in the United States under a false identity.', 44);
INSERT IGNORE INTO Episode VALUES ('Law & Order: Special Victims Unit', 1, 2, 'A Single Life', 'Benson and Stabler run into multiple dead ends while investigating the case of a woman who plummeted six stories to her death clad only in a slip.', 43);
INSERT IGNORE INTO Episode VALUES ('Law & Order: Special Victims Unit', 1, 3, '...Or Just Look Like One', 'When a teen model is murdered and another is left for dead at a hospital emergency room, the team uncovers an insidious drug and sex conspiracy in the world of high fashion. Benson and Stabler enter into a modeling underworld of thoughtless parents, drug-dealing doctors and a trendy agency executive.', 43);
INSERT IGNORE INTO Audio VALUES ('Law & Order: Special Victims Unit', 'Korea');
INSERT IGNORE INTO Audio VALUES ('Law & Order: Special Victims Unit', 'Indonesia');
INSERT IGNORE INTO Audio VALUES ('Law & Order: Special Victims Unit', 'Inggris');
INSERT IGNORE INTO Subtitle VALUES ('Law & Order: Special Victims Unit', 'Korea');
INSERT IGNORE INTO Konten VALUES ('Breaking Bad', 'Walter White, a New Mexico chemistry teacher, is diagnosed with Stage III cancer and given a prognosis of only two years left to live. He becomes filled with a sense of fearlessness and an unrelenting desire to secure his family''s financial future at any cost as he enters the dangerous world of drugs and crime.', 2008, 'TV-MA', 'Serial_TV');
INSERT IGNORE INTO Serial_TV VALUES ('Breaking Bad', 5);
INSERT IGNORE INTO Genre_Konten VALUES ('Breaking Bad', 4);
INSERT IGNORE INTO Genre_Konten VALUES ('Breaking Bad', 2);
INSERT IGNORE INTO Aktor (`nama_lengkap`) VALUES ('Bryan Cranston');
INSERT IGNORE INTO Peran VALUES ('Bryan Cranston', 'Breaking Bad', 'Walter White');
INSERT IGNORE INTO Aktor (`nama_lengkap`) VALUES ('Aaron Paul');
INSERT IGNORE INTO Peran VALUES ('Aaron Paul', 'Breaking Bad', 'Jesse Pinkman');
INSERT IGNORE INTO Aktor (`nama_lengkap`) VALUES ('Anna Gunn');
INSERT IGNORE INTO Peran VALUES ('Anna Gunn', 'Breaking Bad', 'Skyler White');
INSERT IGNORE INTO Aktor (`nama_lengkap`) VALUES ('RJ Mitte');
INSERT IGNORE INTO Peran VALUES ('RJ Mitte', 'Breaking Bad', 'Walter White Jr.');
INSERT IGNORE INTO Aktor (`nama_lengkap`) VALUES ('Dean Norris');
INSERT IGNORE INTO Peran VALUES ('Dean Norris', 'Breaking Bad', 'Hank Schrader');
INSERT IGNORE INTO Aktor (`nama_lengkap`) VALUES ('Betsy Brandt');
INSERT IGNORE INTO Peran VALUES ('Betsy Brandt', 'Breaking Bad', 'Marie Schrader');
INSERT IGNORE INTO Aktor (`nama_lengkap`) VALUES ('Bob Odenkirk');
INSERT IGNORE INTO Peran VALUES ('Bob Odenkirk', 'Breaking Bad', 'Saul Goodman');
INSERT IGNORE INTO Aktor (`nama_lengkap`) VALUES ('Jonathan Banks');
INSERT IGNORE INTO Peran VALUES ('Jonathan Banks', 'Breaking Bad', 'Mike Ehrmantraut');
INSERT IGNORE INTO Episode VALUES ('Breaking Bad', 1, 1, 'Pilot', 'When an unassuming high school chemistry teacher discovers he has a rare form of lung cancer, he decides to team up with a former student and create a top of the line crystal meth in a used RV, to provide for his family once he is gone.', 59);
INSERT IGNORE INTO Episode VALUES ('Breaking Bad', 1, 2, 'Cat''s in the Bag...', 'Walt and Jesse attempt to tie up loose ends. The desperate situation gets more complicated with the flip of a coin. Walt''s wife, Skyler, becomes suspicious of Walt''s strange behavior.', 49);
INSERT IGNORE INTO Episode VALUES ('Breaking Bad', 1, 3, '...And the Bag''s in the River', 'Walter fights with Jesse over his drug use, causing him to leave Walter alone with their captive, Krazy-8. Meanwhile, Hank has a scared straight moment with Walter Jr. after his aunt discovers he has been smoking pot. Also, Skylar is upset when Walter stays away from home.', 49);
INSERT IGNORE INTO Audio VALUES ('Breaking Bad', 'Indonesia');
INSERT IGNORE INTO Audio VALUES ('Breaking Bad', 'Korea');
INSERT IGNORE INTO Audio VALUES ('Breaking Bad', 'Jepang');
INSERT IGNORE INTO Subtitle VALUES ('Breaking Bad', 'Spanyol');
INSERT IGNORE INTO Konten VALUES ('The Witcher', 'Geralt of Rivia, a mutated monster-hunter for hire, journeys toward his destiny in a turbulent world where people often prove more wicked than beasts.', 2019, 'D', 'Serial_TV');
INSERT IGNORE INTO Serial_TV VALUES ('The Witcher', 4);
INSERT IGNORE INTO Genre_Konten VALUES ('The Witcher', 23);
INSERT IGNORE INTO Genre_Konten VALUES ('The Witcher', 4);
INSERT IGNORE INTO Genre_Konten VALUES ('The Witcher', 21);
INSERT IGNORE INTO Aktor (`nama_lengkap`) VALUES ('Liam Hemsworth');
INSERT IGNORE INTO Peran VALUES ('Liam Hemsworth', 'The Witcher', 'Geralt of Rivia');
INSERT IGNORE INTO Aktor (`nama_lengkap`) VALUES ('Anya Chalotra');
INSERT IGNORE INTO Peran VALUES ('Anya Chalotra', 'The Witcher', 'Yennefer of Vengerberg');
INSERT IGNORE INTO Aktor (`nama_lengkap`) VALUES ('Freya Allan');
INSERT IGNORE INTO Peran VALUES ('Freya Allan', 'The Witcher', 'Princess Cirilla ''Ciri'' of Cintra');
INSERT IGNORE INTO Aktor (`nama_lengkap`) VALUES ('Joey Batey');
INSERT IGNORE INTO Peran VALUES ('Joey Batey', 'The Witcher', 'Jaskier / The Sandpiper');
INSERT IGNORE INTO Aktor (`nama_lengkap`) VALUES ('Eamon Farren');
INSERT IGNORE INTO Peran VALUES ('Eamon Farren', 'The Witcher', 'Cahir');
INSERT IGNORE INTO Aktor (`nama_lengkap`) VALUES ('Mimî M. Khayisa');
INSERT IGNORE INTO Peran VALUES ('Mimî M. Khayisa', 'The Witcher', 'Fringilla Vigo');
INSERT IGNORE INTO Aktor (`nama_lengkap`) VALUES ('Anna Shaffer');
INSERT IGNORE INTO Peran VALUES ('Anna Shaffer', 'The Witcher', 'Triss Merigold');
INSERT IGNORE INTO Aktor (`nama_lengkap`) VALUES ('Mahesh Jadu');
INSERT IGNORE INTO Peran VALUES ('Mahesh Jadu', 'The Witcher', 'Vilgefortz of Roggeveen');
INSERT IGNORE INTO Aktor (`nama_lengkap`) VALUES ('Meng''er Zhang');
INSERT IGNORE INTO Peran VALUES ('Meng''er Zhang', 'The Witcher', 'Milva');
INSERT IGNORE INTO Aktor (`nama_lengkap`) VALUES ('Danny Woodburn');
INSERT IGNORE INTO Peran VALUES ('Danny Woodburn', 'The Witcher', 'Zoltan Chivay');
INSERT IGNORE INTO Episode VALUES ('The Witcher', 1, 1, 'The End''s Beginning', 'Hostile townsfolk and a cunning mage greet Geralt in the town of Blaviken. Ciri finds her royal world upended when Nilfgaard sets its sights on Cintra.', 62);
INSERT IGNORE INTO Episode VALUES ('The Witcher', 1, 2, 'Four Marks', 'Bullied and neglected, Yennefer accidentally finds a means of escape. Geralt''s hunt for a so-called devil goes to hell. Ciri seeks safety in numbers.', 62);
INSERT IGNORE INTO Episode VALUES ('The Witcher', 1, 3, 'Betrayer Moon', 'Geralt takes on another Witcher''s unfinished business in a kingdom stalked by a ferocious beast. At a brutal cost, Yennefer forges a magical new future.', 68);
INSERT IGNORE INTO Audio VALUES ('The Witcher', 'Spanyol');
INSERT IGNORE INTO Audio VALUES ('The Witcher', 'Jepang');
INSERT IGNORE INTO Subtitle VALUES ('The Witcher', 'Korea');
INSERT IGNORE INTO Konten VALUES ('Grey''s Anatomy', 'Follows the personal and professional lives of a group of doctors at Seattle’s Grey Sloan Memorial Hospital.', 2005, 'TV-14', 'Serial_TV');
INSERT IGNORE INTO Serial_TV VALUES ('Grey''s Anatomy', 22);
INSERT IGNORE INTO Genre_Konten VALUES ('Grey''s Anatomy', 4);
INSERT IGNORE INTO Aktor (`nama_lengkap`) VALUES ('Ellen Pompeo');
INSERT IGNORE INTO Peran VALUES ('Ellen Pompeo', 'Grey''s Anatomy', 'Meredith Grey');
INSERT IGNORE INTO Aktor (`nama_lengkap`) VALUES ('Chandra Wilson');
INSERT IGNORE INTO Peran VALUES ('Chandra Wilson', 'Grey''s Anatomy', 'Miranda Bailey');
INSERT IGNORE INTO Aktor (`nama_lengkap`) VALUES ('James Pickens Jr.');
INSERT IGNORE INTO Peran VALUES ('James Pickens Jr.', 'Grey''s Anatomy', 'Richard Webber');
INSERT IGNORE INTO Aktor (`nama_lengkap`) VALUES ('Kevin McKidd');
INSERT IGNORE INTO Peran VALUES ('Kevin McKidd', 'Grey''s Anatomy', 'Owen Hunt');
INSERT IGNORE INTO Aktor (`nama_lengkap`) VALUES ('Caterina Scorsone');
INSERT IGNORE INTO Peran VALUES ('Caterina Scorsone', 'Grey''s Anatomy', 'Amelia Shepherd');
INSERT IGNORE INTO Aktor (`nama_lengkap`) VALUES ('Camilla Luddington');
INSERT IGNORE INTO Peran VALUES ('Camilla Luddington', 'Grey''s Anatomy', 'Jo Wilson');
INSERT IGNORE INTO Aktor (`nama_lengkap`) VALUES ('Kim Raver');
INSERT IGNORE INTO Peran VALUES ('Kim Raver', 'Grey''s Anatomy', 'Teddy Altman');
INSERT IGNORE INTO Aktor (`nama_lengkap`) VALUES ('Jason George');
INSERT IGNORE INTO Peran VALUES ('Jason George', 'Grey''s Anatomy', 'Ben Warren');
INSERT IGNORE INTO Aktor (`nama_lengkap`) VALUES ('Chris Carmack');
INSERT IGNORE INTO Peran VALUES ('Chris Carmack', 'Grey''s Anatomy', 'Atticus Lincoln');
INSERT IGNORE INTO Aktor (`nama_lengkap`) VALUES ('Anthony Hill');
INSERT IGNORE INTO Peran VALUES ('Anthony Hill', 'Grey''s Anatomy', 'Winston Ndugu');
INSERT IGNORE INTO Episode VALUES ('Grey''s Anatomy', 1, 1, 'A Hard Day''s Night', 'Meet Meredith Grey. Daughter of famous surgeon Ellis Grey and currently recovering from a one-night stand. She shoos away her evening''s companion, saying she''ll be late for her first day of work. She is a first year intern at Seattle Grace Hospital and is working alongside some colorful characters. Cristina Yang is a highly competitive Stanford graduate who befriends Meredith. George O''Malley is a quirky warm hearted man who learns a lesson or two on his first day. Izzie Stevens is a former model who doesn''t get any special treatment on her first day. And Alex Karev is an arrogant jerk who misdiagnoses a patient on his first shift. Overseeing them is Miranda Bailey, (not-so-) affectionately dubbed ''The Nazi''. Meredith also gets a surprise when she realizes that her friend from the night before is a co-worker, and even worse, her boss.', 43);
INSERT IGNORE INTO Episode VALUES ('Grey''s Anatomy', 1, 2, 'The First Cut is the Deepest', 'The surgical staff tries to be optimistic as a young woman clings to life after a brutal attack. Meanwhile Meredith puts her career on the line to save a newborn in the hospital nursery, and the other interns learn that it takes more than just medical knowledge to be good at their jobs.', 43);
INSERT IGNORE INTO Episode VALUES ('Grey''s Anatomy', 1, 3, 'Winning a Battle, Losing the War', 'A bike race injures several pedestrians as well as well as participants.  One pedestrian is left brain dead.  Christina and Issie wish to use his organs for organ donation but with Christina''s detachment and Issie''s ever hopeful attitude that the man will recover, they will find the organ harvesting process an emotional one.  Preston faces feelings of his dislike of organ harvesting - as a surgeon, he likes saving lives; harvesting organs doesn''t save the person''s life.  George deals with Mac, a friend of the chief, who won''t stop flirting with him.  He is in need of a new liver.   Meredith is fed up with Alex showing off as she continues trying to push Derek away.  She also is reaching the limits of Issie''s sunshine and George''s politeness as she goes on living with them.  Then there is their desire to see Meredith''s mother''s medical tapes.  Getting through the day, Meredith realizes the keys to winning the race.', 43);
INSERT IGNORE INTO Audio VALUES ('Grey''s Anatomy', 'Jepang');
INSERT IGNORE INTO Subtitle VALUES ('Grey''s Anatomy', 'Spanyol');
INSERT IGNORE INTO Subtitle VALUES ('Grey''s Anatomy', 'Inggris');
INSERT IGNORE INTO Konten VALUES ('Supernatural', 'When they were boys, Sam and Dean Winchester lost their mother to a mysterious and demonic supernatural force. Subsequently, their father raised them to be soldiers. He taught them about the paranormal evil that lives in the dark corners and on the back roads of America ... and he taught them how to kill it. Now, the Winchester brothers crisscross the country in their ''67 Chevy Impala, battling every kind of supernatural threat they encounter along the way. ', 2005, 'TV-14', 'Serial_TV');
INSERT IGNORE INTO Serial_TV VALUES ('Supernatural', 15);
INSERT IGNORE INTO Genre_Konten VALUES ('Supernatural', 4);
INSERT IGNORE INTO Genre_Konten VALUES ('Supernatural', 11);
INSERT IGNORE INTO Genre_Konten VALUES ('Supernatural', 23);
INSERT IGNORE INTO Aktor (`nama_lengkap`) VALUES ('Jared Padalecki');
INSERT IGNORE INTO Peran VALUES ('Jared Padalecki', 'Supernatural', 'Sam Winchester');
INSERT IGNORE INTO Aktor (`nama_lengkap`) VALUES ('Jensen Ackles');
INSERT IGNORE INTO Peran VALUES ('Jensen Ackles', 'Supernatural', 'Dean Winchester');
INSERT IGNORE INTO Aktor (`nama_lengkap`) VALUES ('Misha Collins');
INSERT IGNORE INTO Peran VALUES ('Misha Collins', 'Supernatural', 'Castiel');
INSERT IGNORE INTO Episode VALUES ('Supernatural', 1, 1, 'Pilot', 'Two brothers, Sam and Dean Winchester,  witness their mother''s paranormal death as children and grow up trained  to fight by a distraught father who wants nothing more then to hunt  down the thing that killed his wife. Sam escapes to college to start a  new, normal life, but gets pulled back in after Dean shows up on his  doorstep to tell him their father is missing.

Following clues from an  eerie phone message from him, the boys travel to a small town and  encounter a vengeful spirit called the "Woman in White" who then starts  to haunt Sam.', 46);
INSERT IGNORE INTO Episode VALUES ('Supernatural', 1, 2, 'Wendigo', 'Sam and Dean follow the coordinates  left in their father''s journal and land in the middle of the woods where  they investigate the disappearance of several campers. The two brothers  soon learn they are dealing with a Wendigo, a creature made famous in  Native America legends. A Wendigo is a former human whose cannibalism  has transformed him into a creature with superhuman strength and speed  that feasts on human flesh.', 43);
INSERT IGNORE INTO Episode VALUES ('Supernatural', 1, 3, 'Dead in the Water', 'Sam and Dean investigate a series of  mysterious drownings written off as suicides. They discover the spirit  is an angry little boy with the power to travel through water who is  taking revenge on certain town inhabitants for a dark secret buried long  ago. Dean forms a bond with a young boy who seems to have the power of  premonition.', 43);
INSERT IGNORE INTO Audio VALUES ('Supernatural', 'Korea');
INSERT IGNORE INTO Audio VALUES ('Supernatural', 'Jepang');
INSERT IGNORE INTO Subtitle VALUES ('Supernatural', 'Spanyol');
INSERT IGNORE INTO Subtitle VALUES ('Supernatural', 'Inggris');
INSERT IGNORE INTO Subtitle VALUES ('Supernatural', 'Indonesia');
INSERT IGNORE INTO Konten VALUES ('NCIS', 'From murder and espionage to terrorism and stolen submarines, a team of special agents investigates any crime that has any connection to Navy and Marine Corps personnel, regardless of rank or position.', 2003, 'TV-14', 'Serial_TV');
INSERT IGNORE INTO Serial_TV VALUES ('NCIS', 23);
INSERT IGNORE INTO Genre_Konten VALUES ('NCIS', 2);
INSERT IGNORE INTO Genre_Konten VALUES ('NCIS', 4);
INSERT IGNORE INTO Genre_Konten VALUES ('NCIS', 21);
INSERT IGNORE INTO Episode VALUES ('NCIS', 1, 1, 'Yankee White', 'While on Air Force One, a Navy commanding officer dies. Agents from the Navy NCIS decide to take the investigation into their own hands and also force a Secret Service Agent to help. Now the NCIS team has to figure out if the Navy officer''s death was of natural causes or not.', 45);
INSERT IGNORE INTO Episode VALUES ('NCIS', 1, 2, 'Hung Out to Dry', 'During a training exercise, a Marine''s parachute fails to open and he crashes into a parked car. The NCIS team heads to the scene and has to determine if the Marine''s death was accidental or a murder.', 44);
INSERT IGNORE INTO Episode VALUES ('NCIS', 1, 3, 'Seadog', 'When a Navy commander''s body washes up on shore along with the bodies of two drug runners, Gibbs refuses to believe that the sailor who was killed was dirty.', 43);
INSERT IGNORE INTO Audio VALUES ('NCIS', 'Inggris');
INSERT IGNORE INTO Subtitle VALUES ('NCIS', 'Spanyol');
INSERT IGNORE INTO Subtitle VALUES ('NCIS', 'Korea');
INSERT IGNORE INTO Konten VALUES ('The Rookie', 'Starting over isn''t easy, especially for small-town guy John Nolan who, after a life-altering incident, is pursuing his dream of being an LAPD officer. As the force''s oldest rookie, he’s met with skepticism from some higher-ups who see him as just a walking midlife crisis.', 2018, 'TV-14', 'Serial_TV');
INSERT IGNORE INTO Serial_TV VALUES ('The Rookie', 8);
INSERT IGNORE INTO Genre_Konten VALUES ('The Rookie', 2);
INSERT IGNORE INTO Genre_Konten VALUES ('The Rookie', 4);
INSERT IGNORE INTO Genre_Konten VALUES ('The Rookie', 8);
INSERT IGNORE INTO Aktor (`nama_lengkap`) VALUES ('Nathan Fillion');
INSERT IGNORE INTO Peran VALUES ('Nathan Fillion', 'The Rookie', 'John Nolan');
INSERT IGNORE INTO Aktor (`nama_lengkap`) VALUES ('Melissa O''Neil');
INSERT IGNORE INTO Peran VALUES ('Melissa O''Neil', 'The Rookie', 'Lucy Chen');
INSERT IGNORE INTO Aktor (`nama_lengkap`) VALUES ('Eric Winter');
INSERT IGNORE INTO Peran VALUES ('Eric Winter', 'The Rookie', 'Tim Bradford');
INSERT IGNORE INTO Aktor (`nama_lengkap`) VALUES ('Alyssa Diaz');
INSERT IGNORE INTO Peran VALUES ('Alyssa Diaz', 'The Rookie', 'Angela Lopez');
INSERT IGNORE INTO Aktor (`nama_lengkap`) VALUES ('Mekia Cox');
INSERT IGNORE INTO Peran VALUES ('Mekia Cox', 'The Rookie', 'Nyla Harper');
INSERT IGNORE INTO Aktor (`nama_lengkap`) VALUES ('Richard T. Jones');
INSERT IGNORE INTO Peran VALUES ('Richard T. Jones', 'The Rookie', 'Wade Grey');
INSERT IGNORE INTO Episode VALUES ('The Rookie', 1, 1, 'Pilot', 'Starting over isn''t easy, especially for small-town guy John Nolan who, after a life-altering incident, is pursuing his dream of being a police officer. As the force''s oldest rookie, he’s met with skepticism from some higher-ups who see him as just a walking midlife crisis. Throw in a workplace romance, a hostage situation, and some tough love from their new training officers, and the latest Los Angeles police rookie class has an uphill battle ahead of them.', 43);
INSERT IGNORE INTO Episode VALUES ('The Rookie', 1, 2, 'Crash Course', 'Talia forces Nolan to confront his personal moral instincts in order to be a good cop after he encounters a kidnapping victim. Lucy is temporarily placed with a new training officer who tests her patience. Jackson must confront his failures head-on if he wants to be an officer.', 43);
INSERT IGNORE INTO Episode VALUES ('The Rookie', 1, 3, 'The Good, the Bad and the Ugly', 'After Nolan and Talia lose control of a crime scene, they begin to debate whether people are fundamentally good or bad and what that means for a police officer. Lucy is concerned Tim is enabling his wife’s destructive behavior and not taking care of himself.', 43);
INSERT IGNORE INTO Audio VALUES ('The Rookie', 'Jepang');
INSERT IGNORE INTO Subtitle VALUES ('The Rookie', 'Indonesia');
INSERT IGNORE INTO Subtitle VALUES ('The Rookie', 'Spanyol');
INSERT IGNORE INTO Subtitle VALUES ('The Rookie', 'Inggris');
INSERT IGNORE INTO Konten VALUES ('Pluribus', 'The most miserable person on Earth must save the world from happiness.', 2025, 'D', 'Serial_TV');
INSERT IGNORE INTO Serial_TV VALUES ('Pluribus', 1);
INSERT IGNORE INTO Genre_Konten VALUES ('Pluribus', 4);
INSERT IGNORE INTO Genre_Konten VALUES ('Pluribus', 23);
INSERT IGNORE INTO Aktor (`nama_lengkap`) VALUES ('Rhea Seehorn');
INSERT IGNORE INTO Peran VALUES ('Rhea Seehorn', 'Pluribus', 'Carol Sturka');
INSERT IGNORE INTO Aktor (`nama_lengkap`) VALUES ('Karolina Wydra');
INSERT IGNORE INTO Peran VALUES ('Karolina Wydra', 'Pluribus', 'Zosia');
INSERT IGNORE INTO Aktor (`nama_lengkap`) VALUES ('Carlos-Manuel Vesga');
INSERT IGNORE INTO Peran VALUES ('Carlos-Manuel Vesga', 'Pluribus', 'Manousos');
INSERT IGNORE INTO Episode VALUES ('Pluribus', 1, 1, 'We Is Us', 'An astronomer''s discovery turns the planet upside down. Carol Sturka, a curmudgeonly novelist, is terrified by this strange new world.', 57);
INSERT IGNORE INTO Episode VALUES ('Pluribus', 1, 2, 'Pirate Lady', 'A curiously familiar face introduces Carol to the bizarre new normal. A gathering in Europe brings strangers together…and causes friction.', 63);
INSERT IGNORE INTO Episode VALUES ('Pluribus', 1, 3, 'Grenade', 'The World just wants to help—which infuriates Carol. A heart-to-heart conversation ends with a bang.', 44);
INSERT IGNORE INTO Audio VALUES ('Pluribus', 'Inggris');
INSERT IGNORE INTO Audio VALUES ('Pluribus', 'Indonesia');
INSERT IGNORE INTO Subtitle VALUES ('Pluribus', 'Jepang');
INSERT IGNORE INTO Subtitle VALUES ('Pluribus', 'Inggris');
INSERT IGNORE INTO Konten VALUES ('Tulsa King', 'New York mafia capo Dwight "The General" Manfredi is released from prison after 25 years and exiled by his boss to set up shop in Tulsa, Oklahoma. Realizing that his mob family may not have his best interests in mind, Dwight slowly builds a crew.', 2022, 'D', 'Serial_TV');
INSERT IGNORE INTO Serial_TV VALUES ('Tulsa King', 3);
INSERT IGNORE INTO Genre_Konten VALUES ('Tulsa King', 2);
INSERT IGNORE INTO Genre_Konten VALUES ('Tulsa King', 4);
INSERT IGNORE INTO Genre_Konten VALUES ('Tulsa King', 8);
INSERT IGNORE INTO Aktor (`nama_lengkap`) VALUES ('Sylvester Stallone');
INSERT IGNORE INTO Peran VALUES ('Sylvester Stallone', 'Tulsa King', 'Dwight ''The General'' Manfredi');
INSERT IGNORE INTO Aktor (`nama_lengkap`) VALUES ('Martin Starr');
INSERT IGNORE INTO Peran VALUES ('Martin Starr', 'Tulsa King', 'Lawrence ''Bodhi'' Geigerman');
INSERT IGNORE INTO Aktor (`nama_lengkap`) VALUES ('Jay Will');
INSERT IGNORE INTO Peran VALUES ('Jay Will', 'Tulsa King', 'Tyson Mitchell');
INSERT IGNORE INTO Aktor (`nama_lengkap`) VALUES ('Annabella Sciorra');
INSERT IGNORE INTO Peran VALUES ('Annabella Sciorra', 'Tulsa King', 'Joanne');
INSERT IGNORE INTO Aktor (`nama_lengkap`) VALUES ('Neal McDonough');
INSERT IGNORE INTO Peran VALUES ('Neal McDonough', 'Tulsa King', 'Cal Thresher');
INSERT IGNORE INTO Aktor (`nama_lengkap`) VALUES ('Frank Grillo');
INSERT IGNORE INTO Peran VALUES ('Frank Grillo', 'Tulsa King', 'Bill Bevilaqua');
INSERT IGNORE INTO Aktor (`nama_lengkap`) VALUES ('Garrett Hedlund');
INSERT IGNORE INTO Peran VALUES ('Garrett Hedlund', 'Tulsa King', 'Mitch Keller');
INSERT IGNORE INTO Aktor (`nama_lengkap`) VALUES ('Dana Delany');
INSERT IGNORE INTO Peran VALUES ('Dana Delany', 'Tulsa King', 'Margaret Devereaux');
INSERT IGNORE INTO Aktor (`nama_lengkap`) VALUES ('Robert Patrick');
INSERT IGNORE INTO Peran VALUES ('Robert Patrick', 'Tulsa King', 'Jeremiah Dunmire');
INSERT IGNORE INTO Aktor (`nama_lengkap`) VALUES ('Beau Knapp');
INSERT IGNORE INTO Peran VALUES ('Beau Knapp', 'Tulsa King', 'Cole Dunmire');
INSERT IGNORE INTO Episode VALUES ('Tulsa King', 1, 1, 'Go West, Old Man', 'Dwight, blindsided by the news that his mob family has nothing left for him in New York, is sent to Tulsa, Oklahoma; as he settles in and surveys his new surroundings, Dwight wastes no time making new associates.', 42);
INSERT IGNORE INTO Episode VALUES ('Tulsa King', 1, 2, 'Center of the Universe', 'Dwight, Tyson, and Bodhi go on a road trip to take care of some business; Stacy does some digging into Dwight''s past.', 38);
INSERT IGNORE INTO Episode VALUES ('Tulsa King', 1, 3, 'Caprice', 'Dwight takes note of a possible new business opportunity. Later, a routine errand has an explosive, unexpected outcome. Stacy opens up to Dwight about what led her to Tulsa.', 40);
INSERT IGNORE INTO Audio VALUES ('Tulsa King', 'Spanyol');
INSERT IGNORE INTO Audio VALUES ('Tulsa King', 'Inggris');
INSERT IGNORE INTO Subtitle VALUES ('Tulsa King', 'Spanyol');
INSERT IGNORE INTO Subtitle VALUES ('Tulsa King', 'Inggris');
INSERT IGNORE INTO Konten VALUES ('Mahsun J', 'Mahsun is a motorcycle courier in Istanbul. While searching for a way out of his life filled with debt, he accidentally discovers his "greatest" talent and decides to become a GIGOLO. Her manager will be her friend Leyla, who is a failed advertising executive.', 2024, 'NR', 'Serial_TV');
INSERT IGNORE INTO Serial_TV VALUES ('Mahsun J', 2);
INSERT IGNORE INTO Genre_Konten VALUES ('Mahsun J', 8);
INSERT IGNORE INTO Aktor (`nama_lengkap`) VALUES ('Mahsun Karaca');
INSERT IGNORE INTO Peran VALUES ('Mahsun Karaca', 'Mahsun J', 'Mahsun');
INSERT IGNORE INTO Aktor (`nama_lengkap`) VALUES ('Eda Akalın');
INSERT IGNORE INTO Peran VALUES ('Eda Akalın', 'Mahsun J', 'Leyla');
INSERT IGNORE INTO Episode VALUES ('Mahsun J', 1, 1, 'Episode 1', 'Mahsun is a motorcycle courier living in debt. He goes to a delivery instead of his friend. The "extra income" adventure he has with the woman he delivers the package to changes Mahsun''s life.', 47);
INSERT IGNORE INTO Episode VALUES ('Mahsun J', 1, 2, 'Episode 2', 'Leyla and Mahsun go to Ateş, an experienced gigolo, to learn the rules of the new world they have entered. The door that Ateş opened for them leads to an unexpected place.', 48);
INSERT IGNORE INTO Episode VALUES ('Mahsun J', 1, 3, 'Episode 3', 'Leyla and Mahsun decide to market Mahsun''s talents through an online application. However, Ateş demands a commission from every customer they find and complicates their work.', 41);
INSERT IGNORE INTO Audio VALUES ('Mahsun J', 'Indonesia');
INSERT IGNORE INTO Subtitle VALUES ('Mahsun J', 'Inggris');
INSERT IGNORE INTO Subtitle VALUES ('Mahsun J', 'Jepang');
INSERT IGNORE INTO Konten VALUES ('Shameless', 'Chicagoan Frank Gallagher is the proud single dad of six smart, industrious, independent kids, who without him would be... perhaps better off. When Frank''s not at the bar spending what little money they have, he''s passed out on the floor. But the kids have found ways to grow up in spite of him. They may not be like any family you know, but they make no apologies for being exactly who they are.', 2011, 'TV-MA', 'Serial_TV');
INSERT IGNORE INTO Serial_TV VALUES ('Shameless', 11);
INSERT IGNORE INTO Genre_Konten VALUES ('Shameless', 4);
INSERT IGNORE INTO Genre_Konten VALUES ('Shameless', 8);
INSERT IGNORE INTO Aktor (`nama_lengkap`) VALUES ('William H. Macy');
INSERT IGNORE INTO Peran VALUES ('William H. Macy', 'Shameless', 'Frank Gallagher');
INSERT IGNORE INTO Aktor (`nama_lengkap`) VALUES ('Jeremy Allen White');
INSERT IGNORE INTO Peran VALUES ('Jeremy Allen White', 'Shameless', 'Lip Gallagher');
INSERT IGNORE INTO Aktor (`nama_lengkap`) VALUES ('Ethan Cutkosky');
INSERT IGNORE INTO Peran VALUES ('Ethan Cutkosky', 'Shameless', 'Carl Gallagher');
INSERT IGNORE INTO Aktor (`nama_lengkap`) VALUES ('Shanola Hampton');
INSERT IGNORE INTO Peran VALUES ('Shanola Hampton', 'Shameless', 'Veronica Fisher');
INSERT IGNORE INTO Aktor (`nama_lengkap`) VALUES ('Steve Howey');
INSERT IGNORE INTO Peran VALUES ('Steve Howey', 'Shameless', 'Kevin Ball');
INSERT IGNORE INTO Aktor (`nama_lengkap`) VALUES ('Emma Kenney');
INSERT IGNORE INTO Peran VALUES ('Emma Kenney', 'Shameless', 'Debbie Gallagher');
INSERT IGNORE INTO Aktor (`nama_lengkap`) VALUES ('Christian Isaiah');
INSERT IGNORE INTO Peran VALUES ('Christian Isaiah', 'Shameless', 'Liam Gallagher');
INSERT IGNORE INTO Aktor (`nama_lengkap`) VALUES ('Cameron Monaghan');
INSERT IGNORE INTO Peran VALUES ('Cameron Monaghan', 'Shameless', 'Ian Gallagher');
INSERT IGNORE INTO Aktor (`nama_lengkap`) VALUES ('Noel Fisher');
INSERT IGNORE INTO Peran VALUES ('Noel Fisher', 'Shameless', 'Mickey Milkovich');
INSERT IGNORE INTO Aktor (`nama_lengkap`) VALUES ('Kate Miner');
INSERT IGNORE INTO Peran VALUES ('Kate Miner', 'Shameless', 'Tami Tamietti');
INSERT IGNORE INTO Episode VALUES ('Shameless', 1, 1, 'Pilot', 'Having her handbag stolen proves to be a blessing for Fiona when a handsome stranger named Steve comes to her rescue. Lip is shocked to discover Ian could be gay and decides his brother should pay a visit to the ever-accommodating Karen Jackson down the block. But the sudden arrival of her furious father Eddie ensures Ian''s already-slim chances of happiness with Karen take a severe blow. Meanwhile, Steve buys Fiona a romantic gift, but for some reason she''s less than impressed with it.', 57);
INSERT IGNORE INTO Episode VALUES ('Shameless', 1, 2, 'Frank the Plank', 'Drunk as a skunk, Frank has a run-in with Karen''s father and returns home to take it out on Ian. The next day is Friday, and Frank is nowhere to be found, which is a bit odd since he never misses disability check day. The family starts a manhunt. .', 55);
INSERT IGNORE INTO Episode VALUES ('Shameless', 1, 3, 'Aunt Ginger', 'Fiona turns her attentions to Tony, a cop who has had a crush on her since childhood, but Steve isn''t willing to give up without a fight; Ian is targeted by the brothers of a girl he spurned; the whole family searches for elderly Aunt Ginger, who owns their house.', 52);
INSERT IGNORE INTO Audio VALUES ('Shameless', 'Korea');
INSERT IGNORE INTO Subtitle VALUES ('Shameless', 'Jepang');
INSERT IGNORE INTO Subtitle VALUES ('Shameless', 'Indonesia');
INSERT IGNORE INTO Konten VALUES ('The Simpsons', 'Set in Springfield, the average American town, the show focuses on the antics and everyday adventures of the Simpson family; Homer, Marge, Bart, Lisa and Maggie, as well as a virtual cast of thousands. Since the beginning, the series has been a pop culture icon, attracting hundreds of celebrities to guest star. The show has also made name for itself in its fearless satirical take on politics, media and American life in general.', 1989, 'TV-PG', 'Serial_TV');
INSERT IGNORE INTO Serial_TV VALUES ('The Simpsons', 37);
INSERT IGNORE INTO Genre_Konten VALUES ('The Simpsons', 9);
INSERT IGNORE INTO Genre_Konten VALUES ('The Simpsons', 12);
INSERT IGNORE INTO Genre_Konten VALUES ('The Simpsons', 8);
INSERT IGNORE INTO Aktor (`nama_lengkap`) VALUES ('Dan Castellaneta');
INSERT IGNORE INTO Peran VALUES ('Dan Castellaneta', 'The Simpsons', 'Homer Simpson / Abe Simpson / Barney Gumble / Krusty (voice)');
INSERT IGNORE INTO Aktor (`nama_lengkap`) VALUES ('Julie Kavner');
INSERT IGNORE INTO Peran VALUES ('Julie Kavner', 'The Simpsons', 'Marge Simpson / Patty Bouvier / Selma Bouvier (voice)');
INSERT IGNORE INTO Aktor (`nama_lengkap`) VALUES ('Nancy Cartwright');
INSERT IGNORE INTO Peran VALUES ('Nancy Cartwright', 'The Simpsons', 'Bart Simpson / Nelson Muntz / Ralph Wiggum (voice)');
INSERT IGNORE INTO Aktor (`nama_lengkap`) VALUES ('Yeardley Smith');
INSERT IGNORE INTO Peran VALUES ('Yeardley Smith', 'The Simpsons', 'Lisa Simpson (voice)');
INSERT IGNORE INTO Aktor (`nama_lengkap`) VALUES ('Hank Azaria');
INSERT IGNORE INTO Peran VALUES ('Hank Azaria', 'The Simpsons', 'Moe Szyslak / Chief Wiggum / Apu / Comic Book Guy / Carl (voice)');
INSERT IGNORE INTO Aktor (`nama_lengkap`) VALUES ('Harry Shearer');
INSERT IGNORE INTO Peran VALUES ('Harry Shearer', 'The Simpsons', 'Ned Flanders / Mr. Burns / Smithers / Skinner / Lenny (voice)');
INSERT IGNORE INTO Episode VALUES ('The Simpsons', 1, 1, 'Simpsons Roasting on an Open Fire', 'Homer''s Christmas bonus is canceled and the rainy-day funds are needed to pay for Bart''s tattoo removal.', 23);
INSERT IGNORE INTO Episode VALUES ('The Simpsons', 1, 2, 'Bart the Genius', 'Bart''s labeled a genius and sent to a school for the gifted.', 23);
INSERT IGNORE INTO Episode VALUES ('The Simpsons', 1, 3, 'Homer''s Odyssey', 'After being fired from the nuclear power plant for negligence, Homer becomes a safety activist.', 23);
INSERT IGNORE INTO Audio VALUES ('The Simpsons', 'Inggris');
INSERT IGNORE INTO Audio VALUES ('The Simpsons', 'Indonesia');
INSERT IGNORE INTO Audio VALUES ('The Simpsons', 'Korea');
INSERT IGNORE INTO Subtitle VALUES ('The Simpsons', 'Inggris');
INSERT IGNORE INTO Subtitle VALUES ('The Simpsons', 'Spanyol');
INSERT IGNORE INTO Subtitle VALUES ('The Simpsons', 'Jepang');
INSERT IGNORE INTO Konten VALUES ('Dexter', 'Dexter Morgan, a blood spatter pattern analyst for the Miami Metro Police also leads a secret life as a serial killer, hunting down criminals who have slipped through the cracks of justice.', 2006, 'TV-MA', 'Serial_TV');
INSERT IGNORE INTO Serial_TV VALUES ('Dexter', 8);
INSERT IGNORE INTO Genre_Konten VALUES ('Dexter', 2);
INSERT IGNORE INTO Genre_Konten VALUES ('Dexter', 4);
INSERT IGNORE INTO Genre_Konten VALUES ('Dexter', 11);
INSERT IGNORE INTO Aktor (`nama_lengkap`) VALUES ('Michael C. Hall');
INSERT IGNORE INTO Peran VALUES ('Michael C. Hall', 'Dexter', 'Dexter Morgan');
INSERT IGNORE INTO Aktor (`nama_lengkap`) VALUES ('Jennifer Carpenter');
INSERT IGNORE INTO Peran VALUES ('Jennifer Carpenter', 'Dexter', 'Debra Morgan');
INSERT IGNORE INTO Aktor (`nama_lengkap`) VALUES ('Geoff Pierson');
INSERT IGNORE INTO Peran VALUES ('Geoff Pierson', 'Dexter', 'Thomas Matthews');
INSERT IGNORE INTO Aktor (`nama_lengkap`) VALUES ('David Zayas');
INSERT IGNORE INTO Peran VALUES ('David Zayas', 'Dexter', 'Angel Batista');
INSERT IGNORE INTO Aktor (`nama_lengkap`) VALUES ('James Remar');
INSERT IGNORE INTO Peran VALUES ('James Remar', 'Dexter', 'Harry Morgan');
INSERT IGNORE INTO Aktor (`nama_lengkap`) VALUES ('Aimee Garcia');
INSERT IGNORE INTO Peran VALUES ('Aimee Garcia', 'Dexter', 'Jamie Batista');
INSERT IGNORE INTO Aktor (`nama_lengkap`) VALUES ('Desmond Harrington');
INSERT IGNORE INTO Peran VALUES ('Desmond Harrington', 'Dexter', 'Joseph Quinn');
INSERT IGNORE INTO Aktor (`nama_lengkap`) VALUES ('C.S. Lee');
INSERT IGNORE INTO Peran VALUES ('C.S. Lee', 'Dexter', 'Vince Masuka');
INSERT IGNORE INTO Episode VALUES ('Dexter', 1, 1, 'Dexter', 'Dexter''s world is rocked when a rival serial murderer, dubbed the Ice Truck Killer by the media, privately contacts him and reveals that he knows Dexter''s grisly secret. Meanwhile, Dexter''s sister, Debra, is transferred to Homicide.', 53);
INSERT IGNORE INTO Episode VALUES ('Dexter', 1, 2, 'Crocodile', 'The Miami Metro Police Department investigate the murder of an undercover officer, while Dexter stalks another victim. Debra discovers a piece of evidence in the Ice Truck Killer Case that helps her get a promotion.', 55);
INSERT IGNORE INTO Episode VALUES ('Dexter', 1, 3, 'Popping Cherry', 'While LaGuerta focuses the department''s attention on a potential suspect in the Ice Truck Killer Case, Debra continues to look elsewhere. Doakes pays a visit to drug lord, Carlos Guerrero. Flashbacks show Dexter killing his first human.', 51);
INSERT IGNORE INTO Audio VALUES ('Dexter', 'Korea');
INSERT IGNORE INTO Subtitle VALUES ('Dexter', 'Inggris');
INSERT IGNORE INTO Subtitle VALUES ('Dexter', 'Jepang');
INSERT IGNORE INTO Subtitle VALUES ('Dexter', 'Spanyol');
INSERT IGNORE INTO Subtitle VALUES ('Dexter', 'Korea');
INSERT IGNORE INTO Konten VALUES ('Game of Thrones', 'Seven noble families fight for control of the mythical land of Westeros. Friction between the houses leads to full-scale war. All while a very ancient evil awakens in the farthest north. Amidst the war, a neglected military order of misfits, the Night''s Watch, is all that stands between the realms of men and icy horrors beyond.', 2011, 'TV-MA', 'Serial_TV');
INSERT IGNORE INTO Serial_TV VALUES ('Game of Thrones', 8);
INSERT IGNORE INTO Genre_Konten VALUES ('Game of Thrones', 23);
INSERT IGNORE INTO Genre_Konten VALUES ('Game of Thrones', 4);
INSERT IGNORE INTO Genre_Konten VALUES ('Game of Thrones', 21);
INSERT IGNORE INTO Aktor (`nama_lengkap`) VALUES ('Peter Dinklage');
INSERT IGNORE INTO Peran VALUES ('Peter Dinklage', 'Game of Thrones', 'Tyrion ''The Halfman'' Lannister');
INSERT IGNORE INTO Aktor (`nama_lengkap`) VALUES ('Kit Harington');
INSERT IGNORE INTO Peran VALUES ('Kit Harington', 'Game of Thrones', 'Jon Snow');
INSERT IGNORE INTO Aktor (`nama_lengkap`) VALUES ('Nikolaj Coster-Waldau');
INSERT IGNORE INTO Peran VALUES ('Nikolaj Coster-Waldau', 'Game of Thrones', 'Sir Jaime ''Kingslayer'' Lannister');
INSERT IGNORE INTO Aktor (`nama_lengkap`) VALUES ('Lena Headey');
INSERT IGNORE INTO Peran VALUES ('Lena Headey', 'Game of Thrones', 'Cersei Lannister');
INSERT IGNORE INTO Aktor (`nama_lengkap`) VALUES ('Emilia Clarke');
INSERT IGNORE INTO Peran VALUES ('Emilia Clarke', 'Game of Thrones', 'Daenerys Targaryen');
INSERT IGNORE INTO Aktor (`nama_lengkap`) VALUES ('Liam Cunningham');
INSERT IGNORE INTO Peran VALUES ('Liam Cunningham', 'Game of Thrones', 'Davos Seaworth');
INSERT IGNORE INTO Aktor (`nama_lengkap`) VALUES ('Maisie Williams');
INSERT IGNORE INTO Peran VALUES ('Maisie Williams', 'Game of Thrones', 'Arya Stark');
INSERT IGNORE INTO Aktor (`nama_lengkap`) VALUES ('Isaac Hempstead Wright');
INSERT IGNORE INTO Peran VALUES ('Isaac Hempstead Wright', 'Game of Thrones', 'Brandon ''Bran'' Stark');
INSERT IGNORE INTO Aktor (`nama_lengkap`) VALUES ('Sophie Turner');
INSERT IGNORE INTO Peran VALUES ('Sophie Turner', 'Game of Thrones', 'Sansa Stark');
INSERT IGNORE INTO Aktor (`nama_lengkap`) VALUES ('John Bradley');
INSERT IGNORE INTO Peran VALUES ('John Bradley', 'Game of Thrones', 'Samwell ''Sam'' Tarly');
INSERT IGNORE INTO Episode VALUES ('Game of Thrones', 1, 1, 'Winter Is Coming', 'Jon Arryn, the Hand of the King, is dead. King Robert Baratheon plans to ask his oldest friend, Eddard Stark, to take Jon''s place. Across the sea, Viserys Targaryen plans to wed his sister to a nomadic warlord in exchange for an army.', 62);
INSERT IGNORE INTO Episode VALUES ('Game of Thrones', 1, 2, 'The Kingsroad', 'While Bran recovers from his fall, Ned takes only his daughters to Kings Landing. Jon Snow goes with his uncle Benjen to The Wall. Tyrion joins them.', 56);
INSERT IGNORE INTO Episode VALUES ('Game of Thrones', 1, 3, 'Lord Snow', 'Lord Stark and his daughters arrive at King''s Landing to discover the intrigues of the king''s realm.', 58);
INSERT IGNORE INTO Audio VALUES ('Game of Thrones', 'Spanyol');
INSERT IGNORE INTO Audio VALUES ('Game of Thrones', 'Korea');
INSERT IGNORE INTO Subtitle VALUES ('Game of Thrones', 'Indonesia');
INSERT IGNORE INTO Konten VALUES ('House', 'Dr. Gregory House, a drug-addicted, unconventional, misanthropic medical genius, leads a team of diagnosticians at the fictional Princeton–Plainsboro Teaching Hospital in New Jersey.', 2004, 'TV-14', 'Serial_TV');
INSERT IGNORE INTO Serial_TV VALUES ('House', 8);
INSERT IGNORE INTO Genre_Konten VALUES ('House', 4);
INSERT IGNORE INTO Genre_Konten VALUES ('House', 8);
INSERT IGNORE INTO Genre_Konten VALUES ('House', 11);
INSERT IGNORE INTO Aktor (`nama_lengkap`) VALUES ('Hugh Laurie');
INSERT IGNORE INTO Peran VALUES ('Hugh Laurie', 'House', 'Gregory House');
INSERT IGNORE INTO Aktor (`nama_lengkap`) VALUES ('Robert Sean Leonard');
INSERT IGNORE INTO Peran VALUES ('Robert Sean Leonard', 'House', 'James Wilson');
INSERT IGNORE INTO Aktor (`nama_lengkap`) VALUES ('Omar Epps');
INSERT IGNORE INTO Peran VALUES ('Omar Epps', 'House', 'Eric Foreman');
INSERT IGNORE INTO Aktor (`nama_lengkap`) VALUES ('Jesse Spencer');
INSERT IGNORE INTO Peran VALUES ('Jesse Spencer', 'House', 'Robert Chase');
INSERT IGNORE INTO Aktor (`nama_lengkap`) VALUES ('Odette Annable');
INSERT IGNORE INTO Peran VALUES ('Odette Annable', 'House', 'Jessica Adams');
INSERT IGNORE INTO Aktor (`nama_lengkap`) VALUES ('Peter Jacobson');
INSERT IGNORE INTO Peran VALUES ('Peter Jacobson', 'House', 'Chris Taub');
INSERT IGNORE INTO Aktor (`nama_lengkap`) VALUES ('Charlyne Yi');
INSERT IGNORE INTO Peran VALUES ('Charlyne Yi', 'House', 'Chi Park');
INSERT IGNORE INTO Episode VALUES ('House', 1, 1, 'Pilot', 'Dr. Gregory House, a brilliant diagnostician but devoid of bedside manner, and his elite team of young medical experts rush to save the life of a kindergarten teacher who started speaking gibberish and passed out in front of her class.', 44);
INSERT IGNORE INTO Episode VALUES ('House', 1, 2, 'Paternity', 'Dr. House goes with his gut and performs an unethical act to prove what he suspects to be the link to a teenage lacrosse player''s illness in order to save the boy''s life.', 43);
INSERT IGNORE INTO Episode VALUES ('House', 1, 3, 'Occam''s Razor', 'Dr. House and his team race to save a young man who may have not one, but two illnesses killing him.', 44);
INSERT IGNORE INTO Audio VALUES ('House', 'Jepang');
INSERT IGNORE INTO Subtitle VALUES ('House', 'Inggris');
INSERT IGNORE INTO Subtitle VALUES ('House', 'Korea');
INSERT IGNORE INTO Konten VALUES ('Family Guy', 'Sick, twisted, politically incorrect and Freakin'' Sweet animated series featuring the adventures of the dysfunctional Griffin family. Bumbling Peter and long-suffering Lois have three kids. Stewie (a brilliant but sadistic baby bent on killing his mother and taking over the world), Meg (the oldest, and is the most unpopular girl in town) and Chris (the middle kid, he''s not very bright but has a passion for movies). The final member of the family is Brian - a talking dog and much more than a pet, he keeps Stewie in check whilst sipping Martinis and sorting through his own life issues.', 1999, 'TV-14', 'Serial_TV');
INSERT IGNORE INTO Serial_TV VALUES ('Family Guy', 24);
INSERT IGNORE INTO Genre_Konten VALUES ('Family Guy', 12);
INSERT IGNORE INTO Genre_Konten VALUES ('Family Guy', 8);
INSERT IGNORE INTO Aktor (`nama_lengkap`) VALUES ('Seth MacFarlane');
INSERT IGNORE INTO Peran VALUES ('Seth MacFarlane', 'Family Guy', 'Peter Griffin / Brian Griffin / Stewie Griffin / Glenn Quagmire / Tom Tucker (voice)');
INSERT IGNORE INTO Aktor (`nama_lengkap`) VALUES ('Alex Borstein');
INSERT IGNORE INTO Peran VALUES ('Alex Borstein', 'Family Guy', 'Lois Griffin / Tricia Takanawa / Loretta Brown / Barbara Pewterschmidt (voice)');
INSERT IGNORE INTO Aktor (`nama_lengkap`) VALUES ('Mila Kunis');
INSERT IGNORE INTO Peran VALUES ('Mila Kunis', 'Family Guy', 'Meg Griffin (voice)');
INSERT IGNORE INTO Aktor (`nama_lengkap`) VALUES ('Seth Green');
INSERT IGNORE INTO Peran VALUES ('Seth Green', 'Family Guy', 'Chris Griffin (voice)');
INSERT IGNORE INTO Aktor (`nama_lengkap`) VALUES ('Patrick Warburton');
INSERT IGNORE INTO Peran VALUES ('Patrick Warburton', 'Family Guy', 'Joe Swanson (voice)');
INSERT IGNORE INTO Aktor (`nama_lengkap`) VALUES ('Arif Zahir');
INSERT IGNORE INTO Peran VALUES ('Arif Zahir', 'Family Guy', 'Cleveland Brown (voice)');
INSERT IGNORE INTO Episode VALUES ('Family Guy', 1, 1, 'Death Has a Shadow', 'After Peter heavily drinks at a bachelor party, even though he told Lois he would not, he gets fired from his job at the Happy-go-Lucky toy factory for being hung over. Peter soon applies for welfare, but after a mix-up, gets sent a check for $150,000. Eventually, Lois finds out, and Peter decides to return the money by dumping it from a blimp at the Super Bowl. He is arrested as a result, and his family ends up coming to his rescue.', 23);
INSERT IGNORE INTO Episode VALUES ('Family Guy', 1, 2, 'I Never Met the Dead Man', 'While teaching Meg to drive, Peter crashes into the town satellite dish, which knocks out the city''s cable. He promises Meg that if she takes the blame, he''ll get her a car. Without TV, Peter goes crazy, which drives the family insane. Meanwhile, after refusing to eat the broccoli that Lois gives him, Stewie attempts to build a weather control device that would destroy all vegetables.', 22);
INSERT IGNORE INTO Episode VALUES ('Family Guy', 1, 3, 'Chitty Chitty Death Bang', 'Peter Allows Meg to go to a party with her new friend. This angers Lois because its the same day as Stewie''s birthday. What Meg doesn''t know is that she''s actually attending a cult meeting. Peter comes to pick up Meg, when the Cult Leader follows. Stewie believes him to be the "Man in White", trying to return him to the womb.', 23);
INSERT IGNORE INTO Audio VALUES ('Family Guy', 'Spanyol');
INSERT IGNORE INTO Audio VALUES ('Family Guy', 'Inggris');
INSERT IGNORE INTO Subtitle VALUES ('Family Guy', 'Jepang');
INSERT IGNORE INTO Subtitle VALUES ('Family Guy', 'Spanyol');
INSERT IGNORE INTO Konten VALUES ('Law & Order', 'In cases ripped from the headlines, police investigate serious and often deadly crimes, weighing the evidence and questioning the suspects until someone is taken into custody. The district attorney''s office then builds a case to convict the perpetrator by proving the person guilty beyond a reasonable doubt. Working together, these expert teams navigate all sides of the complex criminal justice system to make New York a safer place.', 1990, 'TV-14', 'Serial_TV');
INSERT IGNORE INTO Serial_TV VALUES ('Law & Order', 25);
INSERT IGNORE INTO Genre_Konten VALUES ('Law & Order', 2);
INSERT IGNORE INTO Genre_Konten VALUES ('Law & Order', 4);
INSERT IGNORE INTO Aktor (`nama_lengkap`) VALUES ('Reid Scott');
INSERT IGNORE INTO Peran VALUES ('Reid Scott', 'Law & Order', 'Vincent Riley');
INSERT IGNORE INTO Aktor (`nama_lengkap`) VALUES ('Maura Tierney');
INSERT IGNORE INTO Peran VALUES ('Maura Tierney', 'Law & Order', 'Jessica Brady');
INSERT IGNORE INTO Aktor (`nama_lengkap`) VALUES ('Tony Goldwyn');
INSERT IGNORE INTO Peran VALUES ('Tony Goldwyn', 'Law & Order', 'Nicholas Baxter');
INSERT IGNORE INTO Aktor (`nama_lengkap`) VALUES ('Hugh Dancy');
INSERT IGNORE INTO Peran VALUES ('Hugh Dancy', 'Law & Order', 'Nolan Price');
INSERT IGNORE INTO Aktor (`nama_lengkap`) VALUES ('Odelya Halevi');
INSERT IGNORE INTO Peran VALUES ('Odelya Halevi', 'Law & Order', 'Samantha Maroun');
INSERT IGNORE INTO Episode VALUES ('Law & Order', 1, 1, 'Prescription For Death', 'When a young woman dies during a hectic emergency room night shift, her father claims the hospital was negligent, and an investigation leads the detectives to believe that the doctor treating her may have been drunk on duty.', 48);
INSERT IGNORE INTO Episode VALUES ('Law & Order', 1, 2, 'Subterranean Homeboy Blues', 'The shooting of two black men by a white woman in a crowded subway initially appears to be a case of self-defense, but further investigation reveals revenge as a possible motive.', 47);
INSERT IGNORE INTO Episode VALUES ('Law & Order', 1, 3, 'The Reaper''s Helper', 'The death of a man with AIDS appears to be the work of a serial killer who may have been motivated by mercy.', 46);
INSERT IGNORE INTO Audio VALUES ('Law & Order', 'Spanyol');
INSERT IGNORE INTO Subtitle VALUES ('Law & Order', 'Indonesia');
INSERT IGNORE INTO Konten VALUES ('Criminal Minds', 'An elite team of FBI profilers analyze the country''s most twisted criminal minds, anticipating their next moves before they strike again. The Behavioral Analysis Unit''s most experienced agent is David Rossi, a founding member of the BAU who returns to help the team solve new cases.', 2005, 'TV-MA', 'Serial_TV');
INSERT IGNORE INTO Serial_TV VALUES ('Criminal Minds', 18);
INSERT IGNORE INTO Genre_Konten VALUES ('Criminal Minds', 2);
INSERT IGNORE INTO Genre_Konten VALUES ('Criminal Minds', 4);
INSERT IGNORE INTO Genre_Konten VALUES ('Criminal Minds', 11);
INSERT IGNORE INTO Aktor (`nama_lengkap`) VALUES ('Joe Mantegna');
INSERT IGNORE INTO Peran VALUES ('Joe Mantegna', 'Criminal Minds', 'David Rossi');
INSERT IGNORE INTO Aktor (`nama_lengkap`) VALUES ('Paget Brewster');
INSERT IGNORE INTO Peran VALUES ('Paget Brewster', 'Criminal Minds', 'Emily Prentiss');
INSERT IGNORE INTO Aktor (`nama_lengkap`) VALUES ('Adam Rodriguez');
INSERT IGNORE INTO Peran VALUES ('Adam Rodriguez', 'Criminal Minds', 'Luke Alvez');
INSERT IGNORE INTO Aktor (`nama_lengkap`) VALUES ('Kirsten Vangsness');
INSERT IGNORE INTO Peran VALUES ('Kirsten Vangsness', 'Criminal Minds', 'Penelope Garcia');
INSERT IGNORE INTO Aktor (`nama_lengkap`) VALUES ('A. J. Cook');
INSERT IGNORE INTO Peran VALUES ('A. J. Cook', 'Criminal Minds', 'Jennifer Jareau');
INSERT IGNORE INTO Aktor (`nama_lengkap`) VALUES ('Aisha Tyler');
INSERT IGNORE INTO Peran VALUES ('Aisha Tyler', 'Criminal Minds', 'Dr. Tara Lewis');
INSERT IGNORE INTO Aktor (`nama_lengkap`) VALUES ('Zach Gilford');
INSERT IGNORE INTO Peran VALUES ('Zach Gilford', 'Criminal Minds', 'Elias Voit');
INSERT IGNORE INTO Aktor (`nama_lengkap`) VALUES ('Ryan-James Hatanaka');
INSERT IGNORE INTO Peran VALUES ('Ryan-James Hatanaka', 'Criminal Minds', 'Tyler Green');
INSERT IGNORE INTO Episode VALUES ('Criminal Minds', 1, 1, 'Extreme Aggressor', 'After a fourth woman goes missing in as many months, the team is brought in to track down the guy before he kidnaps again. Hotch is asked to secretly evaluate Gideon to see if he is ready to work full time again.', 40);
INSERT IGNORE INTO Episode VALUES ('Criminal Minds', 1, 2, 'Compulsion', 'The team of investigators tries to capture a serial arsonist who has been terrorizing a college campus.', 43);
INSERT IGNORE INTO Episode VALUES ('Criminal Minds', 1, 3, 'Won''t Get Fooled Again', 'Gideon and his team track down a copycat bomber terrorizing a quiet community.', 41);
INSERT IGNORE INTO Audio VALUES ('Criminal Minds', 'Spanyol');
INSERT IGNORE INTO Subtitle VALUES ('Criminal Minds', 'Jepang');
INSERT IGNORE INTO Subtitle VALUES ('Criminal Minds', 'Indonesia');
INSERT IGNORE INTO Konten VALUES ('Maxton Hall - The World Between Us', 'When Ruby unwittingly witnesses an explosive secret at Maxton Hall private school, the arrogant millionaire heir James Beaufort has to deal with the quick-witted scholarship student for better or worse: He is determined to silence Ruby. Their passionate exchange of words unexpectedly ignites a spark...', 2024, 'TV-MA', 'Serial_TV');
INSERT IGNORE INTO Serial_TV VALUES ('Maxton Hall - The World Between Us', 3);
INSERT IGNORE INTO Genre_Konten VALUES ('Maxton Hall - The World Between Us', 4);
INSERT IGNORE INTO Episode VALUES ('Maxton Hall - The World Between Us', 1, 1, 'Under the Radar', 'When reserved scholarship student Ruby Bell witnesses an explosive secret, she finds herself in the crosshairs of privileged and arrogant millionaire heir James Beaufort. She is actually working towards her lifelong dream at the elite Maxton Hall School: studying at Oxford University. But her perfect plan is thrown into turmoil by James'' appearance.', 47);
INSERT IGNORE INTO Episode VALUES ('Maxton Hall - The World Between Us', 1, 2, 'Noblesse Oblige', 'After the ruined welcome party, Ruby does everything she can to make sure things at the upcoming fundraiser run perfectly. That''s why it doesn''t suit her at all that James is now forced to be part of the committee and is celebrated there for his ideas. After an unexpectedly heated exchange between the two, it is suddenly Ruby herself who has to admit that she has gone too far.', 45);
INSERT IGNORE INTO Episode VALUES ('Maxton Hall - The World Between Us', 1, 3, 'Exposed', 'Ruby and James get closer than ever at the Beaufort Store in London. But a surprise meeting with James'' parents brings Ruby back down to earth: She doesn''t belong in this world. When a poster of her and James makes her the No. 1 topic of conversation on the next school day, she makes an announcement to James: She wants to cut ties with him. For James, however, that is no longer an option.', 53);
INSERT IGNORE INTO Audio VALUES ('Maxton Hall - The World Between Us', 'Inggris');
INSERT IGNORE INTO Subtitle VALUES ('Maxton Hall - The World Between Us', 'Spanyol');
INSERT IGNORE INTO Subtitle VALUES ('Maxton Hall - The World Between Us', 'Jepang');
INSERT IGNORE INTO Subtitle VALUES ('Maxton Hall - The World Between Us', 'Inggris');
INSERT IGNORE INTO Konten VALUES ('The Blacklist', 'Raymond "Red" Reddington, one of the FBI''s most wanted fugitives, surrenders in person at FBI Headquarters in Washington, D.C. He claims that he and the FBI have the same interests: bringing down dangerous criminals and terrorists. In the last two decades, he''s made a list of criminals and terrorists that matter the most but the FBI cannot find because it does not know they exist. Reddington calls this "The Blacklist". Reddington will co-operate, but insists that he will speak only to Elizabeth Keen, a rookie FBI profiler.', 2013, 'TV-14', 'Serial_TV');
INSERT IGNORE INTO Serial_TV VALUES ('The Blacklist', 10);
INSERT IGNORE INTO Genre_Konten VALUES ('The Blacklist', 4);
INSERT IGNORE INTO Genre_Konten VALUES ('The Blacklist', 2);
INSERT IGNORE INTO Genre_Konten VALUES ('The Blacklist', 11);
INSERT IGNORE INTO Aktor (`nama_lengkap`) VALUES ('James Spader');
INSERT IGNORE INTO Peran VALUES ('James Spader', 'The Blacklist', 'Raymond ''Red'' Reddington');
INSERT IGNORE INTO Aktor (`nama_lengkap`) VALUES ('Diego Klattenhoff');
INSERT IGNORE INTO Peran VALUES ('Diego Klattenhoff', 'The Blacklist', 'Donald Ressler');
INSERT IGNORE INTO Aktor (`nama_lengkap`) VALUES ('Hisham Tawfiq');
INSERT IGNORE INTO Peran VALUES ('Hisham Tawfiq', 'The Blacklist', 'Dembe Zuma');
INSERT IGNORE INTO Aktor (`nama_lengkap`) VALUES ('Anya Banerjee');
INSERT IGNORE INTO Peran VALUES ('Anya Banerjee', 'The Blacklist', 'Siya Malik');
INSERT IGNORE INTO Aktor (`nama_lengkap`) VALUES ('Harry Lennix');
INSERT IGNORE INTO Peran VALUES ('Harry Lennix', 'The Blacklist', 'Harold Cooper');
INSERT IGNORE INTO Episode VALUES ('The Blacklist', 1, 1, 'Pilot', 'The race to stop a terrorist begins in the premiere of this crime series about a most-wanted fugitive who works with a rookie FBI profiler to take down criminals and evildoers.', 45);
INSERT IGNORE INTO Episode VALUES ('The Blacklist', 1, 2, 'The Freelancer', 'Red and Liz go under cover to stop an assassin known as The Freelancer from killing his next target; Ressler and a recently re-hired CIA agent try to protect Red from a distance; Liz wonders what she should do about Tom and the mysterious box.', 41);
INSERT IGNORE INTO Episode VALUES ('The Blacklist', 1, 3, 'Wujing', 'The FBI is on the hunt for a high-ranking Chinese spy, Wujing which Red claims has hired him to help decode a classified CIA transmission. Liz, posing as an FBI cryptographer goes with Red to decode the message while protecting US government secrets. Meanwhile, Liz proactively investigates Tom.', 42);
INSERT IGNORE INTO Audio VALUES ('The Blacklist', 'Indonesia');
INSERT IGNORE INTO Audio VALUES ('The Blacklist', 'Korea');
INSERT IGNORE INTO Audio VALUES ('The Blacklist', 'Inggris');
INSERT IGNORE INTO Subtitle VALUES ('The Blacklist', 'Indonesia');
INSERT IGNORE INTO Subtitle VALUES ('The Blacklist', 'Korea');
INSERT IGNORE INTO Subtitle VALUES ('The Blacklist', 'Spanyol');
INSERT IGNORE INTO Subtitle VALUES ('The Blacklist', 'Inggris');
INSERT IGNORE INTO Konten VALUES ('The Crystal Cuckoo', 'Hoping to learn more about her heart donor, a young doctor arrives in a mountain town where decades of mysterious tragedies plague the small community.', 2025, 'D', 'Serial_TV');
INSERT IGNORE INTO Serial_TV VALUES ('The Crystal Cuckoo', 1);
INSERT IGNORE INTO Genre_Konten VALUES ('The Crystal Cuckoo', 4);
INSERT IGNORE INTO Genre_Konten VALUES ('The Crystal Cuckoo', 2);
INSERT IGNORE INTO Genre_Konten VALUES ('The Crystal Cuckoo', 11);
INSERT IGNORE INTO Aktor (`nama_lengkap`) VALUES ('Catalina Sopelana');
INSERT IGNORE INTO Peran VALUES ('Catalina Sopelana', 'The Crystal Cuckoo', 'Clara Merlo');
INSERT IGNORE INTO Aktor (`nama_lengkap`) VALUES ('Itziar Ituño');
INSERT IGNORE INTO Peran VALUES ('Itziar Ituño', 'The Crystal Cuckoo', 'Marta Peña');
INSERT IGNORE INTO Aktor (`nama_lengkap`) VALUES ('Álex García');
INSERT IGNORE INTO Peran VALUES ('Álex García', 'The Crystal Cuckoo', 'Miguel Ferrer');
INSERT IGNORE INTO Aktor (`nama_lengkap`) VALUES ('Ivan Massagué');
INSERT IGNORE INTO Peran VALUES ('Ivan Massagué', 'The Crystal Cuckoo', 'Rafael');
INSERT IGNORE INTO Aktor (`nama_lengkap`) VALUES ('Tomás del Estal');
INSERT IGNORE INTO Peran VALUES ('Tomás del Estal', 'The Crystal Cuckoo', 'Gabriel');
INSERT IGNORE INTO Aktor (`nama_lengkap`) VALUES ('Alfons Nieto');
INSERT IGNORE INTO Peran VALUES ('Alfons Nieto', 'The Crystal Cuckoo', 'Juan');
INSERT IGNORE INTO Episode VALUES ('The Crystal Cuckoo', 1, 1, 'Episode 1', 'A tragic fire arouses an officer''s suspicion. Decades later, his son''s heart saves a doctor who comes to town hoping to learn more about her donor.', 45);
INSERT IGNORE INTO Episode VALUES ('The Crystal Cuckoo', 1, 2, 'Episode 2', 'Clara joins the search party after the latest disappearance. Back in the past, Miguel looks for answers about the fire but his efforts are shut down.', 43);
INSERT IGNORE INTO Episode VALUES ('The Crystal Cuckoo', 1, 3, 'Episode 3', 'Unsettled by his findings, Miguel delves deeper into his sister''s disappearance. At the Tamborada festival, Clara learns more about Carlos and the town.', 43);
INSERT IGNORE INTO Audio VALUES ('The Crystal Cuckoo', 'Spanyol');
INSERT IGNORE INTO Audio VALUES ('The Crystal Cuckoo', 'Korea');
INSERT IGNORE INTO Audio VALUES ('The Crystal Cuckoo', 'Jepang');
INSERT IGNORE INTO Subtitle VALUES ('The Crystal Cuckoo', 'Inggris');
INSERT IGNORE INTO Subtitle VALUES ('The Crystal Cuckoo', 'Jepang');
INSERT IGNORE INTO Subtitle VALUES ('The Crystal Cuckoo', 'Spanyol');
INSERT IGNORE INTO Konten VALUES ('SkyMed', 'Life, death and drama at 20,000 feet. The series weaves together intense character journeys and high-stakes medical rescues, as we follow the triumphs, heartbreaks and tribulations of budding nurses and pilots flying air ambulances in remote Northern Canada. They’re all in over their heads, and on their own, with no one to rely on but each other.', 2022, 'TV-14', 'Serial_TV');
INSERT IGNORE INTO Serial_TV VALUES ('SkyMed', 3);
INSERT IGNORE INTO Genre_Konten VALUES ('SkyMed', 4);
INSERT IGNORE INTO Aktor (`nama_lengkap`) VALUES ('Natasha Calis');
INSERT IGNORE INTO Peran VALUES ('Natasha Calis', 'SkyMed', 'Hayley');
INSERT IGNORE INTO Aktor (`nama_lengkap`) VALUES ('Morgan Holmstrom');
INSERT IGNORE INTO Peran VALUES ('Morgan Holmstrom', 'SkyMed', 'Crystal');
INSERT IGNORE INTO Aktor (`nama_lengkap`) VALUES ('Praneet Akilla');
INSERT IGNORE INTO Peran VALUES ('Praneet Akilla', 'SkyMed', 'Chopper');
INSERT IGNORE INTO Aktor (`nama_lengkap`) VALUES ('Aason Nadjiwan');
INSERT IGNORE INTO Peran VALUES ('Aason Nadjiwan', 'SkyMed', 'Bodie');
INSERT IGNORE INTO Aktor (`nama_lengkap`) VALUES ('Mercedes Morris');
INSERT IGNORE INTO Peran VALUES ('Mercedes Morris', 'SkyMed', 'Lexi');
INSERT IGNORE INTO Aktor (`nama_lengkap`) VALUES ('Thomas Elms');
INSERT IGNORE INTO Peran VALUES ('Thomas Elms', 'SkyMed', 'Nowak');
INSERT IGNORE INTO Aktor (`nama_lengkap`) VALUES ('Kheon Clarke');
INSERT IGNORE INTO Peran VALUES ('Kheon Clarke', 'SkyMed', 'Tristan');
INSERT IGNORE INTO Aktor (`nama_lengkap`) VALUES ('Rebecca Kwan');
INSERT IGNORE INTO Peran VALUES ('Rebecca Kwan', 'SkyMed', 'Emma');
INSERT IGNORE INTO Aktor (`nama_lengkap`) VALUES ('Braeden Clarke');
INSERT IGNORE INTO Peran VALUES ('Braeden Clarke', 'SkyMed', 'Jeremy');
INSERT IGNORE INTO Aktor (`nama_lengkap`) VALUES ('Emilia McCarthy');
INSERT IGNORE INTO Peran VALUES ('Emilia McCarthy', 'SkyMed', 'Madison Van Camp');
INSERT IGNORE INTO Episode VALUES ('SkyMed', 1, 1, 'Pilots and Nurses and Bears, Oh My', 'Nurse-out-of-water Hayley joins the fast-paced team of nurses and pilots at SkyMed, flying air ambulances and saving lives in rugged Northern Manitoba.', 44);
INSERT IGNORE INTO Episode VALUES ('SkyMed', 1, 2, 'Line Indoc', 'Going flight line, Lexi locks horns with Bodie, while Crystal tries to get to the bottom of what Jeremy’s been smuggling – and how it’s connected to Wheezer’s crash.', 44);
INSERT IGNORE INTO Episode VALUES ('SkyMed', 1, 3, 'The Kids Are Alright', 'Bodie struggles to deal with Madison’s pregnancy, while Crystal wrestles with her past, and what it means for her future', 44);
INSERT IGNORE INTO Audio VALUES ('SkyMed', 'Korea');
INSERT IGNORE INTO Audio VALUES ('SkyMed', 'Jepang');
INSERT IGNORE INTO Audio VALUES ('SkyMed', 'Inggris');
INSERT IGNORE INTO Subtitle VALUES ('SkyMed', 'Spanyol');
INSERT IGNORE INTO Subtitle VALUES ('SkyMed', 'Jepang');
INSERT IGNORE INTO Subtitle VALUES ('SkyMed', 'Korea');
INSERT IGNORE INTO Konten VALUES ('The Beast in Me', 'A famous author is pulled into a twisted mind game with her rich, powerful new neighbor — who might be a murderer.', 2025, 'D', 'Serial_TV');
INSERT IGNORE INTO Serial_TV VALUES ('The Beast in Me', 1);
INSERT IGNORE INTO Genre_Konten VALUES ('The Beast in Me', 11);
INSERT IGNORE INTO Genre_Konten VALUES ('The Beast in Me', 4);
INSERT IGNORE INTO Aktor (`nama_lengkap`) VALUES ('Claire Danes');
INSERT IGNORE INTO Peran VALUES ('Claire Danes', 'The Beast in Me', 'Agatha ''Aggie'' Wiggs');
INSERT IGNORE INTO Aktor (`nama_lengkap`) VALUES ('Matthew Rhys');
INSERT IGNORE INTO Peran VALUES ('Matthew Rhys', 'The Beast in Me', 'Nile Jarvis');
INSERT IGNORE INTO Aktor (`nama_lengkap`) VALUES ('Brittany Snow');
INSERT IGNORE INTO Peran VALUES ('Brittany Snow', 'The Beast in Me', 'Nina Jarvis');
INSERT IGNORE INTO Aktor (`nama_lengkap`) VALUES ('Natalie Morales');
INSERT IGNORE INTO Peran VALUES ('Natalie Morales', 'The Beast in Me', 'Shelley Morris');
INSERT IGNORE INTO Episode VALUES ('The Beast in Me', 1, 1, 'Sick Puppy', 'Reclusive author Aggie Wiggs'' life is upended by the arrival of wealthy, arrogant new neighbor Nile Jarvis — who quite possibly murdered his first wife.', 53);
INSERT IGNORE INTO Episode VALUES ('The Beast in Me', 1, 2, 'Just Don''t Want to Be Lonely', 'Still reeling from shock over the news, Aggie shares her suspicions with Brian and approaches Nile with an intriguing proposal.', 46);
INSERT IGNORE INTO Episode VALUES ('The Beast in Me', 1, 3, 'Elephant in the Room', 'As Aggie delves deeper into Nile''s past, she pushes Brian to use the information she''s getting. Nina takes an interest in Shelley''s work.', 53);
INSERT IGNORE INTO Audio VALUES ('The Beast in Me', 'Spanyol');
INSERT IGNORE INTO Audio VALUES ('The Beast in Me', 'Korea');
INSERT IGNORE INTO Subtitle VALUES ('The Beast in Me', 'Korea');
INSERT IGNORE INTO Subtitle VALUES ('The Beast in Me', 'Inggris');
INSERT IGNORE INTO Subtitle VALUES ('The Beast in Me', 'Indonesia');
INSERT IGNORE INTO Subtitle VALUES ('The Beast in Me', 'Jepang');
INSERT IGNORE INTO Konten VALUES ('The Mentalist', 'Patrick Jane, a former celebrity psychic medium, uses his razor sharp skills of observation and expertise at "reading" people to solve serious crimes with the California Bureau of Investigation.', 2008, 'TV-14', 'Serial_TV');
INSERT IGNORE INTO Serial_TV VALUES ('The Mentalist', 7);
INSERT IGNORE INTO Genre_Konten VALUES ('The Mentalist', 2);
INSERT IGNORE INTO Genre_Konten VALUES ('The Mentalist', 4);
INSERT IGNORE INTO Genre_Konten VALUES ('The Mentalist', 11);
INSERT IGNORE INTO Aktor (`nama_lengkap`) VALUES ('Simon Baker');
INSERT IGNORE INTO Peran VALUES ('Simon Baker', 'The Mentalist', 'Patrick Jane');
INSERT IGNORE INTO Aktor (`nama_lengkap`) VALUES ('Robin Tunney');
INSERT IGNORE INTO Peran VALUES ('Robin Tunney', 'The Mentalist', 'Teresa Lisbon');
INSERT IGNORE INTO Aktor (`nama_lengkap`) VALUES ('Tim Kang');
INSERT IGNORE INTO Peran VALUES ('Tim Kang', 'The Mentalist', 'Kimball Cho');
INSERT IGNORE INTO Aktor (`nama_lengkap`) VALUES ('Rockmond Dunbar');
INSERT IGNORE INTO Peran VALUES ('Rockmond Dunbar', 'The Mentalist', 'Dennis Abbott');
INSERT IGNORE INTO Aktor (`nama_lengkap`) VALUES ('Joe Adler');
INSERT IGNORE INTO Peran VALUES ('Joe Adler', 'The Mentalist', 'Jason Wylie');
INSERT IGNORE INTO Aktor (`nama_lengkap`) VALUES ('Josie Loren');
INSERT IGNORE INTO Peran VALUES ('Josie Loren', 'The Mentalist', 'Michelle Vega');
INSERT IGNORE INTO Episode VALUES ('The Mentalist', 1, 1, 'Pilot', 'CBI consultant Patrick Jane, Senior Agent Teresa Lisbon and her team investigate the double murder in Palm Springs of a pro golfer''s wife and her doctor, which has the hallmarks of a serial killer with a personal connection to Jane.', 45);
INSERT IGNORE INTO Episode VALUES ('The Mentalist', 1, 2, 'Red Hair and Silver Tape', 'While Lisbon and her team investigate the murder of a young waitress in the Napa Valley, Jane goes behind Lisbon''s back to orchestrate his own undercover operation using Van Pelt as bait.', 43);
INSERT IGNORE INTO Episode VALUES ('The Mentalist', 1, 3, 'Red Tide', 'When a high school girl''s body washes up on the beach, Patrick Jane sets a mentalist trap in order to get her surfing friends to turn on each other and reveal what really happened.', 43);
INSERT IGNORE INTO Audio VALUES ('The Mentalist', 'Indonesia');
INSERT IGNORE INTO Audio VALUES ('The Mentalist', 'Jepang');
INSERT IGNORE INTO Subtitle VALUES ('The Mentalist', 'Korea');
INSERT IGNORE INTO Subtitle VALUES ('The Mentalist', 'Spanyol');
INSERT IGNORE INTO Konten VALUES ('The Tonight Show Starring Johnny Carson', 'The Tonight Show Starring Johnny Carson is a talk show hosted by Johnny Carson under The Tonight Show franchise from 1962 to 1992. It originally aired during late-night. For its first ten years, Carson''s Tonight Show was based in New York City with occasional trips to Burbank, California; in May 1972, the show moved permanently to Burbank, California. In 2002, The Tonight Show Starring Johnny Carson was ranked #12 on TV Guide''s 50 Greatest TV Shows of All Time.', 1962, 'NR', 'Serial_TV');
INSERT IGNORE INTO Serial_TV VALUES ('The Tonight Show Starring Johnny Carson', 31);
INSERT IGNORE INTO Genre VALUES (24, 'Talk');
INSERT IGNORE INTO Genre_Konten VALUES ('The Tonight Show Starring Johnny Carson', 24);
INSERT IGNORE INTO Aktor (`nama_lengkap`) VALUES ('Johnny Carson');
INSERT IGNORE INTO Peran VALUES ('Johnny Carson', 'The Tonight Show Starring Johnny Carson', 'Self - Host');
INSERT IGNORE INTO Episode VALUES ('The Tonight Show Starring Johnny Carson', 1, 1, 'Episode 1', '', 60);
INSERT IGNORE INTO Episode VALUES ('The Tonight Show Starring Johnny Carson', 1, 2, 'Episode 2', '', 60);
INSERT IGNORE INTO Episode VALUES ('The Tonight Show Starring Johnny Carson', 1, 3, 'Episode 3', '', 60);
INSERT IGNORE INTO Audio VALUES ('The Tonight Show Starring Johnny Carson', 'Korea');
INSERT IGNORE INTO Subtitle VALUES ('The Tonight Show Starring Johnny Carson', 'Spanyol');
INSERT IGNORE INTO Subtitle VALUES ('The Tonight Show Starring Johnny Carson', 'Korea');
INSERT IGNORE INTO Subtitle VALUES ('The Tonight Show Starring Johnny Carson', 'Inggris');
INSERT IGNORE INTO Konten VALUES ('The Daily Show', 'The World''s Fakest News Team tackle the biggest stories in news, politics and pop culture.', 1996, 'TV-14', 'Serial_TV');
INSERT IGNORE INTO Serial_TV VALUES ('The Daily Show', 30);
INSERT IGNORE INTO Genre VALUES (25, 'News');
INSERT IGNORE INTO Genre_Konten VALUES ('The Daily Show', 25);
INSERT IGNORE INTO Genre_Konten VALUES ('The Daily Show', 8);
INSERT IGNORE INTO Episode VALUES ('The Daily Show', 1, 1, 'Premier Episode', '', 45);
INSERT IGNORE INTO Episode VALUES ('The Daily Show', 1, 2, 'David Cross & Bob Odenkirk', '', 45);
INSERT IGNORE INTO Episode VALUES ('The Daily Show', 1, 3, 'James Doohan', 'Tonight, James Doohan, otherwise known as Scotty from Star Trek.', 45);
INSERT IGNORE INTO Audio VALUES ('The Daily Show', 'Inggris');
INSERT IGNORE INTO Subtitle VALUES ('The Daily Show', 'Spanyol');
INSERT IGNORE INTO Subtitle VALUES ('The Daily Show', 'Korea');
INSERT IGNORE INTO Subtitle VALUES ('The Daily Show', 'Indonesia');
INSERT IGNORE INTO Konten VALUES ('The Tonight Show Starring Jimmy Fallon', 'After Jay Leno''s second retirement from the program, Jimmy Fallon stepped in as his permanent replacement. After 42 years in Los Angeles the program was brought back to New York.', 2014, 'TV-14', 'Serial_TV');
INSERT IGNORE INTO Serial_TV VALUES ('The Tonight Show Starring Jimmy Fallon', 13);
INSERT IGNORE INTO Genre_Konten VALUES ('The Tonight Show Starring Jimmy Fallon', 8);
INSERT IGNORE INTO Genre_Konten VALUES ('The Tonight Show Starring Jimmy Fallon', 24);
INSERT IGNORE INTO Aktor (`nama_lengkap`) VALUES ('Jimmy Fallon');
INSERT IGNORE INTO Peran VALUES ('Jimmy Fallon', 'The Tonight Show Starring Jimmy Fallon', 'Self - Host');
INSERT IGNORE INTO Aktor (`nama_lengkap`) VALUES ('Steve Higgins');
INSERT IGNORE INTO Peran VALUES ('Steve Higgins', 'The Tonight Show Starring Jimmy Fallon', 'Self - Announcer');
INSERT IGNORE INTO Episode VALUES ('The Tonight Show Starring Jimmy Fallon', 1, 1, 'Will Smith, U2', 'Actor Will Smith; U2 performs.', 45);
INSERT IGNORE INTO Episode VALUES ('The Tonight Show Starring Jimmy Fallon', 1, 2, 'Jerry Seinfeld, Kristen Wiig, Lady Gaga', 'Comic Jerry Seinfeld; actress Kristen Wiig; Lady Gaga performs.', 45);
INSERT IGNORE INTO Episode VALUES ('The Tonight Show Starring Jimmy Fallon', 1, 3, 'Bradley Cooper, Tim McGraw', 'Actor Bradley Cooper; Tim McGraw performs.', 45);
INSERT IGNORE INTO Audio VALUES ('The Tonight Show Starring Jimmy Fallon', 'Spanyol');
INSERT IGNORE INTO Subtitle VALUES ('The Tonight Show Starring Jimmy Fallon', 'Spanyol');
INSERT IGNORE INTO Subtitle VALUES ('The Tonight Show Starring Jimmy Fallon', 'Inggris');
INSERT IGNORE INTO Subtitle VALUES ('The Tonight Show Starring Jimmy Fallon', 'Jepang');
INSERT IGNORE INTO Konten VALUES ('Friends', 'Six young people from New York City, on their own and struggling to survive in the real world, find the companionship, comfort and support they get from each other to be the perfect antidote to the pressures of life.', 1994, 'TV-14', 'Serial_TV');
INSERT IGNORE INTO Serial_TV VALUES ('Friends', 10);
INSERT IGNORE INTO Genre_Konten VALUES ('Friends', 8);
INSERT IGNORE INTO Aktor (`nama_lengkap`) VALUES ('Jennifer Aniston');
INSERT IGNORE INTO Peran VALUES ('Jennifer Aniston', 'Friends', 'Rachel Green');
INSERT IGNORE INTO Aktor (`nama_lengkap`) VALUES ('Courteney Cox');
INSERT IGNORE INTO Peran VALUES ('Courteney Cox', 'Friends', 'Monica Geller');
INSERT IGNORE INTO Aktor (`nama_lengkap`) VALUES ('Lisa Kudrow');
INSERT IGNORE INTO Peran VALUES ('Lisa Kudrow', 'Friends', 'Phoebe Buffay');
INSERT IGNORE INTO Aktor (`nama_lengkap`) VALUES ('Matt LeBlanc');
INSERT IGNORE INTO Peran VALUES ('Matt LeBlanc', 'Friends', 'Joey Tribbiani');
INSERT IGNORE INTO Aktor (`nama_lengkap`) VALUES ('Matthew Perry');
INSERT IGNORE INTO Peran VALUES ('Matthew Perry', 'Friends', 'Chandler Bing');
INSERT IGNORE INTO Aktor (`nama_lengkap`) VALUES ('David Schwimmer');
INSERT IGNORE INTO Peran VALUES ('David Schwimmer', 'Friends', 'Ross Geller');
INSERT IGNORE INTO Episode VALUES ('Friends', 1, 1, 'Pilot', 'An introduction to the gang. After Rachel leaves her fiancé at the altar, she moves in with Monica and finds that independence is not so easy, particularly without Daddy''s credit cards.', 23);
INSERT IGNORE INTO Episode VALUES ('Friends', 1, 2, 'The One with the Sonogram at the End', 'Ross''s lesbian ex-wife, Carol, is pregnant with his child, and he doesn''t like her choice of last name for the baby. Rachel finds out that her ex-fiancé went on what would have been their honeymoon with her maid of honor.', 23);
INSERT IGNORE INTO Episode VALUES ('Friends', 1, 3, 'The One with the Thumb', 'Monica finds it difficult to break up with her latest boyfriend whom everyone likes; Chandler is reunited with his beloved cigarettes; Phoebe receives a large sum of money.', 23);
INSERT IGNORE INTO Audio VALUES ('Friends', 'Spanyol');
INSERT IGNORE INTO Subtitle VALUES ('Friends', 'Jepang');
INSERT IGNORE INTO Subtitle VALUES ('Friends', 'Inggris');
INSERT IGNORE INTO Konten VALUES ('Suits', 'While running from a drug deal gone bad, Mike Ross, a brilliant young college-dropout, slips into a job interview with one of New York City''s best legal closers, Harvey Specter. Tired of cookie-cutter law school grads, Harvey takes a gamble by hiring Mike on the spot after he recognizes his raw talent and photographic memory.', 2011, 'TV-14', 'Serial_TV');
INSERT IGNORE INTO Serial_TV VALUES ('Suits', 9);
INSERT IGNORE INTO Genre_Konten VALUES ('Suits', 4);
INSERT IGNORE INTO Aktor (`nama_lengkap`) VALUES ('Gabriel Macht');
INSERT IGNORE INTO Peran VALUES ('Gabriel Macht', 'Suits', 'Harvey Specter');
INSERT IGNORE INTO Aktor (`nama_lengkap`) VALUES ('Rick Hoffman');
INSERT IGNORE INTO Peran VALUES ('Rick Hoffman', 'Suits', 'Louis Litt');
INSERT IGNORE INTO Aktor (`nama_lengkap`) VALUES ('Sarah Rafferty');
INSERT IGNORE INTO Peran VALUES ('Sarah Rafferty', 'Suits', 'Donna Paulsen');
INSERT IGNORE INTO Aktor (`nama_lengkap`) VALUES ('Amanda Schull');
INSERT IGNORE INTO Peran VALUES ('Amanda Schull', 'Suits', 'Katrina Bennett');
INSERT IGNORE INTO Aktor (`nama_lengkap`) VALUES ('Dulé Hill');
INSERT IGNORE INTO Peran VALUES ('Dulé Hill', 'Suits', 'Alex Williams');
INSERT IGNORE INTO Aktor (`nama_lengkap`) VALUES ('Katherine Heigl');
INSERT IGNORE INTO Peran VALUES ('Katherine Heigl', 'Suits', 'Samantha Wheeler');
INSERT IGNORE INTO Episode VALUES ('Suits', 1, 1, 'Pilot', 'A "closer" for one of New York City''s most successful law firms decides to hire an aloof genius who has passed the bar but never went to law school as his associate.', 81);
INSERT IGNORE INTO Episode VALUES ('Suits', 1, 2, 'Errors and Omissions', 'Mike has an ethical dilemma when Louis forces him to make a decision that could hurt his relationship with Harvey. Elsewhere, Harvey''s past comes back to haunt him during a case.', 43);
INSERT IGNORE INTO Episode VALUES ('Suits', 1, 3, 'Inside Track', 'Jessica hopes Harvey''s promotion will reign him in, but when a crisis arises with the first client he brought into the firm, Harvey goes rogue trying to fix it.', 42);
INSERT IGNORE INTO Audio VALUES ('Suits', 'Korea');
INSERT IGNORE INTO Audio VALUES ('Suits', 'Spanyol');
INSERT IGNORE INTO Audio VALUES ('Suits', 'Jepang');
INSERT IGNORE INTO Subtitle VALUES ('Suits', 'Jepang');
INSERT IGNORE INTO Subtitle VALUES ('Suits', 'Korea');
INSERT IGNORE INTO Konten VALUES ('Midsomer Murders', 'The peacefulness of the Midsomer community is shattered by violent crimes, suspects are placed under suspicion, and it is up to a veteran DCI and his young sergeant to calmly and diligently eliminate the innocent and ruthlessly pursue the guilty. ', 1997, 'TV-14', 'Serial_TV');
INSERT IGNORE INTO Serial_TV VALUES ('Midsomer Murders', 24);
INSERT IGNORE INTO Genre_Konten VALUES ('Midsomer Murders', 2);
INSERT IGNORE INTO Genre_Konten VALUES ('Midsomer Murders', 4);
INSERT IGNORE INTO Genre_Konten VALUES ('Midsomer Murders', 11);
INSERT IGNORE INTO Aktor (`nama_lengkap`) VALUES ('Neil Dudgeon');
INSERT IGNORE INTO Peran VALUES ('Neil Dudgeon', 'Midsomer Murders', 'DCI John Barnaby');
INSERT IGNORE INTO Aktor (`nama_lengkap`) VALUES ('Nick Hendrix');
INSERT IGNORE INTO Peran VALUES ('Nick Hendrix', 'Midsomer Murders', 'DS Jamie Winter');
INSERT IGNORE INTO Aktor (`nama_lengkap`) VALUES ('Fiona Dolman');
INSERT IGNORE INTO Peran VALUES ('Fiona Dolman', 'Midsomer Murders', 'Sarah Barnaby');
INSERT IGNORE INTO Aktor (`nama_lengkap`) VALUES ('Annette Badland');
INSERT IGNORE INTO Peran VALUES ('Annette Badland', 'Midsomer Murders', 'Dr. Fleur Perkins');
INSERT IGNORE INTO Episode VALUES ('Midsomer Murders', 1, 1, 'The Killings at Badger''s Drift', 'An elderly woman is found dead in her cottage and DCI Tom Barnaby is convinced the death is not down to natural causes', 101);
INSERT IGNORE INTO Episode VALUES ('Midsomer Murders', 1, 2, 'Written in Blood', 'Gerald Hadleigh, secretary of a writers'' circle, is found battered to death the morning after the group''s meeting with best-selling novelist (and former psycho-therapist) Max Jennings. Gerald did not want to invite Max to Midsomer Worthy, and he seemed apprehensive about the visit.Barnaby''s investigations show that Gerald was a man of mystery - he had no National Insurance number, no family, and no marriage certficate to go with his wedding photographs. And it seems he had a mysterious woman visitor on the night of his death... then Max Jennings goes missing and is found dead.', 101);
INSERT IGNORE INTO Episode VALUES ('Midsomer Murders', 1, 3, 'Death of a Hollow Man', 'The body of Agnes Gray, a woman who loved only animals, is found in the river - but she did not drown.  And then her cousin Esslyn Carmichael is tricked into killing himself on stage during an amateur production of the murder mystery Amadeus. Barnaby has to get to grips with clues which include adultery, dramatic ambition, stolen religious art, and large donations to animal charities, before unmasking a killer who proves to be mad.Meanwhile, love begins to blossom between Cully Barnaby and Nico Bentley, one of the cast of Amadeus...', 98);
INSERT IGNORE INTO Audio VALUES ('Midsomer Murders', 'Jepang');
INSERT IGNORE INTO Subtitle VALUES ('Midsomer Murders', 'Korea');
INSERT IGNORE INTO Konten VALUES ('Absentia', 'A missing FBI agent reappears six years after being declared dead.', 2017, 'TV-MA', 'Serial_TV');
INSERT IGNORE INTO Serial_TV VALUES ('Absentia', 3);
INSERT IGNORE INTO Genre_Konten VALUES ('Absentia', 2);
INSERT IGNORE INTO Genre_Konten VALUES ('Absentia', 4);
INSERT IGNORE INTO Genre_Konten VALUES ('Absentia', 11);
INSERT IGNORE INTO Aktor (`nama_lengkap`) VALUES ('Stana Katic');
INSERT IGNORE INTO Peran VALUES ('Stana Katic', 'Absentia', 'Emily Byrne');
INSERT IGNORE INTO Aktor (`nama_lengkap`) VALUES ('Patrick Heusinger');
INSERT IGNORE INTO Peran VALUES ('Patrick Heusinger', 'Absentia', 'Nick Durand');
INSERT IGNORE INTO Aktor (`nama_lengkap`) VALUES ('Neil Jackson');
INSERT IGNORE INTO Peran VALUES ('Neil Jackson', 'Absentia', 'Jack Byrne');
INSERT IGNORE INTO Aktor (`nama_lengkap`) VALUES ('Matthew Le Nevez');
INSERT IGNORE INTO Peran VALUES ('Matthew Le Nevez', 'Absentia', 'Cal Isaac');
INSERT IGNORE INTO Aktor (`nama_lengkap`) VALUES ('Natasha Little');
INSERT IGNORE INTO Peran VALUES ('Natasha Little', 'Absentia', 'Julianne Gunnarsen');
INSERT IGNORE INTO Aktor (`nama_lengkap`) VALUES ('Christopher Colquhoun');
INSERT IGNORE INTO Peran VALUES ('Christopher Colquhoun', 'Absentia', 'Agent Derek Crown');
INSERT IGNORE INTO Aktor (`nama_lengkap`) VALUES ('Paul Freeman');
INSERT IGNORE INTO Peran VALUES ('Paul Freeman', 'Absentia', 'Warren Byrne');
INSERT IGNORE INTO Aktor (`nama_lengkap`) VALUES ('Patrick McAuley');
INSERT IGNORE INTO Peran VALUES ('Patrick McAuley', 'Absentia', 'Flynn Durand');
INSERT IGNORE INTO Episode VALUES ('Absentia', 1, 1, 'Comeback', 'After years of assuming FBI Agent Emily Byrne was a possible victim of serial killer Conrad Harlow, she is miraculously returned to her family. Emily, however, has to struggle with the mysteries of her captivity and the fact that everyone has moved on without her. Investigating Emily’s disappearance, her husband Nick Durand detects a connection between Emily and a sex trafficker Robert Semerov, who has negative feelings about Emily. When the FBI traces the sex trafficker, suspicion suddenly moves to Emily. Is she still the same person they knew?', 51);
INSERT IGNORE INTO Episode VALUES ('Absentia', 1, 2, 'Reset', 'Emily’s alleged serial killer, Conrad Harlow, is being released from jail, and Emily has not come close to solving the mystery of her kidnapping and time in captivity. As Emily struggles to return to normal life, a witness turns up and reinforces the suspicions of Emily. Emily denies the suspicions and is sure the witness is lying and was forced into making a false statement, maybe by someone in the FBI. Will Emily and Nick be able to find out the truth before Emily is again torn from her family?', 43);
INSERT IGNORE INTO Episode VALUES ('Absentia', 1, 3, 'The Emily Show', 'When the testifying witness against Emily is murdered, all signs suggest that the murder was committed by Emily. While Tommy Gibbs and the Boston Police Chief are accusing Emily, she and Nick look for an FBI agent who forced the witness to lie. For Emily, there is suspicion that this agent is the one responsible for her abduction.', 46);
INSERT IGNORE INTO Audio VALUES ('Absentia', 'Jepang');
INSERT IGNORE INTO Audio VALUES ('Absentia', 'Spanyol');
INSERT IGNORE INTO Subtitle VALUES ('Absentia', 'Indonesia');
INSERT IGNORE INTO Subtitle VALUES ('Absentia', 'Inggris');
INSERT IGNORE INTO Konten VALUES ('Bones', 'Dr. Temperance Brennan and her colleagues at the Jeffersonian''s Medico-Legal Lab assist Special Agent Seeley Booth with murder investigations when the remains are so badly decomposed, burned or destroyed that the standard identification methods are useless.', 2005, 'TV-14', 'Serial_TV');
INSERT IGNORE INTO Serial_TV VALUES ('Bones', 12);
INSERT IGNORE INTO Genre_Konten VALUES ('Bones', 2);
INSERT IGNORE INTO Genre_Konten VALUES ('Bones', 4);
INSERT IGNORE INTO Aktor (`nama_lengkap`) VALUES ('Emily Deschanel');
INSERT IGNORE INTO Peran VALUES ('Emily Deschanel', 'Bones', 'Temperance ''Bones'' Brennan');
INSERT IGNORE INTO Aktor (`nama_lengkap`) VALUES ('David Boreanaz');
INSERT IGNORE INTO Peran VALUES ('David Boreanaz', 'Bones', 'Seeley Booth');
INSERT IGNORE INTO Aktor (`nama_lengkap`) VALUES ('John Boyd');
INSERT IGNORE INTO Peran VALUES ('John Boyd', 'Bones', 'James Aubrey');
INSERT IGNORE INTO Aktor (`nama_lengkap`) VALUES ('Michaela Conlin');
INSERT IGNORE INTO Peran VALUES ('Michaela Conlin', 'Bones', 'Angela Montenegro');
INSERT IGNORE INTO Aktor (`nama_lengkap`) VALUES ('Tamara Taylor');
INSERT IGNORE INTO Peran VALUES ('Tamara Taylor', 'Bones', 'Camille Saroyan');
INSERT IGNORE INTO Aktor (`nama_lengkap`) VALUES ('T.J. Thyne');
INSERT IGNORE INTO Peran VALUES ('T.J. Thyne', 'Bones', 'Jack Hodgins');
INSERT IGNORE INTO Episode VALUES ('Bones', 1, 1, 'Pilot', 'Pilot episode. After returning to Washington, D.C., renowned forensic anthropologist Dr. Temperance Brennan is called in by FBI Special Agent Seeley Booth to aid an FBI investigation involving a set of bones found hidden in a lake.', 44);
INSERT IGNORE INTO Episode VALUES ('Bones', 1, 2, 'The Man in the S.U.V.', 'When a man is killed driving an SUV registered to a Middle Eastern man, Dr. Brennan and her team find themselves tracking a terrorist.', 44);
INSERT IGNORE INTO Episode VALUES ('Bones', 1, 3, 'A Boy in a Tree', 'When the decaying corpse of the Venezuelan Ambassador''s son is found hanging from a tree on the campus of an exclusive private school, a simple suicide case quickly turns into a web of lies, sex and scandal involving the school''s staff and students.', 44);
INSERT IGNORE INTO Audio VALUES ('Bones', 'Spanyol');
INSERT IGNORE INTO Audio VALUES ('Bones', 'Inggris');
INSERT IGNORE INTO Subtitle VALUES ('Bones', 'Inggris');
INSERT IGNORE INTO Subtitle VALUES ('Bones', 'Jepang');
INSERT IGNORE INTO Konten VALUES ('One-Punch Man', 'The most powerful superhero in the world can kill anyone with one blow. But nothing can challenge him, so he struggles with ennui and depression.', 2015, 'TV-PG', 'Serial_TV');
INSERT IGNORE INTO Serial_TV VALUES ('One-Punch Man', 3);
INSERT IGNORE INTO Genre_Konten VALUES ('One-Punch Man', 12);
INSERT IGNORE INTO Genre_Konten VALUES ('One-Punch Man', 8);
INSERT IGNORE INTO Genre_Konten VALUES ('One-Punch Man', 21);
INSERT IGNORE INTO Genre_Konten VALUES ('One-Punch Man', 23);
INSERT IGNORE INTO Aktor (`nama_lengkap`) VALUES ('Makoto Furukawa');
INSERT IGNORE INTO Peran VALUES ('Makoto Furukawa', 'One-Punch Man', 'Saitama (voice)');
INSERT IGNORE INTO Episode VALUES ('One-Punch Man', 1, 1, 'The Strongest Man', 'Saitama is a guy who’s a hero for fun. After saving a child from certain death, he decided to become a hero and trained hard for three years. Though he’s now so strong he can defeat any opponent with a single punch, lately he feels as if, in exchange for overwhelming power, he’s lost something even more important.', 24);
INSERT IGNORE INTO Episode VALUES ('One-Punch Man', 1, 2, 'The Lone Cyborg', 'A monster is moving toward City Z, one that has been  created by the mysterious organization known as The House of Evolution.  Genos, a young cyborg, attempts to stop it, but gets in over his head  before Saitama happens along.', 24);
INSERT IGNORE INTO Episode VALUES ('One-Punch Man', 1, 3, 'The Obsessive Scientist', 'Saitama and Genos glean information about The House of  Evolution and its founder Dr. Genus, a scientist with dangerous ideas on  artificial human evolution. Meanwhile, Dr. Genus learns of Saitama’s  amazing strength and has plans of his own for One-Punch Man.', 24);
INSERT IGNORE INTO Audio VALUES ('One-Punch Man', 'Inggris');
INSERT IGNORE INTO Audio VALUES ('One-Punch Man', 'Spanyol');
INSERT IGNORE INTO Audio VALUES ('One-Punch Man', 'Indonesia');
INSERT IGNORE INTO Subtitle VALUES ('One-Punch Man', 'Spanyol');
INSERT IGNORE INTO Subtitle VALUES ('One-Punch Man', 'Inggris');
INSERT IGNORE INTO Subtitle VALUES ('One-Punch Man', 'Korea');
INSERT IGNORE INTO Subtitle VALUES ('One-Punch Man', 'Jepang');
INSERT IGNORE INTO Konten VALUES ('CSI: Crime Scene Investigation', 'A Las Vegas team of forensic investigators are trained to solve criminal cases by scouring the crime scene, collecting irrefutable evidence and finding the missing pieces that solve the mystery.', 2000, 'TV-14', 'Serial_TV');
INSERT IGNORE INTO Serial_TV VALUES ('CSI: Crime Scene Investigation', 15);
INSERT IGNORE INTO Genre_Konten VALUES ('CSI: Crime Scene Investigation', 2);
INSERT IGNORE INTO Genre_Konten VALUES ('CSI: Crime Scene Investigation', 4);
INSERT IGNORE INTO Genre_Konten VALUES ('CSI: Crime Scene Investigation', 11);
INSERT IGNORE INTO Aktor (`nama_lengkap`) VALUES ('Ted Danson');
INSERT IGNORE INTO Peran VALUES ('Ted Danson', 'CSI: Crime Scene Investigation', 'D.B. Russell');
INSERT IGNORE INTO Aktor (`nama_lengkap`) VALUES ('George Eads');
INSERT IGNORE INTO Peran VALUES ('George Eads', 'CSI: Crime Scene Investigation', 'Nick Stokes');
INSERT IGNORE INTO Aktor (`nama_lengkap`) VALUES ('Jorja Fox');
INSERT IGNORE INTO Peran VALUES ('Jorja Fox', 'CSI: Crime Scene Investigation', 'Sara Sidle');
INSERT IGNORE INTO Aktor (`nama_lengkap`) VALUES ('Eric Szmanda');
INSERT IGNORE INTO Peran VALUES ('Eric Szmanda', 'CSI: Crime Scene Investigation', 'Greg Sanders');
INSERT IGNORE INTO Aktor (`nama_lengkap`) VALUES ('Robert David Hall');
INSERT IGNORE INTO Peran VALUES ('Robert David Hall', 'CSI: Crime Scene Investigation', 'Al Robbins');
INSERT IGNORE INTO Aktor (`nama_lengkap`) VALUES ('Wallace Langham');
INSERT IGNORE INTO Peran VALUES ('Wallace Langham', 'CSI: Crime Scene Investigation', 'David Hodges');
INSERT IGNORE INTO Aktor (`nama_lengkap`) VALUES ('Jon Wellner');
INSERT IGNORE INTO Peran VALUES ('Jon Wellner', 'CSI: Crime Scene Investigation', 'Henry Andrews');
INSERT IGNORE INTO Aktor (`nama_lengkap`) VALUES ('Elisabeth Harnois');
INSERT IGNORE INTO Peran VALUES ('Elisabeth Harnois', 'CSI: Crime Scene Investigation', 'Morgan Brody');
INSERT IGNORE INTO Aktor (`nama_lengkap`) VALUES ('Elisabeth Shue');
INSERT IGNORE INTO Peran VALUES ('Elisabeth Shue', 'CSI: Crime Scene Investigation', 'Julie Finlay');
INSERT IGNORE INTO Aktor (`nama_lengkap`) VALUES ('David Berman');
INSERT IGNORE INTO Peran VALUES ('David Berman', 'CSI: Crime Scene Investigation', 'David Phillips');
INSERT IGNORE INTO Episode VALUES ('CSI: Crime Scene Investigation', 1, 1, 'Pilot', 'Gil Grissom is the supervisor of the graveyard shift of Las Vegas'' elite crime scene investigators. Holly Gribbs, fresh out of the academy, joins the team.  Jim Brass is head of the unit and is trying to scare Gribbs from CSI.  Catherine Willows, mother of a young daughter, is the number two CSI on this shift.  Warrick Brown and Nick Stokes are competing to solve their 100th case to earn a promotion to CSI 3. Grissom investigates a murder staged to look like a suicide with precious little evidence.  Warrick and Catherine take the case of a drunk who breaks into the house where he had been staying and is shot to death. Nick talks to a man who picked up a woman who drugged and robbed him.', 46);
INSERT IGNORE INTO Episode VALUES ('CSI: Crime Scene Investigation', 1, 2, 'Cool Change', 'A man is killed after winning a fortune and then dumping his girlfriend.  So, Grissom, Nick, and newcomer to the CSI team, Sara Sidel, investigate this one.  Holly Gribbs is in the hospital and Warrick is up for suspension for leaving her at the crime scene by herself.  Holly later dies in the hospital, but Grissom doesn''t suspend Warrick.', 44);
INSERT IGNORE INTO Episode VALUES ('CSI: Crime Scene Investigation', 1, 3, 'Crate ''n Burial', 'Grissom, Nick, and Sara search for a kidnapped woman and find more than they expected. Catherine and Warrick investigate the hit and run death of a little girl.', 45);
INSERT IGNORE INTO Audio VALUES ('CSI: Crime Scene Investigation', 'Jepang');
INSERT IGNORE INTO Subtitle VALUES ('CSI: Crime Scene Investigation', 'Korea');
INSERT IGNORE INTO Subtitle VALUES ('CSI: Crime Scene Investigation', 'Inggris');
INSERT IGNORE INTO Subtitle VALUES ('CSI: Crime Scene Investigation', 'Spanyol');
INSERT IGNORE INTO Subtitle VALUES ('CSI: Crime Scene Investigation', 'Indonesia');
INSERT IGNORE INTO Konten VALUES ('Blue Bloods', 'A drama about a multi-generational family of cops dedicated to New York City law enforcement. Frank Reagan is the New York Police Commissioner and heads both the police force and the Reagan brood. He runs his department as diplomatically as he runs his family, even when dealing with the politics that plagued his unapologetically bold father, Henry, during his stint as Chief.', 2010, 'TV-14', 'Serial_TV');
INSERT IGNORE INTO Serial_TV VALUES ('Blue Bloods', 14);
INSERT IGNORE INTO Genre_Konten VALUES ('Blue Bloods', 2);
INSERT IGNORE INTO Genre_Konten VALUES ('Blue Bloods', 4);
INSERT IGNORE INTO Aktor (`nama_lengkap`) VALUES ('Tom Selleck');
INSERT IGNORE INTO Peran VALUES ('Tom Selleck', 'Blue Bloods', 'Frank Reagan');
INSERT IGNORE INTO Aktor (`nama_lengkap`) VALUES ('Donnie Wahlberg');
INSERT IGNORE INTO Peran VALUES ('Donnie Wahlberg', 'Blue Bloods', 'Danny Reagan');
INSERT IGNORE INTO Aktor (`nama_lengkap`) VALUES ('Bridget Moynahan');
INSERT IGNORE INTO Peran VALUES ('Bridget Moynahan', 'Blue Bloods', 'Erin Reagan-Boyle');
INSERT IGNORE INTO Aktor (`nama_lengkap`) VALUES ('Will Estes');
INSERT IGNORE INTO Peran VALUES ('Will Estes', 'Blue Bloods', 'Jamie Reagan');
INSERT IGNORE INTO Aktor (`nama_lengkap`) VALUES ('Len Cariou');
INSERT IGNORE INTO Peran VALUES ('Len Cariou', 'Blue Bloods', 'Henry Reagan');
INSERT IGNORE INTO Aktor (`nama_lengkap`) VALUES ('Gregory Jbara');
INSERT IGNORE INTO Peran VALUES ('Gregory Jbara', 'Blue Bloods', 'Garrett Moore');
INSERT IGNORE INTO Aktor (`nama_lengkap`) VALUES ('Abigail Hawk');
INSERT IGNORE INTO Peran VALUES ('Abigail Hawk', 'Blue Bloods', 'Abigail Baker');
INSERT IGNORE INTO Episode VALUES ('Blue Bloods', 1, 1, 'Pilot', 'Tom Selleck stars as Frank Reagan, the New York City Police Commissioner. Frank''s eldest son Danny is a seasoned detective, family man, and Iraqi War vet who on occasion uses dubious tactics to solve cases.', 43);
INSERT IGNORE INTO Episode VALUES ('Blue Bloods', 1, 2, 'Samaritan', 'A good Samaritan with a police record takes action against a terrorizing subway criminal, forcing the Reagans to weigh the rights and wrongs of vigilantism.', 44);
INSERT IGNORE INTO Episode VALUES ('Blue Bloods', 1, 3, 'Privilege', 'Danny, Erin and Frank work together to seek justice when the main suspect in a rape case is protected by diplomatic immunity.', 44);
INSERT IGNORE INTO Audio VALUES ('Blue Bloods', 'Inggris');
INSERT IGNORE INTO Audio VALUES ('Blue Bloods', 'Jepang');
INSERT IGNORE INTO Subtitle VALUES ('Blue Bloods', 'Korea');
INSERT IGNORE INTO Konten VALUES ('The Flash', 'After being struck by lightning, CSI investigator Barry Allen awakens from a nine-month coma to discover he has been  granted the gift of super speed.  Teaming up with S.T.A.R. Labs, Barry takes on the persona of The Flash, the Fastest  Man Alive, to protect his city.', 2014, 'TV-14', 'Serial_TV');
INSERT IGNORE INTO Serial_TV VALUES ('The Flash', 9);
INSERT IGNORE INTO Genre_Konten VALUES ('The Flash', 4);
INSERT IGNORE INTO Genre_Konten VALUES ('The Flash', 23);
INSERT IGNORE INTO Aktor (`nama_lengkap`) VALUES ('Grant Gustin');
INSERT IGNORE INTO Peran VALUES ('Grant Gustin', 'The Flash', 'Barry Allen / The Flash');
INSERT IGNORE INTO Aktor (`nama_lengkap`) VALUES ('Candice Patton');
INSERT IGNORE INTO Peran VALUES ('Candice Patton', 'The Flash', 'Iris West-Allen');
INSERT IGNORE INTO Aktor (`nama_lengkap`) VALUES ('Danielle Panabaker');
INSERT IGNORE INTO Peran VALUES ('Danielle Panabaker', 'The Flash', 'Khione');
INSERT IGNORE INTO Aktor (`nama_lengkap`) VALUES ('Danielle Nicolet');
INSERT IGNORE INTO Peran VALUES ('Danielle Nicolet', 'The Flash', 'Cecile Horton');
INSERT IGNORE INTO Aktor (`nama_lengkap`) VALUES ('Kayla Compton');
INSERT IGNORE INTO Peran VALUES ('Kayla Compton', 'The Flash', 'Allegra Garcia');
INSERT IGNORE INTO Aktor (`nama_lengkap`) VALUES ('Brandon McKnight');
INSERT IGNORE INTO Peran VALUES ('Brandon McKnight', 'The Flash', 'Chester P. Runk');
INSERT IGNORE INTO Aktor (`nama_lengkap`) VALUES ('Jon Cor');
INSERT IGNORE INTO Peran VALUES ('Jon Cor', 'The Flash', 'Mark Blaine / Chillblaine');
INSERT IGNORE INTO Episode VALUES ('The Flash', 1, 1, 'Pilot', 'Barry discovers his powers and puts them to the test, only when he finds its no longer a test but the real thing when he encounters a certain someone.', 44);
INSERT IGNORE INTO Episode VALUES ('The Flash', 1, 2, 'Fastest Man Alive', 'Barry changes into the Flash when six gunmen storm a university event honoring a scientist, but his heroics don''t match up to his expectations. Meanwhile, Iris becomes even more intrigued by the "red streak."', 41);
INSERT IGNORE INTO Episode VALUES ('The Flash', 1, 3, 'Things You Can''t Outrun', 'Barry and the team go after the Mist, who possesses toxic gas powers, and they reflect on the night Caitlin''s fiancé died. Meanwhile, Henry gets a long-awaited visit from Joe, and Iris and Eddie continue to keep their romance a secret from Joe.', 41);
INSERT IGNORE INTO Audio VALUES ('The Flash', 'Inggris');
INSERT IGNORE INTO Audio VALUES ('The Flash', 'Indonesia');
INSERT IGNORE INTO Subtitle VALUES ('The Flash', 'Inggris');
INSERT IGNORE INTO Subtitle VALUES ('The Flash', 'Jepang');
INSERT IGNORE INTO Subtitle VALUES ('The Flash', 'Spanyol');
INSERT IGNORE INTO Konten VALUES ('Esref Ruya', 'As a child, Eşref fell in love from afar with a girl he called “Rüya” and spent years searching for her, only to become a powerful mafia figure along the way. Meanwhile, Nisan, an idealistic musician, finds herself in grave danger after performing at a wedding held at Eşref’s hotel. Eşref falls for Nisan, unaware that she is both the long-lost Rüya he has been chasing for years and a police informant. Trapped in a whirlwind of love, betrayal, and power struggles, Eşref is forced into a brutal reckoning—both with his criminal empire and his own emotions.', 2025, 'NR', 'Serial_TV');
INSERT IGNORE INTO Serial_TV VALUES ('Esref Ruya', 2);
INSERT IGNORE INTO Genre_Konten VALUES ('Esref Ruya', 4);
INSERT IGNORE INTO Aktor (`nama_lengkap`) VALUES ('Çağatay Ulusoy');
INSERT IGNORE INTO Peran VALUES ('Çağatay Ulusoy', 'Esref Ruya', 'Eşref');
INSERT IGNORE INTO Aktor (`nama_lengkap`) VALUES ('Demet Özdemir');
INSERT IGNORE INTO Peran VALUES ('Demet Özdemir', 'Esref Ruya', 'Nisan');
INSERT IGNORE INTO Aktor (`nama_lengkap`) VALUES ('Necip Memili');
INSERT IGNORE INTO Peran VALUES ('Necip Memili', 'Esref Ruya', 'Gürdal');
INSERT IGNORE INTO Aktor (`nama_lengkap`) VALUES ('Büşra Develi');
INSERT IGNORE INTO Peran VALUES ('Büşra Develi', 'Esref Ruya', 'Çiğdem');
INSERT IGNORE INTO Aktor (`nama_lengkap`) VALUES ('Rızacan Durmuş');
INSERT IGNORE INTO Peran VALUES ('Rızacan Durmuş', 'Esref Ruya', 'Cengiz Sayar');
INSERT IGNORE INTO Aktor (`nama_lengkap`) VALUES ('Kaan Turgut');
INSERT IGNORE INTO Peran VALUES ('Kaan Turgut', 'Esref Ruya', 'Kenan');
INSERT IGNORE INTO Episode VALUES ('Esref Ruya', 1, 1, 'Episode 1', 'Eşref Rüya tells the story of a young man who is a prisoner of a love whose name he does not know. Çağatay Ulusoy plays the character Eşref, who is reckless, has everything but is a prisoner of a love whose name he does not know, while Demet Özdemir plays Nisan, the young musician who makes Eşref''s heart skip a beat.', 137);
INSERT IGNORE INTO Episode VALUES ('Esref Ruya', 1, 2, 'Episode 2', 'Nisan, who understands that she is in great danger once again with this incident, looks for ways to escape Çiğdem''s games. Eşref cannot help but be carried away by feelings that he is unfamiliar with whenever he comes face to face with Nisan. Nisan''s getting closer to Eşref causes alarm bells to ring for both of them. On the other hand, a great surprise awaits İzzet, who is drunk with victory. Eşref, who is preparing to make his enemies experience hell, will also face his new rival on the security front.', 116);
INSERT IGNORE INTO Episode VALUES ('Esref Ruya', 1, 3, 'Episode 3', 'After İzzet’s death, Eşref now faces an even greater enemy. Horrified by everything that’s happened, Nisan prepares to make bold moves beyond her limits in order to finally end the game. Meanwhile, with his plans progressing as intended, Kadir is willing to betray the Yetimler to eliminate Eşref from the picture. On the law enforcement side, Serdar investigates the murder at the hotel and comes face to face with Eşref and the tribe. This tense confrontation—where everything could fall apart at any moment—sets the stage for an impending major conflict. Though Nisan plans to throw Eşref into the fire to save herself, seeing a different side of him pushes her into an unexpected dilemma. Her growing closeness with Eşref is about to land her in serious trouble.', 137);
INSERT IGNORE INTO Audio VALUES ('Esref Ruya', 'Korea');
INSERT IGNORE INTO Subtitle VALUES ('Esref Ruya', 'Jepang');
INSERT IGNORE INTO Subtitle VALUES ('Esref Ruya', 'Spanyol');
INSERT IGNORE INTO Subtitle VALUES ('Esref Ruya', 'Korea');
INSERT IGNORE INTO Konten VALUES ('The Last Frontier', 'When a prison transport plane crashes in the remote Alaskan wilderness—freeing dozens of violent inmates—the region''s lone marshal must protect the town he''s vowed to keep safe.', 2025, 'D', 'Serial_TV');
INSERT IGNORE INTO Serial_TV VALUES ('The Last Frontier', 1);
INSERT IGNORE INTO Genre_Konten VALUES ('The Last Frontier', 2);
INSERT IGNORE INTO Genre_Konten VALUES ('The Last Frontier', 4);
INSERT IGNORE INTO Aktor (`nama_lengkap`) VALUES ('Jason Clarke');
INSERT IGNORE INTO Peran VALUES ('Jason Clarke', 'The Last Frontier', 'Frank Remnick');
INSERT IGNORE INTO Aktor (`nama_lengkap`) VALUES ('Dominic Cooper');
INSERT IGNORE INTO Peran VALUES ('Dominic Cooper', 'The Last Frontier', 'Havlock');
INSERT IGNORE INTO Aktor (`nama_lengkap`) VALUES ('Haley Bennett');
INSERT IGNORE INTO Peran VALUES ('Haley Bennett', 'The Last Frontier', 'Sidney Scofield');
INSERT IGNORE INTO Aktor (`nama_lengkap`) VALUES ('Simone Kessell');
INSERT IGNORE INTO Peran VALUES ('Simone Kessell', 'The Last Frontier', 'Sarah Remnick');
INSERT IGNORE INTO Aktor (`nama_lengkap`) VALUES ('Dallas Goldtooth');
INSERT IGNORE INTO Peran VALUES ('Dallas Goldtooth', 'The Last Frontier', 'Hutch');
INSERT IGNORE INTO Aktor (`nama_lengkap`) VALUES ('Tait Blum');
INSERT IGNORE INTO Peran VALUES ('Tait Blum', 'The Last Frontier', 'Luke Remnick');
INSERT IGNORE INTO Aktor (`nama_lengkap`) VALUES ('Alfre Woodard');
INSERT IGNORE INTO Peran VALUES ('Alfre Woodard', 'The Last Frontier', 'Jacqueline Bradford');
INSERT IGNORE INTO Episode VALUES ('The Last Frontier', 1, 1, 'Blue Skies', 'An unprecedented emergency sends Fairbanks into lockdown. Frank gathers every resource available to mount a full-scale response.', 61);
INSERT IGNORE INTO Episode VALUES ('The Last Frontier', 1, 2, 'Wind of Change', 'Luke tries to get back home as the manhunt for Havlock intensifies. Frank weighs whether he should give in to a set of demands.', 56);
INSERT IGNORE INTO Episode VALUES ('The Last Frontier', 1, 3, 'Country as F**k', 'Sarah''s disappearance adds urgency to Frank''s search. Havlock''s master plan takes an unexpected turn, increasing the number of hostages.', 62);
INSERT IGNORE INTO Audio VALUES ('The Last Frontier', 'Spanyol');
INSERT IGNORE INTO Subtitle VALUES ('The Last Frontier', 'Korea');
INSERT IGNORE INTO Subtitle VALUES ('The Last Frontier', 'Jepang');
INSERT IGNORE INTO Subtitle VALUES ('The Last Frontier', 'Indonesia');
INSERT IGNORE INTO Subtitle VALUES ('The Last Frontier', 'Inggris');
INSERT IGNORE INTO Konten VALUES ('Wednesday', 'Smart, sarcastic and a little dead inside, Wednesday Addams investigates twisted mysteries while making new friends — and foes — at Nevermore Academy.', 2022, 'D', 'Serial_TV');
INSERT IGNORE INTO Serial_TV VALUES ('Wednesday', 2);
INSERT IGNORE INTO Genre_Konten VALUES ('Wednesday', 23);
INSERT IGNORE INTO Genre_Konten VALUES ('Wednesday', 11);
INSERT IGNORE INTO Genre_Konten VALUES ('Wednesday', 8);
INSERT IGNORE INTO Aktor (`nama_lengkap`) VALUES ('Jenna Ortega');
INSERT IGNORE INTO Peran VALUES ('Jenna Ortega', 'Wednesday', 'Wednesday Addams');
INSERT IGNORE INTO Aktor (`nama_lengkap`) VALUES ('Steve Buscemi');
INSERT IGNORE INTO Peran VALUES ('Steve Buscemi', 'Wednesday', 'Barry Dort');
INSERT IGNORE INTO Aktor (`nama_lengkap`) VALUES ('Hunter Doohan');
INSERT IGNORE INTO Peran VALUES ('Hunter Doohan', 'Wednesday', 'Tyler Galpin');
INSERT IGNORE INTO Aktor (`nama_lengkap`) VALUES ('Emma Myers');
INSERT IGNORE INTO Peran VALUES ('Emma Myers', 'Wednesday', 'Enid Sinclair');
INSERT IGNORE INTO Aktor (`nama_lengkap`) VALUES ('Joy Sunday');
INSERT IGNORE INTO Peran VALUES ('Joy Sunday', 'Wednesday', 'Bianca Barclay');
INSERT IGNORE INTO Aktor (`nama_lengkap`) VALUES ('Isaac Ordonez');
INSERT IGNORE INTO Peran VALUES ('Isaac Ordonez', 'Wednesday', 'Pugsley Addams');
INSERT IGNORE INTO Aktor (`nama_lengkap`) VALUES ('Moosa Mostafa');
INSERT IGNORE INTO Peran VALUES ('Moosa Mostafa', 'Wednesday', 'Eugene Ottinger');
INSERT IGNORE INTO Aktor (`nama_lengkap`) VALUES ('Owen Painter');
INSERT IGNORE INTO Peran VALUES ('Owen Painter', 'Wednesday', 'Slurp');
INSERT IGNORE INTO Aktor (`nama_lengkap`) VALUES ('Georgie Farmer');
INSERT IGNORE INTO Peran VALUES ('Georgie Farmer', 'Wednesday', 'Ajax Petropolus');
INSERT IGNORE INTO Aktor (`nama_lengkap`) VALUES ('Billie Piper');
INSERT IGNORE INTO Peran VALUES ('Billie Piper', 'Wednesday', 'Isadora Capri');
INSERT IGNORE INTO Episode VALUES ('Wednesday', 1, 1, 'Wednesday''s Child Is Full of Woe', 'When a deliciously wicked prank gets Wednesday expelled, her parents ship her off to Nevermore Academy, the boarding school where they fell in love.', 60);
INSERT IGNORE INTO Episode VALUES ('Wednesday', 1, 2, 'Woe Is the Loneliest Number', 'The sheriff questions Wednesday about the night''s strange happenings. Later, Wednesday faces off against a fierce rival in the cutthroat Poe Cup race.', 49);
INSERT IGNORE INTO Episode VALUES ('Wednesday', 1, 3, 'Friend or Woe', 'Wednesday stumbles on a secret society. During Outreach Day, Nevermore''s outcasts mingle with Jericho''s normies in Pilgrim World. Fudge, anyone?', 49);
INSERT IGNORE INTO Audio VALUES ('Wednesday', 'Indonesia');
INSERT IGNORE INTO Audio VALUES ('Wednesday', 'Jepang');
INSERT IGNORE INTO Subtitle VALUES ('Wednesday', 'Spanyol');
INSERT IGNORE INTO Subtitle VALUES ('Wednesday', 'Jepang');
INSERT IGNORE INTO Subtitle VALUES ('Wednesday', 'Korea');
INSERT IGNORE INTO Konten VALUES ('Golden Boy', 'A young girl is forced to marry a rich groom. The groom is not only rich, but also allows himself to live without any restrictions or obligations. Will married life change his habits? And how will such a man be accepted by a good-hearted wife?', 2022, 'NR', 'Serial_TV');
INSERT IGNORE INTO Serial_TV VALUES ('Golden Boy', 3);
INSERT IGNORE INTO Genre_Konten VALUES ('Golden Boy', 9);
INSERT IGNORE INTO Genre_Konten VALUES ('Golden Boy', 4);
INSERT IGNORE INTO Aktor (`nama_lengkap`) VALUES ('Afra Saraçoğlu');
INSERT IGNORE INTO Peran VALUES ('Afra Saraçoğlu', 'Golden Boy', 'Seyran Şanlı');
INSERT IGNORE INTO Aktor (`nama_lengkap`) VALUES ('Mert Ramazan Demir');
INSERT IGNORE INTO Peran VALUES ('Mert Ramazan Demir', 'Golden Boy', 'Ferit Korhan');
INSERT IGNORE INTO Aktor (`nama_lengkap`) VALUES ('Çetin Tekindor');
INSERT IGNORE INTO Peran VALUES ('Çetin Tekindor', 'Golden Boy', 'Halis Korhan');
INSERT IGNORE INTO Aktor (`nama_lengkap`) VALUES ('Şerif Sezer');
INSERT IGNORE INTO Peran VALUES ('Şerif Sezer', 'Golden Boy', 'Hattuç Şanlı');
INSERT IGNORE INTO Aktor (`nama_lengkap`) VALUES ('Gülçin Santırcıoğlu');
INSERT IGNORE INTO Peran VALUES ('Gülçin Santırcıoğlu', 'Golden Boy', 'İfakat Korhan');
INSERT IGNORE INTO Aktor (`nama_lengkap`) VALUES ('Emre Altuğ');
INSERT IGNORE INTO Peran VALUES ('Emre Altuğ', 'Golden Boy', 'Orhan Korhan');
INSERT IGNORE INTO Aktor (`nama_lengkap`) VALUES ('Gözde Kansu');
INSERT IGNORE INTO Peran VALUES ('Gözde Kansu', 'Golden Boy', 'Gülgün Korhan');
INSERT IGNORE INTO Aktor (`nama_lengkap`) VALUES ('Beril Pozam');
INSERT IGNORE INTO Peran VALUES ('Beril Pozam', 'Golden Boy', 'Suna Şanlı');
INSERT IGNORE INTO Aktor (`nama_lengkap`) VALUES ('Diren Polatoğulları');
INSERT IGNORE INTO Peran VALUES ('Diren Polatoğulları', 'Golden Boy', 'Kazım Şanlı');
INSERT IGNORE INTO Aktor (`nama_lengkap`) VALUES ('Ersin Arıcı');
INSERT IGNORE INTO Peran VALUES ('Ersin Arıcı', 'Golden Boy', 'Abidin');
INSERT IGNORE INTO Episode VALUES ('Golden Boy', 1, 1, 'Episode 1', 'A decision is made that, Ferit, who angered his family - especially his grandfather - Halis Aga, with his irresponsibility, must marry a suitable girl from Gaziantep. Although Ferit doesn''t want to get married, he can''t step on his grandfather''s word. Finding the right bride is the duty of Halis Aga''s eldest bride, Ifakat. The surprise to be experienced at the requested ceremony of Suna, who is suitable to be the bride of the Korhan Family in Gaziantep, will affect both Suna and her sister Seyran.', 115);
INSERT IGNORE INTO Episode VALUES ('Golden Boy', 1, 2, 'Episode 2', 'Korhan Family wants Seyran instead of Suna. As soon as Kazim says yes to this offer, preparations begin. Although Seyran objects to this decision, she cannot convince both her aunt Hattuç and her father Kazim. Seyran asks Yusuf to kidnap her to avoid marrying Ferit. Ferit, on the other hand, does not worry about this marriage because he thinks that nothing will change in his life. Action-packed days are about to begin for both Ferit and Seyran.', 115);
INSERT IGNORE INTO Episode VALUES ('Golden Boy', 1, 3, 'Episode 3', 'Seyran, who came to Istanbul after the wedding, is trying both to get used to the order of the Korhans and to adapt to her new family. Halis Aga, on the other hand, has a new plan in mind for Ferit. Rumors about Suna in Antep annoy Kazim and push him to make a decision.', 137);
INSERT IGNORE INTO Audio VALUES ('Golden Boy', 'Spanyol');
INSERT IGNORE INTO Audio VALUES ('Golden Boy', 'Korea');
INSERT IGNORE INTO Subtitle VALUES ('Golden Boy', 'Spanyol');
INSERT IGNORE INTO Konten VALUES ('Miraculous: Tales of Ladybug & Cat Noir', 'Marinette and Adrien, two Parisian teenagers, are entrusted with powerful jewels in order to transform into superheroes Ladybug and Cat Noir. But neither hero knows the other''s true identity — or that they''re classmates!', 2015, 'A', 'Serial_TV');
INSERT IGNORE INTO Serial_TV VALUES ('Miraculous: Tales of Ladybug & Cat Noir', 6);
INSERT IGNORE INTO Genre_Konten VALUES ('Miraculous: Tales of Ladybug & Cat Noir', 21);
INSERT IGNORE INTO Genre_Konten VALUES ('Miraculous: Tales of Ladybug & Cat Noir', 12);
INSERT IGNORE INTO Genre VALUES (26, 'Kids');
INSERT IGNORE INTO Genre_Konten VALUES ('Miraculous: Tales of Ladybug & Cat Noir', 26);
INSERT IGNORE INTO Aktor (`nama_lengkap`) VALUES ('Anouck Hautbois');
INSERT IGNORE INTO Peran VALUES ('Anouck Hautbois', 'Miraculous: Tales of Ladybug & Cat Noir', 'Marinette Dupain-Cheng / Ladybug (voice)');
INSERT IGNORE INTO Aktor (`nama_lengkap`) VALUES ('Benjamin Bollen');
INSERT IGNORE INTO Peran VALUES ('Benjamin Bollen', 'Miraculous: Tales of Ladybug & Cat Noir', 'Adrien Agreste / Chat Noir (voice)');
INSERT IGNORE INTO Aktor (`nama_lengkap`) VALUES ('Antoine Tomé');
INSERT IGNORE INTO Peran VALUES ('Antoine Tomé', 'Miraculous: Tales of Ladybug & Cat Noir', 'Gabriel Agreste / Papillon (voice)');
INSERT IGNORE INTO Aktor (`nama_lengkap`) VALUES ('Marie Nonnenmacher');
INSERT IGNORE INTO Peran VALUES ('Marie Nonnenmacher', 'Miraculous: Tales of Ladybug & Cat Noir', 'Tikki (voice)');
INSERT IGNORE INTO Aktor (`nama_lengkap`) VALUES ('Thierry Kazazian');
INSERT IGNORE INTO Peran VALUES ('Thierry Kazazian', 'Miraculous: Tales of Ladybug & Cat Noir', 'Plagg (voice)');
INSERT IGNORE INTO Episode VALUES ('Miraculous: Tales of Ladybug & Cat Noir', 1, 1, 'Stormy Weather', 'The loser of a kids-channel contest gets akumatized by Hawk Moth. Now Stormy Weather, she takes revenge on those who did not vote for her.  Dark skies await for our superheroes!', 22);
INSERT IGNORE INTO Episode VALUES ('Miraculous: Tales of Ladybug & Cat Noir', 1, 2, 'The Bubbler', 'Adrien''s best friend, Nino, is akumatized into the Bubbler, a villain who traps adults in bubbles and sends them floating away into the atmosphere.', 26);
INSERT IGNORE INTO Episode VALUES ('Miraculous: Tales of Ladybug & Cat Noir', 1, 3, 'The Pharaoh', 'When a villain with the power of the ancient Egyptian gods wants to sacrifice Alya, Ladybug and Cat Noir must fight an army of mummies to rescue her.', 26);
INSERT IGNORE INTO Audio VALUES ('Miraculous: Tales of Ladybug & Cat Noir', 'Indonesia');
INSERT IGNORE INTO Audio VALUES ('Miraculous: Tales of Ladybug & Cat Noir', 'Spanyol');
INSERT IGNORE INTO Audio VALUES ('Miraculous: Tales of Ladybug & Cat Noir', 'Inggris');
INSERT IGNORE INTO Subtitle VALUES ('Miraculous: Tales of Ladybug & Cat Noir', 'Indonesia');
INSERT IGNORE INTO Subtitle VALUES ('Miraculous: Tales of Ladybug & Cat Noir', 'Jepang');
INSERT IGNORE INTO Konten VALUES ('Robin Hood', 'A modern reimagining of the classic tale. After the Norman invasion of England, Rob, a Saxon forester’s son, and Marian, a Norman lord’s daughter, fall in love and unite to fight for justice, challenge corruption, and restore peace to the land.', 2025, 'TV-MA', 'Serial_TV');
INSERT IGNORE INTO Serial_TV VALUES ('Robin Hood', 1);
INSERT IGNORE INTO Genre_Konten VALUES ('Robin Hood', 4);
INSERT IGNORE INTO Genre_Konten VALUES ('Robin Hood', 21);
INSERT IGNORE INTO Aktor (`nama_lengkap`) VALUES ('Jack Patten');
INSERT IGNORE INTO Peran VALUES ('Jack Patten', 'Robin Hood', 'Robert ''Rob'' of Locksley');
INSERT IGNORE INTO Aktor (`nama_lengkap`) VALUES ('Lauren McQueen');
INSERT IGNORE INTO Peran VALUES ('Lauren McQueen', 'Robin Hood', 'Marian');
INSERT IGNORE INTO Aktor (`nama_lengkap`) VALUES ('Lydia Peckham');
INSERT IGNORE INTO Peran VALUES ('Lydia Peckham', 'Robin Hood', 'Priscilla of Nottingham');
INSERT IGNORE INTO Aktor (`nama_lengkap`) VALUES ('Marcus Fraser');
INSERT IGNORE INTO Peran VALUES ('Marcus Fraser', 'Robin Hood', 'Little John');
INSERT IGNORE INTO Aktor (`nama_lengkap`) VALUES ('Henry Rowley');
INSERT IGNORE INTO Peran VALUES ('Henry Rowley', 'Robin Hood', 'Will');
INSERT IGNORE INTO Aktor (`nama_lengkap`) VALUES ('Erica Ford');
INSERT IGNORE INTO Peran VALUES ('Erica Ford', 'Robin Hood', 'Ralph Miller');
INSERT IGNORE INTO Aktor (`nama_lengkap`) VALUES ('Angus Castle-Doughty');
INSERT IGNORE INTO Peran VALUES ('Angus Castle-Doughty', 'Robin Hood', 'Friar Tuck');
INSERT IGNORE INTO Aktor (`nama_lengkap`) VALUES ('Steven Waddington');
INSERT IGNORE INTO Peran VALUES ('Steven Waddington', 'Robin Hood', 'Earl of Huntingdon');
INSERT IGNORE INTO Aktor (`nama_lengkap`) VALUES ('Connie Nielsen');
INSERT IGNORE INTO Peran VALUES ('Connie Nielsen', 'Robin Hood', 'Eleanor of Aquitaine');
INSERT IGNORE INTO Aktor (`nama_lengkap`) VALUES ('Sean Bean');
INSERT IGNORE INTO Peran VALUES ('Sean Bean', 'Robin Hood', 'Sheriff of Nottingham');
INSERT IGNORE INTO Episode VALUES ('Robin Hood', 1, 1, 'I See Him', 'We meet Robert of Locksley, a young Saxon whose world is shattered by injustice. His struggle to right a personal wrong will forge him into something legendary...not just a man, but a symbol.', 59);
INSERT IGNORE INTO Episode VALUES ('Robin Hood', 1, 2, 'A Heinous Devil', 'After witnessing his father''s brutal execution, a young Saxon forester, Robert of Locksley, begins a dangerous descent into vengeance that will ignite a legend.', 60);
INSERT IGNORE INTO Episode VALUES ('Robin Hood', 1, 3, 'No Man Can Hide Forever', 'The death of Huntingdon''s son deepens the rift between Normans and Saxons. Rob gains a powerful ally in Little John, but the Sheriff''s pursuit grows, driving the outlaws deeper into Sherwood. Marian enters the dazzling yet perilous court in Westminster.', 52);
INSERT IGNORE INTO Audio VALUES ('Robin Hood', 'Inggris');
INSERT IGNORE INTO Audio VALUES ('Robin Hood', 'Spanyol');
INSERT IGNORE INTO Subtitle VALUES ('Robin Hood', 'Spanyol');
INSERT IGNORE INTO Subtitle VALUES ('Robin Hood', 'Inggris');
INSERT IGNORE INTO Subtitle VALUES ('Robin Hood', 'Korea');
INSERT IGNORE INTO Subtitle VALUES ('Robin Hood', 'Jepang');
INSERT IGNORE INTO Konten VALUES ('Binnelanders', 'A South African Afrikaans soap opera. It is set in and around the fictional private hospital, Binneland Kliniek, in Pretoria, and the storyline follows the trials, trauma and tribulations of the staff and patients of the hospital.', 2005, 'NR', 'Serial_TV');
INSERT IGNORE INTO Serial_TV VALUES ('Binnelanders', 21);
INSERT IGNORE INTO Genre VALUES (27, 'Soap');
INSERT IGNORE INTO Genre_Konten VALUES ('Binnelanders', 27);
INSERT IGNORE INTO Aktor (`nama_lengkap`) VALUES ('Hans Strydom');
INSERT IGNORE INTO Peran VALUES ('Hans Strydom', 'Binnelanders', 'Dr. At Koster');
INSERT IGNORE INTO Aktor (`nama_lengkap`) VALUES ('Reynardt Hugo');
INSERT IGNORE INTO Peran VALUES ('Reynardt Hugo', 'Binnelanders', 'Dr. Tertius Jonker');
INSERT IGNORE INTO Aktor (`nama_lengkap`) VALUES ('Hykie Berg');
INSERT IGNORE INTO Peran VALUES ('Hykie Berg', 'Binnelanders', 'Dr. Conrad Bester');
INSERT IGNORE INTO Aktor (`nama_lengkap`) VALUES ('Germandt Geldenhuys');
INSERT IGNORE INTO Peran VALUES ('Germandt Geldenhuys', 'Binnelanders', 'Louis Koster');
INSERT IGNORE INTO Aktor (`nama_lengkap`) VALUES ('Je-ani Swiegelaar');
INSERT IGNORE INTO Peran VALUES ('Je-ani Swiegelaar', 'Binnelanders', 'Naomi Koster');
INSERT IGNORE INTO Aktor (`nama_lengkap`) VALUES ('Kate Roothman');
INSERT IGNORE INTO Peran VALUES ('Kate Roothman', 'Binnelanders', 'Dr. Nicolette Nortjé');
INSERT IGNORE INTO Aktor (`nama_lengkap`) VALUES ('Gerald Steyn');
INSERT IGNORE INTO Peran VALUES ('Gerald Steyn', 'Binnelanders', 'Dr. Uys Wagener');
INSERT IGNORE INTO Aktor (`nama_lengkap`) VALUES ('Marlee van der Merwe');
INSERT IGNORE INTO Peran VALUES ('Marlee van der Merwe', 'Binnelanders', 'Dr. Ella Swart');
INSERT IGNORE INTO Aktor (`nama_lengkap`) VALUES ('Roberto Kyle');
INSERT IGNORE INTO Peran VALUES ('Roberto Kyle', 'Binnelanders', 'Dr. Joe Olivier');
INSERT IGNORE INTO Aktor (`nama_lengkap`) VALUES ('Melinda Viljoen');
INSERT IGNORE INTO Peran VALUES ('Melinda Viljoen', 'Binnelanders', 'Tracy Jonker');
INSERT IGNORE INTO Episode VALUES ('Binnelanders', 1, 1, 'Episode 1', 'First aired episode', 45);
INSERT IGNORE INTO Episode VALUES ('Binnelanders', 1, 2, 'Episode 2', '', 45);
INSERT IGNORE INTO Episode VALUES ('Binnelanders', 1, 3, 'Episode 3', '', 45);
INSERT IGNORE INTO Audio VALUES ('Binnelanders', 'Korea');
INSERT IGNORE INTO Audio VALUES ('Binnelanders', 'Spanyol');
INSERT IGNORE INTO Audio VALUES ('Binnelanders', 'Indonesia');
INSERT IGNORE INTO Subtitle VALUES ('Binnelanders', 'Indonesia');
INSERT IGNORE INTO Konten VALUES ('JUJUTSU KAISEN', 'Yuji Itadori is a boy with tremendous physical strength, though he lives a completely ordinary high school life. One day, to save a classmate who has been attacked by curses, he eats the finger of Ryomen Sukuna, taking the curse into his own soul. From then on, he shares one body with Ryomen Sukuna. Guided by the most powerful of sorcerers, Satoru Gojo, Itadori is admitted to Tokyo Jujutsu High School, an organization that fights the curses... and thus begins the heroic tale of a boy who became a curse to exorcise a curse, a life from which he could never turn back.', 2020, 'R', 'Serial_TV');
INSERT IGNORE INTO Serial_TV VALUES ('JUJUTSU KAISEN', 1);
INSERT IGNORE INTO Genre_Konten VALUES ('JUJUTSU KAISEN', 12);
INSERT IGNORE INTO Genre_Konten VALUES ('JUJUTSU KAISEN', 21);
INSERT IGNORE INTO Genre_Konten VALUES ('JUJUTSU KAISEN', 23);
INSERT IGNORE INTO Episode VALUES ('JUJUTSU KAISEN', 1, 1, 'Ryomen Sukuna', 'After visiting his beloved grandfather in the hospital, Yuji Itadori encounters an apprentice sorcerer who demands that Yuji hand over a cursed relic.', 24);
INSERT IGNORE INTO Episode VALUES ('JUJUTSU KAISEN', 1, 2, 'For Myself', 'Yuji manages to control the curse of Ryomen Sukuna. Later, he awakens in a room with Jujutsu High teacher Satoru Gojo, who offers him a deadly choice.', 24);
INSERT IGNORE INTO Episode VALUES ('JUJUTSU KAISEN', 1, 3, 'Girl of Steel', 'Nobara Kugisaki joins the class on a trip to Roppongi where Gojo gives her and Yuji their first test: dispel a curse from an abandoned building.', 24);
INSERT IGNORE INTO Audio VALUES ('JUJUTSU KAISEN', 'Jepang');
INSERT IGNORE INTO Audio VALUES ('JUJUTSU KAISEN', 'Spanyol');
INSERT IGNORE INTO Audio VALUES ('JUJUTSU KAISEN', 'Indonesia');
INSERT IGNORE INTO Subtitle VALUES ('JUJUTSU KAISEN', 'Spanyol');
INSERT IGNORE INTO Subtitle VALUES ('JUJUTSU KAISEN', 'Jepang');
INSERT IGNORE INTO Subtitle VALUES ('JUJUTSU KAISEN', 'Indonesia');
INSERT IGNORE INTO Subtitle VALUES ('JUJUTSU KAISEN', 'Inggris');
INSERT IGNORE INTO Konten VALUES ('Yellowstone', 'Follow the violent world of the Dutton family, who controls the largest contiguous ranch in the United States. Led by their patriarch John Dutton, the family defends their property against constant attack by land developers, an Indian reservation, and America’s first National Park.', 2018, 'TV-MA', 'Serial_TV');
INSERT IGNORE INTO Serial_TV VALUES ('Yellowstone', 5);
INSERT IGNORE INTO Genre_Konten VALUES ('Yellowstone', 18);
INSERT IGNORE INTO Genre_Konten VALUES ('Yellowstone', 4);
INSERT IGNORE INTO Aktor (`nama_lengkap`) VALUES ('Luke Grimes');
INSERT IGNORE INTO Peran VALUES ('Luke Grimes', 'Yellowstone', 'Kayce Dutton');
INSERT IGNORE INTO Aktor (`nama_lengkap`) VALUES ('Kelly Reilly');
INSERT IGNORE INTO Peran VALUES ('Kelly Reilly', 'Yellowstone', 'Beth Dutton');
INSERT IGNORE INTO Aktor (`nama_lengkap`) VALUES ('Wes Bentley');
INSERT IGNORE INTO Peran VALUES ('Wes Bentley', 'Yellowstone', 'Jamie Dutton');
INSERT IGNORE INTO Aktor (`nama_lengkap`) VALUES ('Cole Hauser');
INSERT IGNORE INTO Peran VALUES ('Cole Hauser', 'Yellowstone', 'Rip Wheeler');
INSERT IGNORE INTO Aktor (`nama_lengkap`) VALUES ('Kelsey Asbille');
INSERT IGNORE INTO Peran VALUES ('Kelsey Asbille', 'Yellowstone', 'Monica Dutton');
INSERT IGNORE INTO Aktor (`nama_lengkap`) VALUES ('Brecken Merrill');
INSERT IGNORE INTO Peran VALUES ('Brecken Merrill', 'Yellowstone', 'Tate Dutton');
INSERT IGNORE INTO Aktor (`nama_lengkap`) VALUES ('Ryan Bingham');
INSERT IGNORE INTO Peran VALUES ('Ryan Bingham', 'Yellowstone', 'Walker');
INSERT IGNORE INTO Aktor (`nama_lengkap`) VALUES ('Finn Little');
INSERT IGNORE INTO Peran VALUES ('Finn Little', 'Yellowstone', 'Carter');
INSERT IGNORE INTO Aktor (`nama_lengkap`) VALUES ('Ian Bohen');
INSERT IGNORE INTO Peran VALUES ('Ian Bohen', 'Yellowstone', 'Ryan');
INSERT IGNORE INTO Aktor (`nama_lengkap`) VALUES ('Forrie J. Smith');
INSERT IGNORE INTO Peran VALUES ('Forrie J. Smith', 'Yellowstone', 'Lloyd');
INSERT IGNORE INTO Episode VALUES ('Yellowstone', 1, 1, 'Daybreak', 'The Dutton family, owners of the largest ranch in Montana, fight ruthlessly to keep their land from the neighboring Indian reservation and the new chief seeking to reclaim it.', 93);
INSERT IGNORE INTO Episode VALUES ('Yellowstone', 1, 2, 'Kill the Messenger', 'As the dust settles from the shootout, the Duttons deal with the potential repercussions. John calls in a favor and collects on some old debts. Jamie meets with the governor to do damage control.', 55);
INSERT IGNORE INTO Episode VALUES ('Yellowstone', 1, 3, 'No Good Horses', 'The Duttons deal with a painful family anniversary. Kayce saves a young girl from danger. Jamie and Beth plan their respective political careers. Rainwater makes an ominous threat to the Dutton legacy.', 50);
INSERT IGNORE INTO Audio VALUES ('Yellowstone', 'Indonesia');
INSERT IGNORE INTO Audio VALUES ('Yellowstone', 'Korea');
INSERT IGNORE INTO Audio VALUES ('Yellowstone', 'Inggris');
INSERT IGNORE INTO Subtitle VALUES ('Yellowstone', 'Spanyol');
INSERT IGNORE INTO Subtitle VALUES ('Yellowstone', 'Korea');
INSERT IGNORE INTO Subtitle VALUES ('Yellowstone', 'Jepang');
INSERT IGNORE INTO Konten VALUES ('Chicago Fire', 'An edge-of-your-seat view into the lives of everyday heroes committed to one of America''s noblest professions. For the firefighters, rescue squad and paramedics of Chicago Firehouse 51, no occupation is more stressful or dangerous, yet so rewarding and exhilarating. These courageous men and women are among the elite who forge headfirst into danger when everyone else is running the other way and whose actions make the difference between life and death.', 2012, 'TV-14', 'Serial_TV');
INSERT IGNORE INTO Serial_TV VALUES ('Chicago Fire', 14);
INSERT IGNORE INTO Genre_Konten VALUES ('Chicago Fire', 4);
INSERT IGNORE INTO Aktor (`nama_lengkap`) VALUES ('Taylor Kinney');
INSERT IGNORE INTO Peran VALUES ('Taylor Kinney', 'Chicago Fire', 'Kelly Severide');
INSERT IGNORE INTO Aktor (`nama_lengkap`) VALUES ('David Eigenberg');
INSERT IGNORE INTO Peran VALUES ('David Eigenberg', 'Chicago Fire', 'Christopher Herrmann');
INSERT IGNORE INTO Aktor (`nama_lengkap`) VALUES ('Joe Miñoso');
INSERT IGNORE INTO Peran VALUES ('Joe Miñoso', 'Chicago Fire', 'Joe Cruz');
INSERT IGNORE INTO Aktor (`nama_lengkap`) VALUES ('Christian Stolte');
INSERT IGNORE INTO Peran VALUES ('Christian Stolte', 'Chicago Fire', 'Randy ''Mouch'' McHolland');
INSERT IGNORE INTO Aktor (`nama_lengkap`) VALUES ('Miranda Rae Mayo');
INSERT IGNORE INTO Peran VALUES ('Miranda Rae Mayo', 'Chicago Fire', 'Stella Kidd');
INSERT IGNORE INTO Aktor (`nama_lengkap`) VALUES ('Hanako Greensmith');
INSERT IGNORE INTO Peran VALUES ('Hanako Greensmith', 'Chicago Fire', 'Violet Mikami');
INSERT IGNORE INTO Aktor (`nama_lengkap`) VALUES ('Jocelyn Hudon');
INSERT IGNORE INTO Peran VALUES ('Jocelyn Hudon', 'Chicago Fire', 'Paramedic Lyla ''Lizzie'' Novak');
INSERT IGNORE INTO Aktor (`nama_lengkap`) VALUES ('Brandon Larracuente');
INSERT IGNORE INTO Peran VALUES ('Brandon Larracuente', 'Chicago Fire', 'Sal Vasquez');
INSERT IGNORE INTO Aktor (`nama_lengkap`) VALUES ('Dermot Mulroney');
INSERT IGNORE INTO Peran VALUES ('Dermot Mulroney', 'Chicago Fire', 'Battalion Chief Dom Pascal');
INSERT IGNORE INTO Episode VALUES ('Chicago Fire', 1, 1, 'Pilot', 'When a fire claims one of their own, there''s plenty of guilt and blame to go around. Lt. Matthew Casey, in charge of the Truck, tries to carry on, but butts heads with the brash Lt. Kelly Severide of the Rescue Squad - and each blames the other for their fallen team member. The firehouse also includes: Battalion Chief Wallace Boden, a fireman''s fireman who is confronted by important personal decisions; paramedics Gabriela Dawson and Leslie Shay, who share a close bond and team together to face some of the most harrowing situations imaginable; Peter Mills, an academy graduate who is the latest generation in a family of firefighters; and Christopher Herrmann, a seasoned veteran who loses his home to foreclosure and now must uproot his family to move in with his in-laws.', 43);
INSERT IGNORE INTO Episode VALUES ('Chicago Fire', 1, 2, 'Mon Amour', 'Severide is hiding a serious shoulder injury sustained in the fire that killed Andy Darden, and grapples with his guilt as he fights to rescue a construction worker trapped in a building collapse. Adding to the burden, Darden''s wife Heather turns on Severide at the annual firefighters'' barbecue, blaming him for her husband''s death. A call is made to an accident site at Hancock Tower, where two teenagers are pinned in a vehicle trapped beneath the falling debris of a broken window washer''s cart. Meanwhile, Casey and Hallie work to figure out their future together.', 42);
INSERT IGNORE INTO Episode VALUES ('Chicago Fire', 1, 3, 'Professional Courtesy', 'Casey faces pressure to cover for a cop''s son, who was responsible for a drunken-driving accident that left a teenager paralyzed. Meanwhile, Severide ignores his doctor''s warnings that his neck injury may never heal if he doesn''t seek treatment; and Mills must choose between working at the fire department full-time or helping his mom with her restaurant.', 43);
INSERT IGNORE INTO Audio VALUES ('Chicago Fire', 'Inggris');
INSERT IGNORE INTO Audio VALUES ('Chicago Fire', 'Indonesia');
INSERT IGNORE INTO Audio VALUES ('Chicago Fire', 'Korea');
INSERT IGNORE INTO Subtitle VALUES ('Chicago Fire', 'Korea');
INSERT IGNORE INTO Subtitle VALUES ('Chicago Fire', 'Jepang');
INSERT IGNORE INTO Subtitle VALUES ('Chicago Fire', 'Indonesia');
INSERT IGNORE INTO Subtitle VALUES ('Chicago Fire', 'Spanyol');
INSERT IGNORE INTO Konten VALUES ('American Dad!', 'The series focuses on an eccentric motley crew that is the Smith family and their three housemates: Father, husband, and breadwinner Stan Smith; his better half housewife, Francine Smith; their college-aged daughter, Hayley Smith; and their high-school-aged son, Steve Smith. Outside of the Smith family, there are three additional main characters, including Hayley''s boyfriend turned husband, Jeff Fischer; the family''s man-in-a-goldfish-body pet, Klaus; and most notably the family''s zany alien, Roger, who is "full of masquerades, brazenness, and shocking antics."', 2005, 'TV-14', 'Serial_TV');
INSERT IGNORE INTO Serial_TV VALUES ('American Dad!', 22);
INSERT IGNORE INTO Genre_Konten VALUES ('American Dad!', 12);
INSERT IGNORE INTO Genre_Konten VALUES ('American Dad!', 8);
INSERT IGNORE INTO Aktor (`nama_lengkap`) VALUES ('Seth MacFarlane');
INSERT IGNORE INTO Peran VALUES ('Seth MacFarlane', 'American Dad!', 'Stan Smith / Roger (voice)');
INSERT IGNORE INTO Aktor (`nama_lengkap`) VALUES ('Wendy Schaal');
INSERT IGNORE INTO Peran VALUES ('Wendy Schaal', 'American Dad!', 'Francine Smith (voice)');
INSERT IGNORE INTO Aktor (`nama_lengkap`) VALUES ('Rachael MacFarlane');
INSERT IGNORE INTO Peran VALUES ('Rachael MacFarlane', 'American Dad!', 'Hayley Smith (voice)');
INSERT IGNORE INTO Aktor (`nama_lengkap`) VALUES ('Scott Grimes');
INSERT IGNORE INTO Peran VALUES ('Scott Grimes', 'American Dad!', 'Steve Smith (voice)');
INSERT IGNORE INTO Aktor (`nama_lengkap`) VALUES ('Dee Bradley Baker');
INSERT IGNORE INTO Peran VALUES ('Dee Bradley Baker', 'American Dad!', 'Klaus (voice)');
INSERT IGNORE INTO Aktor (`nama_lengkap`) VALUES ('Jeff Fischer');
INSERT IGNORE INTO Peran VALUES ('Jeff Fischer', 'American Dad!', 'Jeff Fischer (voice)');
INSERT IGNORE INTO Episode VALUES ('American Dad!', 1, 1, 'Pilot', 'Stan Smith uses his CIA skills to help 13-year-old son Steve win class president and the heart of the hottest girl in class, Lisa Silver. But when being class president makes Steve mad with power, Stan must jump in to save the day. Meanwhile, Roger, the alien Stan saved from Area 51, helps 18-year-old Hayley with her school paper. In return, she hooks him up with boatloads of junk food to curb his sweet tooth. Unfortunately, some Chocodiles send him over the edge and a sugar crash prohibits him from finishing one of her papers, forcing Hayley to pick up the pieces. And Klaus, the goldfish with the brain of a German guy, pines after mother Francine. Unfortunately for Klaus, the closest he''ll ever get to a date with her is the spin cycle with her sports bra.', 22);
INSERT IGNORE INTO Episode VALUES ('American Dad!', 1, 2, 'Threat Levels', 'Stan Smith is mad because after getting his wife a job (or "hobby") as a Real Estate agent, she makes more money than him. In the meantime, his daughter Hayley ran a program that helped the homeless, and Stan''s son Steve had an idea to have a Bum Fight program. To get back and to try to gain more money than his wife, Stan takes Steve''s idea and starts a Bum Fight Night where he takes bets and treats the homeless like wrestlers. But with the homeless petition, Stan has to end up fighting like a homeless man himself.', 22);
INSERT IGNORE INTO Episode VALUES ('American Dad!', 1, 3, 'Stan Knows Best', 'Hayley comes home from a Green Party rally with her hair dyed green, instigating a fight with Stan. While she''s sleeping, Stan cuts her hair (for her own good, of course). After learning of what Stan did, a wigged Hayley defies her father yet again by moving into the van of her new boyfriend. When Stan cuts her off financially, she gets a job as a waitress in a strip club, which pushes Stan right off the edge. Meanwhile, Steve tries to pass Roger off as his disfigured sister in order to cop a feel with a female classmate.', 22);
INSERT IGNORE INTO Audio VALUES ('American Dad!', 'Jepang');
INSERT IGNORE INTO Audio VALUES ('American Dad!', 'Spanyol');
INSERT IGNORE INTO Audio VALUES ('American Dad!', 'Inggris');
INSERT IGNORE INTO Subtitle VALUES ('American Dad!', 'Indonesia');
INSERT IGNORE INTO Subtitle VALUES ('American Dad!', 'Spanyol');
INSERT IGNORE INTO Subtitle VALUES ('American Dad!', 'Korea');
INSERT IGNORE INTO Konten VALUES ('Lucifer', 'Bored and unhappy as the Lord of Hell, Lucifer Morningstar abandoned his throne and retired to Los Angeles, where he has teamed up with LAPD detective Chloe Decker to take down criminals. But the longer he''s away from the underworld, the greater the threat that the worst of humanity could escape.', 2016, 'TV-14', 'Serial_TV');
INSERT IGNORE INTO Serial_TV VALUES ('Lucifer', 6);
INSERT IGNORE INTO Genre_Konten VALUES ('Lucifer', 2);
INSERT IGNORE INTO Genre_Konten VALUES ('Lucifer', 23);
INSERT IGNORE INTO Aktor (`nama_lengkap`) VALUES ('Tom Ellis');
INSERT IGNORE INTO Peran VALUES ('Tom Ellis', 'Lucifer', 'Lucifer Morningstar');
INSERT IGNORE INTO Aktor (`nama_lengkap`) VALUES ('Lauren German');
INSERT IGNORE INTO Peran VALUES ('Lauren German', 'Lucifer', 'Chloe Decker');
INSERT IGNORE INTO Aktor (`nama_lengkap`) VALUES ('Kevin Alejandro');
INSERT IGNORE INTO Peran VALUES ('Kevin Alejandro', 'Lucifer', 'Dan Espinoza');
INSERT IGNORE INTO Aktor (`nama_lengkap`) VALUES ('D.B. Woodside');
INSERT IGNORE INTO Peran VALUES ('D.B. Woodside', 'Lucifer', 'Amenadiel');
INSERT IGNORE INTO Aktor (`nama_lengkap`) VALUES ('Lesley-Ann Brandt');
INSERT IGNORE INTO Peran VALUES ('Lesley-Ann Brandt', 'Lucifer', 'Mazikeen "Maze"');
INSERT IGNORE INTO Aktor (`nama_lengkap`) VALUES ('Aimee Garcia');
INSERT IGNORE INTO Peran VALUES ('Aimee Garcia', 'Lucifer', 'Ella Lopez');
INSERT IGNORE INTO Aktor (`nama_lengkap`) VALUES ('Rachael Harris');
INSERT IGNORE INTO Peran VALUES ('Rachael Harris', 'Lucifer', 'Linda Martin');
INSERT IGNORE INTO Aktor (`nama_lengkap`) VALUES ('Brianna Hildebrand');
INSERT IGNORE INTO Peran VALUES ('Brianna Hildebrand', 'Lucifer', 'Aurora Morningstar');
INSERT IGNORE INTO Episode VALUES ('Lucifer', 1, 1, 'Pilot', 'Upon leaving hell, Lucifer Morningstar retreats to Los Angeles for a more exciting life. When the murder of a friend connects him with LAPD detective Chloe Decker, Lucifer becomes intrigued with the idea of punishing criminals, sending the devil himself into a struggle between good and evil.', 43);
INSERT IGNORE INTO Episode VALUES ('Lucifer', 1, 2, 'Lucifer, Stay. Good Devil.', 'When a movie star''s son is killed after being chased by the paparazzi, Chloe takes a deep look into the case with a little help from Lucifer. Meanwhile, Maze and Amenadiel continue to encourage Lucifer to go back to hell.', 42);
INSERT IGNORE INTO Episode VALUES ('Lucifer', 1, 3, 'The Would-Be Prince of Darkness', 'When a 22-year-old future superstar quarterback wakes up to find a dead girl floating in his swimming pool, he turns to his friend, Lucifer, for help. Lucifer enlists Chloe to investigate the case, which leads to the world of big money sports and people who will literally kill to be number one.', 41);
INSERT IGNORE INTO Audio VALUES ('Lucifer', 'Jepang');
INSERT IGNORE INTO Audio VALUES ('Lucifer', 'Inggris');
INSERT IGNORE INTO Audio VALUES ('Lucifer', 'Korea');
INSERT IGNORE INTO Subtitle VALUES ('Lucifer', 'Jepang');
INSERT IGNORE INTO Subtitle VALUES ('Lucifer', 'Spanyol');
INSERT IGNORE INTO Subtitle VALUES ('Lucifer', 'Indonesia');
INSERT IGNORE INTO Subtitle VALUES ('Lucifer', 'Korea');
INSERT IGNORE INTO Konten VALUES ('Mrs Playmen', 'Betrayed by her husband, a woman must step up and run an erotic magazine that becomes a symbol of empowerment in ''70s Rome. Inspired by true events.', 2025, 'D', 'Serial_TV');
INSERT IGNORE INTO Serial_TV VALUES ('Mrs Playmen', 1);
INSERT IGNORE INTO Genre_Konten VALUES ('Mrs Playmen', 4);
INSERT IGNORE INTO Aktor (`nama_lengkap`) VALUES ('Carolina Crescentini');
INSERT IGNORE INTO Peran VALUES ('Carolina Crescentini', 'Mrs Playmen', 'Adelina Tattilo');
INSERT IGNORE INTO Aktor (`nama_lengkap`) VALUES ('Filippo Nigro');
INSERT IGNORE INTO Peran VALUES ('Filippo Nigro', 'Mrs Playmen', 'Chartroux');
INSERT IGNORE INTO Aktor (`nama_lengkap`) VALUES ('Giuseppe Maggio');
INSERT IGNORE INTO Peran VALUES ('Giuseppe Maggio', 'Mrs Playmen', 'Luigi Poggi');
INSERT IGNORE INTO Aktor (`nama_lengkap`) VALUES ('Francesca Colucci');
INSERT IGNORE INTO Peran VALUES ('Francesca Colucci', 'Mrs Playmen', 'Elsa');
INSERT IGNORE INTO Aktor (`nama_lengkap`) VALUES ('Domenico Diele');
INSERT IGNORE INTO Peran VALUES ('Domenico Diele', 'Mrs Playmen', 'Andrea De Cesari');
INSERT IGNORE INTO Aktor (`nama_lengkap`) VALUES ('Francesco Colella');
INSERT IGNORE INTO Peran VALUES ('Francesco Colella', 'Mrs Playmen', 'Saro Balsamo');
INSERT IGNORE INTO Aktor (`nama_lengkap`) VALUES ('Lidia Vitale');
INSERT IGNORE INTO Peran VALUES ('Lidia Vitale', 'Mrs Playmen', 'Lella');
INSERT IGNORE INTO Aktor (`nama_lengkap`) VALUES ('Giampiero Judica');
INSERT IGNORE INTO Peran VALUES ('Giampiero Judica', 'Mrs Playmen', 'Don Rocco');
INSERT IGNORE INTO Episode VALUES ('Mrs Playmen', 1, 1, 'Episode 1', 'Adelina Tattilo is betrayed by her husband, leaving her in charge of his erotic magazine — and responsible for its sudden entanglement with the law.', 50);
INSERT IGNORE INTO Episode VALUES ('Mrs Playmen', 1, 2, 'Episode 2', 'Thrust into her new role, Adelina faces money troubles at home and at work, and must decide whether to exploit a tragedy to keep the magazine afloat.', 49);
INSERT IGNORE INTO Episode VALUES ('Mrs Playmen', 1, 3, 'Episode 3', 'As the magazine battles stiff competition, Adelina targets a demure TV host to be its new cover star. Chartroux takes a meeting behind the editor''s back.', 51);
INSERT IGNORE INTO Audio VALUES ('Mrs Playmen', 'Indonesia');
INSERT IGNORE INTO Audio VALUES ('Mrs Playmen', 'Inggris');
INSERT IGNORE INTO Audio VALUES ('Mrs Playmen', 'Korea');
INSERT IGNORE INTO Subtitle VALUES ('Mrs Playmen', 'Korea');
INSERT IGNORE INTO Subtitle VALUES ('Mrs Playmen', 'Spanyol');
INSERT IGNORE INTO Subtitle VALUES ('Mrs Playmen', 'Jepang');
INSERT IGNORE INTO Konten VALUES ('Landman', 'Set in the proverbial boomtowns of West-Texas and a modern-day tale of fortune-seeking in the world of oil rigs, the series is an upstairs/downstairs story of roughnecks and wildcat billionaires that are fueling a boom so big it’s reshaping our climate, our economy and our geopolitics.', 2024, 'TV-MA', 'Serial_TV');
INSERT IGNORE INTO Serial_TV VALUES ('Landman', 2);
INSERT IGNORE INTO Genre_Konten VALUES ('Landman', 4);
INSERT IGNORE INTO Aktor (`nama_lengkap`) VALUES ('Billy Bob Thornton');
INSERT IGNORE INTO Peran VALUES ('Billy Bob Thornton', 'Landman', 'Tommy Norris');
INSERT IGNORE INTO Aktor (`nama_lengkap`) VALUES ('Demi Moore');
INSERT IGNORE INTO Peran VALUES ('Demi Moore', 'Landman', 'Cami Miller');
INSERT IGNORE INTO Aktor (`nama_lengkap`) VALUES ('Andy Garcia');
INSERT IGNORE INTO Peran VALUES ('Andy Garcia', 'Landman', 'Gallino');
INSERT IGNORE INTO Aktor (`nama_lengkap`) VALUES ('Ali Larter');
INSERT IGNORE INTO Peran VALUES ('Ali Larter', 'Landman', 'Angela Norris');
INSERT IGNORE INTO Aktor (`nama_lengkap`) VALUES ('Jacob Lofland');
INSERT IGNORE INTO Peran VALUES ('Jacob Lofland', 'Landman', 'Cooper Norris');
INSERT IGNORE INTO Aktor (`nama_lengkap`) VALUES ('Michelle Randolph');
INSERT IGNORE INTO Peran VALUES ('Michelle Randolph', 'Landman', 'Ainsley Norris');
INSERT IGNORE INTO Aktor (`nama_lengkap`) VALUES ('Paulina Chávez');
INSERT IGNORE INTO Peran VALUES ('Paulina Chávez', 'Landman', 'Ariana Medina');
INSERT IGNORE INTO Aktor (`nama_lengkap`) VALUES ('Kayla Wallace');
INSERT IGNORE INTO Peran VALUES ('Kayla Wallace', 'Landman', 'Rebecca Falcone');
INSERT IGNORE INTO Aktor (`nama_lengkap`) VALUES ('Mark Collie');
INSERT IGNORE INTO Peran VALUES ('Mark Collie', 'Landman', 'Sheriff Walt Joeberg');
INSERT IGNORE INTO Aktor (`nama_lengkap`) VALUES ('James Jordan');
INSERT IGNORE INTO Peran VALUES ('James Jordan', 'Landman', 'Dale Bradley');
INSERT IGNORE INTO Episode VALUES ('Landman', 1, 1, 'Landman', 'A modern tale of fortune seeking amongst roughnecks and billionaires in the world of oil set in the boomtowns of Texas.', 57);
INSERT IGNORE INTO Episode VALUES ('Landman', 1, 2, 'Dreamers and Losers', 'Tommy deals with the aftermath of a tragedy at the oil patch. Dynamics are disrupted when Ainsley moves into the oil house', 56);
INSERT IGNORE INTO Episode VALUES ('Landman', 1, 3, 'Hell Has a Front Yard', 'Cooper makes an impression at the oil patch. Things get complicated for Tommy when his ex-wife Angela comes to town.', 55);
INSERT IGNORE INTO Audio VALUES ('Landman', 'Korea');
INSERT IGNORE INTO Audio VALUES ('Landman', 'Spanyol');
INSERT IGNORE INTO Subtitle VALUES ('Landman', 'Indonesia');
INSERT IGNORE INTO Subtitle VALUES ('Landman', 'Korea');
INSERT IGNORE INTO Konten VALUES ('The Walking Dead', 'Sheriff''s deputy Rick Grimes awakens from a coma to find a post-apocalyptic world dominated by flesh-eating zombies. He sets out to find his family and encounters many other survivors along the way.', 2010, 'TV-MA', 'Serial_TV');
INSERT IGNORE INTO Serial_TV VALUES ('The Walking Dead', 11);
INSERT IGNORE INTO Genre_Konten VALUES ('The Walking Dead', 21);
INSERT IGNORE INTO Genre_Konten VALUES ('The Walking Dead', 4);
INSERT IGNORE INTO Genre_Konten VALUES ('The Walking Dead', 23);
INSERT IGNORE INTO Aktor (`nama_lengkap`) VALUES ('Lauren Cohan');
INSERT IGNORE INTO Peran VALUES ('Lauren Cohan', 'The Walking Dead', 'Maggie Greene');
INSERT IGNORE INTO Aktor (`nama_lengkap`) VALUES ('Norman Reedus');
INSERT IGNORE INTO Peran VALUES ('Norman Reedus', 'The Walking Dead', 'Daryl Dixon');
INSERT IGNORE INTO Aktor (`nama_lengkap`) VALUES ('Jeffrey Dean Morgan');
INSERT IGNORE INTO Peran VALUES ('Jeffrey Dean Morgan', 'The Walking Dead', 'Negan Smith');
INSERT IGNORE INTO Aktor (`nama_lengkap`) VALUES ('Melissa McBride');
INSERT IGNORE INTO Peran VALUES ('Melissa McBride', 'The Walking Dead', 'Carol Peletier');
INSERT IGNORE INTO Aktor (`nama_lengkap`) VALUES ('Christian Serratos');
INSERT IGNORE INTO Peran VALUES ('Christian Serratos', 'The Walking Dead', 'Rosita Espinosa');
INSERT IGNORE INTO Aktor (`nama_lengkap`) VALUES ('Seth Gilliam');
INSERT IGNORE INTO Peran VALUES ('Seth Gilliam', 'The Walking Dead', 'Gabriel Stokes');
INSERT IGNORE INTO Aktor (`nama_lengkap`) VALUES ('Ross Marquand');
INSERT IGNORE INTO Peran VALUES ('Ross Marquand', 'The Walking Dead', 'Aaron');
INSERT IGNORE INTO Aktor (`nama_lengkap`) VALUES ('Josh McDermitt');
INSERT IGNORE INTO Peran VALUES ('Josh McDermitt', 'The Walking Dead', 'Eugene Porter');
INSERT IGNORE INTO Aktor (`nama_lengkap`) VALUES ('Khary Payton');
INSERT IGNORE INTO Peran VALUES ('Khary Payton', 'The Walking Dead', 'Ezekiel Sutton');
INSERT IGNORE INTO Aktor (`nama_lengkap`) VALUES ('Cooper Andrews');
INSERT IGNORE INTO Peran VALUES ('Cooper Andrews', 'The Walking Dead', 'Jerry');
INSERT IGNORE INTO Episode VALUES ('The Walking Dead', 1, 1, 'Days Gone Bye', 'Rick searches for his family after emerging from a coma into a world terrorized by the walking dead. Morgan and Duane, whom he meets along the way, help teach Rick the new rules for survival.', 68);
INSERT IGNORE INTO Episode VALUES ('The Walking Dead', 1, 2, 'Guts', 'Rick unknowingly causes a group of survivors to be trapped by walkers. The group dynamic devolves from accusations to violence, as Rick must confront an enemy far more dangerous than the undead.', 44);
INSERT IGNORE INTO Episode VALUES ('The Walking Dead', 1, 3, 'Tell It to the Frogs', 'Rick makes a decision to go back to Atlanta to retrieve the bag of guns and save a man''s life. Lori and Shane must deal with the surprising return of someone they thought was dead.', 45);
INSERT IGNORE INTO Audio VALUES ('The Walking Dead', 'Jepang');
INSERT IGNORE INTO Subtitle VALUES ('The Walking Dead', 'Spanyol');
INSERT IGNORE INTO Subtitle VALUES ('The Walking Dead', 'Indonesia');
INSERT IGNORE INTO Subtitle VALUES ('The Walking Dead', 'Inggris');
INSERT IGNORE INTO Konten VALUES ('24', 'Counterterrorism agent Jack Bauer fights the bad guys of the world, a day at a time. With each week''s episode unfolding in real-time, "24" covers a single day in the life of Bauer each season.', 2001, 'TV-14', 'Serial_TV');
INSERT IGNORE INTO Serial_TV VALUES ('24', 9);
INSERT IGNORE INTO Genre_Konten VALUES ('24', 21);
INSERT IGNORE INTO Genre_Konten VALUES ('24', 4);
INSERT IGNORE INTO Genre_Konten VALUES ('24', 2);
INSERT IGNORE INTO Aktor (`nama_lengkap`) VALUES ('Kiefer Sutherland');
INSERT IGNORE INTO Peran VALUES ('Kiefer Sutherland', '24', 'Jack Bauer');
INSERT IGNORE INTO Aktor (`nama_lengkap`) VALUES ('Mary Lynn Rajskub');
INSERT IGNORE INTO Peran VALUES ('Mary Lynn Rajskub', '24', 'Chloe O''Brian');
INSERT IGNORE INTO Aktor (`nama_lengkap`) VALUES ('Kim Raver');
INSERT IGNORE INTO Peran VALUES ('Kim Raver', '24', 'Audrey Raines');
INSERT IGNORE INTO Aktor (`nama_lengkap`) VALUES ('Yvonne Strahovski');
INSERT IGNORE INTO Peran VALUES ('Yvonne Strahovski', '24', 'Kate Morgan');
INSERT IGNORE INTO Aktor (`nama_lengkap`) VALUES ('Tate Donovan');
INSERT IGNORE INTO Peran VALUES ('Tate Donovan', '24', 'Mark Boudreau');
INSERT IGNORE INTO Aktor (`nama_lengkap`) VALUES ('William Devane');
INSERT IGNORE INTO Peran VALUES ('William Devane', '24', 'James Heller');
INSERT IGNORE INTO Episode VALUES ('24', 1, 1, '12:00 A.M.-1:00 A.M.', 'Moments after discovering his daughter, Kimberly, has snuck out of the house, Jack Bauer is called into work. As head of the CIA''s Los Angeles Counter Terrorist Unit office he''s told that an assassination attempt will be made within the next 24 hours on the life of presidential candidate David Palmer and it''s up to his team of agents to keep Palmer alive. Meanwhile, Jack''s wife, Teri, sets out to find their daughter.', 43);
INSERT IGNORE INTO Episode VALUES ('24', 1, 2, '1:00 A.M.-2:00 A.M.', 'Teri receives a phone call from Alan York who says his daughter, Janet, is a friend of Kimberly''s and is also missing, so the two parents join forces to try and find the girls. Even as Jack is secretly called out of the office and given an encrypted key card containing information on the Palmer hit that could lead him to a dirty agent within his organization, the explosion of a 747 over the Mojave Desert becomes yet another piece in the puzzle.', 41);
INSERT IGNORE INTO Episode VALUES ('24', 1, 3, '2:00 A.M.-3:00 A.M.', 'Kimberly and Janet realize they are in danger after it becomes clear that their two dates have kidnapped them. Despite the threat on his life, Senator Palmer sneaks out of his hotel to meet a reporter who has damaging information that could affect his campaign. Back at the office, Jack has Jamey, a member of his team, decrypt the key card.', 43);
INSERT IGNORE INTO Audio VALUES ('24', 'Spanyol');
INSERT IGNORE INTO Audio VALUES ('24', 'Korea');
INSERT IGNORE INTO Audio VALUES ('24', 'Indonesia');
INSERT IGNORE INTO Subtitle VALUES ('24', 'Korea');
INSERT IGNORE INTO Subtitle VALUES ('24', 'Jepang');
INSERT IGNORE INTO Konten VALUES ('Prison Break', 'Due to a political conspiracy, an innocent man is sent to death row and his only hope is his brother, who makes it his mission to deliberately get himself sent to the same prison in order to break the both of them out, from the inside out.', 2005, 'TV-14', 'Serial_TV');
INSERT IGNORE INTO Serial_TV VALUES ('Prison Break', 5);
INSERT IGNORE INTO Genre_Konten VALUES ('Prison Break', 21);
INSERT IGNORE INTO Genre_Konten VALUES ('Prison Break', 2);
INSERT IGNORE INTO Genre_Konten VALUES ('Prison Break', 4);
INSERT IGNORE INTO Aktor (`nama_lengkap`) VALUES ('Wentworth Miller');
INSERT IGNORE INTO Peran VALUES ('Wentworth Miller', 'Prison Break', 'Michael Scofield');
INSERT IGNORE INTO Aktor (`nama_lengkap`) VALUES ('Dominic Purcell');
INSERT IGNORE INTO Peran VALUES ('Dominic Purcell', 'Prison Break', 'Lincoln Burrows');
INSERT IGNORE INTO Aktor (`nama_lengkap`) VALUES ('Sarah Wayne Callies');
INSERT IGNORE INTO Peran VALUES ('Sarah Wayne Callies', 'Prison Break', 'Sara Tancredi');
INSERT IGNORE INTO Aktor (`nama_lengkap`) VALUES ('Paul Adelstein');
INSERT IGNORE INTO Peran VALUES ('Paul Adelstein', 'Prison Break', 'Paul Kellerman');
INSERT IGNORE INTO Aktor (`nama_lengkap`) VALUES ('Rockmond Dunbar');
INSERT IGNORE INTO Peran VALUES ('Rockmond Dunbar', 'Prison Break', 'Benjamin ''C-Note'' Franklin');
INSERT IGNORE INTO Aktor (`nama_lengkap`) VALUES ('Robert Knepper');
INSERT IGNORE INTO Peran VALUES ('Robert Knepper', 'Prison Break', 'Theodore ''T-Bag'' Bagwell');
INSERT IGNORE INTO Aktor (`nama_lengkap`) VALUES ('Amaury Nolasco');
INSERT IGNORE INTO Peran VALUES ('Amaury Nolasco', 'Prison Break', 'Fernando Sucre');
INSERT IGNORE INTO Aktor (`nama_lengkap`) VALUES ('Inbar Lavi');
INSERT IGNORE INTO Peran VALUES ('Inbar Lavi', 'Prison Break', 'Sheba');
INSERT IGNORE INTO Aktor (`nama_lengkap`) VALUES ('Augustus Prew');
INSERT IGNORE INTO Peran VALUES ('Augustus Prew', 'Prison Break', 'David ''Whip'' Martin');
INSERT IGNORE INTO Aktor (`nama_lengkap`) VALUES ('Mark Feuerstein');
INSERT IGNORE INTO Peran VALUES ('Mark Feuerstein', 'Prison Break', 'Jacob Ness');
INSERT IGNORE INTO Episode VALUES ('Prison Break', 1, 1, 'Pilot', 'Michael Scofield, a structural engineer, attempts to rob a bank in order to get incarcerated at Fox River State Penitentiary, where his brother Lincoln Burrows, accused of murdering the Vice President''s brother, is scheduled to be executed. At Fox River, Michael approaches a number of inmates, all of whom play an important role in his plan to free his brother from the inside. Meanwhile, agents Kellerman and Hale are determined to make sure the execution goes through as planned. Lincoln''s son LJ gets into trouble.', 45);
INSERT IGNORE INTO Episode VALUES ('Prison Break', 1, 2, 'Allen', 'Michael seeks help of his fellow prison inhabitants to execute his escape plans.', 45);
INSERT IGNORE INTO Episode VALUES ('Prison Break', 1, 3, 'Cell Test', 'When Michael reveals his escape plan to Sucre, Sucre chooses to be no part of it, and requests a cell transfer. Michael gets a new cellmate called Haywire.', 45);
INSERT IGNORE INTO Audio VALUES ('Prison Break', 'Korea');
INSERT IGNORE INTO Subtitle VALUES ('Prison Break', 'Korea');
INSERT IGNORE INTO Konten VALUES ('Charmed', 'Three sisters (Prue, Piper and Phoebe) reunite and unlock their powers to become the Charmed Ones, the most powerful good witches of all time, whose prophesied destiny is to protect innocent lives from evil beings such as demons and warlocks. Each sister possesses unique magical powers that grow and evolve, while they attempt to maintain normal lives in modern day San Francisco. ', 1998, 'TV-14', 'Serial_TV');
INSERT IGNORE INTO Serial_TV VALUES ('Charmed', 8);
INSERT IGNORE INTO Genre_Konten VALUES ('Charmed', 8);
INSERT IGNORE INTO Genre_Konten VALUES ('Charmed', 4);
INSERT IGNORE INTO Genre_Konten VALUES ('Charmed', 11);
INSERT IGNORE INTO Genre_Konten VALUES ('Charmed', 23);
INSERT IGNORE INTO Aktor (`nama_lengkap`) VALUES ('Holly Marie Combs');
INSERT IGNORE INTO Peran VALUES ('Holly Marie Combs', 'Charmed', 'Piper Halliwell');
INSERT IGNORE INTO Aktor (`nama_lengkap`) VALUES ('Alyssa Milano');
INSERT IGNORE INTO Peran VALUES ('Alyssa Milano', 'Charmed', 'Phoebe Halliwell');
INSERT IGNORE INTO Aktor (`nama_lengkap`) VALUES ('Rose McGowan');
INSERT IGNORE INTO Peran VALUES ('Rose McGowan', 'Charmed', 'Paige Matthews');
INSERT IGNORE INTO Aktor (`nama_lengkap`) VALUES ('Brian Krause');
INSERT IGNORE INTO Peran VALUES ('Brian Krause', 'Charmed', 'Leo Wyatt');
INSERT IGNORE INTO Aktor (`nama_lengkap`) VALUES ('Kaley Cuoco');
INSERT IGNORE INTO Peran VALUES ('Kaley Cuoco', 'Charmed', 'Billie Jenkins');
INSERT IGNORE INTO Episode VALUES ('Charmed', 1, 1, 'Something Wicca This Way Comes', 'Three sisters reunite after the death of their beloved grandmother, and learn they have inherited much more than the family manor.', 42);
INSERT IGNORE INTO Episode VALUES ('Charmed', 1, 2, 'I''ve Got You Under My Skin', 'Piper has trouble dealing with her powers and fears what might happen if she enters a church. Meanwhile, Phoebe meets a photographer who sucks the life out of young women to keep himself young, and Prue faces relationship complications with Andy when she gets a job at an auction house.', 42);
INSERT IGNORE INTO Episode VALUES ('Charmed', 1, 3, 'Thank You for Not Morphing', 'The sisters'' father returns after a 20 year absence, and the new neighbors aren''t what they seem.', 42);
INSERT IGNORE INTO Audio VALUES ('Charmed', 'Indonesia');
INSERT IGNORE INTO Audio VALUES ('Charmed', 'Inggris');
INSERT IGNORE INTO Subtitle VALUES ('Charmed', 'Korea');
INSERT IGNORE INTO Subtitle VALUES ('Charmed', 'Inggris');
INSERT IGNORE INTO Subtitle VALUES ('Charmed', 'Jepang');
INSERT IGNORE INTO Konten VALUES ('FROM', 'Unravel the mystery of a nightmarish town in middle America that traps all those who enter. As the unwilling residents fight to keep a sense of normalcy and search for a way out, they must also survive the threats of the surrounding forest – including the terrifying creatures that come out when the sun goes down.', 2022, 'TV-MA', 'Serial_TV');
INSERT IGNORE INTO Serial_TV VALUES ('FROM', 4);
INSERT IGNORE INTO Genre_Konten VALUES ('FROM', 11);
INSERT IGNORE INTO Genre_Konten VALUES ('FROM', 4);
INSERT IGNORE INTO Genre_Konten VALUES ('FROM', 23);
INSERT IGNORE INTO Aktor (`nama_lengkap`) VALUES ('Harold Perrineau');
INSERT IGNORE INTO Peran VALUES ('Harold Perrineau', 'FROM', 'Boyd Stevens');
INSERT IGNORE INTO Aktor (`nama_lengkap`) VALUES ('Catalina Sandino Moreno');
INSERT IGNORE INTO Peran VALUES ('Catalina Sandino Moreno', 'FROM', 'Tabitha Matthews');
INSERT IGNORE INTO Aktor (`nama_lengkap`) VALUES ('Eion Bailey');
INSERT IGNORE INTO Peran VALUES ('Eion Bailey', 'FROM', 'Jim Matthews');
INSERT IGNORE INTO Aktor (`nama_lengkap`) VALUES ('David Alpay');
INSERT IGNORE INTO Peran VALUES ('David Alpay', 'FROM', 'Jade');
INSERT IGNORE INTO Aktor (`nama_lengkap`) VALUES ('Elizabeth Saunders');
INSERT IGNORE INTO Peran VALUES ('Elizabeth Saunders', 'FROM', 'Donna');
INSERT IGNORE INTO Aktor (`nama_lengkap`) VALUES ('Scott McCord');
INSERT IGNORE INTO Peran VALUES ('Scott McCord', 'FROM', 'Victor');
INSERT IGNORE INTO Aktor (`nama_lengkap`) VALUES ('Ricky He');
INSERT IGNORE INTO Peran VALUES ('Ricky He', 'FROM', 'Kenny Liu');
INSERT IGNORE INTO Aktor (`nama_lengkap`) VALUES ('Chloe Van Landschoot');
INSERT IGNORE INTO Peran VALUES ('Chloe Van Landschoot', 'FROM', 'Kristi');
INSERT IGNORE INTO Aktor (`nama_lengkap`) VALUES ('Pegah Ghafoori');
INSERT IGNORE INTO Peran VALUES ('Pegah Ghafoori', 'FROM', 'Fatima');
INSERT IGNORE INTO Aktor (`nama_lengkap`) VALUES ('Corteon Moore');
INSERT IGNORE INTO Peran VALUES ('Corteon Moore', 'FROM', 'Ellis Stevens');
INSERT IGNORE INTO Episode VALUES ('FROM', 1, 1, 'Long Day''s Journey Into Night', 'The Matthews’ family road trip takes a horrifying turn when they are detoured to a small pastoral town from which they cannot leave. When their family RV crashes, Sheriff Boyd Stevens and other residents rush to save them before the sun goes down.', 53);
INSERT IGNORE INTO Episode VALUES ('FROM', 1, 2, 'The Way Things Are Now', 'At Colony House, Tabitha and Julie grapple with their new nightmarish reality. Out in the forest, Jim, Boyd and Kristi struggle to treat Ethan’s injuries. Tragedy strikes from an unexpected source as a new threat arises among the residents of the town.', 50);
INSERT IGNORE INTO Episode VALUES ('FROM', 1, 3, 'Choosing Day', 'The Matthews family must choose which of the two settlements they will join. Meanwhile, Jade comes to terms with his situation and Boyd is faced with an impossible decision that strikes at the very heart of life in the town.', 55);
INSERT IGNORE INTO Audio VALUES ('FROM', 'Jepang');
INSERT IGNORE INTO Audio VALUES ('FROM', 'Spanyol');
INSERT IGNORE INTO Audio VALUES ('FROM', 'Indonesia');
INSERT IGNORE INTO Subtitle VALUES ('FROM', 'Spanyol');
INSERT IGNORE INTO Subtitle VALUES ('FROM', 'Inggris');
INSERT IGNORE INTO Subtitle VALUES ('FROM', 'Indonesia');
INSERT IGNORE INTO Subtitle VALUES ('FROM', 'Korea');
INSERT IGNORE INTO Konten VALUES ('The Vampire Diaries', 'The story of two vampire brothers obsessed with the same girl, who bears a striking resemblance to the beautiful but ruthless vampire they knew and loved in 1864.', 2009, 'TV-14', 'Serial_TV');
INSERT IGNORE INTO Serial_TV VALUES ('The Vampire Diaries', 8);
INSERT IGNORE INTO Genre_Konten VALUES ('The Vampire Diaries', 4);
INSERT IGNORE INTO Genre_Konten VALUES ('The Vampire Diaries', 23);
INSERT IGNORE INTO Aktor (`nama_lengkap`) VALUES ('Paul Wesley');
INSERT IGNORE INTO Peran VALUES ('Paul Wesley', 'The Vampire Diaries', 'Stefan Salvatore');
INSERT IGNORE INTO Aktor (`nama_lengkap`) VALUES ('Ian Somerhalder');
INSERT IGNORE INTO Peran VALUES ('Ian Somerhalder', 'The Vampire Diaries', 'Damon Salvatore');
INSERT IGNORE INTO Aktor (`nama_lengkap`) VALUES ('Kat Graham');
INSERT IGNORE INTO Peran VALUES ('Kat Graham', 'The Vampire Diaries', 'Bonnie Bennett');
INSERT IGNORE INTO Aktor (`nama_lengkap`) VALUES ('Candice King');
INSERT IGNORE INTO Peran VALUES ('Candice King', 'The Vampire Diaries', 'Caroline Forbes');
INSERT IGNORE INTO Aktor (`nama_lengkap`) VALUES ('Zach Roerig');
INSERT IGNORE INTO Peran VALUES ('Zach Roerig', 'The Vampire Diaries', 'Matt Donovan');
INSERT IGNORE INTO Aktor (`nama_lengkap`) VALUES ('Michael Malarkey');
INSERT IGNORE INTO Peran VALUES ('Michael Malarkey', 'The Vampire Diaries', 'Enzo St. John');
INSERT IGNORE INTO Aktor (`nama_lengkap`) VALUES ('Matthew Davis');
INSERT IGNORE INTO Peran VALUES ('Matthew Davis', 'The Vampire Diaries', 'Alaric Saltzman');
INSERT IGNORE INTO Episode VALUES ('The Vampire Diaries', 1, 1, 'Pilot', 'Elena Gilbert and her brother Jeremy come to terms with the death of their parents. Elena is popular amongst her peers and the perfect straight A student, but has difficulties hiding her grief from the world. Meanwhile, Jeremy treads on a dangerous path of using drugs to ease his pain. The arrival of new student Stefan Salvatore, however, makes Elena think about romantic possibilities.', 43);
INSERT IGNORE INTO Episode VALUES ('The Vampire Diaries', 1, 2, 'The Night of the Comet', 'As Mystic Falls gets ready for a festival to celebrate the passing of a comet, Vicki continues to recover in the hospital following Damon''s attack. Stefan heads to the hospital to try to use his abilities to make Vicki forget who attacked her, but his efforts are cut short by Matt. Meanwhile, at a parent/teacher conference Mr. Tanner tells Aunt Jenna that Jeremy is in trouble and needs immediate intervention.', 43);
INSERT IGNORE INTO Episode VALUES ('The Vampire Diaries', 1, 3, 'Friday Night Bites', 'As Elena tries to ignore Bonnie''s warnings about Stefan, Tyler tries to embarrass Stefan by throwing a ball at him. However, his effortless catch and football skills impress everyone, leading Mr. Tanner to let him join the football team. Meanwhile, Elena invites Stefan and Bonnie to dinner in order to try to get the two to know each other, but the night ends up backfiring. Finally, the town is shocked by an act of violence. ', 43);
INSERT IGNORE INTO Audio VALUES ('The Vampire Diaries', 'Jepang');
INSERT IGNORE INTO Audio VALUES ('The Vampire Diaries', 'Inggris');
INSERT IGNORE INTO Audio VALUES ('The Vampire Diaries', 'Spanyol');
INSERT IGNORE INTO Subtitle VALUES ('The Vampire Diaries', 'Korea');
INSERT IGNORE INTO Subtitle VALUES ('The Vampire Diaries', 'Indonesia');
INSERT IGNORE INTO Subtitle VALUES ('The Vampire Diaries', 'Inggris');
INSERT IGNORE INTO Konten VALUES ('Squid Game', 'Hundreds of cash-strapped players accept a strange invitation to compete in children''s games. Inside, a tempting prize awaits — with deadly high stakes.', 2021, 'D', 'Serial_TV');
INSERT IGNORE INTO Serial_TV VALUES ('Squid Game', 3);
INSERT IGNORE INTO Genre_Konten VALUES ('Squid Game', 21);
INSERT IGNORE INTO Genre_Konten VALUES ('Squid Game', 11);
INSERT IGNORE INTO Genre_Konten VALUES ('Squid Game', 4);
INSERT IGNORE INTO Aktor (`nama_lengkap`) VALUES ('Lee Jung-jae');
INSERT IGNORE INTO Peran VALUES ('Lee Jung-jae', 'Squid Game', 'Seong Gi-hun / Player 456');
INSERT IGNORE INTO Aktor (`nama_lengkap`) VALUES ('Yim Si-wan');
INSERT IGNORE INTO Peran VALUES ('Yim Si-wan', 'Squid Game', 'Lee Myung-gi / Player 333');
INSERT IGNORE INTO Aktor (`nama_lengkap`) VALUES ('Lee Jin-uk');
INSERT IGNORE INTO Peran VALUES ('Lee Jin-uk', 'Squid Game', 'Park Gyeong-seok / Player 246');
INSERT IGNORE INTO Aktor (`nama_lengkap`) VALUES ('Wi Ha-jun');
INSERT IGNORE INTO Peran VALUES ('Wi Ha-jun', 'Squid Game', 'Detective Hwang Jun-ho');
INSERT IGNORE INTO Aktor (`nama_lengkap`) VALUES ('Jo Yu-ri');
INSERT IGNORE INTO Peran VALUES ('Jo Yu-ri', 'Squid Game', 'Kim Jun-hee / Player 222');
INSERT IGNORE INTO Aktor (`nama_lengkap`) VALUES ('Lee Byung-hun');
INSERT IGNORE INTO Peran VALUES ('Lee Byung-hun', 'Squid Game', 'Front Man / Hwang In-ho');
INSERT IGNORE INTO Aktor (`nama_lengkap`) VALUES ('Lee Sung-woo');
INSERT IGNORE INTO Peran VALUES ('Lee Sung-woo', 'Squid Game', 'Kim Yeong-sam/ Player 226');
INSERT IGNORE INTO Aktor (`nama_lengkap`) VALUES ('Park Gyu-young');
INSERT IGNORE INTO Peran VALUES ('Park Gyu-young', 'Squid Game', 'Kang No-eul / Guard 011');
INSERT IGNORE INTO Aktor (`nama_lengkap`) VALUES ('Kang Ae-sim');
INSERT IGNORE INTO Peran VALUES ('Kang Ae-sim', 'Squid Game', 'Jang Geum-ja / Player 149');
INSERT IGNORE INTO Aktor (`nama_lengkap`) VALUES ('Yang Dong-geun');
INSERT IGNORE INTO Peran VALUES ('Yang Dong-geun', 'Squid Game', 'Park Yong-sik / Player 007');
INSERT IGNORE INTO Episode VALUES ('Squid Game', 1, 1, 'Red Light, Green Light', 'Hoping to win easy money, a broke and desperate Gi-hun agrees to take part in an enigmatic game. Not long into the first round, unforeseen horrors unfold.', 61);
INSERT IGNORE INTO Episode VALUES ('Squid Game', 1, 2, 'Hell', 'Split on whether to continue or quit, the group holds a vote. But their realities in the outside world may prove to be just as unforgiving as the game.', 63);
INSERT IGNORE INTO Episode VALUES ('Squid Game', 1, 3, 'The Man with the Umbrella', 'A few players enter the next round — which promises equal doses of sweet and deadly — with hidden advantages. Meanwhile, Jun-ho sneaks his way inside.', 55);
INSERT IGNORE INTO Audio VALUES ('Squid Game', 'Korea');
INSERT IGNORE INTO Subtitle VALUES ('Squid Game', 'Indonesia');
INSERT IGNORE INTO Konten VALUES ('The Office', 'The everyday lives of office employees in the Scranton, Pennsylvania branch of the fictional Dunder Mifflin Paper Company.', 2005, 'TV-14', 'Serial_TV');
INSERT IGNORE INTO Serial_TV VALUES ('The Office', 9);
INSERT IGNORE INTO Genre_Konten VALUES ('The Office', 8);
INSERT IGNORE INTO Aktor (`nama_lengkap`) VALUES ('Rainn Wilson');
INSERT IGNORE INTO Peran VALUES ('Rainn Wilson', 'The Office', 'Dwight Schrute');
INSERT IGNORE INTO Aktor (`nama_lengkap`) VALUES ('John Krasinski');
INSERT IGNORE INTO Peran VALUES ('John Krasinski', 'The Office', 'Jim Halpert');
INSERT IGNORE INTO Aktor (`nama_lengkap`) VALUES ('Jenna Fischer');
INSERT IGNORE INTO Peran VALUES ('Jenna Fischer', 'The Office', 'Pam Beesly');
INSERT IGNORE INTO Aktor (`nama_lengkap`) VALUES ('Ed Helms');
INSERT IGNORE INTO Peran VALUES ('Ed Helms', 'The Office', 'Andy Bernard');
INSERT IGNORE INTO Episode VALUES ('The Office', 1, 1, 'Pilot', 'A documentary crew arrives at the offices of Dunder Mifflin to observe the employees and learn about modern management. Manager Michael Scott tries to paint a happy picture, while sales rep Jim fights with his nemesis Dwight and flirts with receptionist Pam.', 23);
INSERT IGNORE INTO Episode VALUES ('The Office', 1, 2, 'Diversity Day', 'A consultant arrives to teach the staff about tolerance and diversity but Michael insists on imparting his own knowledge. Meanwhile, Jim struggles to keep hold of a lucrative contract extension.', 22);
INSERT IGNORE INTO Episode VALUES ('The Office', 1, 3, 'Health Care', 'Michael doesn''t want to upset the staff so he gets Dwight to pass on news about the company''s reduced health provisions. Fed up with his nosiness, Jim and Pam pretend they are suffering from a variety of conditions including Ebola, Mad Cow Disease, spontaneous dentohydroplosion, hotdog fingers, nano-robot infection...', 22);
INSERT IGNORE INTO Audio VALUES ('The Office', 'Jepang');
INSERT IGNORE INTO Audio VALUES ('The Office', 'Spanyol');
INSERT IGNORE INTO Subtitle VALUES ('The Office', 'Indonesia');
INSERT IGNORE INTO Konten VALUES ('Late Night with Seth Meyers', 'Seth Meyers, who is "Saturday Night Live’s" longest serving anchor on the show’s wildly popular "Weekend Update," takes over as host of NBC’s "Late Night" — home to A-list celebrity guests, memorable comedy and the best in musical talent. As the Emmy Award-winning head writer for "SNL," Meyers has established a reputation for sharp wit and perfectly timed comedy, and has gained fame for his spot-on jokes and satire. Meyers takes his departure from "SNL" to his new post at "Late Night," as Jimmy Fallon moves to "The Tonight Show".', 2014, 'TV-14', 'Serial_TV');
INSERT IGNORE INTO Serial_TV VALUES ('Late Night with Seth Meyers', 13);
INSERT IGNORE INTO Genre_Konten VALUES ('Late Night with Seth Meyers', 24);
INSERT IGNORE INTO Genre_Konten VALUES ('Late Night with Seth Meyers', 8);
INSERT IGNORE INTO Aktor (`nama_lengkap`) VALUES ('Seth Meyers');
INSERT IGNORE INTO Peran VALUES ('Seth Meyers', 'Late Night with Seth Meyers', 'Self - Host');
INSERT IGNORE INTO Episode VALUES ('Late Night with Seth Meyers', 1, 1, 'Amy Poehler, Vice President Joe Biden, A Great Big World', '"Late Night" kicks off the Seth Meyers era by welcoming guests actress Amy Poehler, Vice President Joe Biden, and a performance by pop duo A Great Big World.', 43);
INSERT IGNORE INTO Episode VALUES ('Late Night with Seth Meyers', 1, 2, 'Kanye West, Russell Wilson', 'Rapper Kanye West; Superbowl Champion Seattle Seahawks quarterback Russell Wilson.', 43);
INSERT IGNORE INTO Episode VALUES ('Late Night with Seth Meyers', 1, 3, 'Kelly Ripa, Robyn Doolittle, Brad Paisley', 'TV host Kelly Ripa; author Robyn Doolittle; country music singer Brad Paisley performs.', 43);
INSERT IGNORE INTO Audio VALUES ('Late Night with Seth Meyers', 'Korea');
INSERT IGNORE INTO Subtitle VALUES ('Late Night with Seth Meyers', 'Jepang');
INSERT IGNORE INTO Subtitle VALUES ('Late Night with Seth Meyers', 'Spanyol');
INSERT IGNORE INTO Subtitle VALUES ('Late Night with Seth Meyers', 'Korea');
INSERT IGNORE INTO Konten VALUES ('Columbo', 'Columbo is a friendly, verbose, disheveled-looking police detective who is consistently underestimated by his suspects. Despite his unprepossessing appearance and apparent absentmindedness, he shrewdly solves all of his cases and secures all evidence needed for indictment. His formidable eye for detail and meticulously dedicated approach often become clear to the killer only late in the storyline.', 1971, 'TV-PG', 'Serial_TV');
INSERT IGNORE INTO Serial_TV VALUES ('Columbo', 10);
INSERT IGNORE INTO Genre_Konten VALUES ('Columbo', 2);
INSERT IGNORE INTO Genre_Konten VALUES ('Columbo', 4);
INSERT IGNORE INTO Aktor (`nama_lengkap`) VALUES ('Peter Falk');
INSERT IGNORE INTO Peran VALUES ('Peter Falk', 'Columbo', 'Columbo');
INSERT IGNORE INTO Episode VALUES ('Columbo', 1, 1, 'Murder by the Book', 'One member of a mystery-writing-team decides to kill his more talented partner when the better writer decides to go solo.', 76);
INSERT IGNORE INTO Episode VALUES ('Columbo', 1, 2, 'Death Lends a Hand', 'A private investigator kills his client''s wife after she threatens to expose his blackmail scheme. The client then hires the detective to assist Columbo in the search for the killer.', 76);
INSERT IGNORE INTO Episode VALUES ('Columbo', 1, 3, 'Dead Weight', 'A famous general kills a business associate, then woos a neurotic female witness to thwart Columbo''s investigation.', 76);
INSERT IGNORE INTO Audio VALUES ('Columbo', 'Spanyol');
INSERT IGNORE INTO Audio VALUES ('Columbo', 'Jepang');
INSERT IGNORE INTO Subtitle VALUES ('Columbo', 'Spanyol');
INSERT IGNORE INTO Konten VALUES ('S.W.A.T.', 'A Los Angeles S.W.A.T. sergeant is assigned to lead a highly skilled unit in the community where he grew up. Torn between loyalty to the streets, where the cops are sometimes the enemy, and allegiance to his brothers in blue, he strategically straddles the two worlds.', 2017, 'TV-14', 'Serial_TV');
INSERT IGNORE INTO Serial_TV VALUES ('S.W.A.T.', 8);
INSERT IGNORE INTO Genre_Konten VALUES ('S.W.A.T.', 2);
INSERT IGNORE INTO Genre_Konten VALUES ('S.W.A.T.', 21);
INSERT IGNORE INTO Genre_Konten VALUES ('S.W.A.T.', 4);
INSERT IGNORE INTO Aktor (`nama_lengkap`) VALUES ('Shemar Moore');
INSERT IGNORE INTO Peran VALUES ('Shemar Moore', 'S.W.A.T.', 'Daniel ''Hondo'' Harrelson');
INSERT IGNORE INTO Aktor (`nama_lengkap`) VALUES ('Jay Harrington');
INSERT IGNORE INTO Peran VALUES ('Jay Harrington', 'S.W.A.T.', 'David ''Deacon'' Kay');
INSERT IGNORE INTO Aktor (`nama_lengkap`) VALUES ('David Lim');
INSERT IGNORE INTO Peran VALUES ('David Lim', 'S.W.A.T.', 'Victor Tan');
INSERT IGNORE INTO Aktor (`nama_lengkap`) VALUES ('Patrick St. Esprit');
INSERT IGNORE INTO Peran VALUES ('Patrick St. Esprit', 'S.W.A.T.', 'Robert ''Bob'' Hicks');
INSERT IGNORE INTO Aktor (`nama_lengkap`) VALUES ('Anna Enger Ritch');
INSERT IGNORE INTO Peran VALUES ('Anna Enger Ritch', 'S.W.A.T.', 'Zoe Powell');
INSERT IGNORE INTO Aktor (`nama_lengkap`) VALUES ('Niko Pepaj');
INSERT IGNORE INTO Peran VALUES ('Niko Pepaj', 'S.W.A.T.', 'Miguel Alfaro');
INSERT IGNORE INTO Aktor (`nama_lengkap`) VALUES ('Annie Ilonzeh');
INSERT IGNORE INTO Peran VALUES ('Annie Ilonzeh', 'S.W.A.T.', 'Devin Gamble');
INSERT IGNORE INTO Episode VALUES ('S.W.A.T.', 1, 1, 'Pilot', 'A locally born SWAT sergeant, former Marine Daniel “Hondo” Harrelson, is newly tasked to run a specialized tactical unit that is the last stop in law enforcement in Los Angeles.', 45);
INSERT IGNORE INTO Episode VALUES ('S.W.A.T.', 1, 2, 'Cuchillo', 'Hondo and the SWAT team spread out across Los Angeles in pursuit of four escaped convicts, including a violent criminal Jessica helped bring to justice, before department rival Mumford and his team beat them to the collars. Also, Hondo’s new role as team leader is called into question when Street displays a flagrant disregard for SWAT protocol.', 44);
INSERT IGNORE INTO Episode VALUES ('S.W.A.T.', 1, 3, 'Pamilya', 'Newcomer Jim Street jeopardizes his spot on Hondo''s team when he agrees to do a favor for his incarcerated mother that endangers his SWAT career. Also, the SWAT team searches for the ruthless mastermind behind a drug trafficking ring that forces immigrants to be mules. [also shown as S1:E4]', 43);
INSERT IGNORE INTO Audio VALUES ('S.W.A.T.', 'Jepang');
INSERT IGNORE INTO Subtitle VALUES ('S.W.A.T.', 'Jepang');
INSERT IGNORE INTO Subtitle VALUES ('S.W.A.T.', 'Spanyol');
INSERT IGNORE INTO Subtitle VALUES ('S.W.A.T.', 'Indonesia');
INSERT IGNORE INTO Konten VALUES ('Rick and Morty', 'Rick is a mentally-unbalanced but scientifically gifted old man who has recently reconnected with his family. He spends most of his time involving his young grandson Morty in dangerous, outlandish adventures throughout space and alternate universes. Compounded with Morty''s already unstable family life, these events cause Morty much distress at home and school.', 2013, 'TV-14', 'Serial_TV');
INSERT IGNORE INTO Serial_TV VALUES ('Rick and Morty', 8);
INSERT IGNORE INTO Genre_Konten VALUES ('Rick and Morty', 12);
INSERT IGNORE INTO Genre_Konten VALUES ('Rick and Morty', 8);
INSERT IGNORE INTO Genre_Konten VALUES ('Rick and Morty', 23);
INSERT IGNORE INTO Genre_Konten VALUES ('Rick and Morty', 21);
INSERT IGNORE INTO Aktor (`nama_lengkap`) VALUES ('Chris Parnell');
INSERT IGNORE INTO Peran VALUES ('Chris Parnell', 'Rick and Morty', 'Jerry Smith (voice)');
INSERT IGNORE INTO Aktor (`nama_lengkap`) VALUES ('Spencer Grammer');
INSERT IGNORE INTO Peran VALUES ('Spencer Grammer', 'Rick and Morty', 'Summer Smith (voice)');
INSERT IGNORE INTO Aktor (`nama_lengkap`) VALUES ('Sarah Chalke');
INSERT IGNORE INTO Peran VALUES ('Sarah Chalke', 'Rick and Morty', 'Beth Smith (voice)');
INSERT IGNORE INTO Aktor (`nama_lengkap`) VALUES ('Ian Cardoni');
INSERT IGNORE INTO Peran VALUES ('Ian Cardoni', 'Rick and Morty', 'Rick Sanchez (voice)');
INSERT IGNORE INTO Aktor (`nama_lengkap`) VALUES ('Harry Belden');
INSERT IGNORE INTO Peran VALUES ('Harry Belden', 'Rick and Morty', 'Morty Smith (voice)');
INSERT IGNORE INTO Episode VALUES ('Rick and Morty', 1, 1, 'Pilot', 'Rick moves in with his daughter''s family and establishes himself as a bad influence on his grandson, Morty.', 22);
INSERT IGNORE INTO Episode VALUES ('Rick and Morty', 1, 2, 'Lawnmower Dog', 'Rick and Morty try to incept Morty''s math teacher into giving Morty an ''A''.  Meanwhile, Rick gives Jerry a device to train their dog, Snuffles.', 22);
INSERT IGNORE INTO Episode VALUES ('Rick and Morty', 1, 3, 'Anatomy Park', 'Christmas day, Rick''s friend, Reuben, comes over for his annual medical checkup.  Meanwhile Jerry learns his parents have a new friend.', 22);
INSERT IGNORE INTO Audio VALUES ('Rick and Morty', 'Indonesia');
INSERT IGNORE INTO Audio VALUES ('Rick and Morty', 'Jepang');
INSERT IGNORE INTO Subtitle VALUES ('Rick and Morty', 'Korea');
INSERT IGNORE INTO Subtitle VALUES ('Rick and Morty', 'Jepang');
INSERT IGNORE INTO Konten VALUES ('Doctor Who', 'The Doctor is a Time Lord: a 900 year old alien with 2 hearts, part of a gifted civilization who mastered time travel. The Doctor saves planets for a living—more of a hobby actually, and the Doctor''s very, very good at it.', 2005, 'TV-PG', 'Serial_TV');
INSERT IGNORE INTO Serial_TV VALUES ('Doctor Who', 13);
INSERT IGNORE INTO Genre_Konten VALUES ('Doctor Who', 21);
INSERT IGNORE INTO Genre_Konten VALUES ('Doctor Who', 4);
INSERT IGNORE INTO Genre_Konten VALUES ('Doctor Who', 23);
INSERT IGNORE INTO Aktor (`nama_lengkap`) VALUES ('Jodie Whittaker');
INSERT IGNORE INTO Peran VALUES ('Jodie Whittaker', 'Doctor Who', 'The Doctor');
INSERT IGNORE INTO Aktor (`nama_lengkap`) VALUES ('Mandip Gill');
INSERT IGNORE INTO Peran VALUES ('Mandip Gill', 'Doctor Who', 'Yasmin ''Yaz'' Khan');
INSERT IGNORE INTO Aktor (`nama_lengkap`) VALUES ('John Bishop');
INSERT IGNORE INTO Peran VALUES ('John Bishop', 'Doctor Who', 'Dan Lewis');
INSERT IGNORE INTO Aktor (`nama_lengkap`) VALUES ('Billie Piper');
INSERT IGNORE INTO Peran VALUES ('Billie Piper', 'Doctor Who', 'Rose Tyler');
INSERT IGNORE INTO Episode VALUES ('Doctor Who', 1, 1, 'Rose', 'Rose Tyler meets a mysterious stranger called the Doctor, and realises Earth is in danger.', 47);
INSERT IGNORE INTO Episode VALUES ('Doctor Who', 1, 2, 'The End of the World', 'The Doctor takes Rose on her first voyage through time: to the year five billion, when the Sun is about to expand and swallow the Earth. She is cautious and soon starts to question her reasons for joining The Doctor. But amongst the powerful alien races gathering to watch on Platform One, a murderer is at work. Who is controlling the mysterious and deadly metal spiders?', 47);
INSERT IGNORE INTO Episode VALUES ('Doctor Who', 1, 3, 'The Unquiet Dead', 'Charles Dickens and the Doctor team up as corpses stalk the streets of Victorian Cardiff.', 47);
INSERT IGNORE INTO Audio VALUES ('Doctor Who', 'Korea');
INSERT IGNORE INTO Audio VALUES ('Doctor Who', 'Indonesia');
INSERT IGNORE INTO Audio VALUES ('Doctor Who', 'Spanyol');
INSERT IGNORE INTO Subtitle VALUES ('Doctor Who', 'Korea');
INSERT IGNORE INTO Konten VALUES ('The Manipulated', 'Mild-mannered Tae-jung is wrongfully imprisoned for a heinous crime. He soon discovers that a mysterious figure named Yo-han orchestrated his downfall. Fueled by vengeance, Tae-jung sets out to make Yo-han pay.', 2025, 'TV-MA', 'Serial_TV');
INSERT IGNORE INTO Serial_TV VALUES ('The Manipulated', 1);
INSERT IGNORE INTO Genre_Konten VALUES ('The Manipulated', 2);
INSERT IGNORE INTO Genre_Konten VALUES ('The Manipulated', 4);
INSERT IGNORE INTO Aktor (`nama_lengkap`) VALUES ('Ji Chang-wook');
INSERT IGNORE INTO Peran VALUES ('Ji Chang-wook', 'The Manipulated', 'Park Tae-jung');
INSERT IGNORE INTO Aktor (`nama_lengkap`) VALUES ('Doh Kyung-soo');
INSERT IGNORE INTO Peran VALUES ('Doh Kyung-soo', 'The Manipulated', 'Ahn Yo-han');
INSERT IGNORE INTO Aktor (`nama_lengkap`) VALUES ('Lee Kwang-soo');
INSERT IGNORE INTO Peran VALUES ('Lee Kwang-soo', 'The Manipulated', 'Baek Do-kyeong');
INSERT IGNORE INTO Aktor (`nama_lengkap`) VALUES ('Jo Yoon-soo');
INSERT IGNORE INTO Peran VALUES ('Jo Yoon-soo', 'The Manipulated', 'Noh Eun-bi');
INSERT IGNORE INTO Aktor (`nama_lengkap`) VALUES ('Kim Jong-soo');
INSERT IGNORE INTO Peran VALUES ('Kim Jong-soo', 'The Manipulated', 'Noh Yong-sik');
INSERT IGNORE INTO Aktor (`nama_lengkap`) VALUES ('Yang Dong-geun');
INSERT IGNORE INTO Peran VALUES ('Yang Dong-geun', 'The Manipulated', 'Yeo Deok-su');
INSERT IGNORE INTO Episode VALUES ('The Manipulated', 1, 1, 'Episode 1', 'Taejoong, a deliveryman dreaming of opening a flower café, is arrested for murder. His loved ones race to prove his innocence but will it be enough?', 53);
INSERT IGNORE INTO Episode VALUES ('The Manipulated', 1, 2, 'Episode 2', 'Taejoong endures brutal life in prison with things going worse but begins to find inspiration again until a new inmate reveals a shocking truth.', 48);
INSERT IGNORE INTO Episode VALUES ('The Manipulated', 1, 3, 'Episode 3', 'Yohan, the CEO of a powerful company, receives a troubling call. Meanwhile, Taejoong embarks on a dangerous mission, meticulously plotting every step.', 49);
INSERT IGNORE INTO Audio VALUES ('The Manipulated', 'Inggris');
INSERT IGNORE INTO Audio VALUES ('The Manipulated', 'Indonesia');
INSERT IGNORE INTO Subtitle VALUES ('The Manipulated', 'Indonesia');
INSERT IGNORE INTO Subtitle VALUES ('The Manipulated', 'Inggris');
INSERT IGNORE INTO Subtitle VALUES ('The Manipulated', 'Spanyol');
INSERT IGNORE INTO Subtitle VALUES ('The Manipulated', 'Jepang');
INSERT IGNORE INTO Konten VALUES ('Two and a Half Men', 'A hedonistic jingle writer''s free-wheeling life comes to an abrupt halt when his brother and 10-year-old nephew move into his beach-front house.', 2003, 'TV-14', 'Serial_TV');
INSERT IGNORE INTO Serial_TV VALUES ('Two and a Half Men', 12);
INSERT IGNORE INTO Genre_Konten VALUES ('Two and a Half Men', 8);
INSERT IGNORE INTO Aktor (`nama_lengkap`) VALUES ('Ashton Kutcher');
INSERT IGNORE INTO Peran VALUES ('Ashton Kutcher', 'Two and a Half Men', 'Walden Schmidt');
INSERT IGNORE INTO Aktor (`nama_lengkap`) VALUES ('Jon Cryer');
INSERT IGNORE INTO Peran VALUES ('Jon Cryer', 'Two and a Half Men', 'Alan Harper');
INSERT IGNORE INTO Aktor (`nama_lengkap`) VALUES ('Conchata Ferrell');
INSERT IGNORE INTO Peran VALUES ('Conchata Ferrell', 'Two and a Half Men', 'Berta');
INSERT IGNORE INTO Episode VALUES ('Two and a Half Men', 1, 1, 'Most Chicks Won''t Eat Veal', 'Carefree jingle writer Charlie Harper has his lifestyle altered when his uptight brother and his 10-year-old nephew move in with him.', 23);
INSERT IGNORE INTO Episode VALUES ('Two and a Half Men', 1, 2, 'Big Flappy Bastards', 'Despite warnings from Charlie, Jake continues to feed seagulls on the deck and the birds invade the house. Meanwhile, Charlie thinks Judith is taking advantage of Alan, who keeps going to her house to fix things.', 21);
INSERT IGNORE INTO Episode VALUES ('Two and a Half Men', 1, 3, 'Go East on Sunset Until You Reach the Gates of Hell', 'Jake wants to go home to his mom after he gets sick, prompting Alan to think he''s a failure as a husband and now as a father.', 21);
INSERT IGNORE INTO Audio VALUES ('Two and a Half Men', 'Korea');
INSERT IGNORE INTO Audio VALUES ('Two and a Half Men', 'Jepang');
INSERT IGNORE INTO Subtitle VALUES ('Two and a Half Men', 'Inggris');
INSERT IGNORE INTO Subtitle VALUES ('Two and a Half Men', 'Korea');
INSERT IGNORE INTO Subtitle VALUES ('Two and a Half Men', 'Indonesia');
INSERT IGNORE INTO Subtitle VALUES ('Two and a Half Men', 'Jepang');
INSERT IGNORE INTO Konten VALUES ('Castle', 'After a serial killer imitates the plots of his novels, successful mystery novelist Richard "Rick" Castle receives permission from the Mayor of New York City to tag along with an NYPD homicide investigation team for research purposes.', 2009, 'TV-14', 'Serial_TV');
INSERT IGNORE INTO Serial_TV VALUES ('Castle', 8);
INSERT IGNORE INTO Genre_Konten VALUES ('Castle', 4);
INSERT IGNORE INTO Genre_Konten VALUES ('Castle', 2);
INSERT IGNORE INTO Aktor (`nama_lengkap`) VALUES ('Nathan Fillion');
INSERT IGNORE INTO Peran VALUES ('Nathan Fillion', 'Castle', 'Richard Castle');
INSERT IGNORE INTO Aktor (`nama_lengkap`) VALUES ('Stana Katic');
INSERT IGNORE INTO Peran VALUES ('Stana Katic', 'Castle', 'Kate Beckett');
INSERT IGNORE INTO Aktor (`nama_lengkap`) VALUES ('Molly C. Quinn');
INSERT IGNORE INTO Peran VALUES ('Molly C. Quinn', 'Castle', 'Alexis Castle');
INSERT IGNORE INTO Aktor (`nama_lengkap`) VALUES ('Jon Huertas');
INSERT IGNORE INTO Peran VALUES ('Jon Huertas', 'Castle', 'Javier Esposito');
INSERT IGNORE INTO Aktor (`nama_lengkap`) VALUES ('Seamus Dever');
INSERT IGNORE INTO Peran VALUES ('Seamus Dever', 'Castle', 'Kevin Ryan');
INSERT IGNORE INTO Aktor (`nama_lengkap`) VALUES ('Susan Sullivan');
INSERT IGNORE INTO Peran VALUES ('Susan Sullivan', 'Castle', 'Martha Rodgers');
INSERT IGNORE INTO Aktor (`nama_lengkap`) VALUES ('Tamala Jones');
INSERT IGNORE INTO Peran VALUES ('Tamala Jones', 'Castle', 'Lanie Parish');
INSERT IGNORE INTO Aktor (`nama_lengkap`) VALUES ('Toks Olagundoye');
INSERT IGNORE INTO Peran VALUES ('Toks Olagundoye', 'Castle', 'Hayley Shipton');
INSERT IGNORE INTO Episode VALUES ('Castle', 1, 1, 'Flowers for Your Grave', 'Author Richard Castle joins NYC Detective Kate Beckett to help solve the case of a serial killer who is reenacting murders from Castle''s novels; Castle becomes very intrigued with the murders and continues to shadow Beckett, much to her chagrin.', 44);
INSERT IGNORE INTO Episode VALUES ('Castle', 1, 2, 'Nanny McDead', 'When a body of a young woman is found inside the dryer at a laundry room, Castle and Beckett uncover that the young woman worked as a nanny in the upscale building. Meanwhile, as Castle works on his "Nikki Heat" novel series he watches Beckett''s actions as she works the murder case.', 42);
INSERT IGNORE INTO Episode VALUES ('Castle', 1, 3, 'Hedge Fund Homeboys', 'When a teenaged boy whose family has recently fallen on hard times is found dead in a boat in Central Park, Castle and Beckett must piece together the mystery behind the boy''s final moments. Meanwhile, Castle mulls over leaving Martha home while he chaperones Alexis'' trip to Washington, D.C.', 42);
INSERT IGNORE INTO Audio VALUES ('Castle', 'Inggris');
INSERT IGNORE INTO Audio VALUES ('Castle', 'Jepang');
INSERT IGNORE INTO Audio VALUES ('Castle', 'Korea');
INSERT IGNORE INTO Subtitle VALUES ('Castle', 'Spanyol');
INSERT IGNORE INTO Subtitle VALUES ('Castle', 'Korea');
INSERT IGNORE INTO Konten VALUES ('Chicago P.D.', 'A riveting police drama about the men and women of the Chicago Police Department''s District 21 who put it all on the line to serve and protect their community. District 21 is made up of two distinctly different groups: the uniformed cops who patrol the beat and go head-to-head with the city''s street crimes and the Intelligence Unit that combats the city''s major offenses - organized crime, drug trafficking, high profile murders and beyond.', 2014, 'TV-14', 'Serial_TV');
INSERT IGNORE INTO Serial_TV VALUES ('Chicago P.D.', 13);
INSERT IGNORE INTO Genre_Konten VALUES ('Chicago P.D.', 2);
INSERT IGNORE INTO Genre_Konten VALUES ('Chicago P.D.', 4);
INSERT IGNORE INTO Aktor (`nama_lengkap`) VALUES ('Jason Beghe');
INSERT IGNORE INTO Peran VALUES ('Jason Beghe', 'Chicago P.D.', 'Hank Voight');
INSERT IGNORE INTO Aktor (`nama_lengkap`) VALUES ('Marina Squerciati');
INSERT IGNORE INTO Peran VALUES ('Marina Squerciati', 'Chicago P.D.', 'Kim Burgess');
INSERT IGNORE INTO Aktor (`nama_lengkap`) VALUES ('Patrick John Flueger');
INSERT IGNORE INTO Peran VALUES ('Patrick John Flueger', 'Chicago P.D.', 'Adam Ruzek');
INSERT IGNORE INTO Aktor (`nama_lengkap`) VALUES ('LaRoyce Hawkins');
INSERT IGNORE INTO Peran VALUES ('LaRoyce Hawkins', 'Chicago P.D.', 'Kevin Atwater');
INSERT IGNORE INTO Aktor (`nama_lengkap`) VALUES ('Benjamin Levy Aguilar');
INSERT IGNORE INTO Peran VALUES ('Benjamin Levy Aguilar', 'Chicago P.D.', 'Officer Dante Torres');
INSERT IGNORE INTO Aktor (`nama_lengkap`) VALUES ('Arienne Mandi');
INSERT IGNORE INTO Peran VALUES ('Arienne Mandi', 'Chicago P.D.', 'Eva Imani');
INSERT IGNORE INTO Aktor (`nama_lengkap`) VALUES ('Amy Morton');
INSERT IGNORE INTO Peran VALUES ('Amy Morton', 'Chicago P.D.', 'Trudy Platt');
INSERT IGNORE INTO Episode VALUES ('Chicago P.D.', 1, 1, 'Stepping Stone', 'After a slew of brutal slayings, District 21, led by Sergeant Hank Voight go after a Columbian drug cartel cleaning house in Chicago. They discover D’Anthony who proves to be an asset in the investigation. At District, complicated histories and unit rivalries surface which could end up costing them one of their own. Meanwhile, Rookie Kyle Ruzek is pulled from the police academy by Olinski to join the team.', 43);
INSERT IGNORE INTO Episode VALUES ('Chicago P.D.', 1, 2, 'Wrong Side of the Bars', 'Antonio’s son was kidnapped and he has a feeling the Columbian drug gang is to blame. Pulpo, the Columbian gang leader, is being held in jail and suggests his release may trigger the release of Diego. During the investigation, Halstead learns some new information about Lindsay. Voight offers Antonio a new approach to get information on Diego’s whereabouts.', 45);
INSERT IGNORE INTO Episode VALUES ('Chicago P.D.', 1, 3, 'Chin Check', 'Voight and team head to a house that’s been associated with a number of top gangs. Events at the search result in Ruzek, being encouraged to seek some counseling which may have lasting repercussions professionally and personally. Meanwhile Halstead’s temper rises when he comes in contact with some unwelcomed people from his past.', 45);
INSERT IGNORE INTO Audio VALUES ('Chicago P.D.', 'Korea');
INSERT IGNORE INTO Audio VALUES ('Chicago P.D.', 'Inggris');
INSERT IGNORE INTO Subtitle VALUES ('Chicago P.D.', 'Spanyol');
INSERT IGNORE INTO Subtitle VALUES ('Chicago P.D.', 'Inggris');
INSERT IGNORE INTO Konten VALUES ('Dinastía Casillas', '', 2025, 'NR', 'Serial_TV');
INSERT IGNORE INTO Serial_TV VALUES ('Dinastía Casillas', 1);
INSERT IGNORE INTO Genre_Konten VALUES ('Dinastía Casillas', 4);
INSERT IGNORE INTO Genre_Konten VALUES ('Dinastía Casillas', 21);
INSERT IGNORE INTO Genre_Konten VALUES ('Dinastía Casillas', 11);
INSERT IGNORE INTO Aktor (`nama_lengkap`) VALUES ('Iván Arana');
INSERT IGNORE INTO Peran VALUES ('Iván Arana', 'Dinastía Casillas', 'Ismael Casillas');
INSERT IGNORE INTO Aktor (`nama_lengkap`) VALUES ('Isabella Castillo');
INSERT IGNORE INTO Peran VALUES ('Isabella Castillo', 'Dinastía Casillas', 'Diana Ahumada');
INSERT IGNORE INTO Aktor (`nama_lengkap`) VALUES ('Maria Fernanda Yepes');
INSERT IGNORE INTO Peran VALUES ('Maria Fernanda Yepes', 'Dinastía Casillas', 'Elizabeth');
INSERT IGNORE INTO Aktor (`nama_lengkap`) VALUES ('Raúl Méndez');
INSERT IGNORE INTO Peran VALUES ('Raúl Méndez', 'Dinastía Casillas', '''Chacorta''');
INSERT IGNORE INTO Aktor (`nama_lengkap`) VALUES ('Gonzalo Vega Jr.');
INSERT IGNORE INTO Peran VALUES ('Gonzalo Vega Jr.', 'Dinastía Casillas', 'Francisco Moreno');
INSERT IGNORE INTO Aktor (`nama_lengkap`) VALUES ('Plutarco Haza');
INSERT IGNORE INTO Peran VALUES ('Plutarco Haza', 'Dinastía Casillas', 'Dalvio Navarrete');
INSERT IGNORE INTO Aktor (`nama_lengkap`) VALUES ('Ximena Rubio');
INSERT IGNORE INTO Peran VALUES ('Ximena Rubio', 'Dinastía Casillas', 'Lucia F. Estrada');
INSERT IGNORE INTO Aktor (`nama_lengkap`) VALUES ('Wendy de los Cobos');
INSERT IGNORE INTO Peran VALUES ('Wendy de los Cobos', 'Dinastía Casillas', 'Tata Guerra');
INSERT IGNORE INTO Aktor (`nama_lengkap`) VALUES ('Roberto Sosa');
INSERT IGNORE INTO Peran VALUES ('Roberto Sosa', 'Dinastía Casillas', 'General Sifuentes');
INSERT IGNORE INTO Aktor (`nama_lengkap`) VALUES ('Leonardo  Álvarez');
INSERT IGNORE INTO Peran VALUES ('Leonardo  Álvarez', 'Dinastía Casillas', 'Leo Venegas');
INSERT IGNORE INTO Episode VALUES ('Dinastía Casillas', 1, 1, 'Déjà vu', '', 57);
INSERT IGNORE INTO Episode VALUES ('Dinastía Casillas', 1, 2, 'Escape', '', 54);
INSERT IGNORE INTO Episode VALUES ('Dinastía Casillas', 1, 3, 'Costa Rica', '', 53);
INSERT IGNORE INTO Audio VALUES ('Dinastía Casillas', 'Indonesia');
INSERT IGNORE INTO Audio VALUES ('Dinastía Casillas', 'Korea');
INSERT IGNORE INTO Subtitle VALUES ('Dinastía Casillas', 'Jepang');
INSERT IGNORE INTO Subtitle VALUES ('Dinastía Casillas', 'Inggris');
INSERT IGNORE INTO Subtitle VALUES ('Dinastía Casillas', 'Spanyol');
INSERT IGNORE INTO Subtitle VALUES ('Dinastía Casillas', 'Korea');
INSERT IGNORE INTO Konten VALUES ('The Sopranos', 'The story of New Jersey-based Italian-American mobster Tony Soprano and the difficulties he faces as he tries to balance the conflicting requirements of his home life and the criminal organization he heads. Those difficulties are often highlighted through his ongoing professional relationship with psychiatrist Jennifer Melfi. The show features Tony''s family members and Mafia associates in prominent roles and story arcs, most notably his wife Carmela and his cousin and protégé Christopher Moltisanti.', 1999, 'TV-MA', 'Serial_TV');
INSERT IGNORE INTO Serial_TV VALUES ('The Sopranos', 6);
INSERT IGNORE INTO Genre_Konten VALUES ('The Sopranos', 2);
INSERT IGNORE INTO Genre_Konten VALUES ('The Sopranos', 4);
INSERT IGNORE INTO Aktor (`nama_lengkap`) VALUES ('James Gandolfini');
INSERT IGNORE INTO Peran VALUES ('James Gandolfini', 'The Sopranos', 'Tony Soprano');
INSERT IGNORE INTO Aktor (`nama_lengkap`) VALUES ('Edie Falco');
INSERT IGNORE INTO Peran VALUES ('Edie Falco', 'The Sopranos', 'Carmela Soprano');
INSERT IGNORE INTO Aktor (`nama_lengkap`) VALUES ('Jamie-Lynn Sigler');
INSERT IGNORE INTO Peran VALUES ('Jamie-Lynn Sigler', 'The Sopranos', 'Meadow Soprano');
INSERT IGNORE INTO Aktor (`nama_lengkap`) VALUES ('Robert Iler');
INSERT IGNORE INTO Peran VALUES ('Robert Iler', 'The Sopranos', 'A.J. Soprano');
INSERT IGNORE INTO Aktor (`nama_lengkap`) VALUES ('Lorraine Bracco');
INSERT IGNORE INTO Peran VALUES ('Lorraine Bracco', 'The Sopranos', 'Jennifer Melfi');
INSERT IGNORE INTO Aktor (`nama_lengkap`) VALUES ('Michael Imperioli');
INSERT IGNORE INTO Peran VALUES ('Michael Imperioli', 'The Sopranos', 'Christopher Moltisanti');
INSERT IGNORE INTO Aktor (`nama_lengkap`) VALUES ('Steven Van Zandt');
INSERT IGNORE INTO Peran VALUES ('Steven Van Zandt', 'The Sopranos', 'Silvio Dante');
INSERT IGNORE INTO Aktor (`nama_lengkap`) VALUES ('Tony Sirico');
INSERT IGNORE INTO Peran VALUES ('Tony Sirico', 'The Sopranos', 'Paulie Gualtieri');
INSERT IGNORE INTO Aktor (`nama_lengkap`) VALUES ('Dominic Chianese');
INSERT IGNORE INTO Peran VALUES ('Dominic Chianese', 'The Sopranos', 'Corrado ''Junior'' Soprano');
INSERT IGNORE INTO Aktor (`nama_lengkap`) VALUES ('Aida Turturro');
INSERT IGNORE INTO Peran VALUES ('Aida Turturro', 'The Sopranos', 'Janice Soprano');
INSERT IGNORE INTO Episode VALUES ('The Sopranos', 1, 1, 'The Sopranos', 'After suffering a series of mysterious anxiety attacks, New Jersey mob boss Tony Soprano agrees to see a psychiatrist, Dr. Jennifer Melfi. As he opens up to the doctor, Tony reveals details about his problems at home and at work that involve his wife Carmela, his kids Meadow and Anthony Jr., his Uncle Junior and his domineering mother Livia.', 60);
INSERT IGNORE INTO Episode VALUES ('The Sopranos', 1, 2, '46 Long', 'With acting boss Jackie Aprile dying of cancer, Tony prepares for a power struggle with Uncle Junior. Christopher and his associate Brendan make trouble for themselves when they jack a truck full of DVD players. Tony''s mother Livia finally agrees to live in a retirement community. Big Pussy and Paulie Walnuts are sent to find a stolen car.', 50);
INSERT IGNORE INTO Episode VALUES ('The Sopranos', 1, 3, 'Denial, Anger, Acceptance', 'Uncle Junior''s associate Mikey Palmice stirs things up by making Junior think Tony wants to be next in line for boss. Meanwhile, Tony, Paulie and Silvio deal with Hasidic family problems.', 45);
INSERT IGNORE INTO Audio VALUES ('The Sopranos', 'Spanyol');
INSERT IGNORE INTO Subtitle VALUES ('The Sopranos', 'Korea');
INSERT IGNORE INTO Subtitle VALUES ('The Sopranos', 'Jepang');
INSERT IGNORE INTO Subtitle VALUES ('The Sopranos', 'Inggris');
INSERT IGNORE INTO Konten VALUES ('The Good Doctor', 'Shaun Murphy, a young surgeon with autism and savant syndrome, relocates from a quiet country life to join a prestigious hospital''s surgical unit. Unable to personally connect with those around him, Shaun uses his extraordinary medical gifts to save lives and challenge the skepticism of his colleagues.', 2017, 'TV-14', 'Serial_TV');
INSERT IGNORE INTO Serial_TV VALUES ('The Good Doctor', 7);
INSERT IGNORE INTO Genre_Konten VALUES ('The Good Doctor', 4);
INSERT IGNORE INTO Aktor (`nama_lengkap`) VALUES ('Freddie Highmore');
INSERT IGNORE INTO Peran VALUES ('Freddie Highmore', 'The Good Doctor', 'Dr. Shaun Murphy');
INSERT IGNORE INTO Aktor (`nama_lengkap`) VALUES ('Fiona Gubelmann');
INSERT IGNORE INTO Peran VALUES ('Fiona Gubelmann', 'The Good Doctor', 'Dr. Morgan Reznick');
INSERT IGNORE INTO Aktor (`nama_lengkap`) VALUES ('Will Yun Lee');
INSERT IGNORE INTO Peran VALUES ('Will Yun Lee', 'The Good Doctor', 'Dr. Alex Park');
INSERT IGNORE INTO Aktor (`nama_lengkap`) VALUES ('Christina Chang');
INSERT IGNORE INTO Peran VALUES ('Christina Chang', 'The Good Doctor', 'Dr. Audrey Lim');
INSERT IGNORE INTO Aktor (`nama_lengkap`) VALUES ('Paige Spara');
INSERT IGNORE INTO Peran VALUES ('Paige Spara', 'The Good Doctor', 'Lea Dilallo');
INSERT IGNORE INTO Aktor (`nama_lengkap`) VALUES ('Bria Samoné Henderson');
INSERT IGNORE INTO Peran VALUES ('Bria Samoné Henderson', 'The Good Doctor', 'Dr. Jordan Allen');
INSERT IGNORE INTO Aktor (`nama_lengkap`) VALUES ('Noah Galvin');
INSERT IGNORE INTO Peran VALUES ('Noah Galvin', 'The Good Doctor', 'Dr. Asher Wolke');
INSERT IGNORE INTO Aktor (`nama_lengkap`) VALUES ('Chuku Modu');
INSERT IGNORE INTO Peran VALUES ('Chuku Modu', 'The Good Doctor', 'Dr. Jared Kalu');
INSERT IGNORE INTO Aktor (`nama_lengkap`) VALUES ('Richard Schiff');
INSERT IGNORE INTO Peran VALUES ('Richard Schiff', 'The Good Doctor', 'Dr. Aaron Glassman');
INSERT IGNORE INTO Episode VALUES ('The Good Doctor', 1, 1, 'Burnt Food', 'Dr. Shaun Murphy, a young surgeon with autism and savant syndrome, relocates from a quiet country life to join the prestigious St. Bonaventure hospital’s surgical unit. Alone in the world and unable to personally connect with those around him, his only advocate, Dr. Aaron Glassman, challenges the skepticism and prejudices of the hospital’s board and staff when he brings him in to join the team. Shaun will need to work harder than he ever has before, as he navigates his new environment and relationships to prove to his colleagues that his extraordinary medical gifts will save lives.', 44);
INSERT IGNORE INTO Episode VALUES ('The Good Doctor', 1, 2, 'Mount Rushmore', 'Dr. Shaun Murphy’s attention to detail complicates his first day at St. Bonaventure Hospital. Meanwhile, Dr. Claire Browne learns a valuable lesson about honesty when confronted with a difficult diagnosis for her patient.', 43);
INSERT IGNORE INTO Episode VALUES ('The Good Doctor', 1, 3, 'Oliver', 'Dr. Neil Melendez and Dr. Jared Kalu discover their patient isn’t being completely honest with them which may cost him his chance at a life-saving surgery. Meanwhile, Dr. Claire Browne must learn to communicate with Dr. Shaun Murphy as they race back to St. Bonaventure Hospital with a donated organ.', 42);
INSERT IGNORE INTO Audio VALUES ('The Good Doctor', 'Indonesia');
INSERT IGNORE INTO Subtitle VALUES ('The Good Doctor', 'Spanyol');
INSERT IGNORE INTO Subtitle VALUES ('The Good Doctor', 'Jepang');
INSERT IGNORE INTO Subtitle VALUES ('The Good Doctor', 'Korea');
INSERT IGNORE INTO Konten VALUES ('Modern Family', 'The Pritchett-Dunphy-Tucker clan is a wonderfully large and blended family. They give us an honest and often hilarious look into the sometimes warm, sometimes twisted, embrace of the modern family.', 2009, 'TV-PG', 'Serial_TV');
INSERT IGNORE INTO Serial_TV VALUES ('Modern Family', 11);
INSERT IGNORE INTO Genre_Konten VALUES ('Modern Family', 8);
INSERT IGNORE INTO Aktor (`nama_lengkap`) VALUES ('Ed O''Neill');
INSERT IGNORE INTO Peran VALUES ('Ed O''Neill', 'Modern Family', 'Jay Pritchett');
INSERT IGNORE INTO Aktor (`nama_lengkap`) VALUES ('Sofía Vergara');
INSERT IGNORE INTO Peran VALUES ('Sofía Vergara', 'Modern Family', 'Gloria Delgado-Pritchett');
INSERT IGNORE INTO Aktor (`nama_lengkap`) VALUES ('Julie Bowen');
INSERT IGNORE INTO Peran VALUES ('Julie Bowen', 'Modern Family', 'Claire Dunphy');
INSERT IGNORE INTO Aktor (`nama_lengkap`) VALUES ('Ty Burrell');
INSERT IGNORE INTO Peran VALUES ('Ty Burrell', 'Modern Family', 'Phil Dunphy');
INSERT IGNORE INTO Aktor (`nama_lengkap`) VALUES ('Jesse Tyler Ferguson');
INSERT IGNORE INTO Peran VALUES ('Jesse Tyler Ferguson', 'Modern Family', 'Mitchell Pritchett');
INSERT IGNORE INTO Aktor (`nama_lengkap`) VALUES ('Eric Stonestreet');
INSERT IGNORE INTO Peran VALUES ('Eric Stonestreet', 'Modern Family', 'Cameron Tucker');
INSERT IGNORE INTO Aktor (`nama_lengkap`) VALUES ('Sarah Hyland');
INSERT IGNORE INTO Peran VALUES ('Sarah Hyland', 'Modern Family', 'Haley Dunphy');
INSERT IGNORE INTO Aktor (`nama_lengkap`) VALUES ('Ariel Winter');
INSERT IGNORE INTO Peran VALUES ('Ariel Winter', 'Modern Family', 'Alex Dunphy');
INSERT IGNORE INTO Aktor (`nama_lengkap`) VALUES ('Nolan Gould');
INSERT IGNORE INTO Peran VALUES ('Nolan Gould', 'Modern Family', 'Luke Dunphy');
INSERT IGNORE INTO Aktor (`nama_lengkap`) VALUES ('Rico Rodriguez');
INSERT IGNORE INTO Peran VALUES ('Rico Rodriguez', 'Modern Family', 'Manny Delgado');
INSERT IGNORE INTO Episode VALUES ('Modern Family', 1, 1, 'Pilot', 'Jay has just recently married his younger, Colombian wife, Gloria, but he''s having trouble keeping up with her and her son Manny. Claire is having trouble with her own family, especially with her husband Phil, who thinks he can be hip with his three kids. Also, Mitchell and his partner Cameron adopt a Vietnamese baby, Lily.', 25);
INSERT IGNORE INTO Episode VALUES ('Modern Family', 1, 2, 'The Bicycle Thief', 'Phil is determined to help Luke prove to mom that he is responsible  enough to have the brand new bike they just got him. However Phil ends  up being the irresponsible one when a hot neighbor clouds his judgment.  Meanwhile Mitchell and Cameron take Lily to their first Mommy &amp; Me  class, and Jay and Manny have some awkward father and son time.', 25);
INSERT IGNORE INTO Episode VALUES ('Modern Family', 1, 3, 'Come Fly with Me', 'Phil pushes Jay to go out with him and fly his new model plane. While Manny takes time out to play with Luke, Gloria accompanies Alex in shopping for a dress. Later on, Manny ends up having a heart-to-heart talk with his sister Claire.', 25);
INSERT IGNORE INTO Audio VALUES ('Modern Family', 'Indonesia');
INSERT IGNORE INTO Subtitle VALUES ('Modern Family', 'Korea');
INSERT IGNORE INTO Subtitle VALUES ('Modern Family', 'Indonesia');
INSERT IGNORE INTO Konten VALUES ('Arrow', 'Spoiled billionaire playboy Oliver Queen is missing and presumed dead when his yacht is lost at sea. He returns five years later a changed man, determined to clean up the city as a hooded vigilante armed with a bow.', 2012, 'TV-14', 'Serial_TV');
INSERT IGNORE INTO Serial_TV VALUES ('Arrow', 8);
INSERT IGNORE INTO Genre_Konten VALUES ('Arrow', 2);
INSERT IGNORE INTO Genre_Konten VALUES ('Arrow', 4);
INSERT IGNORE INTO Genre_Konten VALUES ('Arrow', 21);
INSERT IGNORE INTO Aktor (`nama_lengkap`) VALUES ('Stephen Amell');
INSERT IGNORE INTO Peran VALUES ('Stephen Amell', 'Arrow', 'Oliver Queen / Green Arrow');
INSERT IGNORE INTO Aktor (`nama_lengkap`) VALUES ('Rick Gonzalez');
INSERT IGNORE INTO Peran VALUES ('Rick Gonzalez', 'Arrow', 'Rene Ramirez / Wild Dog');
INSERT IGNORE INTO Aktor (`nama_lengkap`) VALUES ('Katherine McNamara');
INSERT IGNORE INTO Peran VALUES ('Katherine McNamara', 'Arrow', 'Mia Smoak / Blackstar');
INSERT IGNORE INTO Aktor (`nama_lengkap`) VALUES ('David Ramsey');
INSERT IGNORE INTO Peran VALUES ('David Ramsey', 'Arrow', 'John Diggle / Spartan');
INSERT IGNORE INTO Aktor (`nama_lengkap`) VALUES ('Katie Cassidy');
INSERT IGNORE INTO Peran VALUES ('Katie Cassidy', 'Arrow', 'Laurel Lance / Black Canary');
INSERT IGNORE INTO Aktor (`nama_lengkap`) VALUES ('Juliana Harkavy');
INSERT IGNORE INTO Peran VALUES ('Juliana Harkavy', 'Arrow', 'Dinah Drake / Black Canary');
INSERT IGNORE INTO Aktor (`nama_lengkap`) VALUES ('Joseph David-Jones');
INSERT IGNORE INTO Peran VALUES ('Joseph David-Jones', 'Arrow', 'Connor Hawke');
INSERT IGNORE INTO Aktor (`nama_lengkap`) VALUES ('Ben Lewis');
INSERT IGNORE INTO Peran VALUES ('Ben Lewis', 'Arrow', 'Adult William Clayton');
INSERT IGNORE INTO Episode VALUES ('Arrow', 1, 1, 'Pilot', 'After a violent shipwreck, billionaire playboy Oliver Queen was missing and presumed dead for five years before being discovered alive on a remote island in the Pacific. Back in Starling City, Oliver slowly reconnects with those closest to him. Oliver has brought back many new skills from his time on the island and manages to secretly create the persona of Arrow to right the wrongs of his family and fight the ills of society. As Arrow, Oliver will atone for the past sins of his family while he searches for the personal redemption he needs.', 43);
INSERT IGNORE INTO Episode VALUES ('Arrow', 1, 2, 'Honor Thy Father', 'Oliver heads to the courthouse to get his death certificate repealed and is pleasantly surprised to run into Laurel, who is there prosecuting Martin Somers, a criminal with ties to the Chinese Triad. Oliver recognizes Martin''s name from his father''s book and sets his sights on taking him down. Martin orders the Triad to "take care of" Laurel so they send their top mercenary - China White - after her, an act that culminates in a battle between Arrow and China White. Meanwhile, Moira and Walter ask Oliver to take over the company.', 42);
INSERT IGNORE INTO Episode VALUES ('Arrow', 1, 3, 'Lone Gunmen', 'Oliver is surprised when someone shoots and kills one of his targets. As his plan is to bring people to justice vs. outright killing them, Oliver doesn''t appreciate the help and searches for the gunman. He soon learns that the man, Deadshot, is taking out businessmen who are scheduled to bid at an auction on an energy company and Walter is one of the bidders. Realizing he can''t protect his family and stop Deadshot at the same time, Oliver enlists Detective Lance''s help, but his plan has dire consequences. Meanwhile, Laurel and Tommy get caught in an awkward situation with Oliver.', 42);
INSERT IGNORE INTO Audio VALUES ('Arrow', 'Korea');
INSERT IGNORE INTO Audio VALUES ('Arrow', 'Jepang');
INSERT IGNORE INTO Audio VALUES ('Arrow', 'Spanyol');
INSERT IGNORE INTO Subtitle VALUES ('Arrow', 'Spanyol');
INSERT IGNORE INTO Konten VALUES ('Spartacus', 'Torn from his homeland and the woman he loves, Spartacus is condemned to the brutal world of the arena where blood and death are primetime entertainment.', 2010, 'TV-MA', 'Serial_TV');
INSERT IGNORE INTO Serial_TV VALUES ('Spartacus', 3);
INSERT IGNORE INTO Genre_Konten VALUES ('Spartacus', 4);
INSERT IGNORE INTO Aktor (`nama_lengkap`) VALUES ('Liam McIntyre');
INSERT IGNORE INTO Peran VALUES ('Liam McIntyre', 'Spartacus', 'Spartacus');
INSERT IGNORE INTO Aktor (`nama_lengkap`) VALUES ('Manu Bennett');
INSERT IGNORE INTO Peran VALUES ('Manu Bennett', 'Spartacus', 'Crixus');
INSERT IGNORE INTO Aktor (`nama_lengkap`) VALUES ('Dustin Clare');
INSERT IGNORE INTO Peran VALUES ('Dustin Clare', 'Spartacus', 'Gannicus');
INSERT IGNORE INTO Aktor (`nama_lengkap`) VALUES ('Cynthia Addai-Robinson');
INSERT IGNORE INTO Peran VALUES ('Cynthia Addai-Robinson', 'Spartacus', 'Naevia');
INSERT IGNORE INTO Aktor (`nama_lengkap`) VALUES ('Jaime Murray');
INSERT IGNORE INTO Peran VALUES ('Jaime Murray', 'Spartacus', 'Gaia');
INSERT IGNORE INTO Aktor (`nama_lengkap`) VALUES ('Ellen Hollman');
INSERT IGNORE INTO Peran VALUES ('Ellen Hollman', 'Spartacus', 'Saxa');
INSERT IGNORE INTO Aktor (`nama_lengkap`) VALUES ('Luna Rioumina');
INSERT IGNORE INTO Peran VALUES ('Luna Rioumina', 'Spartacus', 'Belesa');
INSERT IGNORE INTO Aktor (`nama_lengkap`) VALUES ('Marisa Ramirez');
INSERT IGNORE INTO Peran VALUES ('Marisa Ramirez', 'Spartacus', 'Melitta');
INSERT IGNORE INTO Aktor (`nama_lengkap`) VALUES ('Ditch Davey');
INSERT IGNORE INTO Peran VALUES ('Ditch Davey', 'Spartacus', 'Nemetes');
INSERT IGNORE INTO Aktor (`nama_lengkap`) VALUES ('Barry Duffield');
INSERT IGNORE INTO Peran VALUES ('Barry Duffield', 'Spartacus', 'Lugo');
INSERT IGNORE INTO Episode VALUES ('Spartacus', 1, 1, 'The Red Serpent', 'The Romans, in an effort to protect their homeland, seek the help of Thracian warrior Spartacus and his team of fighters. After a violent incident, Spartacus must enter the gladiator ring to face his punishment from the Romans.', 53);
INSERT IGNORE INTO Episode VALUES ('Spartacus', 1, 2, 'Sacramentum Gladiatorum', 'Enslaved in gladiatorial school, the newly christened Spartacus must try to suppress his desire for vengeance when his new master promises to reunite him with his wife.', 53);
INSERT IGNORE INTO Episode VALUES ('Spartacus', 1, 3, 'Legends', 'Though Spartacus proved himself during training and now wears the attire of a gladiator, his coarse attitude and relentless quest to see his wife isolates him from his fellow gladiators and Doctore.', 53);
INSERT IGNORE INTO Audio VALUES ('Spartacus', 'Inggris');
INSERT IGNORE INTO Audio VALUES ('Spartacus', 'Spanyol');
INSERT IGNORE INTO Audio VALUES ('Spartacus', 'Jepang');
INSERT IGNORE INTO Subtitle VALUES ('Spartacus', 'Inggris');
INSERT IGNORE INTO Subtitle VALUES ('Spartacus', 'Spanyol');
INSERT IGNORE INTO Subtitle VALUES ('Spartacus', 'Jepang');
INSERT IGNORE INTO Subtitle VALUES ('Spartacus', 'Korea');
INSERT IGNORE INTO Konten VALUES ('Room of Guilty Pleasure', 'This overworked and underpaid teacher, Mr. Sasaki, has his whole life turned upside down when he stumbles upon the "Guilty Hole." He thinks it''s a dream when he sees the student''s shoe lockers have been transformed into selection panels... seeing one that catches his eye, he joking picks her... When she appears in his classroom in the middle of the night, throwing insults at him, but her eyes seem to linger on him, tinged with embarassment. "I''ll finish this quickly so... Don''t hold back, ok...?" Thus begins a forbidden relationship... Welcome to the Guilty Hole, where anything is allowed--', 2025, 'TV-MA', 'Serial_TV');
INSERT IGNORE INTO Serial_TV VALUES ('Room of Guilty Pleasure', 1);
INSERT IGNORE INTO Genre_Konten VALUES ('Room of Guilty Pleasure', 12);
INSERT IGNORE INTO Aktor (`nama_lengkap`) VALUES ('Amai Miruku');
INSERT IGNORE INTO Peran VALUES ('Amai Miruku', 'Room of Guilty Pleasure', 'Mai Hoshino (voice)');
INSERT IGNORE INTO Aktor (`nama_lengkap`) VALUES ('Chiyoki Remon');
INSERT IGNORE INTO Peran VALUES ('Chiyoki Remon', 'Room of Guilty Pleasure', 'Makoto Hojo (voice)');
INSERT IGNORE INTO Aktor (`nama_lengkap`) VALUES ('Natsue Sasamoto');
INSERT IGNORE INTO Peran VALUES ('Natsue Sasamoto', 'Room of Guilty Pleasure', 'Aya Hinata (voice)');
INSERT IGNORE INTO Aktor (`nama_lengkap`) VALUES ('Yuki Nishiyama');
INSERT IGNORE INTO Peran VALUES ('Yuki Nishiyama', 'Room of Guilty Pleasure', 'Mamoru Sasaki (voice)');
INSERT IGNORE INTO Episode VALUES ('Room of Guilty Pleasure', 1, 1, 'Welcome to the Room of Guilty Pleasure', 'Mamoru Sasaki, a teacher who works overtime and gets dissed by his students, hears a mysterious announcement in school at midnight. The voice welcomes him to the Room of Guilty Pleasure, where he can pick any student he likes. Assuming that it''s just a dream from the situation spread out before him, Sasaki picks one student on a whim. Led by the announcement, he enters a classroom where his sassy student, Mai Hoshino, is waiting for him, looking embarrassed...', 7);
INSERT IGNORE INTO Episode VALUES ('Room of Guilty Pleasure', 1, 2, 'Would You Like to Request a Girl With Glasses?', 'After finishing his supplementary classes, Sasaki Mamoru works overtime until late at night. He is dozing off when the bell rings and wakes up, only to find himself face to face with "Guilty Hole" once again. "Which girl would you like to go with today?" Sasaki asks nervously, but chooses Takajo Makoto, the class representative. In response to Sasaki''s sincerity, Takajo says, "As a thank you for listening to my advice..." and begins to button her uniform.', 7);
INSERT IGNORE INTO Episode VALUES ('Room of Guilty Pleasure', 1, 3, 'Congratulations on Unlocking the Option', 'Congratulations on unlocking the option! We have a reverse nomination today." Sasaki Mamoru can''t hide his confusion as a different message than usual comes on the air. Light spills out from his Guilty Hall membership card, and he is transported to the audiovisual room. Waiting for him there is a beaming Hojo Makoto. The letters NN are written on the blackboard. This is a dream world. As his student Hojo stares at him, Sasaki, his homeroom teacher, can no longer contain himself...', 7);
INSERT IGNORE INTO Audio VALUES ('Room of Guilty Pleasure', 'Jepang');
INSERT IGNORE INTO Audio VALUES ('Room of Guilty Pleasure', 'Spanyol');
INSERT IGNORE INTO Subtitle VALUES ('Room of Guilty Pleasure', 'Inggris');
INSERT IGNORE INTO Konten VALUES ('Reacher', 'Jack Reacher, a veteran military police investigator, has just recently entered civilian life. Reacher is a drifter, carrying no phone and the barest of essentials as he travels the country and explores the nation he once served.', 2022, 'TV-MA', 'Serial_TV');
INSERT IGNORE INTO Serial_TV VALUES ('Reacher', 3);
INSERT IGNORE INTO Genre_Konten VALUES ('Reacher', 21);
INSERT IGNORE INTO Genre_Konten VALUES ('Reacher', 4);
INSERT IGNORE INTO Genre_Konten VALUES ('Reacher', 2);
INSERT IGNORE INTO Aktor (`nama_lengkap`) VALUES ('Alan Ritchson');
INSERT IGNORE INTO Peran VALUES ('Alan Ritchson', 'Reacher', 'Jack Reacher');
INSERT IGNORE INTO Aktor (`nama_lengkap`) VALUES ('Maria Sten');
INSERT IGNORE INTO Peran VALUES ('Maria Sten', 'Reacher', 'Frances Neagley');
INSERT IGNORE INTO Aktor (`nama_lengkap`) VALUES ('Sonya Cassidy');
INSERT IGNORE INTO Peran VALUES ('Sonya Cassidy', 'Reacher', 'Susan Duffy');
INSERT IGNORE INTO Aktor (`nama_lengkap`) VALUES ('Johnny Berchtold');
INSERT IGNORE INTO Peran VALUES ('Johnny Berchtold', 'Reacher', 'Richard Beck');
INSERT IGNORE INTO Aktor (`nama_lengkap`) VALUES ('Roberto Montesinos');
INSERT IGNORE INTO Peran VALUES ('Roberto Montesinos', 'Reacher', 'Guillermo Villanueva');
INSERT IGNORE INTO Aktor (`nama_lengkap`) VALUES ('Olivier Richters');
INSERT IGNORE INTO Peran VALUES ('Olivier Richters', 'Reacher', 'Paulie');
INSERT IGNORE INTO Aktor (`nama_lengkap`) VALUES ('Brian Tee');
INSERT IGNORE INTO Peran VALUES ('Brian Tee', 'Reacher', 'Xavier Quinn');
INSERT IGNORE INTO Aktor (`nama_lengkap`) VALUES ('Anthony Michael Hall');
INSERT IGNORE INTO Peran VALUES ('Anthony Michael Hall', 'Reacher', 'Zachary Beck');
INSERT IGNORE INTO Episode VALUES ('Reacher', 1, 1, 'Welcome to Margrave', 'Reacher is wrongly accused of murder while visiting the small town of Margrave, GA.', 54);
INSERT IGNORE INTO Episode VALUES ('Reacher', 1, 2, 'First Dance', 'When more victims are discovered, Reacher attempts to get answers but is set up. Roscoe receives a threatening message.', 53);
INSERT IGNORE INTO Episode VALUES ('Reacher', 1, 3, 'Spoonful', 'Reacher and Finlay’s investigation into the missing Spivey leads them into a confrontation with Kliner Sr. Roscoe learns unsettling news about Reacher.', 47);
INSERT IGNORE INTO Audio VALUES ('Reacher', 'Jepang');
INSERT IGNORE INTO Subtitle VALUES ('Reacher', 'Jepang');
INSERT IGNORE INTO Subtitle VALUES ('Reacher', 'Inggris');
INSERT IGNORE INTO Subtitle VALUES ('Reacher', 'Korea');
INSERT IGNORE INTO Konten VALUES ('Physical: Asia', 'Elite athletes from eight countries battle for national pride. After grueling tests of raw strength and endurance, only one flag can claim victory.', 2025, 'TV-14', 'Serial_TV');
INSERT IGNORE INTO Serial_TV VALUES ('Physical: Asia', 1);
INSERT IGNORE INTO Genre_Konten VALUES ('Physical: Asia', 20);
INSERT IGNORE INTO Aktor (`nama_lengkap`) VALUES ('Robert Whittaker');
INSERT IGNORE INTO Peran VALUES ('Robert Whittaker', 'Physical: Asia', 'Self');
INSERT IGNORE INTO Aktor (`nama_lengkap`) VALUES ('Dominic Di Tommaso');
INSERT IGNORE INTO Peran VALUES ('Dominic Di Tommaso', 'Physical: Asia', 'Self');
INSERT IGNORE INTO Aktor (`nama_lengkap`) VALUES ('Eloni Vunakece');
INSERT IGNORE INTO Peran VALUES ('Eloni Vunakece', 'Physical: Asia', 'Self');
INSERT IGNORE INTO Aktor (`nama_lengkap`) VALUES ('Katelin van Zyl');
INSERT IGNORE INTO Peran VALUES ('Katelin van Zyl', 'Physical: Asia', 'Self');
INSERT IGNORE INTO Aktor (`nama_lengkap`) VALUES ('Eddie Williams');
INSERT IGNORE INTO Peran VALUES ('Eddie Williams', 'Physical: Asia', 'Self');
INSERT IGNORE INTO Aktor (`nama_lengkap`) VALUES ('Alexandra Milne');
INSERT IGNORE INTO Peran VALUES ('Alexandra Milne', 'Physical: Asia', 'Self');
INSERT IGNORE INTO Aktor (`nama_lengkap`) VALUES ('Manny Pacquiao');
INSERT IGNORE INTO Peran VALUES ('Manny Pacquiao', 'Physical: Asia', 'Self');
INSERT IGNORE INTO Aktor (`nama_lengkap`) VALUES ('Mark Striegl');
INSERT IGNORE INTO Peran VALUES ('Mark Striegl', 'Physical: Asia', 'Self');
INSERT IGNORE INTO Aktor (`nama_lengkap`) VALUES ('Ray Jefferson Querubin');
INSERT IGNORE INTO Peran VALUES ('Ray Jefferson Querubin', 'Physical: Asia', 'Self');
INSERT IGNORE INTO Aktor (`nama_lengkap`) VALUES ('Justin Coveney');
INSERT IGNORE INTO Peran VALUES ('Justin Coveney', 'Physical: Asia', 'Self');
INSERT IGNORE INTO Episode VALUES ('Physical: Asia', 1, 1, 'Where the Sun Rises', 'Forty-eight contestants from eight countries arrive and the teams size each other up. At last, the curtain rises on the first quest.', 66);
INSERT IGNORE INTO Episode VALUES ('Physical: Asia', 1, 2, 'On the Brink', 'Athletes race, push and grapple atop a sinking slope. After grueling, deadlocked matches, two countries face off without making any concessions.', 57);
INSERT IGNORE INTO Episode VALUES ('Physical: Asia', 1, 3, 'Shipwreck', 'One nation claims a powerful privilege. In their test of speed and teamwork, players race through a giant shipwreck across a rugged obstacle course.', 58);
INSERT IGNORE INTO Audio VALUES ('Physical: Asia', 'Jepang');
INSERT IGNORE INTO Subtitle VALUES ('Physical: Asia', 'Jepang');
INSERT IGNORE INTO Subtitle VALUES ('Physical: Asia', 'Indonesia');
INSERT IGNORE INTO Subtitle VALUES ('Physical: Asia', 'Korea');
INSERT IGNORE INTO Konten VALUES ('Gachiakuta', 'Accused of murder and thrown into the Pit, a young orphan joins a group of monster fighters with special powers to uncover the truth and seek vengeance.', 2025, 'NR', 'Serial_TV');
INSERT IGNORE INTO Serial_TV VALUES ('Gachiakuta', 1);
INSERT IGNORE INTO Genre_Konten VALUES ('Gachiakuta', 12);
INSERT IGNORE INTO Genre_Konten VALUES ('Gachiakuta', 21);
INSERT IGNORE INTO Genre_Konten VALUES ('Gachiakuta', 4);
INSERT IGNORE INTO Genre_Konten VALUES ('Gachiakuta', 23);
INSERT IGNORE INTO Aktor (`nama_lengkap`) VALUES ('Aoi Ichikawa');
INSERT IGNORE INTO Peran VALUES ('Aoi Ichikawa', 'Gachiakuta', 'Rudo (voice)');
INSERT IGNORE INTO Aktor (`nama_lengkap`) VALUES ('Katsuyuki Konishi');
INSERT IGNORE INTO Peran VALUES ('Katsuyuki Konishi', 'Gachiakuta', 'Enjin (voice)');
INSERT IGNORE INTO Aktor (`nama_lengkap`) VALUES ('Yumiri Hanamori');
INSERT IGNORE INTO Peran VALUES ('Yumiri Hanamori', 'Gachiakuta', 'Riyo (voice)');
INSERT IGNORE INTO Episode VALUES ('Gachiakuta', 1, 1, 'The Sphere', 'Bullied outcast Rudo finds respite in repurposing trash, until a terrible tragedy changes his life forever.', 24);
INSERT IGNORE INTO Episode VALUES ('Gachiakuta', 1, 2, 'The Inhabited', 'Cast into the Pit, Rudo is saved by the mysterious Enjin who may not have his best interests at heart.', 24);
INSERT IGNORE INTO Episode VALUES ('Gachiakuta', 1, 3, 'The Ground', 'Enjin is a Giver, a being who can give life to things and draw out their power. Ludo, who has also awakened to his power as a Giver, is scouted by Enjin to join an organization called the Cleaners, which fights against the Spotted Beasts born from garbage. Ludo accepts the offer in order to find a way to return to the Heavenly World where he has lived until now, but he suddenly gets into a fight with his trainer, Zanca.', 24);
INSERT IGNORE INTO Audio VALUES ('Gachiakuta', 'Inggris');
INSERT IGNORE INTO Audio VALUES ('Gachiakuta', 'Korea');
INSERT IGNORE INTO Subtitle VALUES ('Gachiakuta', 'Indonesia');
INSERT IGNORE INTO Konten VALUES ('9-1-1', 'Explore the high-pressure experiences of police officers, paramedics and firefighters who are thrust into the most frightening, shocking and heart-stopping situations. These emergency responders must try to balance saving those who are at their most vulnerable with solving the problems in their own lives.', 2018, 'TV-14', 'Serial_TV');
INSERT IGNORE INTO Serial_TV VALUES ('9-1-1', 9);
INSERT IGNORE INTO Genre_Konten VALUES ('9-1-1', 4);
INSERT IGNORE INTO Genre_Konten VALUES ('9-1-1', 2);
INSERT IGNORE INTO Genre_Konten VALUES ('9-1-1', 21);
INSERT IGNORE INTO Aktor (`nama_lengkap`) VALUES ('Angela Bassett');
INSERT IGNORE INTO Peran VALUES ('Angela Bassett', '9-1-1', 'Athena Grant');
INSERT IGNORE INTO Aktor (`nama_lengkap`) VALUES ('Jennifer Love Hewitt');
INSERT IGNORE INTO Peran VALUES ('Jennifer Love Hewitt', '9-1-1', 'Maddie Buckley');
INSERT IGNORE INTO Aktor (`nama_lengkap`) VALUES ('Oliver Stark');
INSERT IGNORE INTO Peran VALUES ('Oliver Stark', '9-1-1', 'Evan ''Buck'' Buckley');
INSERT IGNORE INTO Aktor (`nama_lengkap`) VALUES ('Aisha Hinds');
INSERT IGNORE INTO Peran VALUES ('Aisha Hinds', '9-1-1', 'Henrietta ''Hen'' Wilson');
INSERT IGNORE INTO Aktor (`nama_lengkap`) VALUES ('Kenneth Choi');
INSERT IGNORE INTO Peran VALUES ('Kenneth Choi', '9-1-1', 'Howard ''Chimney'' Han');
INSERT IGNORE INTO Aktor (`nama_lengkap`) VALUES ('Ryan Guzman');
INSERT IGNORE INTO Peran VALUES ('Ryan Guzman', '9-1-1', 'Eddie Diaz');
INSERT IGNORE INTO Aktor (`nama_lengkap`) VALUES ('Corinne Massiah');
INSERT IGNORE INTO Peran VALUES ('Corinne Massiah', '9-1-1', 'May Grant');
INSERT IGNORE INTO Aktor (`nama_lengkap`) VALUES ('Elijah M. Cooper');
INSERT IGNORE INTO Peran VALUES ('Elijah M. Cooper', '9-1-1', 'Harry Grant');
INSERT IGNORE INTO Episode VALUES ('9-1-1', 1, 1, 'Pilot', 'It takes a team of people to help answer the famous question, "911, what''s your emergency?" Detective Athena Grant works as a member of the police force, handling cases that require her sharp mind and expertise, while also trying to juggle her own family drama. Bobby Nash and his team of firefighters help execute the daring rescues that often come along with these life-threatening situations. Meanwhile, Abby Clark spends her days taking and fielding emergency calls at the 911 call center, but constantly desires to know what happens after she sends help.', 43);
INSERT IGNORE INTO Episode VALUES ('9-1-1', 1, 2, 'Let Go', 'A night at an amusement park takes a deadly turn when a roller coaster malfunction leaves lives hanging in the balance. Abby reaches out to Buck; Athena and Hen respond to an unusual home invasion.', 43);
INSERT IGNORE INTO Episode VALUES ('9-1-1', 1, 3, 'Next of Kin', 'Bobby and his team respond to an emergency at a children''s birthday party that leaves lives hanging in the balance. The crew jumps into action after one of their own is involved in a devastating accident. Athena tries to cope with a tragedy that hits way too close to home and Abby is confronted with a life-changing decision for her mother and makes a connection with Buck.', 43);
INSERT IGNORE INTO Audio VALUES ('9-1-1', 'Spanyol');
INSERT IGNORE INTO Audio VALUES ('9-1-1', 'Korea');
INSERT IGNORE INTO Subtitle VALUES ('9-1-1', 'Jepang');
INSERT IGNORE INTO Subtitle VALUES ('9-1-1', 'Korea');
INSERT IGNORE INTO Konten VALUES ('Peaky Blinders', 'A gangster family epic set in 1919 Birmingham, England and centered on a gang who sew razor blades in the peaks of their caps, and their fierce boss Tommy Shelby, who means to move up in the world.', 2013, 'D', 'Serial_TV');
INSERT IGNORE INTO Serial_TV VALUES ('Peaky Blinders', 6);
INSERT IGNORE INTO Genre_Konten VALUES ('Peaky Blinders', 4);
INSERT IGNORE INTO Genre_Konten VALUES ('Peaky Blinders', 2);
INSERT IGNORE INTO Aktor (`nama_lengkap`) VALUES ('Cillian Murphy');
INSERT IGNORE INTO Peran VALUES ('Cillian Murphy', 'Peaky Blinders', 'Thomas Shelby');
INSERT IGNORE INTO Aktor (`nama_lengkap`) VALUES ('Paul Anderson');
INSERT IGNORE INTO Peran VALUES ('Paul Anderson', 'Peaky Blinders', 'Arthur Shelby');
INSERT IGNORE INTO Aktor (`nama_lengkap`) VALUES ('Sophie Rundle');
INSERT IGNORE INTO Peran VALUES ('Sophie Rundle', 'Peaky Blinders', 'Ada Shelby');
INSERT IGNORE INTO Aktor (`nama_lengkap`) VALUES ('Natasha O''Keeffe');
INSERT IGNORE INTO Peran VALUES ('Natasha O''Keeffe', 'Peaky Blinders', 'Lizzie Stark');
INSERT IGNORE INTO Episode VALUES ('Peaky Blinders', 1, 1, 'Episode 1', 'Birmingham, 1919. Thomas Shelby controls the Peaky Blinders, one of the city''s most feared criminal organisations, but his ambitions go beyond running the streets. When a crate of guns goes missing, Thomas recognises an opportunity to move up in the world.', 57);
INSERT IGNORE INTO Episode VALUES ('Peaky Blinders', 1, 2, 'Episode 2', 'Thomas fixes a horserace, provoking the ire of local kingpin Billy Kimber. He also starts a war with gypsy family the Lees. Meanwhile, Inspector Campbell carries out a vicious raid of Small Heath in search of the stolen guns.', 58);
INSERT IGNORE INTO Episode VALUES ('Peaky Blinders', 1, 3, 'Episode 3', 'Thomas Shelby plans to go to Cheltenham races in order to get closer to Billy Kimber. Knowing the gangster''s appetite for beautiful women, Thomas invites Grace to accompany him. Meanwhile some IRA sympathisers approach Thomas with an offer to buy the stolen guns.', 55);
INSERT IGNORE INTO Audio VALUES ('Peaky Blinders', 'Inggris');
INSERT IGNORE INTO Audio VALUES ('Peaky Blinders', 'Jepang');
INSERT IGNORE INTO Audio VALUES ('Peaky Blinders', 'Korea');
INSERT IGNORE INTO Subtitle VALUES ('Peaky Blinders', 'Indonesia');
INSERT IGNORE INTO Subtitle VALUES ('Peaky Blinders', 'Inggris');
INSERT IGNORE INTO Subtitle VALUES ('Peaky Blinders', 'Korea');
INSERT IGNORE INTO Subtitle VALUES ('Peaky Blinders', 'Spanyol');
INSERT IGNORE INTO Konten VALUES ('FBI', 'The New York office of the FBI brings to bear all their talents, intellect and technical expertise on major cases in order to keep their city and the country safe.', 2018, 'TV-14', 'Serial_TV');
INSERT IGNORE INTO Serial_TV VALUES ('FBI', 8);
INSERT IGNORE INTO Genre_Konten VALUES ('FBI', 2);
INSERT IGNORE INTO Genre_Konten VALUES ('FBI', 21);
INSERT IGNORE INTO Genre_Konten VALUES ('FBI', 4);
INSERT IGNORE INTO Aktor (`nama_lengkap`) VALUES ('Missy Peregrym');
INSERT IGNORE INTO Peran VALUES ('Missy Peregrym', 'FBI', 'Maggie Bell');
INSERT IGNORE INTO Aktor (`nama_lengkap`) VALUES ('Zeeko Zaki');
INSERT IGNORE INTO Peran VALUES ('Zeeko Zaki', 'FBI', 'Omar Adom ''OA'' Zidan');
INSERT IGNORE INTO Aktor (`nama_lengkap`) VALUES ('John Boyd');
INSERT IGNORE INTO Peran VALUES ('John Boyd', 'FBI', 'Stuart Scola');
INSERT IGNORE INTO Aktor (`nama_lengkap`) VALUES ('Jeremy Sisto');
INSERT IGNORE INTO Peran VALUES ('Jeremy Sisto', 'FBI', 'Jubal Valentine');
INSERT IGNORE INTO Aktor (`nama_lengkap`) VALUES ('Alana de la Garza');
INSERT IGNORE INTO Peran VALUES ('Alana de la Garza', 'FBI', 'Isobel Castille');
INSERT IGNORE INTO Aktor (`nama_lengkap`) VALUES ('Juliana Aidén Martinez');
INSERT IGNORE INTO Peran VALUES ('Juliana Aidén Martinez', 'FBI', 'Eva Ramos');
INSERT IGNORE INTO Episode VALUES ('FBI', 1, 1, 'Pilot', 'After a bomb explosion devastates a residential apartment building, special agents Maggie Bell and Omar Adom “OA” Zidan of the New York office of the Federal Bureau of Investigation investigate a possible war between rival gangs – that is, until their prime suspects are discovered brutally murdered.', 43);
INSERT IGNORE INTO Episode VALUES ('FBI', 1, 2, 'Green Birds', 'After eight people are fatally poisoned at a deli in New York City, special agents Maggie Bell and OA Zidan trace the crime to an unlikely culprit and conduct a sting operation to prevent further attacks.', 43);
INSERT IGNORE INTO Episode VALUES ('FBI', 1, 3, 'Prey', 'Special Agent Maggie Bell, Special Agent OA Zidan and the team investigate the murders of 18 young women with help from a survivor associated with the deceased.', 43);
INSERT IGNORE INTO Audio VALUES ('FBI', 'Spanyol');
INSERT IGNORE INTO Subtitle VALUES ('FBI', 'Indonesia');
INSERT IGNORE INTO Konten VALUES ('The One Show', 'A topical magazine-style daily television programme broadcast live on BBC One.', 2006, 'NR', 'Serial_TV');
INSERT IGNORE INTO Serial_TV VALUES ('The One Show', 20);
INSERT IGNORE INTO Genre_Konten VALUES ('The One Show', 24);
INSERT IGNORE INTO Episode VALUES ('The One Show', 1, 1, 'Monday 14 August, 2006', 'Kate Humble is challenged to find and swim with North Devon''s elusive grey seals.', 30);
INSERT IGNORE INTO Episode VALUES ('The One Show', 1, 2, 'Tuesday 15 August, 2006', 'There''s a challenge to viewers from Britain''s favourite Olympian Dame Kelly Holmes.', 30);
INSERT IGNORE INTO Episode VALUES ('The One Show', 1, 3, 'Wednesday 16 August, 2006', 'Consumer expert Martin Lewis reveals how to make money from old mobile phones.', 30);
INSERT IGNORE INTO Audio VALUES ('The One Show', 'Korea');
INSERT IGNORE INTO Subtitle VALUES ('The One Show', 'Jepang');
INSERT IGNORE INTO Subtitle VALUES ('The One Show', 'Inggris');
INSERT IGNORE INTO Subtitle VALUES ('The One Show', 'Indonesia');
INSERT IGNORE INTO Konten VALUES ('The Boys', 'A group of vigilantes known informally as “The Boys” set out to take down corrupt superheroes with no more than blue-collar grit and a willingness to fight dirty.', 2019, 'TV-MA', 'Serial_TV');
INSERT IGNORE INTO Serial_TV VALUES ('The Boys', 5);
INSERT IGNORE INTO Genre_Konten VALUES ('The Boys', 23);
INSERT IGNORE INTO Genre_Konten VALUES ('The Boys', 21);
INSERT IGNORE INTO Aktor (`nama_lengkap`) VALUES ('Karl Urban');
INSERT IGNORE INTO Peran VALUES ('Karl Urban', 'The Boys', 'Billy Butcher');
INSERT IGNORE INTO Aktor (`nama_lengkap`) VALUES ('Jack Quaid');
INSERT IGNORE INTO Peran VALUES ('Jack Quaid', 'The Boys', 'Hugh ''Hughie'' Campbell');
INSERT IGNORE INTO Aktor (`nama_lengkap`) VALUES ('Antony Starr');
INSERT IGNORE INTO Peran VALUES ('Antony Starr', 'The Boys', 'John / Homelander');
INSERT IGNORE INTO Aktor (`nama_lengkap`) VALUES ('Erin Moriarty');
INSERT IGNORE INTO Peran VALUES ('Erin Moriarty', 'The Boys', 'Annie January / Starlight');
INSERT IGNORE INTO Aktor (`nama_lengkap`) VALUES ('Jessie T. Usher');
INSERT IGNORE INTO Peran VALUES ('Jessie T. Usher', 'The Boys', 'Reggie Franklin / A-Train');
INSERT IGNORE INTO Aktor (`nama_lengkap`) VALUES ('Laz Alonso');
INSERT IGNORE INTO Peran VALUES ('Laz Alonso', 'The Boys', 'Marvin T. ''Mother''s Milk'' Milk / M.M.');
INSERT IGNORE INTO Aktor (`nama_lengkap`) VALUES ('Chace Crawford');
INSERT IGNORE INTO Peran VALUES ('Chace Crawford', 'The Boys', 'Kevin Moskowitz / The Deep');
INSERT IGNORE INTO Aktor (`nama_lengkap`) VALUES ('Tomer Capone');
INSERT IGNORE INTO Peran VALUES ('Tomer Capone', 'The Boys', 'Serge / Frenchie');
INSERT IGNORE INTO Aktor (`nama_lengkap`) VALUES ('Karen Fukuhara');
INSERT IGNORE INTO Peran VALUES ('Karen Fukuhara', 'The Boys', 'Kimiko Miyashiro / The Female');
INSERT IGNORE INTO Aktor (`nama_lengkap`) VALUES ('Nathan Mitchell');
INSERT IGNORE INTO Peran VALUES ('Nathan Mitchell', 'The Boys', 'Black Noir II');
INSERT IGNORE INTO Episode VALUES ('The Boys', 1, 1, 'The Name of the Game', 'When a Supe kills the love of his life, A/V salesman Hughie Campbell teams up with Billy Butcher, a vigilante hell-bent on punishing corrupt Supes — and Hughie’s life will never be the same again.', 60);
INSERT IGNORE INTO Episode VALUES ('The Boys', 1, 2, 'Cherry', 'The Boys get themselves a Superhero, Starlight gets payback, Homelander gets naughty, and a Senator gets naughtier.', 59);
INSERT IGNORE INTO Episode VALUES ('The Boys', 1, 3, 'Get Some', 'It’s the race of the century. A-Train versus Shockwave, vying for the title of World’s Fastest Man. Meanwhile, the Boys are reunited and it feels so good.', 55);
INSERT IGNORE INTO Audio VALUES ('The Boys', 'Korea');
INSERT IGNORE INTO Audio VALUES ('The Boys', 'Indonesia');
INSERT IGNORE INTO Subtitle VALUES ('The Boys', 'Jepang');
INSERT IGNORE INTO Konten VALUES ('Pokémon', 'Join Ash accompanied by his partner Pikachu, as he travels through many regions, meets new friends and faces new challenges on his quest to become a Pokémon Master.', 1997, 'TV-Y7', 'Serial_TV');
INSERT IGNORE INTO Serial_TV VALUES ('Pokémon', 25);
INSERT IGNORE INTO Genre_Konten VALUES ('Pokémon', 12);
INSERT IGNORE INTO Genre_Konten VALUES ('Pokémon', 21);
INSERT IGNORE INTO Genre_Konten VALUES ('Pokémon', 23);
INSERT IGNORE INTO Aktor (`nama_lengkap`) VALUES ('Rica Matsumoto');
INSERT IGNORE INTO Peran VALUES ('Rica Matsumoto', 'Pokémon', 'Satoshi (voice)');
INSERT IGNORE INTO Aktor (`nama_lengkap`) VALUES ('Ikue Otani');
INSERT IGNORE INTO Peran VALUES ('Ikue Otani', 'Pokémon', 'Pikachu (voice)');
INSERT IGNORE INTO Aktor (`nama_lengkap`) VALUES ('Daiki Yamashita');
INSERT IGNORE INTO Peran VALUES ('Daiki Yamashita', 'Pokémon', 'Gou (voice)');
INSERT IGNORE INTO Aktor (`nama_lengkap`) VALUES ('Kenyu Horiuchi');
INSERT IGNORE INTO Peran VALUES ('Kenyu Horiuchi', 'Pokémon', 'Narrator (voice)');
INSERT IGNORE INTO Episode VALUES ('Pokémon', 1, 1, 'Pokémon - I Choose You!', 'Meet Ash Ketchum, a 10-year-old boy full of imagination, confidence, and dreams that are almost too big for his village of Pallet Town—plus the desire to become a Pokémon Master!', 23);
INSERT IGNORE INTO Episode VALUES ('Pokémon', 1, 2, 'Pokémon Emergency!', 'Ash rushes into Viridian City with his gravely wounded Pikachu. The city''s on high alert for Pokémon thieves-thieves like Jessie, James, and Meowth of Team Rocket, a group of bad guys dedicated to stealing valuable Pokémon.', 23);
INSERT IGNORE INTO Episode VALUES ('Pokémon', 1, 3, 'Ash Catches a Pokémon', 'Ash discovers and catches a Caterpie—his first Pokémon capture! Though Ash is excited, Misty is grossed out by Bug-type Pokémon, so she is repulsed by its attempts to be friends with her. At night, as Ash and Misty sleep, Caterpie shares with Pikachu its dream of evolving into a Butterfree.', 23);
INSERT IGNORE INTO Audio VALUES ('Pokémon', 'Spanyol');
INSERT IGNORE INTO Audio VALUES ('Pokémon', 'Jepang');
INSERT IGNORE INTO Audio VALUES ('Pokémon', 'Inggris');
INSERT IGNORE INTO Subtitle VALUES ('Pokémon', 'Korea');
INSERT IGNORE INTO Subtitle VALUES ('Pokémon', 'Indonesia');
INSERT IGNORE INTO Subtitle VALUES ('Pokémon', 'Spanyol');
INSERT IGNORE INTO Subtitle VALUES ('Pokémon', 'Inggris');
INSERT IGNORE INTO Konten VALUES ('Would You Marry Me?', 'A couple who pretend to be newlyweds, find themselves developing genuine feelings for each other as they navigate their fake marriage.', 2025, 'NR', 'Serial_TV');
INSERT IGNORE INTO Serial_TV VALUES ('Would You Marry Me?', 1);
INSERT IGNORE INTO Genre_Konten VALUES ('Would You Marry Me?', 8);
INSERT IGNORE INTO Genre_Konten VALUES ('Would You Marry Me?', 4);
INSERT IGNORE INTO Aktor (`nama_lengkap`) VALUES ('Choi Woo-shik');
INSERT IGNORE INTO Peran VALUES ('Choi Woo-shik', 'Would You Marry Me?', 'Kim Woo-ju');
INSERT IGNORE INTO Aktor (`nama_lengkap`) VALUES ('Jung So-min');
INSERT IGNORE INTO Peran VALUES ('Jung So-min', 'Would You Marry Me?', 'Yoo Me-ri');
INSERT IGNORE INTO Aktor (`nama_lengkap`) VALUES ('Shin Seul-ki');
INSERT IGNORE INTO Peran VALUES ('Shin Seul-ki', 'Would You Marry Me?', 'Yoon Jin-kyung');
INSERT IGNORE INTO Aktor (`nama_lengkap`) VALUES ('Bae Na-ra');
INSERT IGNORE INTO Peran VALUES ('Bae Na-ra', 'Would You Marry Me?', 'Baek Sang-hyeon');
INSERT IGNORE INTO Aktor (`nama_lengkap`) VALUES ('Seo Bum-june');
INSERT IGNORE INTO Peran VALUES ('Seo Bum-june', 'Would You Marry Me?', 'Kim Woo-ju');
INSERT IGNORE INTO Aktor (`nama_lengkap`) VALUES ('Moon Seung-you');
INSERT IGNORE INTO Peran VALUES ('Moon Seung-you', 'Would You Marry Me?', 'Kim Jin-Hwa');
INSERT IGNORE INTO Aktor (`nama_lengkap`) VALUES ('Jung Ae-ri');
INSERT IGNORE INTO Peran VALUES ('Jung Ae-ri', 'Would You Marry Me?', 'Go Pil-Nyun');
INSERT IGNORE INTO Aktor (`nama_lengkap`) VALUES ('Baek Ji-won');
INSERT IGNORE INTO Peran VALUES ('Baek Ji-won', 'Would You Marry Me?', 'Kim Mi Yeon');
INSERT IGNORE INTO Aktor (`nama_lengkap`) VALUES ('Ko Gun-han');
INSERT IGNORE INTO Peran VALUES ('Ko Gun-han', 'Would You Marry Me?', 'Jang Eung-Soo');
INSERT IGNORE INTO Aktor (`nama_lengkap`) VALUES ('Kim Young-min');
INSERT IGNORE INTO Peran VALUES ('Kim Young-min', 'Would You Marry Me?', 'Jang Han-Gu');
INSERT IGNORE INTO Episode VALUES ('Would You Marry Me?', 1, 1, 'Episode 1', 'Me Ri loses everything to betrayal and fraud, then wins a luxury townhouse in a prize event.', 66);
INSERT IGNORE INTO Episode VALUES ('Would You Marry Me?', 1, 2, 'Episode 2', 'U Ju rejects Me Ri’s request to act as her husband, but fate soon brings them together again.', 68);
INSERT IGNORE INTO Episode VALUES ('Would You Marry Me?', 1, 3, 'Episode 3', 'U Ju walks drunk Me Ri home from a work dinner. Later, he hears her scream and rushes in.', 64);
INSERT IGNORE INTO Audio VALUES ('Would You Marry Me?', 'Inggris');
INSERT IGNORE INTO Subtitle VALUES ('Would You Marry Me?', 'Jepang');
INSERT IGNORE INTO Subtitle VALUES ('Would You Marry Me?', 'Korea');
INSERT IGNORE INTO Subtitle VALUES ('Would You Marry Me?', 'Inggris');
INSERT IGNORE INTO Konten VALUES ('My Gift Lvl 9999 Unlimited Gacha: Backstabbed in a Backwater Dungeon, I''m Out for Revenge!', 'God created nine races in the ancient times. Humans were the weakest, most ridiculed race among them. Light, a human boy, was fortunate enough to be invited to join a party of all nine races called the "Assembly of the Races." He was happy being a member for a while, but that was a short dream. His hopes were only to be betrayed by his fellow members at the largest, most heinous dungeon "Abyss." After surviving by himself at the bottom of Abyss, Light learns the true meaning of his gift "Unlimited Gacha." Light will rise from the worst despair to build his own empire of the strongest players.', 2025, 'TV-14', 'Serial_TV');
INSERT IGNORE INTO Serial_TV VALUES ('My Gift Lvl 9999 Unlimited Gacha: Backstabbed in a Backwater Dungeon, I''m Out for Revenge!', 1);
INSERT IGNORE INTO Genre_Konten VALUES ('My Gift Lvl 9999 Unlimited Gacha: Backstabbed in a Backwater Dungeon, I''m Out for Revenge!', 12);
INSERT IGNORE INTO Genre_Konten VALUES ('My Gift Lvl 9999 Unlimited Gacha: Backstabbed in a Backwater Dungeon, I''m Out for Revenge!', 21);
INSERT IGNORE INTO Genre_Konten VALUES ('My Gift Lvl 9999 Unlimited Gacha: Backstabbed in a Backwater Dungeon, I''m Out for Revenge!', 23);
INSERT IGNORE INTO Genre_Konten VALUES ('My Gift Lvl 9999 Unlimited Gacha: Backstabbed in a Backwater Dungeon, I''m Out for Revenge!', 4);
INSERT IGNORE INTO Aktor (`nama_lengkap`) VALUES ('Nina Tamaki');
INSERT IGNORE INTO Peran VALUES ('Nina Tamaki', 'My Gift Lvl 9999 Unlimited Gacha: Backstabbed in a Backwater Dungeon, I''m Out for Revenge!', 'Light (voice)');
INSERT IGNORE INTO Aktor (`nama_lengkap`) VALUES ('Ikumi Hasegawa');
INSERT IGNORE INTO Peran VALUES ('Ikumi Hasegawa', 'My Gift Lvl 9999 Unlimited Gacha: Backstabbed in a Backwater Dungeon, I''m Out for Revenge!', 'Mei (voice)');
INSERT IGNORE INTO Aktor (`nama_lengkap`) VALUES ('Shiori Izawa');
INSERT IGNORE INTO Peran VALUES ('Shiori Izawa', 'My Gift Lvl 9999 Unlimited Gacha: Backstabbed in a Backwater Dungeon, I''m Out for Revenge!', 'Aoyuki (voice)');
INSERT IGNORE INTO Aktor (`nama_lengkap`) VALUES ('Yuko Natsuyoshi');
INSERT IGNORE INTO Peran VALUES ('Yuko Natsuyoshi', 'My Gift Lvl 9999 Unlimited Gacha: Backstabbed in a Backwater Dungeon, I''m Out for Revenge!', 'Nemumu (voice)');
INSERT IGNORE INTO Aktor (`nama_lengkap`) VALUES ('Ayumi Mano');
INSERT IGNORE INTO Peran VALUES ('Ayumi Mano', 'My Gift Lvl 9999 Unlimited Gacha: Backstabbed in a Backwater Dungeon, I''m Out for Revenge!', 'Ellie (voice)');
INSERT IGNORE INTO Aktor (`nama_lengkap`) VALUES ('Hana Hishikawa');
INSERT IGNORE INTO Peran VALUES ('Hana Hishikawa', 'My Gift Lvl 9999 Unlimited Gacha: Backstabbed in a Backwater Dungeon, I''m Out for Revenge!', 'Nazuna (voice)');
INSERT IGNORE INTO Aktor (`nama_lengkap`) VALUES ('Katsuya Miyamoto');
INSERT IGNORE INTO Peran VALUES ('Katsuya Miyamoto', 'My Gift Lvl 9999 Unlimited Gacha: Backstabbed in a Backwater Dungeon, I''m Out for Revenge!', 'gold (voice)');
INSERT IGNORE INTO Episode VALUES ('My Gift Lvl 9999 Unlimited Gacha: Backstabbed in a Backwater Dungeon, I''m Out for Revenge!', 1, 1, 'Betrayal and Salvation', 'Light dreams of becoming an adventurer, but his skill produces nothing but junk.', 24);
INSERT IGNORE INTO Episode VALUES ('My Gift Lvl 9999 Unlimited Gacha: Backstabbed in a Backwater Dungeon, I''m Out for Revenge!', 1, 2, 'The Abyss', 'Years later, Light has built a new life surrounded by new friends and powerful allies. All are loyal to him in their own way, and all are eager to help him with his revenge.', 24);
INSERT IGNORE INTO Episode VALUES ('My Gift Lvl 9999 Unlimited Gacha: Backstabbed in a Backwater Dungeon, I''m Out for Revenge!', 1, 3, 'The Lord of Destruction', 'Garou is living the high life: wealth, power, respect. He has it all. Little does he know that his world is about to come crashing down when a maid comes asking for his help.', 24);
INSERT IGNORE INTO Audio VALUES ('My Gift Lvl 9999 Unlimited Gacha: Backstabbed in a Backwater Dungeon, I''m Out for Revenge!', 'Indonesia');
INSERT IGNORE INTO Subtitle VALUES ('My Gift Lvl 9999 Unlimited Gacha: Backstabbed in a Backwater Dungeon, I''m Out for Revenge!', 'Jepang');
INSERT IGNORE INTO Subtitle VALUES ('My Gift Lvl 9999 Unlimited Gacha: Backstabbed in a Backwater Dungeon, I''m Out for Revenge!', 'Inggris');
INSERT IGNORE INTO Subtitle VALUES ('My Gift Lvl 9999 Unlimited Gacha: Backstabbed in a Backwater Dungeon, I''m Out for Revenge!', 'Indonesia');
INSERT IGNORE INTO Subtitle VALUES ('My Gift Lvl 9999 Unlimited Gacha: Backstabbed in a Backwater Dungeon, I''m Out for Revenge!', 'Spanyol');
INSERT IGNORE INTO Konten VALUES ('Seinfeld', 'A stand-up comedian and his three offbeat friends weather the pitfalls and payoffs of life in New York City in the ''90s. It''s a show about nothing.', 1989, 'TV-PG', 'Serial_TV');
INSERT IGNORE INTO Serial_TV VALUES ('Seinfeld', 9);
INSERT IGNORE INTO Genre_Konten VALUES ('Seinfeld', 8);
INSERT IGNORE INTO Aktor (`nama_lengkap`) VALUES ('Jerry Seinfeld');
INSERT IGNORE INTO Peran VALUES ('Jerry Seinfeld', 'Seinfeld', 'Jerry Seinfeld');
INSERT IGNORE INTO Aktor (`nama_lengkap`) VALUES ('Jason Alexander');
INSERT IGNORE INTO Peran VALUES ('Jason Alexander', 'Seinfeld', 'George Costanza');
INSERT IGNORE INTO Aktor (`nama_lengkap`) VALUES ('Michael Richards');
INSERT IGNORE INTO Peran VALUES ('Michael Richards', 'Seinfeld', 'Cosmo Kramer');
INSERT IGNORE INTO Aktor (`nama_lengkap`) VALUES ('Julia Louis-Dreyfus');
INSERT IGNORE INTO Peran VALUES ('Julia Louis-Dreyfus', 'Seinfeld', 'Elaine Benes');
INSERT IGNORE INTO Episode VALUES ('Seinfeld', 1, 1, 'The Seinfeld Chronicles', 'Jerry is ecstatic that a woman he met on the road is coming to stay with him in New York. George and Kramer weigh in on how Jerry should best approach the situation.', 23);
INSERT IGNORE INTO Episode VALUES ('Seinfeld', 1, 2, 'The Stake Out', 'Jerry meets an attractive woman at a party but by the time she leaves, he has only learned where she works. Jerry stakes out the mystery woman''s office with George so that he can “casually” bump into her.', 23);
INSERT IGNORE INTO Episode VALUES ('Seinfeld', 1, 3, 'The Robbery', 'Jerry is robbed after Kramer fails to close the apartment door. Elaine talks Jerry into looking at a fabulous apartment in the hopes that she can then have Jerry’s place. Things are further complicated when George decides he wants the new place too.', 23);
INSERT IGNORE INTO Audio VALUES ('Seinfeld', 'Spanyol');
INSERT IGNORE INTO Audio VALUES ('Seinfeld', 'Korea');
INSERT IGNORE INTO Subtitle VALUES ('Seinfeld', 'Indonesia');
INSERT IGNORE INTO Subtitle VALUES ('Seinfeld', 'Inggris');
INSERT IGNORE INTO Subtitle VALUES ('Seinfeld', 'Jepang');
INSERT IGNORE INTO Subtitle VALUES ('Seinfeld', 'Korea');
INSERT IGNORE INTO Konten VALUES ('Strange Tales of Tang Dynasty', 'General Lu Lingfeng and Detective Su Wuming uncover supernatural mysteries and hidden conspiracies threatening the empire during Emperor Xuanzong’s reign.', 2022, 'TV-PG', 'Serial_TV');
INSERT IGNORE INTO Serial_TV VALUES ('Strange Tales of Tang Dynasty', 3);
INSERT IGNORE INTO Genre_Konten VALUES ('Strange Tales of Tang Dynasty', 11);
INSERT IGNORE INTO Genre_Konten VALUES ('Strange Tales of Tang Dynasty', 2);
INSERT IGNORE INTO Genre_Konten VALUES ('Strange Tales of Tang Dynasty', 4);
INSERT IGNORE INTO Genre_Konten VALUES ('Strange Tales of Tang Dynasty', 21);
INSERT IGNORE INTO Aktor (`nama_lengkap`) VALUES ('Yang Zhigang');
INSERT IGNORE INTO Peran VALUES ('Yang Zhigang', 'Strange Tales of Tang Dynasty', 'Su Wuming');
INSERT IGNORE INTO Aktor (`nama_lengkap`) VALUES ('Yang Xuwen');
INSERT IGNORE INTO Peran VALUES ('Yang Xuwen', 'Strange Tales of Tang Dynasty', 'Lu Lingfeng');
INSERT IGNORE INTO Aktor (`nama_lengkap`) VALUES ('Gao Siwen');
INSERT IGNORE INTO Peran VALUES ('Gao Siwen', 'Strange Tales of Tang Dynasty', 'Pei Xijun');
INSERT IGNORE INTO Aktor (`nama_lengkap`) VALUES ('Chen Chuang');
INSERT IGNORE INTO Peran VALUES ('Chen Chuang', 'Strange Tales of Tang Dynasty', 'Fei Jishi');
INSERT IGNORE INTO Aktor (`nama_lengkap`) VALUES ('Sun Xuening');
INSERT IGNORE INTO Peran VALUES ('Sun Xuening', 'Strange Tales of Tang Dynasty', 'Ying Tao');
INSERT IGNORE INTO Aktor (`nama_lengkap`) VALUES ('Yue Lina');
INSERT IGNORE INTO Peran VALUES ('Yue Lina', 'Strange Tales of Tang Dynasty', 'Princess');
INSERT IGNORE INTO Aktor (`nama_lengkap`) VALUES ('Anson Shi');
INSERT IGNORE INTO Peran VALUES ('Anson Shi', 'Strange Tales of Tang Dynasty', 'Xue Huan');
INSERT IGNORE INTO Episode VALUES ('Strange Tales of Tang Dynasty', 1, 1, 'Chang''an Black Tea (1)', '', 45);
INSERT IGNORE INTO Episode VALUES ('Strange Tales of Tang Dynasty', 1, 2, 'Chang''an Black Tea (2)', '', 45);
INSERT IGNORE INTO Episode VALUES ('Strange Tales of Tang Dynasty', 1, 3, 'Chang''an Black Tea (3)', '', 45);
INSERT IGNORE INTO Audio VALUES ('Strange Tales of Tang Dynasty', 'Indonesia');
INSERT IGNORE INTO Audio VALUES ('Strange Tales of Tang Dynasty', 'Korea');
INSERT IGNORE INTO Subtitle VALUES ('Strange Tales of Tang Dynasty', 'Jepang');
INSERT IGNORE INTO Konten VALUES ('South Park', 'Follow the misadventures of four irreverent grade-schoolers in the quiet, dysfunctional town of South Park, Colorado.', 1997, 'D', 'Serial_TV');
INSERT IGNORE INTO Serial_TV VALUES ('South Park', 28);
INSERT IGNORE INTO Genre_Konten VALUES ('South Park', 12);
INSERT IGNORE INTO Genre_Konten VALUES ('South Park', 8);
INSERT IGNORE INTO Aktor (`nama_lengkap`) VALUES ('Trey Parker');
INSERT IGNORE INTO Peran VALUES ('Trey Parker', 'South Park', 'Eric Cartman / Stan Marsh (voice)');
INSERT IGNORE INTO Aktor (`nama_lengkap`) VALUES ('Matt Stone');
INSERT IGNORE INTO Peran VALUES ('Matt Stone', 'South Park', 'Kyle Broflovski / Kenny McCormick (voice)');
INSERT IGNORE INTO Aktor (`nama_lengkap`) VALUES ('Mona Marshall');
INSERT IGNORE INTO Peran VALUES ('Mona Marshall', 'South Park', 'Sheila Broflovski (voice)');
INSERT IGNORE INTO Aktor (`nama_lengkap`) VALUES ('Jennifer Howell');
INSERT IGNORE INTO Peran VALUES ('Jennifer Howell', 'South Park', 'Bebe Stevens (voice)');
INSERT IGNORE INTO Episode VALUES ('South Park', 1, 1, 'Cartman Gets an Anal Probe', 'While the boys are waiting for the school bus, Cartman explains the odd nightmare he had the previous night involving alien visitors abducting him from his bed. Meanwhile Kyle and Stan try to convince Cartman that the dream was in fact a reality.', 24);
INSERT IGNORE INTO Episode VALUES ('South Park', 1, 2, 'Volcano', 'The boys get together with Stan''s Uncle Jimbo and Jimbo''s war-buddy Ned for a hunting trip in the nearby mountains. After Cartman''s mom makes sure her "little" boy is safe and sound (much to Cartman''s dismay) the group heads off for adventure. As they drive away from the town, Jimbo explains the "finer" points of hunting.', 24);
INSERT IGNORE INTO Episode VALUES ('South Park', 1, 3, 'Weight Gain 4000', 'Mr. Garrison starts the day off with a special announcement; one of South Park''s own has won a national essay contest. Everyone is shocked to learn that the winner is Cartman, who doesn''t even remember what he wrote about.', 23);
INSERT IGNORE INTO Audio VALUES ('South Park', 'Inggris');
INSERT IGNORE INTO Subtitle VALUES ('South Park', 'Inggris');
INSERT IGNORE INTO Subtitle VALUES ('South Park', 'Spanyol');
INSERT IGNORE INTO Konten VALUES ('Stargate SG-1', 'The story of Stargate SG-1 begins about a year after the events of the feature film, when the United States government learns that an ancient alien device called the Stargate can access a network of such devices on a multitude of planets. SG-1 is an elite Air Force special operations team, one of more than two dozen teams from Earth who explore the galaxy and defend against alien threats such as the Goa''uld, Replicators, and the Ori.', 1997, 'TV-PG', 'Serial_TV');
INSERT IGNORE INTO Serial_TV VALUES ('Stargate SG-1', 10);
INSERT IGNORE INTO Genre_Konten VALUES ('Stargate SG-1', 23);
INSERT IGNORE INTO Genre_Konten VALUES ('Stargate SG-1', 21);
INSERT IGNORE INTO Aktor (`nama_lengkap`) VALUES ('Ben Browder');
INSERT IGNORE INTO Peran VALUES ('Ben Browder', 'Stargate SG-1', 'Cameron Mitchell');
INSERT IGNORE INTO Aktor (`nama_lengkap`) VALUES ('Amanda Tapping');
INSERT IGNORE INTO Peran VALUES ('Amanda Tapping', 'Stargate SG-1', 'Samantha Carter');
INSERT IGNORE INTO Aktor (`nama_lengkap`) VALUES ('Christopher Judge');
INSERT IGNORE INTO Peran VALUES ('Christopher Judge', 'Stargate SG-1', 'Teal''c');
INSERT IGNORE INTO Aktor (`nama_lengkap`) VALUES ('Michael Shanks');
INSERT IGNORE INTO Peran VALUES ('Michael Shanks', 'Stargate SG-1', 'Daniel Jackson');
INSERT IGNORE INTO Aktor (`nama_lengkap`) VALUES ('Claudia Black');
INSERT IGNORE INTO Peran VALUES ('Claudia Black', 'Stargate SG-1', 'Vala Mal Doran');
INSERT IGNORE INTO Aktor (`nama_lengkap`) VALUES ('Beau Bridges');
INSERT IGNORE INTO Peran VALUES ('Beau Bridges', 'Stargate SG-1', 'Hank Landry');
INSERT IGNORE INTO Episode VALUES ('Stargate SG-1', 1, 1, 'Children of the Gods (1)', 'When powerful aliens come through Earth''s Stargate, Colonel Jack O''Neill returns to Abydos to retrieve Daniel Jackson, who has discovered that the alien transit system includes much more than the two planets.', 46);
INSERT IGNORE INTO Episode VALUES ('Stargate SG-1', 1, 2, 'Children of the Gods (2)', 'Colonel O''Neill, leading the new SG-1, track Apophis back to the planet Chulak to rescue Sha''re and Skaara, and befriend one of Apophis'' Jaffa guards.', 46);
INSERT IGNORE INTO Episode VALUES ('Stargate SG-1', 1, 3, 'The Enemy Within', 'Major Kawalsky is possessed by a Goa''uld, and the SGC must find a way to remove it without killing him.', 44);
INSERT IGNORE INTO Audio VALUES ('Stargate SG-1', 'Korea');
INSERT IGNORE INTO Subtitle VALUES ('Stargate SG-1', 'Spanyol');
INSERT IGNORE INTO Subtitle VALUES ('Stargate SG-1', 'Jepang');
INSERT IGNORE INTO Subtitle VALUES ('Stargate SG-1', 'Korea');
INSERT IGNORE INTO Subtitle VALUES ('Stargate SG-1', 'Indonesia');
INSERT IGNORE INTO Konten VALUES ('CSI: Miami', 'CSI: Miami follows Crime Scene Investigators working for the Miami-Dade Police Department as they use physical evidence, similar to their Las Vegas counterparts, to solve grisly murders. The series mixes deduction, gritty subject matter, and character-driven drama in the same vein as the original series in the CSI franchise, except that the Miami CSIs are cops first, scientists second.', 2002, 'TV-14', 'Serial_TV');
INSERT IGNORE INTO Serial_TV VALUES ('CSI: Miami', 10);
INSERT IGNORE INTO Genre_Konten VALUES ('CSI: Miami', 4);
INSERT IGNORE INTO Genre_Konten VALUES ('CSI: Miami', 11);
INSERT IGNORE INTO Genre_Konten VALUES ('CSI: Miami', 2);
INSERT IGNORE INTO Aktor (`nama_lengkap`) VALUES ('David Caruso');
INSERT IGNORE INTO Peran VALUES ('David Caruso', 'CSI: Miami', 'Horatio Caine');
INSERT IGNORE INTO Aktor (`nama_lengkap`) VALUES ('Emily Procter');
INSERT IGNORE INTO Peran VALUES ('Emily Procter', 'CSI: Miami', 'Calleigh Duquesne');
INSERT IGNORE INTO Aktor (`nama_lengkap`) VALUES ('Omar Benson Miller');
INSERT IGNORE INTO Peran VALUES ('Omar Benson Miller', 'CSI: Miami', 'Walter Simmons');
INSERT IGNORE INTO Aktor (`nama_lengkap`) VALUES ('Jonathan Togo');
INSERT IGNORE INTO Peran VALUES ('Jonathan Togo', 'CSI: Miami', 'Ryan Wolfe');
INSERT IGNORE INTO Aktor (`nama_lengkap`) VALUES ('Adam Rodriguez');
INSERT IGNORE INTO Peran VALUES ('Adam Rodriguez', 'CSI: Miami', 'Eric Delko');
INSERT IGNORE INTO Aktor (`nama_lengkap`) VALUES ('Rex Linn');
INSERT IGNORE INTO Peran VALUES ('Rex Linn', 'CSI: Miami', 'Frank Tripp');
INSERT IGNORE INTO Aktor (`nama_lengkap`) VALUES ('Eva LaRue');
INSERT IGNORE INTO Peran VALUES ('Eva LaRue', 'CSI: Miami', 'Natalia Boa Vista');
INSERT IGNORE INTO Episode VALUES ('CSI: Miami', 1, 1, 'Golden Parachute', 'Megan Donner returns to the CSI unit in time to work on a jet crash in the Everglades. While searching for survivors, they inexplicably discover a female victim found five miles from the crash site. When the only survivor says the woman opened the plane''s hatch in order to commit suicide, Horatio is suspicious. The team must now recreate what happened on that fatal flight, especially when the pieces don''t quite fit together.', 45);
INSERT IGNORE INTO Episode VALUES ('CSI: Miami', 1, 2, 'Losing Face', 'A serial bomber is on the loose. Will the team with the help from Caine''s old bomb squad mentor be able to work out the puzzle and find the bomber?', 44);
INSERT IGNORE INTO Episode VALUES ('CSI: Miami', 1, 3, 'Wet Foot/Dry Foot', 'An arm in a shark''s gullet and a girl who was shot at sea lead the team to a smuggler who was running Cuban refugees and cocaine in a foundering ship.', 45);
INSERT IGNORE INTO Audio VALUES ('CSI: Miami', 'Korea');
INSERT IGNORE INTO Audio VALUES ('CSI: Miami', 'Spanyol');
INSERT IGNORE INTO Audio VALUES ('CSI: Miami', 'Indonesia');
INSERT IGNORE INTO Subtitle VALUES ('CSI: Miami', 'Inggris');
INSERT IGNORE INTO Subtitle VALUES ('CSI: Miami', 'Korea');
INSERT IGNORE INTO Subtitle VALUES ('CSI: Miami', 'Spanyol');
INSERT IGNORE INTO Subtitle VALUES ('CSI: Miami', 'Indonesia');
INSERT IGNORE INTO Konten VALUES ('Paul American', 'Global sports and entertainment superstars Jake and Logan Paul are pulling back the curtain for their latest venture: a family reality TV show.', 2025, 'TV-MA', 'Serial_TV');
INSERT IGNORE INTO Serial_TV VALUES ('Paul American', 1);
INSERT IGNORE INTO Genre_Konten VALUES ('Paul American', 20);
INSERT IGNORE INTO Aktor (`nama_lengkap`) VALUES ('Jake Paul');
INSERT IGNORE INTO Peran VALUES ('Jake Paul', 'Paul American', 'Self');
INSERT IGNORE INTO Aktor (`nama_lengkap`) VALUES ('Logan Paul');
INSERT IGNORE INTO Peran VALUES ('Logan Paul', 'Paul American', 'Self');
INSERT IGNORE INTO Aktor (`nama_lengkap`) VALUES ('Jutta Leerdam');
INSERT IGNORE INTO Peran VALUES ('Jutta Leerdam', 'Paul American', 'Self');
INSERT IGNORE INTO Aktor (`nama_lengkap`) VALUES ('Nina Agdal');
INSERT IGNORE INTO Peran VALUES ('Nina Agdal', 'Paul American', 'Self');
INSERT IGNORE INTO Aktor (`nama_lengkap`) VALUES ('Pam Stepnick');
INSERT IGNORE INTO Peran VALUES ('Pam Stepnick', 'Paul American', 'Self');
INSERT IGNORE INTO Aktor (`nama_lengkap`) VALUES ('Greg Paul');
INSERT IGNORE INTO Peran VALUES ('Greg Paul', 'Paul American', 'Self');
INSERT IGNORE INTO Episode VALUES ('Paul American', 1, 1, 'Episode 1', 'After conquering internet stardom and taking on sports entertainment, Jake and Logan Paul venture into unfamiliar territory: a family reality show.', 42);
INSERT IGNORE INTO Episode VALUES ('Paul American', 1, 2, 'Episode 2', 'While preparing to defend his WWE championship belt, Logan learns he''s going to be a dad, and Jake trains for his most hardcore boxing matchup yet.', 41);
INSERT IGNORE INTO Episode VALUES ('Paul American', 1, 3, 'Episode 3', 'With a gender reveal party on the horizon, Logan wrestles with the unexpected emotions of becoming a girl dad. Meanwhile, Jake heads to Minneapolis with Jutta to oversee the birth of his own "baby" -- his body care product empire.', 40);
INSERT IGNORE INTO Audio VALUES ('Paul American', 'Spanyol');
INSERT IGNORE INTO Audio VALUES ('Paul American', 'Korea');
INSERT IGNORE INTO Subtitle VALUES ('Paul American', 'Inggris');
INSERT IGNORE INTO Konten VALUES ('PAW Patrol', 'Marshall, Rocky, Rubble, Zuma and Skye are doing their best to protect the people of their town. Led by Ryder, a tech-savvy 10-year-old boy, each of them is equipped with special equipment and together they help anyone who finds themselves in trouble. No task is too big for them and no puppy is too small.', 2013, 'TV-Y', 'Serial_TV');
INSERT IGNORE INTO Serial_TV VALUES ('PAW Patrol', 12);
INSERT IGNORE INTO Genre_Konten VALUES ('PAW Patrol', 12);
INSERT IGNORE INTO Genre_Konten VALUES ('PAW Patrol', 26);
INSERT IGNORE INTO Aktor (`nama_lengkap`) VALUES ('Ron Pardo');
INSERT IGNORE INTO Peran VALUES ('Ron Pardo', 'PAW Patrol', 'Cap''n Turbot / Mayor Humdinger / Farmer Al (voice)');
INSERT IGNORE INTO Aktor (`nama_lengkap`) VALUES ('Kai Harris');
INSERT IGNORE INTO Peran VALUES ('Kai Harris', 'PAW Patrol', 'Ryder (voice)');
INSERT IGNORE INTO Episode VALUES ('PAW Patrol', 1, 1, 'Pups and the Kitty-tastrophe', 'A kitten named Precious is floating out to sea, and the PAW Patrol must rescue her, but that''s not all. The PAW Patrol must also act fast to find her owner before the mischievous kitten gets into big trouble.', 12);
INSERT IGNORE INTO Episode VALUES ('PAW Patrol', 1, 2, 'Pups Save a Train', 'The train that Katie and Cali are on is stuck on a bridge because of a rock slide. The PAW Patrol must act fast since the broken bridge beam can''t hold the train for long!', 12);
INSERT IGNORE INTO Episode VALUES ('PAW Patrol', 1, 3, 'Pup Pup Boogie', 'A train car falls off the tracks and also breaks some rails. A train is coming later with important packages in it, with the all new Pup Pup Boogie 2.0 dance game. The PAW Patrol tries to fix the tracks, but how will they fix the tracks when Rubble sprains his paw and can''t work? Can Chase save the day?', 12);
INSERT IGNORE INTO Audio VALUES ('PAW Patrol', 'Inggris');
INSERT IGNORE INTO Subtitle VALUES ('PAW Patrol', 'Inggris');
INSERT IGNORE INTO Subtitle VALUES ('PAW Patrol', 'Jepang');
INSERT IGNORE INTO Subtitle VALUES ('PAW Patrol', 'Indonesia');
INSERT IGNORE INTO Konten VALUES ('Smallville', 'The origins of the world’s greatest hero–from Krypton refugee Kal-el’s arrival on Earth through his tumultuous teen years to Clark Kent’s final steps toward embracing his destiny as the Man of Steel.', 2001, 'TV-14', 'Serial_TV');
INSERT IGNORE INTO Serial_TV VALUES ('Smallville', 10);
INSERT IGNORE INTO Genre_Konten VALUES ('Smallville', 23);
INSERT IGNORE INTO Genre_Konten VALUES ('Smallville', 21);
INSERT IGNORE INTO Genre_Konten VALUES ('Smallville', 4);
INSERT IGNORE INTO Aktor (`nama_lengkap`) VALUES ('Tom Welling');
INSERT IGNORE INTO Peran VALUES ('Tom Welling', 'Smallville', 'Clark Kent');
INSERT IGNORE INTO Aktor (`nama_lengkap`) VALUES ('Erica Durance');
INSERT IGNORE INTO Peran VALUES ('Erica Durance', 'Smallville', 'Lois Lane');
INSERT IGNORE INTO Aktor (`nama_lengkap`) VALUES ('Cassidy Freeman');
INSERT IGNORE INTO Peran VALUES ('Cassidy Freeman', 'Smallville', 'Tess Mercer');
INSERT IGNORE INTO Aktor (`nama_lengkap`) VALUES ('Justin Hartley');
INSERT IGNORE INTO Peran VALUES ('Justin Hartley', 'Smallville', 'Oliver Queen');
INSERT IGNORE INTO Episode VALUES ('Smallville', 1, 1, 'Pilot', 'The first episode tells the story of the meteor shower that hit Smallville and changed life in the Kansas town forever. Clark Kent meets Lex Luthor for the first time and encounters the first in a long line of humans mutated by the strange green meteor rocks that accompanied him on his journey to Earth.', 43);
INSERT IGNORE INTO Episode VALUES ('Smallville', 1, 2, 'Metamorphosis', 'Clark must deal with Greg, a nerdish bug collector with a crush on Lana who gains the ability of various insects and uses them to lash out at anyone who opposes him.', 43);
INSERT IGNORE INTO Episode VALUES ('Smallville', 1, 3, 'Hothead', 'An abusive and hot-tempered football coach gains the ability to control and project fire.', 43);
INSERT IGNORE INTO Audio VALUES ('Smallville', 'Korea');
INSERT IGNORE INTO Audio VALUES ('Smallville', 'Indonesia');
INSERT IGNORE INTO Audio VALUES ('Smallville', 'Spanyol');
INSERT IGNORE INTO Subtitle VALUES ('Smallville', 'Jepang');
INSERT IGNORE INTO Subtitle VALUES ('Smallville', 'Spanyol');
INSERT IGNORE INTO Konten VALUES ('The Kelly Clarkson Show', 'Kelly Clarkson presents the biggest newsmakers and names in film, television and music; as well as emerging new talent and everyday people who are beacons of hope in their communities.', 2019, 'TV-G', 'Serial_TV');
INSERT IGNORE INTO Serial_TV VALUES ('The Kelly Clarkson Show', 7);
INSERT IGNORE INTO Genre_Konten VALUES ('The Kelly Clarkson Show', 24);
INSERT IGNORE INTO Aktor (`nama_lengkap`) VALUES ('Kelly Clarkson');
INSERT IGNORE INTO Peran VALUES ('Kelly Clarkson', 'The Kelly Clarkson Show', 'Self - Host');
INSERT IGNORE INTO Episode VALUES ('The Kelly Clarkson Show', 1, 1, 'Dwayne Johnson', '', 60);
INSERT IGNORE INTO Episode VALUES ('The Kelly Clarkson Show', 1, 2, 'Ellen DeGeneres; John Legend', '', 60);
INSERT IGNORE INTO Episode VALUES ('The Kelly Clarkson Show', 1, 3, 'Jennifer Garner; Matt Iseman', '', 60);
INSERT IGNORE INTO Audio VALUES ('The Kelly Clarkson Show', 'Inggris');
INSERT IGNORE INTO Subtitle VALUES ('The Kelly Clarkson Show', 'Jepang');
INSERT IGNORE INTO Subtitle VALUES ('The Kelly Clarkson Show', 'Korea');
INSERT IGNORE INTO Subtitle VALUES ('The Kelly Clarkson Show', 'Indonesia');
INSERT IGNORE INTO Subtitle VALUES ('The Kelly Clarkson Show', 'Spanyol');
INSERT IGNORE INTO Konten VALUES ('Sturm der Liebe', 'These are the stories of relationships taking place in the fictional five-star hotel Fürstenhof, located in Feldkirchen-Westerham near Rosenheim with the plot revolving around members of the family room area, the hotel owners, and employees.', 2005, 'NR', 'Serial_TV');
INSERT IGNORE INTO Serial_TV VALUES ('Sturm der Liebe', 22);
INSERT IGNORE INTO Genre_Konten VALUES ('Sturm der Liebe', 4);
INSERT IGNORE INTO Genre_Konten VALUES ('Sturm der Liebe', 27);
INSERT IGNORE INTO Aktor (`nama_lengkap`) VALUES ('Dirk Galuba');
INSERT IGNORE INTO Peran VALUES ('Dirk Galuba', 'Sturm der Liebe', 'Werner Saalfeld');
INSERT IGNORE INTO Aktor (`nama_lengkap`) VALUES ('Sepp Schauer');
INSERT IGNORE INTO Peran VALUES ('Sepp Schauer', 'Sturm der Liebe', 'Alfons Sonnbichler');
INSERT IGNORE INTO Aktor (`nama_lengkap`) VALUES ('Antje Hagen');
INSERT IGNORE INTO Peran VALUES ('Antje Hagen', 'Sturm der Liebe', 'Hildegard Sonnbichler');
INSERT IGNORE INTO Episode VALUES ('Sturm der Liebe', 1, 1, 'Episode 1', '', 49);
INSERT IGNORE INTO Episode VALUES ('Sturm der Liebe', 1, 2, 'Episode 2', '', 50);
INSERT IGNORE INTO Episode VALUES ('Sturm der Liebe', 1, 3, 'Episode 3', '', 50);
INSERT IGNORE INTO Audio VALUES ('Sturm der Liebe', 'Inggris');
INSERT IGNORE INTO Subtitle VALUES ('Sturm der Liebe', 'Jepang');
INSERT IGNORE INTO Subtitle VALUES ('Sturm der Liebe', 'Spanyol');
INSERT IGNORE INTO Subtitle VALUES ('Sturm der Liebe', 'Korea');
INSERT IGNORE INTO Konten VALUES ('The Mighty Nein', 'When a powerful arcane relic known as ''The Beacon'' falls into nefarious hands, a group of fugitives and outcasts, bound by secrets and scars, must learn to work together to save the realm and stop reality as they know it from unraveling.', 2025, 'TV-MA', 'Serial_TV');
INSERT IGNORE INTO Serial_TV VALUES ('The Mighty Nein', 1);
INSERT IGNORE INTO Genre_Konten VALUES ('The Mighty Nein', 12);
INSERT IGNORE INTO Genre_Konten VALUES ('The Mighty Nein', 23);
INSERT IGNORE INTO Aktor (`nama_lengkap`) VALUES ('Laura Bailey');
INSERT IGNORE INTO Peran VALUES ('Laura Bailey', 'The Mighty Nein', 'Jester (voice)');
INSERT IGNORE INTO Aktor (`nama_lengkap`) VALUES ('Marisha Ray');
INSERT IGNORE INTO Peran VALUES ('Marisha Ray', 'The Mighty Nein', 'Beau (voice)');
INSERT IGNORE INTO Aktor (`nama_lengkap`) VALUES ('Liam O''Brien');
INSERT IGNORE INTO Peran VALUES ('Liam O''Brien', 'The Mighty Nein', 'Caleb (voice)');
INSERT IGNORE INTO Aktor (`nama_lengkap`) VALUES ('Ashley Johnson');
INSERT IGNORE INTO Peran VALUES ('Ashley Johnson', 'The Mighty Nein', 'Yasha (voice)');
INSERT IGNORE INTO Aktor (`nama_lengkap`) VALUES ('Taliesin Jaffe');
INSERT IGNORE INTO Peran VALUES ('Taliesin Jaffe', 'The Mighty Nein', 'Molly (voice)');
INSERT IGNORE INTO Aktor (`nama_lengkap`) VALUES ('Sam Riegel');
INSERT IGNORE INTO Peran VALUES ('Sam Riegel', 'The Mighty Nein', 'Nott the Brave (voice)');
INSERT IGNORE INTO Aktor (`nama_lengkap`) VALUES ('Travis Willingham');
INSERT IGNORE INTO Peran VALUES ('Travis Willingham', 'The Mighty Nein', 'Fjord (voice)');
INSERT IGNORE INTO Aktor (`nama_lengkap`) VALUES ('Matthew Mercer');
INSERT IGNORE INTO Peran VALUES ('Matthew Mercer', 'The Mighty Nein', 'Essek (voice)');
INSERT IGNORE INTO Episode VALUES ('The Mighty Nein', 1, 1, 'Mote of Possibility', 'After an explosion at the border, Wildemount is on the brink of War. Beauregard Lionett investigates the scene of an explosion, uncovering a sinister scheme lurking in the shadows. Meanwhile, Caleb Widogast teams up with an unlikely ally to break into a magical pet shop.', 49);
INSERT IGNORE INTO Episode VALUES ('The Mighty Nein', 1, 2, 'Who Will You Be?', 'After surviving a shipwreck, Fjord Stone discovers he suddenly has magical powers. In Nicodranas, Jester Lavorre''s phallic pranks get her in trouble. Meanwhile, Nott''s sticky fingers nearly get her and Caleb killed, as Beau''s investigation heads South.', 48);
INSERT IGNORE INTO Episode VALUES ('The Mighty Nein', 1, 3, 'The Fletching & Moondrop Traveling Carnival of Curiosities', 'Mollymauk Tealeaf introduces a dangerous new act to attract customers to his failing carnival. Amidst the attractions, Beau meets her clandestine informant, Jester shows Fjord how to have fun, and Caleb and Nott try to steal a rare magical component.', 46);
INSERT IGNORE INTO Audio VALUES ('The Mighty Nein', 'Spanyol');
INSERT IGNORE INTO Subtitle VALUES ('The Mighty Nein', 'Indonesia');
INSERT IGNORE INTO Subtitle VALUES ('The Mighty Nein', 'Inggris');
INSERT IGNORE INTO Subtitle VALUES ('The Mighty Nein', 'Korea');
INSERT IGNORE INTO Subtitle VALUES ('The Mighty Nein', 'Jepang');
INSERT IGNORE INTO Konten VALUES ('Adam''s Sweet Agony', 'This is the story of a boy, who became the lone Adam among four billion Eves. In a world where a pandemic has rendered all men impotent, high school student Itsuki is the exception who escaped it. In order to protect this secret, he transfers to a very special high school, which turns out to be composed of 90% girls! There, he encounters an upbeat and friendly senior, a sexually frustrated female teacher, a tomboyish school ''prince,'' and an heiress from a wealthy family. For Itsuki, who has his pick of any woman in the world, the question remains: which one will he choose?', 2024, 'TV-MA', 'Serial_TV');
INSERT IGNORE INTO Serial_TV VALUES ('Adam''s Sweet Agony', 1);
INSERT IGNORE INTO Genre_Konten VALUES ('Adam''s Sweet Agony', 12);
INSERT IGNORE INTO Aktor (`nama_lengkap`) VALUES ('Hana Kuga');
INSERT IGNORE INTO Peran VALUES ('Hana Kuga', 'Adam''s Sweet Agony', 'Akari Himeno (voice)');
INSERT IGNORE INTO Aktor (`nama_lengkap`) VALUES ('Shizuka Itoh');
INSERT IGNORE INTO Peran VALUES ('Shizuka Itoh', 'Adam''s Sweet Agony', 'Kaede Shiina (voice)');
INSERT IGNORE INTO Aktor (`nama_lengkap`) VALUES ('Mari Kirimura');
INSERT IGNORE INTO Peran VALUES ('Mari Kirimura', 'Adam''s Sweet Agony', 'Aki Kokonoe (voice)');
INSERT IGNORE INTO Aktor (`nama_lengkap`) VALUES ('Kaho Shibuya');
INSERT IGNORE INTO Peran VALUES ('Kaho Shibuya', 'Adam''s Sweet Agony', 'Yui Kurumizawa (voice)');
INSERT IGNORE INTO Aktor (`nama_lengkap`) VALUES ('Shinnosuke Tachibana');
INSERT IGNORE INTO Peran VALUES ('Shinnosuke Tachibana', 'Adam''s Sweet Agony', 'Kumazawa (voice)');
INSERT IGNORE INTO Aktor (`nama_lengkap`) VALUES ('Harumichi Shitou');
INSERT IGNORE INTO Peran VALUES ('Harumichi Shitou', 'Adam''s Sweet Agony', 'Itsuki Sonomiya');
INSERT IGNORE INTO Episode VALUES ('Adam''s Sweet Agony', 1, 1, 'If You Want to Sympathize with Me, You Need to Suffer Too!', '', 4);
INSERT IGNORE INTO Episode VALUES ('Adam''s Sweet Agony', 1, 2, 'Leave It to the Teacher to Calm Things Down!', '', 4);
INSERT IGNORE INTO Episode VALUES ('Adam''s Sweet Agony', 1, 3, 'I Stopped Hiding It', '', 4);
INSERT IGNORE INTO Audio VALUES ('Adam''s Sweet Agony', 'Korea');
INSERT IGNORE INTO Audio VALUES ('Adam''s Sweet Agony', 'Inggris');
INSERT IGNORE INTO Audio VALUES ('Adam''s Sweet Agony', 'Indonesia');
INSERT IGNORE INTO Subtitle VALUES ('Adam''s Sweet Agony', 'Jepang');
INSERT IGNORE INTO Subtitle VALUES ('Adam''s Sweet Agony', 'Korea');
INSERT IGNORE INTO Konten VALUES ('Doraemon', 'Robotic cat Doraemon is sent back in time from the 22nd century to protect 10-year-old Noby, a lazy and uncoordinated boy who is destined to have a tragic future. Doraemon can create secret gadgets from a pocket on his stomach, but they usually cause more bad than good because of Noby''s propensity to misuse them.', 2005, 'TV-PG', 'Serial_TV');
INSERT IGNORE INTO Serial_TV VALUES ('Doraemon', 1);
INSERT IGNORE INTO Genre_Konten VALUES ('Doraemon', 21);
INSERT IGNORE INTO Genre_Konten VALUES ('Doraemon', 12);
INSERT IGNORE INTO Genre_Konten VALUES ('Doraemon', 8);
INSERT IGNORE INTO Genre_Konten VALUES ('Doraemon', 23);
INSERT IGNORE INTO Genre_Konten VALUES ('Doraemon', 26);
INSERT IGNORE INTO Genre_Konten VALUES ('Doraemon', 9);
INSERT IGNORE INTO Aktor (`nama_lengkap`) VALUES ('Megumi Oohara');
INSERT IGNORE INTO Peran VALUES ('Megumi Oohara', 'Doraemon', 'Nobita Nobi (voice)');
INSERT IGNORE INTO Aktor (`nama_lengkap`) VALUES ('Wasabi Mizuta');
INSERT IGNORE INTO Peran VALUES ('Wasabi Mizuta', 'Doraemon', 'Doraemon (voice)');
INSERT IGNORE INTO Aktor (`nama_lengkap`) VALUES ('Yumi Kakazu');
INSERT IGNORE INTO Peran VALUES ('Yumi Kakazu', 'Doraemon', 'Shizuka Minamoto (voice)');
INSERT IGNORE INTO Aktor (`nama_lengkap`) VALUES ('Tomokazu Seki');
INSERT IGNORE INTO Peran VALUES ('Tomokazu Seki', 'Doraemon', 'Suneo Honekawa (voice)');
INSERT IGNORE INTO Aktor (`nama_lengkap`) VALUES ('Subaru Kimura');
INSERT IGNORE INTO Peran VALUES ('Subaru Kimura', 'Doraemon', 'Takeshi Gouda (voice)');
INSERT IGNORE INTO Aktor (`nama_lengkap`) VALUES ('Chiaki Fujimoto');
INSERT IGNORE INTO Peran VALUES ('Chiaki Fujimoto', 'Doraemon', 'Dorami (voice)');
INSERT IGNORE INTO Aktor (`nama_lengkap`) VALUES ('Kotono Mitsuishi');
INSERT IGNORE INTO Peran VALUES ('Kotono Mitsuishi', 'Doraemon', 'Tamako Nobi (voice)');
INSERT IGNORE INTO Aktor (`nama_lengkap`) VALUES ('Yasunori Matsumoto');
INSERT IGNORE INTO Peran VALUES ('Yasunori Matsumoto', 'Doraemon', 'Nobisuke Nobi (voice)');
INSERT IGNORE INTO Aktor (`nama_lengkap`) VALUES ('Shihoko Hagino');
INSERT IGNORE INTO Peran VALUES ('Shihoko Hagino', 'Doraemon', 'Hidetoshi Dekisugi (voice)');
INSERT IGNORE INTO Aktor (`nama_lengkap`) VALUES ('Wataru Takagi');
INSERT IGNORE INTO Peran VALUES ('Wataru Takagi', 'Doraemon', 'Sensei (voice)');
INSERT IGNORE INTO Episode VALUES ('Doraemon', 1, 1, 'Slow-Slow, Quick-Quick', '', 12);
INSERT IGNORE INTO Episode VALUES ('Doraemon', 1, 2, 'Nobita''s Wife', '', 12);
INSERT IGNORE INTO Episode VALUES ('Doraemon', 1, 3, 'The Dictator Switch', '', 23);
INSERT IGNORE INTO Audio VALUES ('Doraemon', 'Indonesia');
INSERT IGNORE INTO Audio VALUES ('Doraemon', 'Korea');
INSERT IGNORE INTO Subtitle VALUES ('Doraemon', 'Jepang');
INSERT IGNORE INTO Subtitle VALUES ('Doraemon', 'Spanyol');
INSERT IGNORE INTO Konten VALUES ('Lost', 'Stripped of everything, the survivors of a horrific plane crash  must work together to stay alive. But the island holds many secrets.', 2004, 'TV-14', 'Serial_TV');
INSERT IGNORE INTO Serial_TV VALUES ('Lost', 6);
INSERT IGNORE INTO Genre_Konten VALUES ('Lost', 11);
INSERT IGNORE INTO Genre_Konten VALUES ('Lost', 21);
INSERT IGNORE INTO Genre_Konten VALUES ('Lost', 4);
INSERT IGNORE INTO Aktor (`nama_lengkap`) VALUES ('Matthew Fox');
INSERT IGNORE INTO Peran VALUES ('Matthew Fox', 'Lost', 'Jack Shephard');
INSERT IGNORE INTO Aktor (`nama_lengkap`) VALUES ('Evangeline Lilly');
INSERT IGNORE INTO Peran VALUES ('Evangeline Lilly', 'Lost', 'Kate Austen');
INSERT IGNORE INTO Aktor (`nama_lengkap`) VALUES ('Terry O''Quinn');
INSERT IGNORE INTO Peran VALUES ('Terry O''Quinn', 'Lost', 'John Locke');
INSERT IGNORE INTO Aktor (`nama_lengkap`) VALUES ('Josh Holloway');
INSERT IGNORE INTO Peran VALUES ('Josh Holloway', 'Lost', 'James Sawyer');
INSERT IGNORE INTO Aktor (`nama_lengkap`) VALUES ('Michael Emerson');
INSERT IGNORE INTO Peran VALUES ('Michael Emerson', 'Lost', 'Benjamin Linus');
INSERT IGNORE INTO Aktor (`nama_lengkap`) VALUES ('Jorge Garcia');
INSERT IGNORE INTO Peran VALUES ('Jorge Garcia', 'Lost', 'Hurley Reyes');
INSERT IGNORE INTO Aktor (`nama_lengkap`) VALUES ('Naveen Andrews');
INSERT IGNORE INTO Peran VALUES ('Naveen Andrews', 'Lost', 'Sayid Jarrah');
INSERT IGNORE INTO Aktor (`nama_lengkap`) VALUES ('Jeff Fahey');
INSERT IGNORE INTO Peran VALUES ('Jeff Fahey', 'Lost', 'Frank Lapidus');
INSERT IGNORE INTO Aktor (`nama_lengkap`) VALUES ('Nestor Carbonell');
INSERT IGNORE INTO Peran VALUES ('Nestor Carbonell', 'Lost', 'Richard Alpert');
INSERT IGNORE INTO Aktor (`nama_lengkap`) VALUES ('Henry Ian Cusick');
INSERT IGNORE INTO Peran VALUES ('Henry Ian Cusick', 'Lost', 'Desmond Hume');
INSERT IGNORE INTO Episode VALUES ('Lost', 1, 1, 'Pilot (1)', 'Stripped of everything, the 48 survivors scavenge what they can from the plane for their survival. Some panic. Some pin their hopes on rescue. A few find inner strength they never knew they had-like Kate who, with no medical training, suddenly finds herself suturing the doctor''s wounds. The band of friends, family, enemies and strangers must work together against the cruel weather and harsh terrain. But the intense howls of  mysterious creatures stalking the jungle fill them all with fear. Fortunately, thanks to the calm leadership of quick-thinking Jack and level-headed Kate, they have hope. But even heroes have secrets, as the survivors will come to learn.', 42);
INSERT IGNORE INTO Episode VALUES ('Lost', 1, 2, 'Pilot (2)', 'Having escaped the "creature" and retrieved the plane transceiver, a group of the survivors travel to higher ground so they can transmit a signal. En route, they receive a mysterious transmission and encounter another of the island''s inhabitants. Meanwhile, back at camp, Jack tends to a wounded man who reveals a secret about Kate.', 41);
INSERT IGNORE INTO Episode VALUES ('Lost', 1, 3, 'Tabula Rasa', 'Jack and Hurley discover an alarming secret about Kate, as the marshal''s life hangs in the balance and he suffers a lot of pain. Meanwhile Kate, Charlie, Sawyer, Sayid, Boone and Shannon ponder the mysteries they have begun to uncover and worry that telling the other survivors will cause panic. They decide to lie for the time being. Also, Locke''s befriending of Walt disturbs Michael, but Walt is more concerned in finding his dog. Lastly, Kate flashes back to when she was arrested by the marshal in Australia.', 44);
INSERT IGNORE INTO Audio VALUES ('Lost', 'Inggris');
INSERT IGNORE INTO Subtitle VALUES ('Lost', 'Indonesia');
INSERT IGNORE INTO Subtitle VALUES ('Lost', 'Spanyol');
INSERT IGNORE INTO Konten VALUES ('Scene of the Crime', 'Tatort is a long-running German/Austrian/Swiss, crime television series set in various parts of these countries. The show is broadcast on the channels of ARD in Germany, ORF in Austria and SF1 in Switzerland.', 1970, 'NR', 'Serial_TV');
INSERT IGNORE INTO Serial_TV VALUES ('Scene of the Crime', 56);
INSERT IGNORE INTO Genre_Konten VALUES ('Scene of the Crime', 4);
INSERT IGNORE INTO Genre_Konten VALUES ('Scene of the Crime', 2);
INSERT IGNORE INTO Episode VALUES ('Scene of the Crime', 1, 1, 'Episode 1', '', 90);
INSERT IGNORE INTO Episode VALUES ('Scene of the Crime', 1, 2, 'Episode 2', '', 90);
INSERT IGNORE INTO Audio VALUES ('Scene of the Crime', 'Indonesia');
INSERT IGNORE INTO Audio VALUES ('Scene of the Crime', 'Korea');
INSERT IGNORE INTO Audio VALUES ('Scene of the Crime', 'Inggris');
INSERT IGNORE INTO Subtitle VALUES ('Scene of the Crime', 'Korea');
INSERT IGNORE INTO Subtitle VALUES ('Scene of the Crime', 'Spanyol');
INSERT IGNORE INTO Subtitle VALUES ('Scene of the Crime', 'Indonesia');
INSERT IGNORE INTO Subtitle VALUES ('Scene of the Crime', 'Inggris');
INSERT IGNORE INTO Konten VALUES ('Young Sheldon', 'The early life of child genius Sheldon Cooper, later seen in The Big Bang Theory.', 2017, 'TV-PG', 'Serial_TV');
INSERT IGNORE INTO Serial_TV VALUES ('Young Sheldon', 7);
INSERT IGNORE INTO Genre_Konten VALUES ('Young Sheldon', 8);
INSERT IGNORE INTO Genre_Konten VALUES ('Young Sheldon', 9);
INSERT IGNORE INTO Genre_Konten VALUES ('Young Sheldon', 4);
INSERT IGNORE INTO Aktor (`nama_lengkap`) VALUES ('Iain Armitage');
INSERT IGNORE INTO Peran VALUES ('Iain Armitage', 'Young Sheldon', 'Sheldon Cooper');
INSERT IGNORE INTO Aktor (`nama_lengkap`) VALUES ('Zoe Perry');
INSERT IGNORE INTO Peran VALUES ('Zoe Perry', 'Young Sheldon', 'Mary Cooper');
INSERT IGNORE INTO Aktor (`nama_lengkap`) VALUES ('Lance Barber');
INSERT IGNORE INTO Peran VALUES ('Lance Barber', 'Young Sheldon', 'George Cooper');
INSERT IGNORE INTO Aktor (`nama_lengkap`) VALUES ('Montana Jordan');
INSERT IGNORE INTO Peran VALUES ('Montana Jordan', 'Young Sheldon', 'Georgie Cooper');
INSERT IGNORE INTO Aktor (`nama_lengkap`) VALUES ('Raegan Revord');
INSERT IGNORE INTO Peran VALUES ('Raegan Revord', 'Young Sheldon', 'Missy Cooper');
INSERT IGNORE INTO Aktor (`nama_lengkap`) VALUES ('Annie Potts');
INSERT IGNORE INTO Peran VALUES ('Annie Potts', 'Young Sheldon', 'Connie Tucker');
INSERT IGNORE INTO Aktor (`nama_lengkap`) VALUES ('Emily Osment');
INSERT IGNORE INTO Peran VALUES ('Emily Osment', 'Young Sheldon', 'Mandy McAllister');
INSERT IGNORE INTO Aktor (`nama_lengkap`) VALUES ('Jim Parsons');
INSERT IGNORE INTO Peran VALUES ('Jim Parsons', 'Young Sheldon', 'Sheldon Cooper (voice)');
INSERT IGNORE INTO Episode VALUES ('Young Sheldon', 1, 1, 'Pilot', '9-year-old Sheldon Cooper is a once-in-a-generation mind capable of advanced mathematics and science but learns that isn’t always helpful growing up in East Texas, a land where church and football are king.', 21);
INSERT IGNORE INTO Episode VALUES ('Young Sheldon', 1, 2, 'Rockets, Communists, and the Dewey Decimal System', 'To appease his worried mother, Sheldon employs the techniques of a self-help book to try and make a friend.', 19);
INSERT IGNORE INTO Episode VALUES ('Young Sheldon', 1, 3, 'Poker, Faith, and Eggs', 'When George Sr. is rushed to the emergency room, Connie comes to babysit, and the kids have an adventure getting to the hospital on their own.', 21);
INSERT IGNORE INTO Audio VALUES ('Young Sheldon', 'Jepang');
INSERT IGNORE INTO Audio VALUES ('Young Sheldon', 'Indonesia');
INSERT IGNORE INTO Audio VALUES ('Young Sheldon', 'Inggris');
INSERT IGNORE INTO Subtitle VALUES ('Young Sheldon', 'Indonesia');
INSERT IGNORE INTO Subtitle VALUES ('Young Sheldon', 'Korea');
INSERT IGNORE INTO Konten VALUES ('Desperate Housewives', 'Looking down on her friends and family isn''t a way of life for Mary Alice Young... it''s a way of death. One day, in her perfect house, in the loveliest of suburbs, Mary Alice ended it all. Now she''s taking us into the lives of her family, friends and neighbors, commenting from her elevated P.O.V.', 2004, 'TV-14', 'Serial_TV');
INSERT IGNORE INTO Serial_TV VALUES ('Desperate Housewives', 8);
INSERT IGNORE INTO Genre_Konten VALUES ('Desperate Housewives', 11);
INSERT IGNORE INTO Genre_Konten VALUES ('Desperate Housewives', 4);
INSERT IGNORE INTO Genre_Konten VALUES ('Desperate Housewives', 8);
INSERT IGNORE INTO Aktor (`nama_lengkap`) VALUES ('Teri Hatcher');
INSERT IGNORE INTO Peran VALUES ('Teri Hatcher', 'Desperate Housewives', 'Susan Mayer');
INSERT IGNORE INTO Aktor (`nama_lengkap`) VALUES ('Felicity Huffman');
INSERT IGNORE INTO Peran VALUES ('Felicity Huffman', 'Desperate Housewives', 'Lynette Scavo');
INSERT IGNORE INTO Aktor (`nama_lengkap`) VALUES ('Marcia Cross');
INSERT IGNORE INTO Peran VALUES ('Marcia Cross', 'Desperate Housewives', 'Bree Van de Kamp');
INSERT IGNORE INTO Aktor (`nama_lengkap`) VALUES ('Eva Longoria');
INSERT IGNORE INTO Peran VALUES ('Eva Longoria', 'Desperate Housewives', 'Gabrielle Solis');
INSERT IGNORE INTO Aktor (`nama_lengkap`) VALUES ('Ricardo Chavira');
INSERT IGNORE INTO Peran VALUES ('Ricardo Chavira', 'Desperate Housewives', 'Carlos Solis');
INSERT IGNORE INTO Aktor (`nama_lengkap`) VALUES ('Doug Savant');
INSERT IGNORE INTO Peran VALUES ('Doug Savant', 'Desperate Housewives', 'Tom Scavo');
INSERT IGNORE INTO Aktor (`nama_lengkap`) VALUES ('James Denton');
INSERT IGNORE INTO Peran VALUES ('James Denton', 'Desperate Housewives', 'Mike Delfino');
INSERT IGNORE INTO Aktor (`nama_lengkap`) VALUES ('Brenda Strong');
INSERT IGNORE INTO Peran VALUES ('Brenda Strong', 'Desperate Housewives', 'Mary Alice Young');
INSERT IGNORE INTO Aktor (`nama_lengkap`) VALUES ('Vanessa Williams');
INSERT IGNORE INTO Peran VALUES ('Vanessa Williams', 'Desperate Housewives', 'Renee Perry');
INSERT IGNORE INTO Episode VALUES ('Desperate Housewives', 1, 1, 'Pilot', 'Looking down on her friends and family isn''t a way of life for Mary Alice Young. It''s a way of death. One day, in her perfect house, in the loveliest of suburbs, Mary Alice ended it all. Now she''s taking us into the lives of her family, friends and neighbors, commenting from her elevated POV. Her husband''s acting suspicious, the neighbors are talking, and her girlfriends are wondering why one of their own would do something so rash… and so messy.', 43);
INSERT IGNORE INTO Episode VALUES ('Desperate Housewives', 1, 2, 'Ah, But Underneath', 'Mike''s dog pays the price when Edie crashes his dinner date with Susan. Meanwhile, Gabrielle realizes that her lawnboy is taking their fling to heart - and that Carlos may actually be catching on. Also, Bree goads Rex into therapy, where the doctor may be the one who needs the most help. Lynette resorts to drastic measures to keep her kids in line, but it blows up in her face.', 43);
INSERT IGNORE INTO Episode VALUES ('Desperate Housewives', 1, 3, 'Pretty Little Picture', 'The women decide to go ahead with the big dinner party that the late Mary Alice Young had planned to host, despite the more-than-minor disturbances in their own lives. Adulterous Gabrielle finds herself with a nine-year-old blackmailer who catches Gabrielle in the act in her affair with gardener John. Also, Bree struggles to keep her crumbling marriage a secret. Lastly, Susan bares all--in more ways than one--as she confronts her ex.', 43);
INSERT IGNORE INTO Audio VALUES ('Desperate Housewives', 'Jepang');
INSERT IGNORE INTO Audio VALUES ('Desperate Housewives', 'Spanyol');
INSERT IGNORE INTO Audio VALUES ('Desperate Housewives', 'Korea');
INSERT IGNORE INTO Subtitle VALUES ('Desperate Housewives', 'Korea');
INSERT IGNORE INTO Subtitle VALUES ('Desperate Housewives', 'Inggris');
INSERT IGNORE INTO Konten VALUES ('Monk', 'Adrian Monk was once a rising star with the San Francisco Police Department, legendary for using unconventional means to solve the department''s most baffling cases. But after the tragic (and still unsolved) murder of his wife Trudy, he developed an extreme case of obsessive-compulsive disorder. Now working as a private consultant, Monk continues to investigate cases in the most unconventional ways.', 2002, 'TV-14', 'Serial_TV');
INSERT IGNORE INTO Serial_TV VALUES ('Monk', 8);
INSERT IGNORE INTO Genre_Konten VALUES ('Monk', 4);
INSERT IGNORE INTO Genre_Konten VALUES ('Monk', 8);
INSERT IGNORE INTO Genre_Konten VALUES ('Monk', 2);
INSERT IGNORE INTO Genre_Konten VALUES ('Monk', 11);
INSERT IGNORE INTO Aktor (`nama_lengkap`) VALUES ('Tony Shalhoub');
INSERT IGNORE INTO Peran VALUES ('Tony Shalhoub', 'Monk', 'Adrian Monk');
INSERT IGNORE INTO Aktor (`nama_lengkap`) VALUES ('Ted Levine');
INSERT IGNORE INTO Peran VALUES ('Ted Levine', 'Monk', 'Leland Stottlemeyer');
INSERT IGNORE INTO Aktor (`nama_lengkap`) VALUES ('Jason Gray-Stanford');
INSERT IGNORE INTO Peran VALUES ('Jason Gray-Stanford', 'Monk', 'Randall Disher');
INSERT IGNORE INTO Aktor (`nama_lengkap`) VALUES ('Traylor Howard');
INSERT IGNORE INTO Peran VALUES ('Traylor Howard', 'Monk', 'Natalie Teeger');
INSERT IGNORE INTO Episode VALUES ('Monk', 1, 1, 'Mr. Monk Meets the Candidate', 'Monk investigates an assassination attempt on Mayoral Candidate Warren St. Claire and learns there''s more at play than meets the eye.', 79);
INSERT IGNORE INTO Episode VALUES ('Monk', 1, 2, 'Mr. Monk and the Psychic', 'Everyone believes psychic Dolly Flint has accomplished the impossible when she discovers the body of the former Police Commissioner''s missing wife. Everyone except Monk.', 44);
INSERT IGNORE INTO Episode VALUES ('Monk', 1, 3, 'Mr. Monk Meets Dale the Whale', 'An 800-pound recluse, aka Dale the Whale, is the number one suspect in a murder case. But how can a man who can''t even fit through his bedroom door be a murderer?', 45);
INSERT IGNORE INTO Audio VALUES ('Monk', 'Jepang');
INSERT IGNORE INTO Audio VALUES ('Monk', 'Spanyol');
INSERT IGNORE INTO Subtitle VALUES ('Monk', 'Korea');
INSERT IGNORE INTO Subtitle VALUES ('Monk', 'Jepang');
INSERT IGNORE INTO Subtitle VALUES ('Monk', 'Indonesia');
INSERT IGNORE INTO Subtitle VALUES ('Monk', 'Spanyol');
INSERT IGNORE INTO Konten VALUES ('Hawaii Five-0', 'Steve McGarrett returns home to Oahu, in order to find his father''s killer. The governor offers him the chance to run his own task force (Five-0). Steve''s team is joined by Chin Ho Kelly, Danny "Danno" Williams, and Kono Kalakaua.', 2010, 'TV-14', 'Serial_TV');
INSERT IGNORE INTO Serial_TV VALUES ('Hawaii Five-0', 10);
INSERT IGNORE INTO Genre_Konten VALUES ('Hawaii Five-0', 2);
INSERT IGNORE INTO Genre_Konten VALUES ('Hawaii Five-0', 4);
INSERT IGNORE INTO Genre_Konten VALUES ('Hawaii Five-0', 21);
INSERT IGNORE INTO Aktor (`nama_lengkap`) VALUES ('Alex O''Loughlin');
INSERT IGNORE INTO Peran VALUES ('Alex O''Loughlin', 'Hawaii Five-0', 'Steve McGarrett');
INSERT IGNORE INTO Aktor (`nama_lengkap`) VALUES ('Scott Caan');
INSERT IGNORE INTO Peran VALUES ('Scott Caan', 'Hawaii Five-0', 'Danny ''Danno'' Williams');
INSERT IGNORE INTO Aktor (`nama_lengkap`) VALUES ('Ian Anthony Dale');
INSERT IGNORE INTO Peran VALUES ('Ian Anthony Dale', 'Hawaii Five-0', 'Adam Noshimuri');
INSERT IGNORE INTO Aktor (`nama_lengkap`) VALUES ('Meaghan Rath');
INSERT IGNORE INTO Peran VALUES ('Meaghan Rath', 'Hawaii Five-0', 'Tani Rey');
INSERT IGNORE INTO Aktor (`nama_lengkap`) VALUES ('Beulah Koale');
INSERT IGNORE INTO Peran VALUES ('Beulah Koale', 'Hawaii Five-0', 'Junior Reigns');
INSERT IGNORE INTO Aktor (`nama_lengkap`) VALUES ('Dennis Chun');
INSERT IGNORE INTO Peran VALUES ('Dennis Chun', 'Hawaii Five-0', 'Duke Lukela');
INSERT IGNORE INTO Aktor (`nama_lengkap`) VALUES ('Kimee Balmilero');
INSERT IGNORE INTO Peran VALUES ('Kimee Balmilero', 'Hawaii Five-0', 'Dr. Noelani Cunha');
INSERT IGNORE INTO Aktor (`nama_lengkap`) VALUES ('Chi McBride');
INSERT IGNORE INTO Peran VALUES ('Chi McBride', 'Hawaii Five-0', 'Lou Grover');
INSERT IGNORE INTO Aktor (`nama_lengkap`) VALUES ('Taylor Wily');
INSERT IGNORE INTO Peran VALUES ('Taylor Wily', 'Hawaii Five-0', 'Kamekona Tupuola');
INSERT IGNORE INTO Aktor (`nama_lengkap`) VALUES ('Katrina Law');
INSERT IGNORE INTO Peran VALUES ('Katrina Law', 'Hawaii Five-0', 'Quinn Liu');
INSERT IGNORE INTO Episode VALUES ('Hawaii Five-0', 1, 1, 'Pilot', 'Steve McGarrett is summoned home to the island of Honolulu to bury his father after he is murdered by a madman. Governor Jameson wants Steve to head up a new elite police unit and she will give him full authority to get the job done. Initially he turns down the job, but when he meets the man in charge of the unit, he changes his mind.', 45);
INSERT IGNORE INTO Episode VALUES ('Hawaii Five-0', 1, 2, 'Ohana (Family)', 'Following the abduction of a former NSA cyberterrorism expert, the team must rescue the man and prevent a breach of national security.', 43);
INSERT IGNORE INTO Episode VALUES ('Hawaii Five-0', 1, 3, 'Malama Ka Aina (Respect the Land)', 'An escalating gang war spills into the stands of a high-school football game, killing several people; an unlikely partnership arises.', 41);
INSERT IGNORE INTO Audio VALUES ('Hawaii Five-0', 'Indonesia');
INSERT IGNORE INTO Subtitle VALUES ('Hawaii Five-0', 'Indonesia');
INSERT IGNORE INTO Subtitle VALUES ('Hawaii Five-0', 'Spanyol');
INSERT IGNORE INTO Konten VALUES ('Malice', 'A charming tutor infiltrates a wealthy family''s life, revealing a sinister agenda.', 2025, 'TV-MA', 'Serial_TV');
INSERT IGNORE INTO Serial_TV VALUES ('Malice', 1);
INSERT IGNORE INTO Genre_Konten VALUES ('Malice', 4);
INSERT IGNORE INTO Genre_Konten VALUES ('Malice', 11);
INSERT IGNORE INTO Aktor (`nama_lengkap`) VALUES ('Jack Whitehall');
INSERT IGNORE INTO Peran VALUES ('Jack Whitehall', 'Malice', 'Adam Healey');
INSERT IGNORE INTO Aktor (`nama_lengkap`) VALUES ('David Duchovny');
INSERT IGNORE INTO Peran VALUES ('David Duchovny', 'Malice', 'Jamie Tanner');
INSERT IGNORE INTO Aktor (`nama_lengkap`) VALUES ('Carice van Houten');
INSERT IGNORE INTO Peran VALUES ('Carice van Houten', 'Malice', 'Nat Tanner');
INSERT IGNORE INTO Aktor (`nama_lengkap`) VALUES ('Harry Gilby');
INSERT IGNORE INTO Peran VALUES ('Harry Gilby', 'Malice', 'Kit Tanner');
INSERT IGNORE INTO Aktor (`nama_lengkap`) VALUES ('Teddie Allen');
INSERT IGNORE INTO Peran VALUES ('Teddie Allen', 'Malice', 'April Tanner');
INSERT IGNORE INTO Aktor (`nama_lengkap`) VALUES ('Phoenix Laroche');
INSERT IGNORE INTO Peran VALUES ('Phoenix Laroche', 'Malice', 'Dexter Tanner');
INSERT IGNORE INTO Episode VALUES ('Malice', 1, 1, 'Episode 1', 'It’s just another luxury Greek holiday for the Tanner family – until their friends’ tutor charms his way into their lives.', 53);
INSERT IGNORE INTO Episode VALUES ('Malice', 1, 2, 'Episode 2', 'Adam is everything the Tanner family needs. When their nanny suddenly falls ill and is rushed to hospital, he sees an opportunity.', 46);
INSERT IGNORE INTO Episode VALUES ('Malice', 1, 3, 'Episode 3', 'Adam moves into the Tanners’ London home and gets to work stoking jealousy and paranoia between Jamie and Nat. But Damian and Jules smell a rat.', 48);
INSERT IGNORE INTO Audio VALUES ('Malice', 'Indonesia');
INSERT IGNORE INTO Audio VALUES ('Malice', 'Inggris');
INSERT IGNORE INTO Subtitle VALUES ('Malice', 'Spanyol');
INSERT IGNORE INTO Subtitle VALUES ('Malice', 'Inggris');
INSERT IGNORE INTO Konten VALUES ('SPY x FAMILY', 'A spy, an assassin and a telepath come together to pose as a family, each for their own reasons, while hiding their true identities from each other.', 2022, 'TV-14', 'Serial_TV');
INSERT IGNORE INTO Serial_TV VALUES ('SPY x FAMILY', 3);
INSERT IGNORE INTO Genre_Konten VALUES ('SPY x FAMILY', 12);
INSERT IGNORE INTO Genre_Konten VALUES ('SPY x FAMILY', 8);
INSERT IGNORE INTO Genre_Konten VALUES ('SPY x FAMILY', 21);
INSERT IGNORE INTO Aktor (`nama_lengkap`) VALUES ('Takuya Eguchi');
INSERT IGNORE INTO Peran VALUES ('Takuya Eguchi', 'SPY x FAMILY', 'Loid Forger (voice)');
INSERT IGNORE INTO Aktor (`nama_lengkap`) VALUES ('Atsumi Tanezaki');
INSERT IGNORE INTO Peran VALUES ('Atsumi Tanezaki', 'SPY x FAMILY', 'Anya Forger (voice)');
INSERT IGNORE INTO Aktor (`nama_lengkap`) VALUES ('Saori Hayami');
INSERT IGNORE INTO Peran VALUES ('Saori Hayami', 'SPY x FAMILY', 'Yor Forger (voice)');
INSERT IGNORE INTO Aktor (`nama_lengkap`) VALUES ('Kenichirou Matsuda');
INSERT IGNORE INTO Peran VALUES ('Kenichirou Matsuda', 'SPY x FAMILY', 'Bond Forger (voice)');
INSERT IGNORE INTO Episode VALUES ('SPY x FAMILY', 1, 1, 'OPERATION STRIX', 'Twilight is an agent that works for WISE, Westalis''s intelligence agency, and he is tasked with investigating Desmond, who is in Ostania and planning to start a war. Twilight disguises himself as the psychiatrist Loid Forger and adopts a girl named Anya so that he can enroll her into the prestigious Eden College to get closer to his target. Unbeknownst to him, Anya is actually a telepath who can read people''s minds. One day, members of a mafia group that is after Twilight kidnaps Anya. Loid realizes that he needs to reconsider his priorities and...', 25);
INSERT IGNORE INTO Episode VALUES ('SPY x FAMILY', 1, 2, 'SECURE A WIFE', 'Civil servant Yor Briar has a secret identity: an assassin named the Thorn Princess. Lately, single women had been suspected of being spies, which was making Yor nervous. Meanwhile, Loid was searching for someone to play Anya''s mother so they could attend the interview at Eden College. He just happens to run into Yor at a boutique. Anya reads Yor''s mind and finds out that she''s an assassin and tries to get Loid to ask Yor to play her mother.', 25);
INSERT IGNORE INTO Episode VALUES ('SPY x FAMILY', 1, 3, 'PREPARE FOR THE INTERVIEW', 'Yor moves in with Loid and Anya. Now that they are a family, they need to prepare for the interview. But Loid realizes with how Anya and Yor currently are, the interview probably won''t go well. In order to make sure they all understand how an upper-class family should be, Loid decides that they should all go out as a family. They go to the theatre and a museum, but it''s just not clicking with Anya and Yor. Twilight begins to lose hope, but...', 25);
INSERT IGNORE INTO Audio VALUES ('SPY x FAMILY', 'Spanyol');
INSERT IGNORE INTO Audio VALUES ('SPY x FAMILY', 'Jepang');
INSERT IGNORE INTO Subtitle VALUES ('SPY x FAMILY', 'Korea');
INSERT IGNORE INTO Subtitle VALUES ('SPY x FAMILY', 'Inggris');
INSERT IGNORE INTO Subtitle VALUES ('SPY x FAMILY', 'Spanyol');
INSERT IGNORE INTO Konten VALUES ('Kuruluş Osman', 'The life of Osman Bey, the son of Ertuğrul and the founder of the Ottoman Empire, as he established and controlled it, facing internal and external struggles against Byzantium and the Mongol Ilkhanate.', 2019, 'TV-14', 'Serial_TV');
INSERT IGNORE INTO Serial_TV VALUES ('Kuruluş Osman', 6);
INSERT IGNORE INTO Genre_Konten VALUES ('Kuruluş Osman', 22);
INSERT IGNORE INTO Genre_Konten VALUES ('Kuruluş Osman', 21);
INSERT IGNORE INTO Genre_Konten VALUES ('Kuruluş Osman', 4);
INSERT IGNORE INTO Aktor (`nama_lengkap`) VALUES ('Burak Özçivit');
INSERT IGNORE INTO Peran VALUES ('Burak Özçivit', 'Kuruluş Osman', 'Osman Bey');
INSERT IGNORE INTO Aktor (`nama_lengkap`) VALUES ('Özge Törer');
INSERT IGNORE INTO Peran VALUES ('Özge Törer', 'Kuruluş Osman', 'Bala Hatun');
INSERT IGNORE INTO Aktor (`nama_lengkap`) VALUES ('Emre Bey');
INSERT IGNORE INTO Peran VALUES ('Emre Bey', 'Kuruluş Osman', 'Orhan Bey');
INSERT IGNORE INTO Aktor (`nama_lengkap`) VALUES ('Ecem Sena Bayır');
INSERT IGNORE INTO Peran VALUES ('Ecem Sena Bayır', 'Kuruluş Osman', 'Holofira');
INSERT IGNORE INTO Aktor (`nama_lengkap`) VALUES ('Ömer Faruk Aran');
INSERT IGNORE INTO Peran VALUES ('Ömer Faruk Aran', 'Kuruluş Osman', 'Alaeddin Bey');
INSERT IGNORE INTO Aktor (`nama_lengkap`) VALUES ('Belgin Şimşek');
INSERT IGNORE INTO Peran VALUES ('Belgin Şimşek', 'Kuruluş Osman', 'Gonca Hatun');
INSERT IGNORE INTO Aktor (`nama_lengkap`) VALUES ('Leya Kırşan');
INSERT IGNORE INTO Peran VALUES ('Leya Kırşan', 'Kuruluş Osman', 'Fatma Melek Hatun');
INSERT IGNORE INTO Aktor (`nama_lengkap`) VALUES ('Yiğit Uçan');
INSERT IGNORE INTO Peran VALUES ('Yiğit Uçan', 'Kuruluş Osman', 'Boran Alp');
INSERT IGNORE INTO Aktor (`nama_lengkap`) VALUES ('Çağrı Şensoy');
INSERT IGNORE INTO Peran VALUES ('Çağrı Şensoy', 'Kuruluş Osman', 'Cerkutay');
INSERT IGNORE INTO Aktor (`nama_lengkap`) VALUES ('Begüm Çağla Taşkın');
INSERT IGNORE INTO Peran VALUES ('Begüm Çağla Taşkın', 'Kuruluş Osman', 'Ulgen Hatun');
INSERT IGNORE INTO Episode VALUES ('Kuruluş Osman', 1, 1, 'Establishment of Osman', 'Osman began his journey by forming a friendship with Yorgopolos and the Kayi tribe expanded its influence further during the reign of Osman Ghazi, but some problems will hinder Osman and he must solve it.', 142);
INSERT IGNORE INTO Episode VALUES ('Kuruluş Osman', 1, 2, 'Time for Establishment', 'The appearance of Adbali and his daughter, Bamsi bid farewell to his son Ibars, while sedition began to appear in the horizon between the Kayi tribe and the castle after the killing of Yorgopolos and Sofia accused Osman of killing him.', 123);
INSERT IGNORE INTO Episode VALUES ('Kuruluş Osman', 1, 3, 'The Fire of Establishment', 'Seeing Helen and Sofia running down the aisle, Kalanoz went after her, suspecting her murder partner, Sofia, of getting involved in other things. Osman captured Teokles and the front of Theebali was blocked by Akca Dervis, Pehlivan and Zulfikar Dervis. After the trio, Bala Hatun took Osman to Edebali. I wonder what Edebali will tell Osman. What kind of plan will Dundar and Batur plan to plan for Dundar, whose daughter was kidnapped, and Zohre, who saw Osman as responsible for these events? What''s the big surprise waiting for Kalanoz, who''s going after Sofia and Helen.', 125);
INSERT IGNORE INTO Audio VALUES ('Kuruluş Osman', 'Inggris');
INSERT IGNORE INTO Subtitle VALUES ('Kuruluş Osman', 'Inggris');
INSERT IGNORE INTO Konten VALUES ('Smiling Friends', 'Smiling Friends Inc. is a small company whose main purpose is to bring happiness and make people smile. The series follows the day-to-day lives and misadventures of its representatives, the lazy, cynical Charlie, and the cheerful, optimistic Pim, as they try to cheer up and comfort the troubled people who call their company''s hotline. They receive seemingly simple requests but the jobs turn out to be more complicated than they seem, making it difficult to bring happiness to the world.', 2020, 'TV-MA', 'Serial_TV');
INSERT IGNORE INTO Serial_TV VALUES ('Smiling Friends', 3);
INSERT IGNORE INTO Genre_Konten VALUES ('Smiling Friends', 12);
INSERT IGNORE INTO Genre_Konten VALUES ('Smiling Friends', 8);
INSERT IGNORE INTO Aktor (`nama_lengkap`) VALUES ('Michael Cusack');
INSERT IGNORE INTO Peran VALUES ('Michael Cusack', 'Smiling Friends', 'Pim Pimling / Allan Red (voice)');
INSERT IGNORE INTO Aktor (`nama_lengkap`) VALUES ('Zach Hadel');
INSERT IGNORE INTO Peran VALUES ('Zach Hadel', 'Smiling Friends', 'Charlie Dompler / Glep (voice)');
INSERT IGNORE INTO Aktor (`nama_lengkap`) VALUES ('Marc Moceri');
INSERT IGNORE INTO Peran VALUES ('Marc Moceri', 'Smiling Friends', 'Mr. Boss (voice)');
INSERT IGNORE INTO Episode VALUES ('Smiling Friends', 1, 1, 'Desmond''s Big Day Out', 'A small company dedicated to bringing happiness to the world receives a simple request to help a woman''s unhappy son smile again, but the job turns out to be more complicated than it seems.', 12);
INSERT IGNORE INTO Episode VALUES ('Smiling Friends', 1, 2, 'Mr. Frog', 'After beloved frog celebrity Mr. Frog gets into hot frog water, Pim and Charlie are tasked with helping the frog get things back on frog track. Meanwhile, Glep has a crazy side adventure that has the critics going wild.', 12);
INSERT IGNORE INTO Episode VALUES ('Smiling Friends', 1, 3, 'Shrimp''s Odyssey', 'When a truly pathetic shrimp calls the Smiling Friends hotline after being dumped by his true love, Shrimpina, Pim and Charlie have very different ideas about how to handle the situation.', 12);
INSERT IGNORE INTO Audio VALUES ('Smiling Friends', 'Jepang');
INSERT IGNORE INTO Audio VALUES ('Smiling Friends', 'Inggris');
INSERT IGNORE INTO Subtitle VALUES ('Smiling Friends', 'Indonesia');
INSERT IGNORE INTO Subtitle VALUES ('Smiling Friends', 'Jepang');
INSERT IGNORE INTO Subtitle VALUES ('Smiling Friends', 'Spanyol');
INSERT IGNORE INTO Konten VALUES ('Talamasca: The Secret Order', 'Guy Anatole joins the clandestine world of the Talamasca, an international spy agency for the immortal universe, as he searches for answers to his family''s own part in the supernatural world.', 2025, 'TV-MA', 'Serial_TV');
INSERT IGNORE INTO Serial_TV VALUES ('Talamasca: The Secret Order', 1);
INSERT IGNORE INTO Genre_Konten VALUES ('Talamasca: The Secret Order', 23);
INSERT IGNORE INTO Aktor (`nama_lengkap`) VALUES ('Nicholas Denton');
INSERT IGNORE INTO Peran VALUES ('Nicholas Denton', 'Talamasca: The Secret Order', 'Guy Anatole');
INSERT IGNORE INTO Aktor (`nama_lengkap`) VALUES ('Celine Buckens');
INSERT IGNORE INTO Peran VALUES ('Celine Buckens', 'Talamasca: The Secret Order', 'Doris');
INSERT IGNORE INTO Aktor (`nama_lengkap`) VALUES ('Maisie Richardson-Sellers');
INSERT IGNORE INTO Peran VALUES ('Maisie Richardson-Sellers', 'Talamasca: The Secret Order', 'Olive');
INSERT IGNORE INTO Aktor (`nama_lengkap`) VALUES ('William Fichtner');
INSERT IGNORE INTO Peran VALUES ('William Fichtner', 'Talamasca: The Secret Order', 'Jasper');
INSERT IGNORE INTO Aktor (`nama_lengkap`) VALUES ('Elizabeth McGovern');
INSERT IGNORE INTO Peran VALUES ('Elizabeth McGovern', 'Talamasca: The Secret Order', 'Helen');
INSERT IGNORE INTO Aktor (`nama_lengkap`) VALUES ('Ahmad Sakhi');
INSERT IGNORE INTO Peran VALUES ('Ahmad Sakhi', 'Talamasca: The Secret Order', 'Constable');
INSERT IGNORE INTO Aktor (`nama_lengkap`) VALUES ('Chidi Ajufo');
INSERT IGNORE INTO Peran VALUES ('Chidi Ajufo', 'Talamasca: The Secret Order', 'Von');
INSERT IGNORE INTO Episode VALUES ('Talamasca: The Secret Order', 1, 1, 'We Watch. And We Are Always There.', 'Guy is recruited to join a top-secret spy organization for the supernatural world. He must choose between his old life in the ordinary world and a new life as an undercover spy. Helen deals with trouble at the New York Mother House.', 54);
INSERT IGNORE INTO Episode VALUES ('Talamasca: The Secret Order', 1, 2, 'A Wilderness of Mirrors', 'Guy joins the Talamasca, leaving his old life as a lawyer behind. Helen trains him on the ins and outs of undercover work. Guy is sent to London on his first mission - to follow a mysterious hit man.', 46);
INSERT IGNORE INTO Episode VALUES ('Talamasca: The Secret Order', 1, 3, 'The Task at Hand', 'Guy questions his trust in Helen and the Talamasca in the wake of a dangerous mission. Helen tells Guy the story of the Seven Five Two and its place in the history of the supernatural world. New information comes to light.', 51);
INSERT IGNORE INTO Audio VALUES ('Talamasca: The Secret Order', 'Indonesia');
INSERT IGNORE INTO Subtitle VALUES ('Talamasca: The Secret Order', 'Inggris');
INSERT IGNORE INTO Konten VALUES ('You', 'A dangerously charming, intensely obsessive young man goes to extreme measures to insert himself into the lives of those he is transfixed by.', 2018, 'TV-MA', 'Serial_TV');
INSERT IGNORE INTO Serial_TV VALUES ('You', 5);
INSERT IGNORE INTO Genre_Konten VALUES ('You', 2);
INSERT IGNORE INTO Aktor (`nama_lengkap`) VALUES ('Penn Badgley');
INSERT IGNORE INTO Peran VALUES ('Penn Badgley', 'You', 'Joe Goldberg');
INSERT IGNORE INTO Aktor (`nama_lengkap`) VALUES ('Charlotte Ritchie');
INSERT IGNORE INTO Peran VALUES ('Charlotte Ritchie', 'You', 'Kate Galvin');
INSERT IGNORE INTO Aktor (`nama_lengkap`) VALUES ('Griffin Matthews');
INSERT IGNORE INTO Peran VALUES ('Griffin Matthews', 'You', 'Teddy Lockwood');
INSERT IGNORE INTO Aktor (`nama_lengkap`) VALUES ('Anna Camp');
INSERT IGNORE INTO Peran VALUES ('Anna Camp', 'You', 'Maddie Lockwood / Reagan Lockwood');
INSERT IGNORE INTO Aktor (`nama_lengkap`) VALUES ('Madeline Brewer');
INSERT IGNORE INTO Peran VALUES ('Madeline Brewer', 'You', 'Louise Flannery');
INSERT IGNORE INTO Episode VALUES ('You', 1, 1, 'Pilot', 'A charming first encounter quickly turns into something more nefarious when bookstore manager Joe takes a very strong liking to grad student Beck.', 49);
INSERT IGNORE INTO Episode VALUES ('You', 1, 2, 'The Last Nice Guy in New York', 'As Beck deals with unwanted advances from her advisor, she brings Joe to Peach’s high society soiree. Joe tries to navigate matters with Benji.', 46);
INSERT IGNORE INTO Episode VALUES ('You', 1, 3, 'Maybe', 'Beck’s continued casual encounters catch Joe off guard, as does a run-in with the police. Both make him realize a key situation must be dealt with.', 43);
INSERT IGNORE INTO Audio VALUES ('You', 'Korea');
INSERT IGNORE INTO Audio VALUES ('You', 'Jepang');
INSERT IGNORE INTO Subtitle VALUES ('You', 'Korea');
INSERT IGNORE INTO Subtitle VALUES ('You', 'Indonesia');
INSERT IGNORE INTO Subtitle VALUES ('You', 'Spanyol');
INSERT IGNORE INTO Subtitle VALUES ('You', 'Jepang');
INSERT IGNORE INTO Konten VALUES ('Frieren: Beyond Journey''s End', 'Decades after her party defeated the Demon King, an old friend''s funeral launches the elf wizard Frieren on a journey of self-discovery.', 2023, 'R', 'Serial_TV');
INSERT IGNORE INTO Serial_TV VALUES ('Frieren: Beyond Journey''s End', 2);
INSERT IGNORE INTO Genre_Konten VALUES ('Frieren: Beyond Journey''s End', 12);
INSERT IGNORE INTO Genre_Konten VALUES ('Frieren: Beyond Journey''s End', 21);
INSERT IGNORE INTO Genre_Konten VALUES ('Frieren: Beyond Journey''s End', 4);
INSERT IGNORE INTO Genre_Konten VALUES ('Frieren: Beyond Journey''s End', 23);
INSERT IGNORE INTO Aktor (`nama_lengkap`) VALUES ('Atsumi Tanezaki');
INSERT IGNORE INTO Peran VALUES ('Atsumi Tanezaki', 'Frieren: Beyond Journey''s End', 'Frieren (voice)');
INSERT IGNORE INTO Aktor (`nama_lengkap`) VALUES ('Kana Ichinose');
INSERT IGNORE INTO Peran VALUES ('Kana Ichinose', 'Frieren: Beyond Journey''s End', 'Fern (voice)');
INSERT IGNORE INTO Aktor (`nama_lengkap`) VALUES ('Chiaki Kobayashi');
INSERT IGNORE INTO Peran VALUES ('Chiaki Kobayashi', 'Frieren: Beyond Journey''s End', 'Stark (voice)');
INSERT IGNORE INTO Aktor (`nama_lengkap`) VALUES ('Nobuhiko Okamoto');
INSERT IGNORE INTO Peran VALUES ('Nobuhiko Okamoto', 'Frieren: Beyond Journey''s End', 'Himmel (voice)');
INSERT IGNORE INTO Aktor (`nama_lengkap`) VALUES ('Hiroki Touchi');
INSERT IGNORE INTO Peran VALUES ('Hiroki Touchi', 'Frieren: Beyond Journey''s End', 'Heiter (voice)');
INSERT IGNORE INTO Aktor (`nama_lengkap`) VALUES ('Yoji Ueda');
INSERT IGNORE INTO Peran VALUES ('Yoji Ueda', 'Frieren: Beyond Journey''s End', 'Eisen (voice)');
INSERT IGNORE INTO Episode VALUES ('Frieren: Beyond Journey''s End', 1, 1, 'The Journey''s End', 'The world celebrates the Demon King''s defeat at the hands of the Hero and his companions. Now that their great adventure is over, what will Frieren the mage do next?', 26);
INSERT IGNORE INTO Episode VALUES ('Frieren: Beyond Journey''s End', 1, 2, 'It Didn''t Have to Be Magic...', 'Frieren instructs Fern in the use of magic while deciphering a grimoire for Heiter.', 26);
INSERT IGNORE INTO Episode VALUES ('Frieren: Beyond Journey''s End', 1, 3, 'Killing Magic', 'While retracing the path she took on her adventure with her former traveling companions, Frieren confronts an old enemy.', 25);
INSERT IGNORE INTO Audio VALUES ('Frieren: Beyond Journey''s End', 'Inggris');
INSERT IGNORE INTO Audio VALUES ('Frieren: Beyond Journey''s End', 'Indonesia');
INSERT IGNORE INTO Subtitle VALUES ('Frieren: Beyond Journey''s End', 'Korea');
INSERT IGNORE INTO Subtitle VALUES ('Frieren: Beyond Journey''s End', 'Inggris');
INSERT IGNORE INTO Subtitle VALUES ('Frieren: Beyond Journey''s End', 'Jepang');
INSERT IGNORE INTO Konten VALUES ('Tagesschau', 'German daily news program, the oldest still existing program on German television.', 1952, 'NR', 'Serial_TV');
INSERT IGNORE INTO Serial_TV VALUES ('Tagesschau', 74);
INSERT IGNORE INTO Genre_Konten VALUES ('Tagesschau', 25);
INSERT IGNORE INTO Episode VALUES ('Tagesschau', 1, 1, 'Episode 1', '', 15);
INSERT IGNORE INTO Episode VALUES ('Tagesschau', 1, 2, 'Episode 2', '', 15);
INSERT IGNORE INTO Episode VALUES ('Tagesschau', 1, 3, 'Episode 3', '', 15);
INSERT IGNORE INTO Audio VALUES ('Tagesschau', 'Korea');
INSERT IGNORE INTO Audio VALUES ('Tagesschau', 'Inggris');
INSERT IGNORE INTO Subtitle VALUES ('Tagesschau', 'Jepang');
INSERT IGNORE INTO Subtitle VALUES ('Tagesschau', 'Spanyol');
INSERT IGNORE INTO Subtitle VALUES ('Tagesschau', 'Korea');
INSERT IGNORE INTO Subtitle VALUES ('Tagesschau', 'Indonesia');
INSERT IGNORE INTO Konten VALUES ('Mayor of Kingstown', 'In a small Michigan town where the business of incarceration is the only thriving industry, the McClusky family are the power brokers between the police, criminals, inmates, prison guards and politicians in a city completely dependent on prisons and the prisoners they contain.', 2021, 'TV-MA', 'Serial_TV');
INSERT IGNORE INTO Serial_TV VALUES ('Mayor of Kingstown', 4);
INSERT IGNORE INTO Genre_Konten VALUES ('Mayor of Kingstown', 4);
INSERT IGNORE INTO Genre_Konten VALUES ('Mayor of Kingstown', 2);
INSERT IGNORE INTO Aktor (`nama_lengkap`) VALUES ('Jeremy Renner');
INSERT IGNORE INTO Peran VALUES ('Jeremy Renner', 'Mayor of Kingstown', 'Mike McLusky');
INSERT IGNORE INTO Aktor (`nama_lengkap`) VALUES ('Hugh Dillon');
INSERT IGNORE INTO Peran VALUES ('Hugh Dillon', 'Mayor of Kingstown', 'Ian Ferguson');
INSERT IGNORE INTO Aktor (`nama_lengkap`) VALUES ('Tobi Bamtefa');
INSERT IGNORE INTO Peran VALUES ('Tobi Bamtefa', 'Mayor of Kingstown', 'Deverin ''Bunny'' Washington');
INSERT IGNORE INTO Aktor (`nama_lengkap`) VALUES ('Taylor Handley');
INSERT IGNORE INTO Peran VALUES ('Taylor Handley', 'Mayor of Kingstown', 'Kyle McClusky');
INSERT IGNORE INTO Aktor (`nama_lengkap`) VALUES ('Derek Webster');
INSERT IGNORE INTO Peran VALUES ('Derek Webster', 'Mayor of Kingstown', 'Stevie');
INSERT IGNORE INTO Aktor (`nama_lengkap`) VALUES ('Hamish Allan-Headley');
INSERT IGNORE INTO Peran VALUES ('Hamish Allan-Headley', 'Mayor of Kingstown', 'Robert Sawyer');
INSERT IGNORE INTO Aktor (`nama_lengkap`) VALUES ('Edie Falco');
INSERT IGNORE INTO Peran VALUES ('Edie Falco', 'Mayor of Kingstown', 'Warden Nina Hobbs');
INSERT IGNORE INTO Aktor (`nama_lengkap`) VALUES ('Lennie James');
INSERT IGNORE INTO Peran VALUES ('Lennie James', 'Mayor of Kingstown', 'Frank Moses');
INSERT IGNORE INTO Aktor (`nama_lengkap`) VALUES ('Laura Benanti');
INSERT IGNORE INTO Peran VALUES ('Laura Benanti', 'Mayor of Kingstown', 'Cindy Stephens');
INSERT IGNORE INTO Aktor (`nama_lengkap`) VALUES ('Necar Zadegan');
INSERT IGNORE INTO Peran VALUES ('Necar Zadegan', 'Mayor of Kingstown', 'Assistant D.A. Evelyn Foley');
INSERT IGNORE INTO Episode VALUES ('Mayor of Kingstown', 1, 1, 'The Mayor of Kingstown', 'Brothers Mitch and Mike McLusky navigate Kingstown, home to multiple prisons, as they act as the liaisons between prisoners and the community. When a young guard, Sam, is set up to deliver a letter for a prisoner, Mike works to get him off the hook.', 66);
INSERT IGNORE INTO Episode VALUES ('Mayor of Kingstown', 1, 2, 'The End Begins', 'Local gang leader, Bunny is upset when one of his guys gets taken off the yard. Mike brokers a deal, and is later visited by two FBI agents whom Mitch worked for. Milo has instructions for Josef on how to get closer to Mike.', 50);
INSERT IGNORE INTO Episode VALUES ('Mayor of Kingstown', 1, 3, 'Simply Murder', 'After a tragic accident has deadly consequences, an all-out manhunt ensues. Meanwhile, Mike reaches out to a former prison contact.', 55);
INSERT IGNORE INTO Audio VALUES ('Mayor of Kingstown', 'Korea');
INSERT IGNORE INTO Subtitle VALUES ('Mayor of Kingstown', 'Jepang');
INSERT IGNORE INTO Subtitle VALUES ('Mayor of Kingstown', 'Indonesia');
INSERT IGNORE INTO Konten VALUES ('How I Met Your Mother', 'A father recounts to his children - through a series of flashbacks - the journey he and his four best friends took leading up to him meeting their mother.', 2005, 'TV-14', 'Serial_TV');
INSERT IGNORE INTO Serial_TV VALUES ('How I Met Your Mother', 9);
INSERT IGNORE INTO Genre_Konten VALUES ('How I Met Your Mother', 8);
INSERT IGNORE INTO Aktor (`nama_lengkap`) VALUES ('Josh Radnor');
INSERT IGNORE INTO Peran VALUES ('Josh Radnor', 'How I Met Your Mother', 'Ted Mosby');
INSERT IGNORE INTO Aktor (`nama_lengkap`) VALUES ('Neil Patrick Harris');
INSERT IGNORE INTO Peran VALUES ('Neil Patrick Harris', 'How I Met Your Mother', 'Barney Stinson');
INSERT IGNORE INTO Aktor (`nama_lengkap`) VALUES ('Jason Segel');
INSERT IGNORE INTO Peran VALUES ('Jason Segel', 'How I Met Your Mother', 'Marshall Eriksen');
INSERT IGNORE INTO Aktor (`nama_lengkap`) VALUES ('Alyson Hannigan');
INSERT IGNORE INTO Peran VALUES ('Alyson Hannigan', 'How I Met Your Mother', 'Lily Aldrin');
INSERT IGNORE INTO Aktor (`nama_lengkap`) VALUES ('Cobie Smulders');
INSERT IGNORE INTO Peran VALUES ('Cobie Smulders', 'How I Met Your Mother', 'Robin Scherbatsky');
INSERT IGNORE INTO Aktor (`nama_lengkap`) VALUES ('Cristin Milioti');
INSERT IGNORE INTO Peran VALUES ('Cristin Milioti', 'How I Met Your Mother', 'Tracy McConnell');
INSERT IGNORE INTO Episode VALUES ('How I Met Your Mother', 1, 1, 'Pilot', 'When Ted''s best friend Marshall proposes to his girlfriend, Lily, Ted realizes he''d better get a move on if he hopes to find true love. Ted soon meets Robin in a neighborhood bar, immediately becomes smitten and scores a first date. But when Ted can hardly wait to see her again, his eagerness threatens to scare her away.', 23);
INSERT IGNORE INTO Episode VALUES ('How I Met Your Mother', 1, 2, 'Purple Giraffe', 'In a desperate attempt for a second date, Ted invites Robin to a party he is throwing. However, she doesn''t show up and he keeps throwing parties in the hopes she will finally arrive.', 23);
INSERT IGNORE INTO Episode VALUES ('How I Met Your Mother', 1, 3, 'Sweet Taste of Liberty', 'Ted agrees to let Barney spice up his love life, and ends up on a crazy adventure of flying to Philadelphia, encountering the law and visiting the Liberty Bell.', 21);
INSERT IGNORE INTO Audio VALUES ('How I Met Your Mother', 'Jepang');
INSERT IGNORE INTO Subtitle VALUES ('How I Met Your Mother', 'Korea');
INSERT IGNORE INTO Subtitle VALUES ('How I Met Your Mother', 'Spanyol');
INSERT IGNORE INTO Subtitle VALUES ('How I Met Your Mother', 'Jepang');
INSERT IGNORE INTO Subtitle VALUES ('How I Met Your Mother', 'Indonesia');
INSERT IGNORE INTO Konten VALUES ('Открытый брак', '', 2023, 'NR', 'Serial_TV');
INSERT IGNORE INTO Serial_TV VALUES ('Открытый брак', 2);
INSERT IGNORE INTO Aktor (`nama_lengkap`) VALUES ('Marina Aleksandrova');
INSERT IGNORE INTO Peran VALUES ('Marina Aleksandrova', 'Открытый брак', '');
INSERT IGNORE INTO Aktor (`nama_lengkap`) VALUES ('Anton Vasilyev');
INSERT IGNORE INTO Peran VALUES ('Anton Vasilyev', 'Открытый брак', '');
INSERT IGNORE INTO Aktor (`nama_lengkap`) VALUES ('Vladimir Yaglych');
INSERT IGNORE INTO Peran VALUES ('Vladimir Yaglych', 'Открытый брак', '');
INSERT IGNORE INTO Aktor (`nama_lengkap`) VALUES ('Polina Maksimova');
INSERT IGNORE INTO Peran VALUES ('Polina Maksimova', 'Открытый брак', '');
INSERT IGNORE INTO Aktor (`nama_lengkap`) VALUES ('Gosha Kutsenko');
INSERT IGNORE INTO Peran VALUES ('Gosha Kutsenko', 'Открытый брак', '');
INSERT IGNORE INTO Aktor (`nama_lengkap`) VALUES ('Yuliya Gavrilina');
INSERT IGNORE INTO Peran VALUES ('Yuliya Gavrilina', 'Открытый брак', '');
INSERT IGNORE INTO Aktor (`nama_lengkap`) VALUES ('Konstantin Kryukov');
INSERT IGNORE INTO Peran VALUES ('Konstantin Kryukov', 'Открытый брак', '');
INSERT IGNORE INTO Aktor (`nama_lengkap`) VALUES ('Sofia Lebedeva');
INSERT IGNORE INTO Peran VALUES ('Sofia Lebedeva', 'Открытый брак', '');
INSERT IGNORE INTO Aktor (`nama_lengkap`) VALUES ('Kirill Pletnyov');
INSERT IGNORE INTO Peran VALUES ('Kirill Pletnyov', 'Открытый брак', '');
INSERT IGNORE INTO Aktor (`nama_lengkap`) VALUES ('Ksenia Katalymova');
INSERT IGNORE INTO Peran VALUES ('Ksenia Katalymova', 'Открытый брак', '');
INSERT IGNORE INTO Episode VALUES ('Открытый брак', 1, 1, 'Episode 1', '', 45);
INSERT IGNORE INTO Episode VALUES ('Открытый брак', 1, 2, 'Episode 2', '', 45);
INSERT IGNORE INTO Episode VALUES ('Открытый брак', 1, 3, 'Episode 3', '', 45);
INSERT IGNORE INTO Audio VALUES ('Открытый брак', 'Indonesia');
INSERT IGNORE INTO Subtitle VALUES ('Открытый брак', 'Spanyol');
INSERT IGNORE INTO Subtitle VALUES ('Открытый брак', 'Jepang');
INSERT IGNORE INTO Subtitle VALUES ('Открытый брак', 'Korea');
INSERT IGNORE INTO Subtitle VALUES ('Открытый брак', 'Inggris');
INSERT IGNORE INTO Konten VALUES ('The X-Files', 'The exploits of FBI Special Agents Fox Mulder and Dana Scully who investigate X-Files: marginalized, unsolved cases involving paranormal phenomena. Mulder believes in the existence of aliens and the paranormal while Scully, a skeptic, is assigned to make scientific analyses of Mulder''s discoveries that debunk Mulder''s work and thus return him to mainstream cases.', 1993, 'TV-14', 'Serial_TV');
INSERT IGNORE INTO Serial_TV VALUES ('The X-Files', 11);
INSERT IGNORE INTO Genre_Konten VALUES ('The X-Files', 11);
INSERT IGNORE INTO Genre_Konten VALUES ('The X-Files', 23);
INSERT IGNORE INTO Genre_Konten VALUES ('The X-Files', 2);
INSERT IGNORE INTO Aktor (`nama_lengkap`) VALUES ('David Duchovny');
INSERT IGNORE INTO Peran VALUES ('David Duchovny', 'The X-Files', 'Fox Mulder');
INSERT IGNORE INTO Aktor (`nama_lengkap`) VALUES ('Gillian Anderson');
INSERT IGNORE INTO Peran VALUES ('Gillian Anderson', 'The X-Files', 'Dana Scully');
INSERT IGNORE INTO Aktor (`nama_lengkap`) VALUES ('Mitch Pileggi');
INSERT IGNORE INTO Peran VALUES ('Mitch Pileggi', 'The X-Files', 'Walter Skinner');
INSERT IGNORE INTO Aktor (`nama_lengkap`) VALUES ('William B. Davis');
INSERT IGNORE INTO Peran VALUES ('William B. Davis', 'The X-Files', '');
INSERT IGNORE INTO Episode VALUES ('The X-Files', 1, 1, 'Pilot', 'Agent Dana Scully is assigned to work with Agent Fox Mulder on the X-Files in an attempt to debunk his work on the paranormal. Their first case takes them to Oregon to investigate the unsolved murders of several high-school classmates.', 49);
INSERT IGNORE INTO Episode VALUES ('The X-Files', 1, 2, 'Deep Throat', 'Mulder and Scully investigate the mysterious case of a military test pilot who disappeared after experiencing strange psychotic behavior. While on the case, Mulder meets a mysterious man who claims to have classified information about investigations into the paranormal.', 46);
INSERT IGNORE INTO Episode VALUES ('The X-Files', 1, 3, 'Squeeze', 'Mulder and Scully search for a killer whose savage murder spree reoccurs every thirty years, where there appears to be no tangible method for the murderer''s entrance and escape.', 43);
INSERT IGNORE INTO Audio VALUES ('The X-Files', 'Spanyol');
INSERT IGNORE INTO Audio VALUES ('The X-Files', 'Indonesia');
INSERT IGNORE INTO Subtitle VALUES ('The X-Files', 'Indonesia');
INSERT IGNORE INTO Subtitle VALUES ('The X-Files', 'Spanyol');
INSERT IGNORE INTO Subtitle VALUES ('The X-Files', 'Korea');
INSERT IGNORE INTO Konten VALUES ('The Mike Douglas Show', 'The Mike Douglas Show is an American daytime television talk show hosted by Mike Douglas that originally aired only in the Cleveland area during much of its first two years on the air. It then went into syndication in 1963 and remained on television until 1982. It was distributed by Westinghouse Broadcasting and for much of its run, originated from studios of two of the company''s TV stations in Cleveland and Philadelphia.', 1961, 'NR', 'Serial_TV');
INSERT IGNORE INTO Serial_TV VALUES ('The Mike Douglas Show', 21);
INSERT IGNORE INTO Genre_Konten VALUES ('The Mike Douglas Show', 8);
INSERT IGNORE INTO Genre_Konten VALUES ('The Mike Douglas Show', 24);
INSERT IGNORE INTO Aktor (`nama_lengkap`) VALUES ('Mike Douglas');
INSERT IGNORE INTO Peran VALUES ('Mike Douglas', 'The Mike Douglas Show', 'Self - Host');
INSERT IGNORE INTO Episode VALUES ('The Mike Douglas Show', 1, 1, 'Episode 1', '', 60);
INSERT IGNORE INTO Episode VALUES ('The Mike Douglas Show', 1, 2, 'Episode 2', '', 60);
INSERT IGNORE INTO Episode VALUES ('The Mike Douglas Show', 1, 6, 'Episode 6', '', 60);
INSERT IGNORE INTO Audio VALUES ('The Mike Douglas Show', 'Spanyol');
INSERT IGNORE INTO Audio VALUES ('The Mike Douglas Show', 'Indonesia');
INSERT IGNORE INTO Audio VALUES ('The Mike Douglas Show', 'Korea');
INSERT IGNORE INTO Subtitle VALUES ('The Mike Douglas Show', 'Spanyol');
INSERT IGNORE INTO Subtitle VALUES ('The Mike Douglas Show', 'Inggris');
INSERT IGNORE INTO Subtitle VALUES ('The Mike Douglas Show', 'Korea');
INSERT IGNORE INTO Subtitle VALUES ('The Mike Douglas Show', 'Indonesia');
INSERT IGNORE INTO Konten VALUES ('Dragon Ball Z', 'Now happily married and with a son, martial arts champion Goku must defend Earth from a series of extraterrestrial invaders bent on destruction.', 1989, 'TV-14', 'Serial_TV');
INSERT IGNORE INTO Serial_TV VALUES ('Dragon Ball Z', 9);
INSERT IGNORE INTO Genre_Konten VALUES ('Dragon Ball Z', 12);
INSERT IGNORE INTO Genre_Konten VALUES ('Dragon Ball Z', 23);
INSERT IGNORE INTO Genre_Konten VALUES ('Dragon Ball Z', 21);
INSERT IGNORE INTO Aktor (`nama_lengkap`) VALUES ('Masako Nozawa');
INSERT IGNORE INTO Peran VALUES ('Masako Nozawa', 'Dragon Ball Z', 'Son Goku / Son Gohan / Son Goten (voice)');
INSERT IGNORE INTO Aktor (`nama_lengkap`) VALUES ('Ryo Horikawa');
INSERT IGNORE INTO Peran VALUES ('Ryo Horikawa', 'Dragon Ball Z', 'Vegeta (voice)');
INSERT IGNORE INTO Aktor (`nama_lengkap`) VALUES ('Toshio Furukawa');
INSERT IGNORE INTO Peran VALUES ('Toshio Furukawa', 'Dragon Ball Z', 'Piccolo (voice)');
INSERT IGNORE INTO Aktor (`nama_lengkap`) VALUES ('Mayumi Tanaka');
INSERT IGNORE INTO Peran VALUES ('Mayumi Tanaka', 'Dragon Ball Z', 'Krillin / Uranai Baba (voice)');
INSERT IGNORE INTO Aktor (`nama_lengkap`) VALUES ('Naoki Tatsuta');
INSERT IGNORE INTO Peran VALUES ('Naoki Tatsuta', 'Dragon Ball Z', 'Oolong / Karin (voice)');
INSERT IGNORE INTO Aktor (`nama_lengkap`) VALUES ('Ryusei Nakao');
INSERT IGNORE INTO Peran VALUES ('Ryusei Nakao', 'Dragon Ball Z', 'Freeza (voice)');
INSERT IGNORE INTO Aktor (`nama_lengkap`) VALUES ('Joji Yanami');
INSERT IGNORE INTO Peran VALUES ('Joji Yanami', 'Dragon Ball Z', 'Dr. Briefs (voice)');
INSERT IGNORE INTO Aktor (`nama_lengkap`) VALUES ('Naoko Watanabe');
INSERT IGNORE INTO Peran VALUES ('Naoko Watanabe', 'Dragon Ball Z', 'Puar / Chi-Chi (voice)');
INSERT IGNORE INTO Aktor (`nama_lengkap`) VALUES ('Hirotaka Suzuoki');
INSERT IGNORE INTO Peran VALUES ('Hirotaka Suzuoki', 'Dragon Ball Z', 'Tien Shinhan (voice)');
INSERT IGNORE INTO Aktor (`nama_lengkap`) VALUES ('Miki Ito');
INSERT IGNORE INTO Peran VALUES ('Miki Ito', 'Dragon Ball Z', 'Android 18 (voice)');
INSERT IGNORE INTO Episode VALUES ('Dragon Ball Z', 1, 1, 'The New Threat', 'Goku’s quiet life with his family and friends is about to be interrupted. A new threat - a powerful and sinister alien - is on its way to Earth.', 25);
INSERT IGNORE INTO Episode VALUES ('Dragon Ball Z', 1, 2, 'Reunions', 'Goku and Gohan attend a reunion on Roshi’s island, where Goku introduces his son to all of his old friends. The smiles quickly fade, however, as an unexpected visitor - Raditz - lands on the island.', 25);
INSERT IGNORE INTO Episode VALUES ('Dragon Ball Z', 1, 3, 'Unlikely Alliance', 'Raditz has kidnapped Gohan, and unless Goku agrees to join the sinister Saiyan, he may never see his son again! All hope is not lost, however, as a second visitor arrives, and Goku forges an unlikely alliance!', 25);
INSERT IGNORE INTO Audio VALUES ('Dragon Ball Z', 'Inggris');
INSERT IGNORE INTO Audio VALUES ('Dragon Ball Z', 'Korea');
INSERT IGNORE INTO Subtitle VALUES ('Dragon Ball Z', 'Korea');
INSERT IGNORE INTO Subtitle VALUES ('Dragon Ball Z', 'Indonesia');
INSERT IGNORE INTO Konten VALUES ('Arjun', 'Har Yug Mein Ayega Ek Arjun or Arjun is an Indian action crime fiction TV series which premiered on Star Plus on August 11, 2012. It airs on Saturday and Sunday night.', 2012, 'NR', 'Serial_TV');
INSERT IGNORE INTO Serial_TV VALUES ('Arjun', 1);
INSERT IGNORE INTO Aktor (`nama_lengkap`) VALUES ('Shaleen Malhotra');
INSERT IGNORE INTO Peran VALUES ('Shaleen Malhotra', 'Arjun', 'A.C.P. Arjun Suryakant Rawte');
INSERT IGNORE INTO Aktor (`nama_lengkap`) VALUES ('Behzaad Khan');
INSERT IGNORE INTO Peran VALUES ('Behzaad Khan', 'Arjun', 'A.C.P. Sameer Singh Rathore');
INSERT IGNORE INTO Aktor (`nama_lengkap`) VALUES ('Ritu Chauhan');
INSERT IGNORE INTO Peran VALUES ('Ritu Chauhan', 'Arjun', 'Lisa D''Cruz');
INSERT IGNORE INTO Aktor (`nama_lengkap`) VALUES ('Mrunal Thakur');
INSERT IGNORE INTO Peran VALUES ('Mrunal Thakur', 'Arjun', 'Sakshi Anand');
INSERT IGNORE INTO Aktor (`nama_lengkap`) VALUES ('Shital Shah');
INSERT IGNORE INTO Peran VALUES ('Shital Shah', 'Arjun', 'Aisha Kapoor');
INSERT IGNORE INTO Aktor (`nama_lengkap`) VALUES ('Sana Makbul');
INSERT IGNORE INTO Peran VALUES ('Sana Makbul', 'Arjun', 'Riya Mukherjee');
INSERT IGNORE INTO Aktor (`nama_lengkap`) VALUES ('Siddharth Sengupta');
INSERT IGNORE INTO Peran VALUES ('Siddharth Sengupta', 'Arjun', 'Shreekant ''Shree'' Sen');
INSERT IGNORE INTO Aktor (`nama_lengkap`) VALUES ('Ketan Karande');
INSERT IGNORE INTO Peran VALUES ('Ketan Karande', 'Arjun', 'Chandrakant ''Chhotu'' Patil');
INSERT IGNORE INTO Episode VALUES ('Arjun', 1, 1, 'Arjun tackles human trafficking', 'The daughter of a wealthy businessman is abducted. Even as it is established by the Emergency Task Force (ETF) that he has been kidnapped, ACP Arjun finds out about a human-trafficking ring based out of Goa connected to the case. Will he be able to find the girl?', 45);
INSERT IGNORE INTO Episode VALUES ('Arjun', 1, 2, 'The missing scarf', 'After Arjun is appointed as the second-in-command of the ETF, they face a case of suicide. It’s discovered that Rajesh is the husband of the dead girl, Kannika and Joy is identified as her boyfriend. Arjun discovers Kannika''s missing pink scarf from a house. Is the house owner connected to the mishap?', 45);
INSERT IGNORE INTO Episode VALUES ('Arjun', 1, 3, 'The poisoned groom', 'Dr Jatin Arora is killed by his bride on their wedding day. Post-mortem reveals that the cause of death was poisoning. ACP Arjun finds that the victim was killed by the bride to avenge her sister''s death, which was caused by an organ theft racket run by the dead doctor. Will he find more shocking details?', 45);
INSERT IGNORE INTO Audio VALUES ('Arjun', 'Indonesia');
INSERT IGNORE INTO Subtitle VALUES ('Arjun', 'Korea');
INSERT IGNORE INTO Subtitle VALUES ('Arjun', 'Jepang');
INSERT IGNORE INTO Konten VALUES ('Teen Wolf', 'Scott McCall, a high school student living in the town of Beacon Hills has his life drastically changed when he''s bitten by a werewolf, becoming one himself. He must henceforth learn to balance his problematic new identity with his day-to-day teenage life. The following characters are instrumental to his struggle: Stiles, his best friend; Allison, his love interest who comes from a family of werewolf hunters; and Derek, a mysterious werewolf with a dark past. Throughout the series, he strives to keep his loved ones safe while maintaining normal relationships with them.', 2011, 'TV-MA', 'Serial_TV');
INSERT IGNORE INTO Serial_TV VALUES ('Teen Wolf', 6);
INSERT IGNORE INTO Genre_Konten VALUES ('Teen Wolf', 23);
INSERT IGNORE INTO Genre_Konten VALUES ('Teen Wolf', 4);
INSERT IGNORE INTO Genre_Konten VALUES ('Teen Wolf', 8);
INSERT IGNORE INTO Aktor (`nama_lengkap`) VALUES ('Tyler Posey');
INSERT IGNORE INTO Peran VALUES ('Tyler Posey', 'Teen Wolf', 'Scott McCall');
INSERT IGNORE INTO Aktor (`nama_lengkap`) VALUES ('Holland Roden');
INSERT IGNORE INTO Peran VALUES ('Holland Roden', 'Teen Wolf', 'Lydia Martin');
INSERT IGNORE INTO Aktor (`nama_lengkap`) VALUES ('Shelley Hennig');
INSERT IGNORE INTO Peran VALUES ('Shelley Hennig', 'Teen Wolf', 'Malia Tate');
INSERT IGNORE INTO Aktor (`nama_lengkap`) VALUES ('Dylan Sprayberry');
INSERT IGNORE INTO Peran VALUES ('Dylan Sprayberry', 'Teen Wolf', 'Liam Dunbar');
INSERT IGNORE INTO Aktor (`nama_lengkap`) VALUES ('Linden Ashby');
INSERT IGNORE INTO Peran VALUES ('Linden Ashby', 'Teen Wolf', 'Noah Stilinski');
INSERT IGNORE INTO Aktor (`nama_lengkap`) VALUES ('Melissa Ponzio');
INSERT IGNORE INTO Peran VALUES ('Melissa Ponzio', 'Teen Wolf', 'Melissa McCall');
INSERT IGNORE INTO Aktor (`nama_lengkap`) VALUES ('JR Bourne');
INSERT IGNORE INTO Peran VALUES ('JR Bourne', 'Teen Wolf', 'Chris Argent');
INSERT IGNORE INTO Episode VALUES ('Teen Wolf', 1, 1, 'Wolf Moon', 'When Scott suffers a werewolf bite, his strange new abilities begin to complicate his life - and his relationship with the new girl in town.', 41);
INSERT IGNORE INTO Episode VALUES ('Teen Wolf', 1, 2, 'Second Chance at First Line', 'Scott struggles to balance his new life as a werewolf and the pressures of being a teen, all while avoiding werewolf hunters and trying to score a second date with Allison.', 41);
INSERT IGNORE INTO Episode VALUES ('Teen Wolf', 1, 3, 'Pack Mentality', 'Scott and Allison end up in a group date; an animal attack has Stiles'' sheriff father on the lookout.', 41);
INSERT IGNORE INTO Audio VALUES ('Teen Wolf', 'Inggris');
INSERT IGNORE INTO Audio VALUES ('Teen Wolf', 'Indonesia');
INSERT IGNORE INTO Audio VALUES ('Teen Wolf', 'Jepang');
INSERT IGNORE INTO Subtitle VALUES ('Teen Wolf', 'Korea');
INSERT IGNORE INTO Subtitle VALUES ('Teen Wolf', 'Inggris');
INSERT IGNORE INTO Subtitle VALUES ('Teen Wolf', 'Indonesia');
INSERT IGNORE INTO Subtitle VALUES ('Teen Wolf', 'Spanyol');
INSERT IGNORE INTO Konten VALUES ('Death in Paradise', 'A brilliant but idiosyncratic British detective and his resourceful local team solve baffling murder mysteries on the fictional Caribbean island of Saint-Marie.', 2011, 'TV-14', 'Serial_TV');
INSERT IGNORE INTO Serial_TV VALUES ('Death in Paradise', 15);
INSERT IGNORE INTO Genre_Konten VALUES ('Death in Paradise', 8);
INSERT IGNORE INTO Genre_Konten VALUES ('Death in Paradise', 2);
INSERT IGNORE INTO Genre_Konten VALUES ('Death in Paradise', 4);
INSERT IGNORE INTO Genre_Konten VALUES ('Death in Paradise', 11);
INSERT IGNORE INTO Aktor (`nama_lengkap`) VALUES ('Don Warrington');
INSERT IGNORE INTO Peran VALUES ('Don Warrington', 'Death in Paradise', 'Selwyn Patterson');
INSERT IGNORE INTO Aktor (`nama_lengkap`) VALUES ('Élisabeth Bourgine');
INSERT IGNORE INTO Peran VALUES ('Élisabeth Bourgine', 'Death in Paradise', 'Catherine Bordey');
INSERT IGNORE INTO Aktor (`nama_lengkap`) VALUES ('Shantol Jackson');
INSERT IGNORE INTO Peran VALUES ('Shantol Jackson', 'Death in Paradise', 'Naomi Thomas');
INSERT IGNORE INTO Aktor (`nama_lengkap`) VALUES ('Ginny Holder');
INSERT IGNORE INTO Peran VALUES ('Ginny Holder', 'Death in Paradise', 'Darlene Curtis');
INSERT IGNORE INTO Aktor (`nama_lengkap`) VALUES ('Don Gilet');
INSERT IGNORE INTO Peran VALUES ('Don Gilet', 'Death in Paradise', 'Mervin Wilson');
INSERT IGNORE INTO Aktor (`nama_lengkap`) VALUES ('Shaquille Ali-Yebuah');
INSERT IGNORE INTO Peran VALUES ('Shaquille Ali-Yebuah', 'Death in Paradise', 'Sebastian Rose');
INSERT IGNORE INTO Episode VALUES ('Death in Paradise', 1, 1, 'Arriving in Paradise', 'When a British policeman is found murdered in a locked room on the tiny paradise island of Sainte-Marie, Detective Inspector Richard Poole is sent to investigate. He''s the perfect man to solve the case. Unfortunately for Richard, he hates sun, sea and sand...', 60);
INSERT IGNORE INTO Episode VALUES ('Death in Paradise', 1, 2, 'Wicked Wedding Night', 'Detective drama series. As DI Richard Poole desperately searches for a decent cup of tea, a bride is murdered on her wedding day. Could the killer be one of her family?', 58);
INSERT IGNORE INTO Episode VALUES ('Death in Paradise', 1, 3, 'Predicting Murder', 'When a woman not only predicts her own murder but also gives a description of the murderer, it all feels too easy for DI Richard Poole. Can a case from the past help solve the present day murder? And more importantly, can Richard convince the team that it has nothing to do with voodoo spirits?', 60);
INSERT IGNORE INTO Audio VALUES ('Death in Paradise', 'Spanyol');
INSERT IGNORE INTO Audio VALUES ('Death in Paradise', 'Korea');
INSERT IGNORE INTO Audio VALUES ('Death in Paradise', 'Inggris');
INSERT IGNORE INTO Subtitle VALUES ('Death in Paradise', 'Inggris');
INSERT IGNORE INTO Konten VALUES ('All Her Fault', 'In Chicago, Marissa Irvine arrives at 14 Arthur Avenue, expecting to pick up her young son Milo from his first playdate with a boy at his new school. But the woman who answers the door isn''t a mother she recognizes. She isn''t the nanny. She doesn''t have Milo. And so begins every parent''s worst nightmare.', 2025, 'TV-MA', 'Serial_TV');
INSERT IGNORE INTO Serial_TV VALUES ('All Her Fault', 1);
INSERT IGNORE INTO Genre_Konten VALUES ('All Her Fault', 4);
INSERT IGNORE INTO Genre_Konten VALUES ('All Her Fault', 11);
INSERT IGNORE INTO Genre_Konten VALUES ('All Her Fault', 2);
INSERT IGNORE INTO Aktor (`nama_lengkap`) VALUES ('Sarah Snook');
INSERT IGNORE INTO Peran VALUES ('Sarah Snook', 'All Her Fault', 'Marissa Irvine');
INSERT IGNORE INTO Aktor (`nama_lengkap`) VALUES ('Jake Lacy');
INSERT IGNORE INTO Peran VALUES ('Jake Lacy', 'All Her Fault', 'Peter');
INSERT IGNORE INTO Aktor (`nama_lengkap`) VALUES ('Sophia Lillis');
INSERT IGNORE INTO Peran VALUES ('Sophia Lillis', 'All Her Fault', 'Carrie');
INSERT IGNORE INTO Aktor (`nama_lengkap`) VALUES ('Michael Peña');
INSERT IGNORE INTO Peran VALUES ('Michael Peña', 'All Her Fault', 'Detective McConville');
INSERT IGNORE INTO Aktor (`nama_lengkap`) VALUES ('Dakota Fanning');
INSERT IGNORE INTO Peran VALUES ('Dakota Fanning', 'All Her Fault', 'Jenny Kaminski');
INSERT IGNORE INTO Aktor (`nama_lengkap`) VALUES ('Abby Elliott');
INSERT IGNORE INTO Peran VALUES ('Abby Elliott', 'All Her Fault', 'Lia');
INSERT IGNORE INTO Aktor (`nama_lengkap`) VALUES ('Jay Ellis');
INSERT IGNORE INTO Peran VALUES ('Jay Ellis', 'All Her Fault', 'Colin');
INSERT IGNORE INTO Aktor (`nama_lengkap`) VALUES ('Thomas Cocquerel');
INSERT IGNORE INTO Peran VALUES ('Thomas Cocquerel', 'All Her Fault', 'Richie');
INSERT IGNORE INTO Aktor (`nama_lengkap`) VALUES ('Daniel Monks');
INSERT IGNORE INTO Peran VALUES ('Daniel Monks', 'All Her Fault', 'Brian');
INSERT IGNORE INTO Aktor (`nama_lengkap`) VALUES ('Duke McCloud');
INSERT IGNORE INTO Peran VALUES ('Duke McCloud', 'All Her Fault', 'Milo');
INSERT IGNORE INTO Episode VALUES ('All Her Fault', 1, 1, 'Episode 1', 'Marissa Irvine arrives to collect her young son Milo from his first playdate, but the woman who answers the door isn''t a mother she recognizes and doesn''t have Milo, beginning every parent''s worst nightmare.', 46);
INSERT IGNORE INTO Episode VALUES ('All Her Fault', 1, 2, 'Episode 2', 'As Detective Alcaras investigates Milo''s disappearance, Marissa, with Jenny''s help, works hard to raise awareness; a press conference turns ugly when questions are asked about the Irvines'' past business dealings', 51);
INSERT IGNORE INTO Episode VALUES ('All Her Fault', 1, 3, 'Episode 3', 'Alcaras turns his attention to the recent Chicago Marathon, attended by Carrie, the Irvines and a potential new suspect; a canvassing event aims to keep the case alive; Peter takes matters into his own hands.', 53);
INSERT IGNORE INTO Audio VALUES ('All Her Fault', 'Jepang');
INSERT IGNORE INTO Audio VALUES ('All Her Fault', 'Indonesia');
INSERT IGNORE INTO Subtitle VALUES ('All Her Fault', 'Spanyol');
INSERT IGNORE INTO Subtitle VALUES ('All Her Fault', 'Jepang');
INSERT IGNORE INTO Subtitle VALUES ('All Her Fault', 'Korea');
INSERT IGNORE INTO Subtitle VALUES ('All Her Fault', 'Inggris');
INSERT IGNORE INTO Konten VALUES ('Campfire Cooking in Another World with My Absurd Skill', 'Tsuyoshi Mukohda, an ordinary salaryman, is suddenly transported to another world one day. The unique skill he gains upon arrival in this world is the seemingly useless "Online Grocery." Mukohda is discouraged at first, but the modern foods he''s able to bring to his new world using this skill prove to have some unbelievable effects!', 2023, 'TV-14', 'Serial_TV');
INSERT IGNORE INTO Serial_TV VALUES ('Campfire Cooking in Another World with My Absurd Skill', 1);
INSERT IGNORE INTO Genre_Konten VALUES ('Campfire Cooking in Another World with My Absurd Skill', 12);
INSERT IGNORE INTO Genre_Konten VALUES ('Campfire Cooking in Another World with My Absurd Skill', 21);
INSERT IGNORE INTO Genre_Konten VALUES ('Campfire Cooking in Another World with My Absurd Skill', 23);
INSERT IGNORE INTO Aktor (`nama_lengkap`) VALUES ('Yuma Uchida');
INSERT IGNORE INTO Peran VALUES ('Yuma Uchida', 'Campfire Cooking in Another World with My Absurd Skill', 'Mukohda (voice)');
INSERT IGNORE INTO Aktor (`nama_lengkap`) VALUES ('Satoshi Hino');
INSERT IGNORE INTO Peran VALUES ('Satoshi Hino', 'Campfire Cooking in Another World with My Absurd Skill', 'Fel (voice)');
INSERT IGNORE INTO Aktor (`nama_lengkap`) VALUES ('Hina Kino');
INSERT IGNORE INTO Peran VALUES ('Hina Kino', 'Campfire Cooking in Another World with My Absurd Skill', 'Sui (voice)');
INSERT IGNORE INTO Aktor (`nama_lengkap`) VALUES ('Maaya Uchida');
INSERT IGNORE INTO Peran VALUES ('Maaya Uchida', 'Campfire Cooking in Another World with My Absurd Skill', 'Ninrir (voice)');
INSERT IGNORE INTO Aktor (`nama_lengkap`) VALUES ('Yuhko Kaida');
INSERT IGNORE INTO Peran VALUES ('Yuhko Kaida', 'Campfire Cooking in Another World with My Absurd Skill', 'Kisharle (voice)');
INSERT IGNORE INTO Aktor (`nama_lengkap`) VALUES ('Saho Shirasu');
INSERT IGNORE INTO Peran VALUES ('Saho Shirasu', 'Campfire Cooking in Another World with My Absurd Skill', 'Rusalka (voice)');
INSERT IGNORE INTO Aktor (`nama_lengkap`) VALUES ('You Taichi');
INSERT IGNORE INTO Peran VALUES ('You Taichi', 'Campfire Cooking in Another World with My Absurd Skill', 'Agni (voice)');
INSERT IGNORE INTO Episode VALUES ('Campfire Cooking in Another World with My Absurd Skill', 1, 1, 'My Absurd Skill Is Unexpectedly Useful', 'One day, Tsuyoshi Mukohda, an extremely ordinary salaryman, gets caught up in a hero summons being performed in another world. At the time of his summoning, he receives a unique skill known as "Online Grocery", that allows him to bring food ingredients and seasonings from his original world. Even though this skill seems plain at first glance, the food he brings into this new world has an absurd effect...!?', 24);
INSERT IGNORE INTO Episode VALUES ('Campfire Cooking in Another World with My Absurd Skill', 1, 2, 'The Salient Familiar Is a Living Legend', 'After the legendary wolf monster Fenrir got attracted to the delicious smell of Mukohda''s food and signed the Familiar Contract with him, Mukohda decides to register with the Guild in Fallières his next stop.', 24);
INSERT IGNORE INTO Episode VALUES ('Campfire Cooking in Another World with My Absurd Skill', 1, 3, 'My Super Power Is All About Cooking', 'After registering with both the Merchant''s and the Adventurer''s Guilds, Mukohda immediately decides to take on a beginner’s quest. However, when they deliver the monsters that Fel caught during their quest to the Guild, they find out that most of these monsters are B-rank or higher.', 24);
INSERT IGNORE INTO Audio VALUES ('Campfire Cooking in Another World with My Absurd Skill', 'Indonesia');
INSERT IGNORE INTO Subtitle VALUES ('Campfire Cooking in Another World with My Absurd Skill', 'Spanyol');
INSERT IGNORE INTO Subtitle VALUES ('Campfire Cooking in Another World with My Absurd Skill', 'Inggris');
INSERT IGNORE INTO Subtitle VALUES ('Campfire Cooking in Another World with My Absurd Skill', 'Indonesia');
INSERT IGNORE INTO Konten VALUES ('Conan', 'A late night television talk show hosted by  Conan O''Brien.', 2010, 'TV-14', 'Serial_TV');
INSERT IGNORE INTO Serial_TV VALUES ('Conan', 11);
INSERT IGNORE INTO Genre_Konten VALUES ('Conan', 24);
INSERT IGNORE INTO Genre_Konten VALUES ('Conan', 8);
INSERT IGNORE INTO Genre_Konten VALUES ('Conan', 25);
INSERT IGNORE INTO Aktor (`nama_lengkap`) VALUES ('Conan O''Brien');
INSERT IGNORE INTO Peran VALUES ('Conan O''Brien', 'Conan', 'Self - Host');
INSERT IGNORE INTO Aktor (`nama_lengkap`) VALUES ('Andy Richter');
INSERT IGNORE INTO Peran VALUES ('Andy Richter', 'Conan', 'Self');
INSERT IGNORE INTO Episode VALUES ('Conan', 1, 1, 'Baa Baa Blackmail', 'Seth Rogen, Lea Michele and musical guest Jack White', 60);
INSERT IGNORE INTO Episode VALUES ('Conan', 1, 2, 'Murder, She Tweeted', 'Tom Hanks, Jack McBrayer and musical guest Soundgarden', 60);
INSERT IGNORE INTO Episode VALUES ('Conan', 1, 3, 'Dead Men Don''t Wear Spanx', 'Jon Hamm, Charlyne Yi and musical guest Fistful of Mercy', 60);
INSERT IGNORE INTO Audio VALUES ('Conan', 'Inggris');
INSERT IGNORE INTO Audio VALUES ('Conan', 'Indonesia');
INSERT IGNORE INTO Subtitle VALUES ('Conan', 'Spanyol');
INSERT IGNORE INTO Subtitle VALUES ('Conan', 'Inggris');
INSERT IGNORE INTO Konten VALUES ('Dancing with the Stars', 'The competition sees celebrities perform choreographed dance routines which are judged by a panel of renowned ballroom experts and voted on by viewers. Enjoy sizzling salsas, sambas and spray-tans as they vie for the coveted Mirrorball Trophy.', 2005, 'TV-PG', 'Serial_TV');
INSERT IGNORE INTO Serial_TV VALUES ('Dancing with the Stars', 34);
INSERT IGNORE INTO Genre_Konten VALUES ('Dancing with the Stars', 20);
INSERT IGNORE INTO Genre_Konten VALUES ('Dancing with the Stars', 9);
INSERT IGNORE INTO Aktor (`nama_lengkap`) VALUES ('Alfonso Ribeiro');
INSERT IGNORE INTO Peran VALUES ('Alfonso Ribeiro', 'Dancing with the Stars', 'Self - Host');
INSERT IGNORE INTO Aktor (`nama_lengkap`) VALUES ('Julianne Hough');
INSERT IGNORE INTO Peran VALUES ('Julianne Hough', 'Dancing with the Stars', 'Self - Host');
INSERT IGNORE INTO Aktor (`nama_lengkap`) VALUES ('Derek Hough');
INSERT IGNORE INTO Peran VALUES ('Derek Hough', 'Dancing with the Stars', 'Self - Judge');
INSERT IGNORE INTO Aktor (`nama_lengkap`) VALUES ('Carrie Ann Inaba');
INSERT IGNORE INTO Peran VALUES ('Carrie Ann Inaba', 'Dancing with the Stars', 'Self - Judge');
INSERT IGNORE INTO Aktor (`nama_lengkap`) VALUES ('Bruno Tonioli');
INSERT IGNORE INTO Peran VALUES ('Bruno Tonioli', 'Dancing with the Stars', 'Self - Judge');
INSERT IGNORE INTO Episode VALUES ('Dancing with the Stars', 1, 1, 'Episode 101', 'Six celebrities and their professional partners compete live!  The first competition has the couples doing either the Cha Cha or a Waltz.  Edyta, Charlotte and Ashly will lead their partners Evander, John and Joey in the Cha Cha while Louis, Jonathan and Alec will lead their partners in the Waltz.', 45);
INSERT IGNORE INTO Episode VALUES ('Dancing with the Stars', 1, 2, 'Episode 102', 'This week the contestants must learn the Rumba and the Quickstep.  It is the last week for all six teams to compete together.  The first elimination based on viewer votes and the judges'' scores will take place, leaving just five couples remaining in the competition.', 45);
INSERT IGNORE INTO Episode VALUES ('Dancing with the Stars', 1, 3, 'Episode 103', 'After Trista and Louis were the first couple to be eliminated, five teams remain to show their stuff on the dance floor.  This week’s teams showcase the Tango (John O’Hurley, Rachel Hunter and their partners), and a Jive (Evander Holyfield, Joey McIntyre, Kelly Monaco and their parters).  Who dance their way to the top and who will have to hang up their dancing shoes?', 45);
INSERT IGNORE INTO Audio VALUES ('Dancing with the Stars', 'Spanyol');
INSERT IGNORE INTO Audio VALUES ('Dancing with the Stars', 'Korea');
INSERT IGNORE INTO Subtitle VALUES ('Dancing with the Stars', 'Korea');
INSERT IGNORE INTO Subtitle VALUES ('Dancing with the Stars', 'Jepang');
INSERT IGNORE INTO Subtitle VALUES ('Dancing with the Stars', 'Inggris');
INSERT IGNORE INTO Subtitle VALUES ('Dancing with the Stars', 'Indonesia');
INSERT IGNORE INTO Konten VALUES ('American Horror Story', 'An anthology horror drama series centering on different characters and locations, including a house with a murderous past, an asylum, a witch coven, a freak show, a hotel, a farmhouse in Roanoke, a cult, the apocalypse and a summer camp.', 2011, 'TV-MA', 'Serial_TV');
INSERT IGNORE INTO Serial_TV VALUES ('American Horror Story', 12);
INSERT IGNORE INTO Genre_Konten VALUES ('American Horror Story', 4);
INSERT IGNORE INTO Genre_Konten VALUES ('American Horror Story', 11);
INSERT IGNORE INTO Genre_Konten VALUES ('American Horror Story', 23);
INSERT IGNORE INTO Aktor (`nama_lengkap`) VALUES ('Emma Roberts');
INSERT IGNORE INTO Peran VALUES ('Emma Roberts', 'American Horror Story', 'Anna Victoria Alcott');
INSERT IGNORE INTO Aktor (`nama_lengkap`) VALUES ('Matt Czuchry');
INSERT IGNORE INTO Peran VALUES ('Matt Czuchry', 'American Horror Story', 'Dexter Harding');
INSERT IGNORE INTO Aktor (`nama_lengkap`) VALUES ('Kim Kardashian');
INSERT IGNORE INTO Peran VALUES ('Kim Kardashian', 'American Horror Story', 'Siobhan Corbyn');
INSERT IGNORE INTO Aktor (`nama_lengkap`) VALUES ('Annabelle Dexter-Jones');
INSERT IGNORE INTO Peran VALUES ('Annabelle Dexter-Jones', 'American Horror Story', 'Sonia Shawcross / Adeline Harding');
INSERT IGNORE INTO Aktor (`nama_lengkap`) VALUES ('Michaela Jaé Rodriguez');
INSERT IGNORE INTO Peran VALUES ('Michaela Jaé Rodriguez', 'American Horror Story', 'Nicolette');
INSERT IGNORE INTO Aktor (`nama_lengkap`) VALUES ('Denis O''Hare');
INSERT IGNORE INTO Peran VALUES ('Denis O''Hare', 'American Horror Story', 'Dr. Andrew Hill');
INSERT IGNORE INTO Aktor (`nama_lengkap`) VALUES ('Cara Delevingne');
INSERT IGNORE INTO Peran VALUES ('Cara Delevingne', 'American Horror Story', 'Ivy Ehrenreich');
INSERT IGNORE INTO Aktor (`nama_lengkap`) VALUES ('Julie White');
INSERT IGNORE INTO Peran VALUES ('Julie White', 'American Horror Story', 'Io Preecher');
INSERT IGNORE INTO Aktor (`nama_lengkap`) VALUES ('Maaz Ali');
INSERT IGNORE INTO Peran VALUES ('Maaz Ali', 'American Horror Story', 'Kamal');
INSERT IGNORE INTO Episode VALUES ('American Horror Story', 1, 1, 'Pilot', 'A therapist and his family move across the country to escape their troubled past but quickly discover that their new home comes with its own horrific baggage.', 52);
INSERT IGNORE INTO Episode VALUES ('American Horror Story', 1, 2, 'Home Invasion', 'Vivien and Violet get themselves caught in a dangerous situation. Meanwhile, Ben goes back to Boston to fix a mistake that he made.', 43);
INSERT IGNORE INTO Episode VALUES ('American Horror Story', 1, 3, 'Murder House', 'Vivien learns the horrific truth about the house''s first residents and Ben''s visitor causes him to further unravel about what really happened in the haunted house. Constance and Moira have their history revealed.', 43);
INSERT IGNORE INTO Audio VALUES ('American Horror Story', 'Inggris');
INSERT IGNORE INTO Audio VALUES ('American Horror Story', 'Jepang');
INSERT IGNORE INTO Subtitle VALUES ('American Horror Story', 'Inggris');
INSERT IGNORE INTO Konten VALUES ('The Dolls', 'The roaring twenties of the new century. The era of messengers, electronic cigarettes and universal digitalization. The main character is Andrey Mirkin, a promising head of a PR agency. He owes his success and beautiful life to women. Mirkin can seduce almost anyone, he is charismatic, courteous and cynically uses it. He goes head over heels, not thinking about how many lives he has ruined along the way. He just doesn''t care. The cherry on the cake in the hero''s career promises to be a multimillion-dollar tender. Mirkin''s victory in it is guaranteed in advance. But no one knows how much dirt is behind this well-being. And in the coming days, it will overwhelm Mirkin.', 2022, 'NR', 'Serial_TV');
INSERT IGNORE INTO Serial_TV VALUES ('The Dolls', 1);
INSERT IGNORE INTO Genre_Konten VALUES ('The Dolls', 4);
INSERT IGNORE INTO Aktor (`nama_lengkap`) VALUES ('Miloš Biković');
INSERT IGNORE INTO Peran VALUES ('Miloš Biković', 'The Dolls', 'Andrey Mirkin');
INSERT IGNORE INTO Aktor (`nama_lengkap`) VALUES ('Paulina Andreeva');
INSERT IGNORE INTO Peran VALUES ('Paulina Andreeva', 'The Dolls', 'Olya');
INSERT IGNORE INTO Aktor (`nama_lengkap`) VALUES ('Oksana Akinshina');
INSERT IGNORE INTO Peran VALUES ('Oksana Akinshina', 'The Dolls', 'Lena');
INSERT IGNORE INTO Aktor (`nama_lengkap`) VALUES ('Anna Slyu');
INSERT IGNORE INTO Peran VALUES ('Anna Slyu', 'The Dolls', '');
INSERT IGNORE INTO Aktor (`nama_lengkap`) VALUES ('Aleksei Kravchenko');
INSERT IGNORE INTO Peran VALUES ('Aleksei Kravchenko', 'The Dolls', 'Klementyev');
INSERT IGNORE INTO Aktor (`nama_lengkap`) VALUES ('Viktoriya Tolstoganova');
INSERT IGNORE INTO Peran VALUES ('Viktoriya Tolstoganova', 'The Dolls', 'Zhenya');
INSERT IGNORE INTO Aktor (`nama_lengkap`) VALUES ('Lyubov Aksyonova');
INSERT IGNORE INTO Peran VALUES ('Lyubov Aksyonova', 'The Dolls', 'Vika');
INSERT IGNORE INTO Aktor (`nama_lengkap`) VALUES ('Izabel Eydlen');
INSERT IGNORE INTO Peran VALUES ('Izabel Eydlen', 'The Dolls', 'Varya');
INSERT IGNORE INTO Aktor (`nama_lengkap`) VALUES ('Alexey Agranovich');
INSERT IGNORE INTO Peran VALUES ('Alexey Agranovich', 'The Dolls', '');
INSERT IGNORE INTO Aktor (`nama_lengkap`) VALUES ('Maksim Stoyanov');
INSERT IGNORE INTO Peran VALUES ('Maksim Stoyanov', 'The Dolls', 'Gubin');
INSERT IGNORE INTO Episode VALUES ('The Dolls', 1, 1, 'Episode 1', '', 44);
INSERT IGNORE INTO Episode VALUES ('The Dolls', 1, 2, 'Episode 2', '', 41);
INSERT IGNORE INTO Episode VALUES ('The Dolls', 1, 3, 'Episode 3', '', 42);
INSERT IGNORE INTO Audio VALUES ('The Dolls', 'Spanyol');
INSERT IGNORE INTO Subtitle VALUES ('The Dolls', 'Inggris');
INSERT IGNORE INTO Subtitle VALUES ('The Dolls', 'Spanyol');
INSERT IGNORE INTO Subtitle VALUES ('The Dolls', 'Indonesia');
INSERT IGNORE INTO Konten VALUES ('AVN Awards', 'The AVN Awards are movie awards sponsored and presented by the American adult video industry trade magazine AVN (Adult Video News) to honor exceptional performance in various aspects of the creation and marketing of American pornographic movies. The "Oscars of porn".', NULL, 'TV-MA', 'Serial_TV');
INSERT IGNORE INTO Serial_TV VALUES ('AVN Awards', 43);
INSERT IGNORE INTO Genre_Konten VALUES ('AVN Awards', 20);
INSERT IGNORE INTO Aktor (`nama_lengkap`) VALUES ('Steph Tolev');
INSERT IGNORE INTO Peran VALUES ('Steph Tolev', 'AVN Awards', 'Self - Host');
INSERT IGNORE INTO Aktor (`nama_lengkap`) VALUES ('Blake Blossom');
INSERT IGNORE INTO Peran VALUES ('Blake Blossom', 'AVN Awards', 'Self - Host');
INSERT IGNORE INTO Aktor (`nama_lengkap`) VALUES ('Alex Knight');
INSERT IGNORE INTO Peran VALUES ('Alex Knight', 'AVN Awards', 'Self - Host');
INSERT IGNORE INTO Aktor (`nama_lengkap`) VALUES ('Jason Derulo');
INSERT IGNORE INTO Peran VALUES ('Jason Derulo', 'AVN Awards', 'Self - Performer');
INSERT IGNORE INTO Aktor (`nama_lengkap`) VALUES ('Anna Claire Clouds');
INSERT IGNORE INTO Peran VALUES ('Anna Claire Clouds', 'AVN Awards', 'Self');
INSERT IGNORE INTO Aktor (`nama_lengkap`) VALUES ('Autumn Falls');
INSERT IGNORE INTO Peran VALUES ('Autumn Falls', 'AVN Awards', 'Self');
INSERT IGNORE INTO Aktor (`nama_lengkap`) VALUES ('Maitland Ward');
INSERT IGNORE INTO Peran VALUES ('Maitland Ward', 'AVN Awards', 'Self');
INSERT IGNORE INTO Aktor (`nama_lengkap`) VALUES ('Kira Noir');
INSERT IGNORE INTO Peran VALUES ('Kira Noir', 'AVN Awards', 'Self');
INSERT IGNORE INTO Aktor (`nama_lengkap`) VALUES ('Gal Ritchie');
INSERT IGNORE INTO Peran VALUES ('Gal Ritchie', 'AVN Awards', 'Self');
INSERT IGNORE INTO Aktor (`nama_lengkap`) VALUES ('Kayden Kross');
INSERT IGNORE INTO Peran VALUES ('Kayden Kross', 'AVN Awards', 'Self');
INSERT IGNORE INTO Episode VALUES ('AVN Awards', 1, 1, '1984 AVN Awards', 'The 1984 AVN Awards Show.', 45);
INSERT IGNORE INTO Audio VALUES ('AVN Awards', 'Spanyol');
INSERT IGNORE INTO Audio VALUES ('AVN Awards', 'Indonesia');
INSERT IGNORE INTO Subtitle VALUES ('AVN Awards', 'Indonesia');
INSERT IGNORE INTO Subtitle VALUES ('AVN Awards', 'Spanyol');
INSERT IGNORE INTO Konten VALUES ('ZIBB', '', 2003, 'NR', 'Serial_TV');
INSERT IGNORE INTO Serial_TV VALUES ('ZIBB', 19);
INSERT IGNORE INTO Genre_Konten VALUES ('ZIBB', 25);
INSERT IGNORE INTO Genre_Konten VALUES ('ZIBB', 24);
INSERT IGNORE INTO Episode VALUES ('ZIBB', 1, 1, 'Episode 1', '', 45);
INSERT IGNORE INTO Episode VALUES ('ZIBB', 1, 2, 'Episode 2', '', 45);
INSERT IGNORE INTO Episode VALUES ('ZIBB', 1, 3, 'Episode 3', '', 45);
INSERT IGNORE INTO Audio VALUES ('ZIBB', 'Inggris');
INSERT IGNORE INTO Subtitle VALUES ('ZIBB', 'Korea');
INSERT IGNORE INTO Subtitle VALUES ('ZIBB', 'Indonesia');
INSERT IGNORE INTO Konten VALUES ('Agatha Christie''s Poirot', 'From England to Egypt, accompanied by his elegant and trustworthy sidekicks, the intelligent yet eccentrically-refined Belgian detective Hercule Poirot pits his wits against a collection of first class deceptions.', 1989, 'TV-PG', 'Serial_TV');
INSERT IGNORE INTO Serial_TV VALUES ('Agatha Christie''s Poirot', 13);
INSERT IGNORE INTO Genre_Konten VALUES ('Agatha Christie''s Poirot', 2);
INSERT IGNORE INTO Genre_Konten VALUES ('Agatha Christie''s Poirot', 4);
INSERT IGNORE INTO Genre_Konten VALUES ('Agatha Christie''s Poirot', 11);
INSERT IGNORE INTO Aktor (`nama_lengkap`) VALUES ('David Suchet');
INSERT IGNORE INTO Peran VALUES ('David Suchet', 'Agatha Christie''s Poirot', 'Hercule Poirot');
INSERT IGNORE INTO Episode VALUES ('Agatha Christie''s Poirot', 1, 1, 'The Adventure of the Clapham Cook', 'A Mrs Ernestine Todd, from Clapham, asks Poirot to help her find her cook, Eliza, who has disappeared. Poirot, who aims to accept only really significant cases, is at first insulted by such a trivial request. However, after he sees the contents of the missing cook''s trunk, he decides the case could prove to be worthy of his talents.', 52);
INSERT IGNORE INTO Episode VALUES ('Agatha Christie''s Poirot', 1, 2, 'Murder in the Mews', 'Within hours of the Bonfire Night fireworks beginning Poirot finds himself investigating a violent death in Hastings'' mews garage.', 52);
INSERT IGNORE INTO Episode VALUES ('Agatha Christie''s Poirot', 1, 3, 'The Adventure of Johnnie Waverly', 'Country squire Marcus Waverly calls on Poirot for help in dealing with kidnap threats against his son. Hastings is appalled by the thought of someone going around kidnapping children and it becomes a race against time to find the identity of the mystery letter writer.', 52);
INSERT IGNORE INTO Audio VALUES ('Agatha Christie''s Poirot', 'Indonesia');
INSERT IGNORE INTO Audio VALUES ('Agatha Christie''s Poirot', 'Jepang');
INSERT IGNORE INTO Subtitle VALUES ('Agatha Christie''s Poirot', 'Indonesia');
INSERT IGNORE INTO Subtitle VALUES ('Agatha Christie''s Poirot', 'Inggris');
INSERT IGNORE INTO Konten VALUES ('MobLand', 'Two mob families clash in a war that threatens to topple empires and lives.', 2025, 'TV-MA', 'Serial_TV');
INSERT IGNORE INTO Serial_TV VALUES ('MobLand', 1);
INSERT IGNORE INTO Genre_Konten VALUES ('MobLand', 2);
INSERT IGNORE INTO Genre_Konten VALUES ('MobLand', 4);
INSERT IGNORE INTO Aktor (`nama_lengkap`) VALUES ('Tom Hardy');
INSERT IGNORE INTO Peran VALUES ('Tom Hardy', 'MobLand', 'Harry Da Souza');
INSERT IGNORE INTO Aktor (`nama_lengkap`) VALUES ('Pierce Brosnan');
INSERT IGNORE INTO Peran VALUES ('Pierce Brosnan', 'MobLand', 'Conrad Harrigan');
INSERT IGNORE INTO Aktor (`nama_lengkap`) VALUES ('Paddy Considine');
INSERT IGNORE INTO Peran VALUES ('Paddy Considine', 'MobLand', 'Kevin Harrigan');
INSERT IGNORE INTO Aktor (`nama_lengkap`) VALUES ('Joanne Froggatt');
INSERT IGNORE INTO Peran VALUES ('Joanne Froggatt', 'MobLand', 'Jan Da Souza');
INSERT IGNORE INTO Aktor (`nama_lengkap`) VALUES ('Lara Pulver');
INSERT IGNORE INTO Peran VALUES ('Lara Pulver', 'MobLand', 'Bella Harrigan');
INSERT IGNORE INTO Aktor (`nama_lengkap`) VALUES ('Anson Boon');
INSERT IGNORE INTO Peran VALUES ('Anson Boon', 'MobLand', 'Eddie Harrigan');
INSERT IGNORE INTO Aktor (`nama_lengkap`) VALUES ('Geoff Bell');
INSERT IGNORE INTO Peran VALUES ('Geoff Bell', 'MobLand', 'Richie Stevenson');
INSERT IGNORE INTO Aktor (`nama_lengkap`) VALUES ('Jasmine Jobson');
INSERT IGNORE INTO Peran VALUES ('Jasmine Jobson', 'MobLand', 'Zosia');
INSERT IGNORE INTO Aktor (`nama_lengkap`) VALUES ('Mandeep Dhillon');
INSERT IGNORE INTO Peran VALUES ('Mandeep Dhillon', 'MobLand', 'Seraphina Harrigan');
INSERT IGNORE INTO Aktor (`nama_lengkap`) VALUES ('Helen Mirren');
INSERT IGNORE INTO Peran VALUES ('Helen Mirren', 'MobLand', 'Maeve Harrigan');
INSERT IGNORE INTO Episode VALUES ('MobLand', 1, 1, 'Stick or Twist', 'Harry Da Souza is called upon to make a problem disappear.', 60);
INSERT IGNORE INTO Episode VALUES ('MobLand', 1, 2, 'Jigsaw Puzzle', 'Harry must deal with the aftermath of the Harrigan family meeting.', 52);
INSERT IGNORE INTO Episode VALUES ('MobLand', 1, 3, 'Plan B', 'Richie makes his move, putting the Harrigans on high alert.', 48);
INSERT IGNORE INTO Audio VALUES ('MobLand', 'Jepang');
INSERT IGNORE INTO Audio VALUES ('MobLand', 'Spanyol');
INSERT IGNORE INTO Subtitle VALUES ('MobLand', 'Jepang');
INSERT IGNORE INTO Subtitle VALUES ('MobLand', 'Inggris');
INSERT IGNORE INTO Subtitle VALUES ('MobLand', 'Korea');
INSERT IGNORE INTO Konten VALUES ('Regular Show', 'The surreal misadventures of two best friends - a blue jay and a raccoon - as they seek to liven up their mundane jobs as groundskeepers at the local park.', 2010, 'TV-PG', 'Serial_TV');
INSERT IGNORE INTO Serial_TV VALUES ('Regular Show', 8);
INSERT IGNORE INTO Genre_Konten VALUES ('Regular Show', 12);
INSERT IGNORE INTO Genre_Konten VALUES ('Regular Show', 8);
INSERT IGNORE INTO Aktor (`nama_lengkap`) VALUES ('J.G. Quintel');
INSERT IGNORE INTO Peran VALUES ('J.G. Quintel', 'Regular Show', 'Mordecai / Hi Five Ghost (voice)');
INSERT IGNORE INTO Aktor (`nama_lengkap`) VALUES ('William Salyers');
INSERT IGNORE INTO Peran VALUES ('William Salyers', 'Regular Show', 'Rigby (voice)');
INSERT IGNORE INTO Aktor (`nama_lengkap`) VALUES ('Mark Hamill');
INSERT IGNORE INTO Peran VALUES ('Mark Hamill', 'Regular Show', 'Skips (voice)');
INSERT IGNORE INTO Aktor (`nama_lengkap`) VALUES ('Sam Marin');
INSERT IGNORE INTO Peran VALUES ('Sam Marin', 'Regular Show', 'Benson / Pops / Muscle Man (voice)');
INSERT IGNORE INTO Aktor (`nama_lengkap`) VALUES ('Minty Lewis');
INSERT IGNORE INTO Peran VALUES ('Minty Lewis', 'Regular Show', 'Eileen (voice)');
INSERT IGNORE INTO Aktor (`nama_lengkap`) VALUES ('Matthew Mercer');
INSERT IGNORE INTO Peran VALUES ('Matthew Mercer', 'Regular Show', 'Chance Sureshot / Recap Robot (voice)');
INSERT IGNORE INTO Aktor (`nama_lengkap`) VALUES ('Vanessa Marshall');
INSERT IGNORE INTO Peran VALUES ('Vanessa Marshall', 'Regular Show', 'Toothpick Sally (voice)');
INSERT IGNORE INTO Episode VALUES ('Regular Show', 1, 1, 'The Power', 'When Mordecai and Rigby need a raise to fix a hole in their bedroom wall, they use a magical keyboard that allows them to do anything they want.', 10);
INSERT IGNORE INTO Episode VALUES ('Regular Show', 1, 2, 'Just Set Up the Chairs', 'It''s work time in The Park. They''re having a birthday so Mordecai and Rigby are doing the chairs. They hate the chairs but need to do it. Afterwards they''re out of chairs. They found a room with chairs instead they played a Arcade game that''s not working. They have to save the day but they have to destroy The Destroyer.', 11);
INSERT IGNORE INTO Episode VALUES ('Regular Show', 1, 3, 'Caffeinated Concert Tickets', 'Mordecai and Rigby try work overtime to earn enough money to buy tickets to a Fist Pump concert, but when they run out of coffee to keep them awake, they enlist the help of a business man and a coffee-bean to keep the coffee flowing.', 11);
INSERT IGNORE INTO Audio VALUES ('Regular Show', 'Jepang');
INSERT IGNORE INTO Audio VALUES ('Regular Show', 'Korea');
INSERT IGNORE INTO Audio VALUES ('Regular Show', 'Inggris');
INSERT IGNORE INTO Subtitle VALUES ('Regular Show', 'Jepang');
INSERT IGNORE INTO Konten VALUES ('NCIS: Los Angeles', 'The exploits of the Los Angeles–based Office of Special Projects (OSP), an elite division of the Naval Criminal Investigative Service that specializes in undercover assignments.', 2009, 'TV-14', 'Serial_TV');
INSERT IGNORE INTO Serial_TV VALUES ('NCIS: Los Angeles', 14);
INSERT IGNORE INTO Genre_Konten VALUES ('NCIS: Los Angeles', 21);
INSERT IGNORE INTO Genre_Konten VALUES ('NCIS: Los Angeles', 4);
INSERT IGNORE INTO Genre_Konten VALUES ('NCIS: Los Angeles', 2);
INSERT IGNORE INTO Genre_Konten VALUES ('NCIS: Los Angeles', 11);
INSERT IGNORE INTO Aktor (`nama_lengkap`) VALUES ('Chris O''Donnell');
INSERT IGNORE INTO Peran VALUES ('Chris O''Donnell', 'NCIS: Los Angeles', 'G. Callen');
INSERT IGNORE INTO Aktor (`nama_lengkap`) VALUES ('Daniela Ruah');
INSERT IGNORE INTO Peran VALUES ('Daniela Ruah', 'NCIS: Los Angeles', 'Kensi Blye');
INSERT IGNORE INTO Aktor (`nama_lengkap`) VALUES ('Eric Christian Olsen');
INSERT IGNORE INTO Peran VALUES ('Eric Christian Olsen', 'NCIS: Los Angeles', 'Marty Deeks');
INSERT IGNORE INTO Aktor (`nama_lengkap`) VALUES ('Barrett Foa');
INSERT IGNORE INTO Peran VALUES ('Barrett Foa', 'NCIS: Los Angeles', 'Eric Beale');
INSERT IGNORE INTO Aktor (`nama_lengkap`) VALUES ('Medalion Rahimi');
INSERT IGNORE INTO Peran VALUES ('Medalion Rahimi', 'NCIS: Los Angeles', 'Fatima Namazi');
INSERT IGNORE INTO Aktor (`nama_lengkap`) VALUES ('Caleb Castille');
INSERT IGNORE INTO Peran VALUES ('Caleb Castille', 'NCIS: Los Angeles', 'Devin Rountree');
INSERT IGNORE INTO Aktor (`nama_lengkap`) VALUES ('Gerald McRaney');
INSERT IGNORE INTO Peran VALUES ('Gerald McRaney', 'NCIS: Los Angeles', 'Hollace Kilbride');
INSERT IGNORE INTO Aktor (`nama_lengkap`) VALUES ('LL Cool J');
INSERT IGNORE INTO Peran VALUES ('LL Cool J', 'NCIS: Los Angeles', 'Sam Hanna');
INSERT IGNORE INTO Episode VALUES ('NCIS: Los Angeles', 1, 1, 'Identity', 'Callen returns back to the NCIS Office of Special Projects to solve a kidnapping case.', 43);
INSERT IGNORE INTO Episode VALUES ('NCIS: Los Angeles', 1, 2, 'The Only Easy Day', 'A case involving the murder of a drug dealer turns personal for Special Agent Sam Hanna when he discovers his former Navy Seal comrades are involved.', 43);
INSERT IGNORE INTO Episode VALUES ('NCIS: Los Angeles', 1, 3, 'Predator', 'The team is assigned to track down a missing unmanned aerial vehicle (UAV) after it is compromised during a training exercise killing a marine before it disappears.', 42);
INSERT IGNORE INTO Audio VALUES ('NCIS: Los Angeles', 'Spanyol');
INSERT IGNORE INTO Subtitle VALUES ('NCIS: Los Angeles', 'Jepang');
INSERT IGNORE INTO Konten VALUES ('Just Alice', 'Torn between two loves, Alicia secretly marries both a famous writer and a former priest. How long can she juggle love, lies and her double life?', 2025, 'NR', 'Serial_TV');
INSERT IGNORE INTO Serial_TV VALUES ('Just Alice', 1);
INSERT IGNORE INTO Genre_Konten VALUES ('Just Alice', 4);
INSERT IGNORE INTO Genre_Konten VALUES ('Just Alice', 8);
INSERT IGNORE INTO Genre_Konten VALUES ('Just Alice', 27);
INSERT IGNORE INTO Aktor (`nama_lengkap`) VALUES ('Verónica Orozco');
INSERT IGNORE INTO Peran VALUES ('Verónica Orozco', 'Just Alice', 'Alicia');
INSERT IGNORE INTO Aktor (`nama_lengkap`) VALUES ('Cony Camelo');
INSERT IGNORE INTO Peran VALUES ('Cony Camelo', 'Just Alice', 'Alejo');
INSERT IGNORE INTO Aktor (`nama_lengkap`) VALUES ('Sebastián Carvajal');
INSERT IGNORE INTO Peran VALUES ('Sebastián Carvajal', 'Just Alice', 'Pablo');
INSERT IGNORE INTO Aktor (`nama_lengkap`) VALUES ('Michel Brown');
INSERT IGNORE INTO Peran VALUES ('Michel Brown', 'Just Alice', '');
INSERT IGNORE INTO Aktor (`nama_lengkap`) VALUES ('Julián Román');
INSERT IGNORE INTO Peran VALUES ('Julián Román', 'Just Alice', '');
INSERT IGNORE INTO Aktor (`nama_lengkap`) VALUES ('Leo Deluglio');
INSERT IGNORE INTO Peran VALUES ('Leo Deluglio', 'Just Alice', '');
INSERT IGNORE INTO Aktor (`nama_lengkap`) VALUES ('Ana María Medina');
INSERT IGNORE INTO Peran VALUES ('Ana María Medina', 'Just Alice', '');
INSERT IGNORE INTO Aktor (`nama_lengkap`) VALUES ('Daniela Tapia');
INSERT IGNORE INTO Peran VALUES ('Daniela Tapia', 'Just Alice', '');
INSERT IGNORE INTO Aktor (`nama_lengkap`) VALUES ('Fernando Arévalo');
INSERT IGNORE INTO Peran VALUES ('Fernando Arévalo', 'Just Alice', '');
INSERT IGNORE INTO Aktor (`nama_lengkap`) VALUES ('Biassini Segura');
INSERT IGNORE INTO Peran VALUES ('Biassini Segura', 'Just Alice', '');
INSERT IGNORE INTO Episode VALUES ('Just Alice', 1, 1, 'Episode 1', '', 35);
INSERT IGNORE INTO Episode VALUES ('Just Alice', 1, 2, 'Episode 2', '', 39);
INSERT IGNORE INTO Episode VALUES ('Just Alice', 1, 3, 'Episode 3', '', 39);
INSERT IGNORE INTO Audio VALUES ('Just Alice', 'Korea');
INSERT IGNORE INTO Audio VALUES ('Just Alice', 'Indonesia');
INSERT IGNORE INTO Subtitle VALUES ('Just Alice', 'Indonesia');
INSERT IGNORE INTO Subtitle VALUES ('Just Alice', 'Spanyol');
INSERT IGNORE INTO Subtitle VALUES ('Just Alice', 'Korea');
INSERT IGNORE INTO Konten VALUES ('Chicago Med', 'An emotional thrill ride through the day-to-day chaos of the city''s most explosive hospital and the courageous team of doctors who hold it together. They will tackle unique new cases inspired by topical events, forging fiery relationships in the pulse-pounding pandemonium of the emergency room.', 2015, 'TV-14', 'Serial_TV');
INSERT IGNORE INTO Serial_TV VALUES ('Chicago Med', 11);
INSERT IGNORE INTO Genre_Konten VALUES ('Chicago Med', 4);
INSERT IGNORE INTO Aktor (`nama_lengkap`) VALUES ('Steven Weber');
INSERT IGNORE INTO Peran VALUES ('Steven Weber', 'Chicago Med', 'Dr. Dean Archer');
INSERT IGNORE INTO Aktor (`nama_lengkap`) VALUES ('Jessy Schram');
INSERT IGNORE INTO Peran VALUES ('Jessy Schram', 'Chicago Med', 'Dr. Hannah Asher');
INSERT IGNORE INTO Aktor (`nama_lengkap`) VALUES ('Luke Mitchell');
INSERT IGNORE INTO Peran VALUES ('Luke Mitchell', 'Chicago Med', 'Dr. Mitchell ''Mitch'' Ripley');
INSERT IGNORE INTO Aktor (`nama_lengkap`) VALUES ('Sarah Ramos');
INSERT IGNORE INTO Peran VALUES ('Sarah Ramos', 'Chicago Med', 'Dr. Caitlin Lenox');
INSERT IGNORE INTO Aktor (`nama_lengkap`) VALUES ('Darren Barnet');
INSERT IGNORE INTO Peran VALUES ('Darren Barnet', 'Chicago Med', 'Dr. John Frost');
INSERT IGNORE INTO Aktor (`nama_lengkap`) VALUES ('S. Epatha Merkerson');
INSERT IGNORE INTO Peran VALUES ('S. Epatha Merkerson', 'Chicago Med', 'Sharon Goodwin');
INSERT IGNORE INTO Aktor (`nama_lengkap`) VALUES ('Oliver Platt');
INSERT IGNORE INTO Peran VALUES ('Oliver Platt', 'Chicago Med', 'Dr. Daniel Charles');
INSERT IGNORE INTO Episode VALUES ('Chicago Med', 1, 1, 'Derailed', 'The grand opening of Chicago Med''s emergency department is interrupted by victims of an elevated train crash, pushing the staff to their limits.', 44);
INSERT IGNORE INTO Episode VALUES ('Chicago Med', 1, 2, 'iNO', 'Dr. Choi treats a teen mother who abandoned her newborn baby in an alley, as the staffers must make difficult decisions about the teen''s future. Also, a hypochondriac with chest pains is treated, as is a patient suffering from possible dementia.', 48);
INSERT IGNORE INTO Episode VALUES ('Chicago Med', 1, 3, 'Fallback', 'Dr. Rhodes must confront his past when he treats a close family friend who''s been impaled by glass in a case that reunites him with his sister. Meanwhile, a musician must decide to undergo surgery that will save her life but could destroy her hearing.', 42);
INSERT IGNORE INTO Audio VALUES ('Chicago Med', 'Spanyol');
INSERT IGNORE INTO Audio VALUES ('Chicago Med', 'Inggris');
INSERT IGNORE INTO Subtitle VALUES ('Chicago Med', 'Inggris');
INSERT IGNORE INTO Subtitle VALUES ('Chicago Med', 'Korea');
INSERT IGNORE INTO Konten VALUES ('Adventure Time', 'Unlikely heroes Finn and Jake are buddies who traverse the mystical Land of Ooo. The best of friends, our heroes always find themselves in the middle of escapades. Finn and Jake depend on each other through thick and thin.', 2010, 'TV-PG', 'Serial_TV');
INSERT IGNORE INTO Serial_TV VALUES ('Adventure Time', 10);
INSERT IGNORE INTO Genre_Konten VALUES ('Adventure Time', 12);
INSERT IGNORE INTO Genre_Konten VALUES ('Adventure Time', 8);
INSERT IGNORE INTO Genre_Konten VALUES ('Adventure Time', 23);
INSERT IGNORE INTO Aktor (`nama_lengkap`) VALUES ('Jeremy Shada');
INSERT IGNORE INTO Peran VALUES ('Jeremy Shada', 'Adventure Time', 'Finn the Human (voice)');
INSERT IGNORE INTO Aktor (`nama_lengkap`) VALUES ('John DiMaggio');
INSERT IGNORE INTO Peran VALUES ('John DiMaggio', 'Adventure Time', 'Jake the Dog (voice)');
INSERT IGNORE INTO Aktor (`nama_lengkap`) VALUES ('Tom Kenny');
INSERT IGNORE INTO Peran VALUES ('Tom Kenny', 'Adventure Time', 'Ice King (voice)');
INSERT IGNORE INTO Aktor (`nama_lengkap`) VALUES ('Hynden Walch');
INSERT IGNORE INTO Peran VALUES ('Hynden Walch', 'Adventure Time', 'Princess Bubblegum (voice)');
INSERT IGNORE INTO Aktor (`nama_lengkap`) VALUES ('Olivia Olson');
INSERT IGNORE INTO Peran VALUES ('Olivia Olson', 'Adventure Time', 'Marceline the Vampire Queen (voice)');
INSERT IGNORE INTO Aktor (`nama_lengkap`) VALUES ('Niki Yang');
INSERT IGNORE INTO Peran VALUES ('Niki Yang', 'Adventure Time', 'BMO / Lady Rainicorn (voice)');
INSERT IGNORE INTO Aktor (`nama_lengkap`) VALUES ('Pendleton Ward');
INSERT IGNORE INTO Peran VALUES ('Pendleton Ward', 'Adventure Time', 'Lumpy Space Princess (voice)');
INSERT IGNORE INTO Aktor (`nama_lengkap`) VALUES ('Polly Lou Livingston');
INSERT IGNORE INTO Peran VALUES ('Polly Lou Livingston', 'Adventure Time', 'Tree Trunks (voice)');
INSERT IGNORE INTO Episode VALUES ('Adventure Time', 1, 1, 'Slumber Party Panic', 'Finn and Princess Bubblegum must protect the Candy Kingdom from a horde of candy zombies they accidentally created.', 11);
INSERT IGNORE INTO Episode VALUES ('Adventure Time', 1, 2, 'Trouble in Lumpy Space', 'Finn must travel to Lumpy Space to find a cure that will save Jake, who was accidentally bitten by Lumpy Space Princess at a tea party.', 11);
INSERT IGNORE INTO Episode VALUES ('Adventure Time', 1, 3, 'Prisoners of Love', 'When the Ice King kidnaps a number of princesses he sees as potential brides, Finn and Jake team with the prisoners to set everybody free.', 11);
INSERT IGNORE INTO Audio VALUES ('Adventure Time', 'Inggris');
INSERT IGNORE INTO Audio VALUES ('Adventure Time', 'Indonesia');
INSERT IGNORE INTO Audio VALUES ('Adventure Time', 'Spanyol');
INSERT IGNORE INTO Subtitle VALUES ('Adventure Time', 'Jepang');
INSERT IGNORE INTO Subtitle VALUES ('Adventure Time', 'Inggris');
INSERT IGNORE INTO Konten VALUES ('Better Call Saul', 'Six years before Saul Goodman meets Walter White. We meet him when the man who will become Saul Goodman is known as Jimmy McGill, a small-time lawyer searching for his destiny, and, more immediately, hustling to make ends meet. Working alongside, and, often, against Jimmy, is “fixer” Mike Ehrmantraut. The series tracks Jimmy’s transformation into Saul Goodman, the man who puts “criminal” in “criminal lawyer".', 2015, 'TV-MA', 'Serial_TV');
INSERT IGNORE INTO Serial_TV VALUES ('Better Call Saul', 6);
INSERT IGNORE INTO Genre_Konten VALUES ('Better Call Saul', 2);
INSERT IGNORE INTO Genre_Konten VALUES ('Better Call Saul', 4);
INSERT IGNORE INTO Aktor (`nama_lengkap`) VALUES ('Bob Odenkirk');
INSERT IGNORE INTO Peran VALUES ('Bob Odenkirk', 'Better Call Saul', 'Jimmy McGill');
INSERT IGNORE INTO Aktor (`nama_lengkap`) VALUES ('Jonathan Banks');
INSERT IGNORE INTO Peran VALUES ('Jonathan Banks', 'Better Call Saul', 'Mike Ehrmantraut');
INSERT IGNORE INTO Aktor (`nama_lengkap`) VALUES ('Rhea Seehorn');
INSERT IGNORE INTO Peran VALUES ('Rhea Seehorn', 'Better Call Saul', 'Kim Wexler');
INSERT IGNORE INTO Aktor (`nama_lengkap`) VALUES ('Tony Dalton');
INSERT IGNORE INTO Peran VALUES ('Tony Dalton', 'Better Call Saul', 'Lalo Salamanca');
INSERT IGNORE INTO Aktor (`nama_lengkap`) VALUES ('Giancarlo Esposito');
INSERT IGNORE INTO Peran VALUES ('Giancarlo Esposito', 'Better Call Saul', 'Gus Fring');
INSERT IGNORE INTO Episode VALUES ('Better Call Saul', 1, 1, 'Uno', 'Jimmy works his magic in the courtroom. Unexpected inspiration leads him to an unconventional pursuit of potential clients.', 54);
INSERT IGNORE INTO Episode VALUES ('Better Call Saul', 1, 2, 'Mijo', 'As his troubles escalate to a boiling point, Jimmy finds himself in dire straits. An act of carelessness puts Chuck at risk.', 47);
INSERT IGNORE INTO Episode VALUES ('Better Call Saul', 1, 3, 'Nacho', 'Jimmy pulls out all the stops to prove that his dangerous client is innocent, even though it causes some friction with Kim.', 48);
INSERT IGNORE INTO Audio VALUES ('Better Call Saul', 'Inggris');
INSERT IGNORE INTO Audio VALUES ('Better Call Saul', 'Korea');
INSERT IGNORE INTO Subtitle VALUES ('Better Call Saul', 'Jepang');
INSERT IGNORE INTO Subtitle VALUES ('Better Call Saul', 'Korea');
INSERT IGNORE INTO Subtitle VALUES ('Better Call Saul', 'Inggris');
INSERT IGNORE INTO Konten VALUES ('Gilmore Girls', 'Set in the charming town of Stars Hollow, Connecticut, the series follows the captivating lives of Lorelai and Rory Gilmore, a mother/daughter pair who have a relationship most people only dream of.', 2000, 'TV-14', 'Serial_TV');
INSERT IGNORE INTO Serial_TV VALUES ('Gilmore Girls', 7);
INSERT IGNORE INTO Genre_Konten VALUES ('Gilmore Girls', 8);
INSERT IGNORE INTO Genre_Konten VALUES ('Gilmore Girls', 4);
INSERT IGNORE INTO Aktor (`nama_lengkap`) VALUES ('Lauren Graham');
INSERT IGNORE INTO Peran VALUES ('Lauren Graham', 'Gilmore Girls', 'Lorelai Gilmore');
INSERT IGNORE INTO Aktor (`nama_lengkap`) VALUES ('Alexis Bledel');
INSERT IGNORE INTO Peran VALUES ('Alexis Bledel', 'Gilmore Girls', 'Rory Gilmore');
INSERT IGNORE INTO Aktor (`nama_lengkap`) VALUES ('Scott Patterson');
INSERT IGNORE INTO Peran VALUES ('Scott Patterson', 'Gilmore Girls', 'Luke Danes');
INSERT IGNORE INTO Aktor (`nama_lengkap`) VALUES ('Melissa McCarthy');
INSERT IGNORE INTO Peran VALUES ('Melissa McCarthy', 'Gilmore Girls', 'Sookie St. James');
INSERT IGNORE INTO Aktor (`nama_lengkap`) VALUES ('Keiko Agena');
INSERT IGNORE INTO Peran VALUES ('Keiko Agena', 'Gilmore Girls', 'Lane Kim');
INSERT IGNORE INTO Aktor (`nama_lengkap`) VALUES ('Yanic Truesdale');
INSERT IGNORE INTO Peran VALUES ('Yanic Truesdale', 'Gilmore Girls', 'Michel Gerard');
INSERT IGNORE INTO Aktor (`nama_lengkap`) VALUES ('Liza Weil');
INSERT IGNORE INTO Peran VALUES ('Liza Weil', 'Gilmore Girls', 'Paris Geller');
INSERT IGNORE INTO Aktor (`nama_lengkap`) VALUES ('Sean Gunn');
INSERT IGNORE INTO Peran VALUES ('Sean Gunn', 'Gilmore Girls', 'Kirk Gleason');
INSERT IGNORE INTO Aktor (`nama_lengkap`) VALUES ('Matt Czuchry');
INSERT IGNORE INTO Peran VALUES ('Matt Czuchry', 'Gilmore Girls', 'Logan Huntzberger');
INSERT IGNORE INTO Aktor (`nama_lengkap`) VALUES ('Kelly Bishop');
INSERT IGNORE INTO Peran VALUES ('Kelly Bishop', 'Gilmore Girls', 'Emily Gilmore');
INSERT IGNORE INTO Episode VALUES ('Gilmore Girls', 1, 1, 'Pilot', 'When Rory is accepted to attend a prestigious prep school, Lorelai must swallow her pride and ask her wealthy parents for help paying the tuition.', 44);
INSERT IGNORE INTO Episode VALUES ('Gilmore Girls', 1, 2, 'The Lorelais'' First Day at Chilton', 'Rory''s first day at Chilton doesn''t go smoothly: First, Lorelai''s attire offends Emily and the headmaster; then Rory meets some obnoxious classmates.', 43);
INSERT IGNORE INTO Episode VALUES ('Gilmore Girls', 1, 3, 'Kill Me Now', 'When Rory and Richard bond during a day of golf at the club, Lorelai feels jealous of Rory''s deepening connection with her grandparents.', 43);
INSERT IGNORE INTO Audio VALUES ('Gilmore Girls', 'Jepang');
INSERT IGNORE INTO Audio VALUES ('Gilmore Girls', 'Indonesia');
INSERT IGNORE INTO Audio VALUES ('Gilmore Girls', 'Korea');
INSERT IGNORE INTO Subtitle VALUES ('Gilmore Girls', 'Korea');
INSERT IGNORE INTO Subtitle VALUES ('Gilmore Girls', 'Inggris');
INSERT IGNORE INTO Subtitle VALUES ('Gilmore Girls', 'Spanyol');
INSERT IGNORE INTO Konten VALUES ('Monster: The Ed Gein Story', 'The shocking true-life tale of Ed Gein, the infamous murderer and grave robber who inspired many of Hollywood''s most iconic on-screen killers.', 2025, 'D', 'Serial_TV');
INSERT IGNORE INTO Serial_TV VALUES ('Monster: The Ed Gein Story', 1);
INSERT IGNORE INTO Genre_Konten VALUES ('Monster: The Ed Gein Story', 4);
INSERT IGNORE INTO Genre_Konten VALUES ('Monster: The Ed Gein Story', 2);
INSERT IGNORE INTO Aktor (`nama_lengkap`) VALUES ('Charlie Hunnam');
INSERT IGNORE INTO Peran VALUES ('Charlie Hunnam', 'Monster: The Ed Gein Story', 'Ed Gein');
INSERT IGNORE INTO Aktor (`nama_lengkap`) VALUES ('Suzanna Son');
INSERT IGNORE INTO Peran VALUES ('Suzanna Son', 'Monster: The Ed Gein Story', 'Adeline Watkins');
INSERT IGNORE INTO Aktor (`nama_lengkap`) VALUES ('Vicky Krieps');
INSERT IGNORE INTO Peran VALUES ('Vicky Krieps', 'Monster: The Ed Gein Story', 'Ilse Koch');
INSERT IGNORE INTO Aktor (`nama_lengkap`) VALUES ('Laurie Metcalf');
INSERT IGNORE INTO Peran VALUES ('Laurie Metcalf', 'Monster: The Ed Gein Story', 'Augusta Gein');
INSERT IGNORE INTO Episode VALUES ('Monster: The Ed Gein Story', 1, 1, 'Mother!', 'On a remote Wisconsin farm, troubled loner Ed Gein''s twisted bond with his domineering mother triggers a terrifying descent into madness.', 54);
INSERT IGNORE INTO Episode VALUES ('Monster: The Ed Gein Story', 1, 2, 'Sick as Your Secrets', 'Tormented by horrific visions, Ed turns his fixation with death into a grisly hobby. Years later, fiction and reality collide on a Hollywood film set.', 60);
INSERT IGNORE INTO Episode VALUES ('Monster: The Ed Gein Story', 1, 3, 'The Babysitter', 'Ed''s warped search for connection leads him from a late-night rendezvous to a grotesque magic show — and ignites a bitter grudge that''s hard to shake.', 59);
INSERT IGNORE INTO Audio VALUES ('Monster: The Ed Gein Story', 'Jepang');
INSERT IGNORE INTO Subtitle VALUES ('Monster: The Ed Gein Story', 'Indonesia');
INSERT IGNORE INTO Subtitle VALUES ('Monster: The Ed Gein Story', 'Jepang');
INSERT IGNORE INTO Subtitle VALUES ('Monster: The Ed Gein Story', 'Spanyol');
INSERT IGNORE INTO Subtitle VALUES ('Monster: The Ed Gein Story', 'Inggris');
INSERT IGNORE INTO Konten VALUES ('The Graham Norton Show', 'Each week celebrity guests join Irish comedian Graham Norton to discuss what''s being going on around the world that week. The guests poke fun and share their opinions on the main news stories. Graham is often joined by a band or artist to play the show out.', 2007, 'TV-14', 'Serial_TV');
INSERT IGNORE INTO Serial_TV VALUES ('The Graham Norton Show', 33);
INSERT IGNORE INTO Genre_Konten VALUES ('The Graham Norton Show', 8);
INSERT IGNORE INTO Genre_Konten VALUES ('The Graham Norton Show', 24);
INSERT IGNORE INTO Aktor (`nama_lengkap`) VALUES ('Graham Norton');
INSERT IGNORE INTO Peran VALUES ('Graham Norton', 'The Graham Norton Show', 'Self - Host');
INSERT IGNORE INTO Episode VALUES ('The Graham Norton Show', 1, 1, 'Episode 1', 'In the premiere episode, Graham Norton talks to Lord of The Rings actor Elijah Wood and Sex and the City actress Kim Cattrall, who talks about the ongoing Sex and the City movie rumour. Plus there''s a exclusive performance from Elijah Wood''s new signing Heloise and the Savoir Faire.', 49);
INSERT IGNORE INTO Episode VALUES ('The Graham Norton Show', 1, 2, 'Episode 2', 'Graham talks about this weeks gossip with Lord Of The Rings star Orlando Bloom and 2 time Oscar nominated film actress Samantha Morton.', 49);
INSERT IGNORE INTO Episode VALUES ('The Graham Norton Show', 1, 3, 'Episode 3', 'Graham talks to stand-up comedienne Joan Rivers and Nip/Tuck actor Julian McMahon, who talks to Graham about his new film with Sandra Bullock Premonition.', 49);
INSERT IGNORE INTO Audio VALUES ('The Graham Norton Show', 'Indonesia');
INSERT IGNORE INTO Audio VALUES ('The Graham Norton Show', 'Spanyol');
INSERT IGNORE INTO Subtitle VALUES ('The Graham Norton Show', 'Indonesia');
INSERT IGNORE INTO Subtitle VALUES ('The Graham Norton Show', 'Korea');
INSERT IGNORE INTO Konten VALUES ('Star Trek: The Next Generation', 'Follow the intergalactic adventures of Capt. Jean-Luc Picard and his loyal crew aboard the all-new USS Enterprise NCC-1701D, as they explore new worlds.', 1987, 'TV-PG', 'Serial_TV');
INSERT IGNORE INTO Serial_TV VALUES ('Star Trek: The Next Generation', 7);
INSERT IGNORE INTO Genre_Konten VALUES ('Star Trek: The Next Generation', 23);
INSERT IGNORE INTO Genre_Konten VALUES ('Star Trek: The Next Generation', 21);
INSERT IGNORE INTO Genre_Konten VALUES ('Star Trek: The Next Generation', 4);
INSERT IGNORE INTO Genre_Konten VALUES ('Star Trek: The Next Generation', 11);
INSERT IGNORE INTO Aktor (`nama_lengkap`) VALUES ('Patrick Stewart');
INSERT IGNORE INTO Peran VALUES ('Patrick Stewart', 'Star Trek: The Next Generation', 'Jean-Luc Picard');
INSERT IGNORE INTO Aktor (`nama_lengkap`) VALUES ('Jonathan Frakes');
INSERT IGNORE INTO Peran VALUES ('Jonathan Frakes', 'Star Trek: The Next Generation', 'William T. Riker');
INSERT IGNORE INTO Aktor (`nama_lengkap`) VALUES ('Brent Spiner');
INSERT IGNORE INTO Peran VALUES ('Brent Spiner', 'Star Trek: The Next Generation', 'Data');
INSERT IGNORE INTO Aktor (`nama_lengkap`) VALUES ('LeVar Burton');
INSERT IGNORE INTO Peran VALUES ('LeVar Burton', 'Star Trek: The Next Generation', 'Geordi La Forge');
INSERT IGNORE INTO Aktor (`nama_lengkap`) VALUES ('Michael Dorn');
INSERT IGNORE INTO Peran VALUES ('Michael Dorn', 'Star Trek: The Next Generation', 'Worf');
INSERT IGNORE INTO Aktor (`nama_lengkap`) VALUES ('Marina Sirtis');
INSERT IGNORE INTO Peran VALUES ('Marina Sirtis', 'Star Trek: The Next Generation', 'Deanna Troi');
INSERT IGNORE INTO Aktor (`nama_lengkap`) VALUES ('Gates McFadden');
INSERT IGNORE INTO Peran VALUES ('Gates McFadden', 'Star Trek: The Next Generation', 'Beverly Crusher');
INSERT IGNORE INTO Episode VALUES ('Star Trek: The Next Generation', 1, 1, 'Encounter at Farpoint', 'Stardate: 41153.7. The new commander of the recently built U.S.S. Enterprise (NCC1701-D), Captain Jean-Luc Picard  takes the crew on their first mission to discover the secret of Farpoint Station. During their journey, they encounter an omnipotent being known as Q. Q accuses humanity of barbarism, and places humanity on trial. Jean-Luc must prove otherwise or the human race will be annihilated.', 91);
INSERT IGNORE INTO Episode VALUES ('Star Trek: The Next Generation', 1, 2, 'The Naked Now', 'Stardate: 41209.2. The crew of the Enterprise are infected with a virus contracted by the away team while they were investigating  the mysterious deaths of the entire crew of the Starship Tsilkovsky.', 46);
INSERT IGNORE INTO Episode VALUES ('Star Trek: The Next Generation', 1, 3, 'Code of Honor', 'Stardate: 41235.25. Tasha Yar must fight for her life and a vaccine to save a race of people when she is kidnapped and forced to battle with her abductor''s wife.', 46);
INSERT IGNORE INTO Audio VALUES ('Star Trek: The Next Generation', 'Jepang');
INSERT IGNORE INTO Audio VALUES ('Star Trek: The Next Generation', 'Spanyol');
INSERT IGNORE INTO Audio VALUES ('Star Trek: The Next Generation', 'Korea');
INSERT IGNORE INTO Subtitle VALUES ('Star Trek: The Next Generation', 'Spanyol');
INSERT IGNORE INTO Konten VALUES ('Ironside', 'When an assassin''s bullet confines him to a wheelchair for life ending his career as Chief of Detectives, Robert T. Ironside becomes a consultant to the police department. Detective Sergeant Ed Brown and policewoman Eve Whitfield join with him to crack varied and fascinating cases. Ex-con Mark Sanger is employed by the chief as home help but eventually becomes a fully fledged member of the team also. Officer Whitfield leaves after 4 years service, and is replaced by Officer Fran Belding.', 1967, 'TV-PG', 'Serial_TV');
INSERT IGNORE INTO Serial_TV VALUES ('Ironside', 8);
INSERT IGNORE INTO Genre_Konten VALUES ('Ironside', 2);
INSERT IGNORE INTO Genre_Konten VALUES ('Ironside', 4);
INSERT IGNORE INTO Genre_Konten VALUES ('Ironside', 11);
INSERT IGNORE INTO Aktor (`nama_lengkap`) VALUES ('Raymond Burr');
INSERT IGNORE INTO Peran VALUES ('Raymond Burr', 'Ironside', 'Robert Ironside');
INSERT IGNORE INTO Aktor (`nama_lengkap`) VALUES ('Don Galloway');
INSERT IGNORE INTO Peran VALUES ('Don Galloway', 'Ironside', 'Ed Brown');
INSERT IGNORE INTO Aktor (`nama_lengkap`) VALUES ('Don Mitchell');
INSERT IGNORE INTO Peran VALUES ('Don Mitchell', 'Ironside', 'Mark Sanger');
INSERT IGNORE INTO Aktor (`nama_lengkap`) VALUES ('Barbara Anderson');
INSERT IGNORE INTO Peran VALUES ('Barbara Anderson', 'Ironside', 'Eve Whitfield');
INSERT IGNORE INTO Aktor (`nama_lengkap`) VALUES ('Elizabeth Baur');
INSERT IGNORE INTO Peran VALUES ('Elizabeth Baur', 'Ironside', 'Fran Belding');
INSERT IGNORE INTO Episode VALUES ('Ironside', 1, 1, 'Ironside', 'While on vacation, Chief of Detectives Robert Ironside of the San Francisco police force is shot by an unknown assailant and paralyzed from the waist down. Fearing he will be forced to retire he convinces the powers that be to to make him a Special Consultant to the Commisioner of Police, who is an old friend. With his team, consisting of police detective Ed Brown, police woman Eve Whitfield, and reformed Juvenile offender Mark Sanger.  he tries to find the gunman who put him in a wheelchair.', 60);
INSERT IGNORE INTO Episode VALUES ('Ironside', 1, 2, 'Message from Beyond', 'A substantial sum of money is stolen from a race-track, whilst Ironside and his team are present, and the Chief is determined to crack the case. The only clue is a car, crashed by the inside man, but if it has a secret to tell it is not going to give it up easily.', 60);
INSERT IGNORE INTO Episode VALUES ('Ironside', 1, 3, 'The Leaf in the Forest', 'Lonely old women are being strangled, and Chief Ironside believes that there is more to it than just a serial killer at work. Setting Eve up as a potential victim requires a little ingenuity, but it might just prove to be worth the effort.', 60);
INSERT IGNORE INTO Audio VALUES ('Ironside', 'Spanyol');
INSERT IGNORE INTO Audio VALUES ('Ironside', 'Inggris');
INSERT IGNORE INTO Audio VALUES ('Ironside', 'Korea');
INSERT IGNORE INTO Subtitle VALUES ('Ironside', 'Korea');
INSERT IGNORE INTO Subtitle VALUES ('Ironside', 'Spanyol');
INSERT IGNORE INTO Konten VALUES ('Euphoria', 'A group of high school students navigate love and friendships in a world of drugs, sex, trauma, and social media.', 2019, 'TV-MA', 'Serial_TV');
INSERT IGNORE INTO Serial_TV VALUES ('Euphoria', 2);
INSERT IGNORE INTO Genre_Konten VALUES ('Euphoria', 4);
INSERT IGNORE INTO Aktor (`nama_lengkap`) VALUES ('Zendaya');
INSERT IGNORE INTO Peran VALUES ('Zendaya', 'Euphoria', 'Rue Bennett');
INSERT IGNORE INTO Aktor (`nama_lengkap`) VALUES ('Hunter Schafer');
INSERT IGNORE INTO Peran VALUES ('Hunter Schafer', 'Euphoria', 'Jules Vaughn');
INSERT IGNORE INTO Aktor (`nama_lengkap`) VALUES ('Sydney Sweeney');
INSERT IGNORE INTO Peran VALUES ('Sydney Sweeney', 'Euphoria', 'Cassie Howard');
INSERT IGNORE INTO Aktor (`nama_lengkap`) VALUES ('Jacob Elordi');
INSERT IGNORE INTO Peran VALUES ('Jacob Elordi', 'Euphoria', 'Nate Jacobs');
INSERT IGNORE INTO Aktor (`nama_lengkap`) VALUES ('Alexa Demie');
INSERT IGNORE INTO Peran VALUES ('Alexa Demie', 'Euphoria', 'Maddy Perez');
INSERT IGNORE INTO Aktor (`nama_lengkap`) VALUES ('Angus Cloud');
INSERT IGNORE INTO Peran VALUES ('Angus Cloud', 'Euphoria', 'Fezco O’Neill');
INSERT IGNORE INTO Aktor (`nama_lengkap`) VALUES ('Barbie Ferreira');
INSERT IGNORE INTO Peran VALUES ('Barbie Ferreira', 'Euphoria', 'Kat Hernandez');
INSERT IGNORE INTO Aktor (`nama_lengkap`) VALUES ('Maude Apatow');
INSERT IGNORE INTO Peran VALUES ('Maude Apatow', 'Euphoria', 'Lexi Howard');
INSERT IGNORE INTO Aktor (`nama_lengkap`) VALUES ('Javon Walton');
INSERT IGNORE INTO Peran VALUES ('Javon Walton', 'Euphoria', 'Ashtray');
INSERT IGNORE INTO Aktor (`nama_lengkap`) VALUES ('Eric Dane');
INSERT IGNORE INTO Peran VALUES ('Eric Dane', 'Euphoria', 'Cal Jacobs');
INSERT IGNORE INTO Episode VALUES ('Euphoria', 1, 1, 'Pilot', 'Seventeen-year-old Rue returns home from rehab with no plans to stay clean. She meets Jules, who''s new in town, at a party at McKay''s house. Nate gets in McKay''s head when McKay takes an interest in Cassie. Nate and Maddy, who have broken up once again, attempt to make each other jealous. Meanwhile, Kat is pressured to lose something big.', 54);
INSERT IGNORE INTO Episode VALUES ('Euphoria', 1, 2, 'Stuntin'' Like My Daddy', 'On the first day of school, Rue''s excited about her new friend, Jules, but struggles to put the past behind her and gets into trouble at Fezco''s. Nate becomes obsessed with Maddy''s hookup, Tyler, while trying to get back together with Maddy. Kat finds out that a video of her has surfaced online. McKay takes the stress of college out on Cassie.', 60);
INSERT IGNORE INTO Episode VALUES ('Euphoria', 1, 3, 'Made You Look', 'Kat decides to try camming and has her first session. Jules starts falling for a boy online and asks Rue to help her take some nudes. Maddy finds something odd on Nate''s phone. Cassie and McKay  spend the weekend at his school and go to a party at the frat he''s rushing. Rue is confronted about her lies at NA.', 57);
INSERT IGNORE INTO Audio VALUES ('Euphoria', 'Jepang');
INSERT IGNORE INTO Audio VALUES ('Euphoria', 'Korea');
INSERT IGNORE INTO Audio VALUES ('Euphoria', 'Spanyol');
INSERT IGNORE INTO Subtitle VALUES ('Euphoria', 'Jepang');
INSERT IGNORE INTO Subtitle VALUES ('Euphoria', 'Spanyol');
INSERT IGNORE INTO Subtitle VALUES ('Euphoria', 'Indonesia');
INSERT IGNORE INTO Subtitle VALUES ('Euphoria', 'Inggris');
INSERT IGNORE INTO Konten VALUES ('Naruto', 'Naruto Uzumaki, a mischievous adolescent ninja, struggles as he searches for recognition and dreams of becoming the Hokage, the village''s leader and strongest ninja.', 2002, 'TV-PG', 'Serial_TV');
INSERT IGNORE INTO Serial_TV VALUES ('Naruto', 4);
INSERT IGNORE INTO Genre_Konten VALUES ('Naruto', 12);
INSERT IGNORE INTO Genre_Konten VALUES ('Naruto', 21);
INSERT IGNORE INTO Genre_Konten VALUES ('Naruto', 23);
INSERT IGNORE INTO Aktor (`nama_lengkap`) VALUES ('Junko Takeuchi');
INSERT IGNORE INTO Peran VALUES ('Junko Takeuchi', 'Naruto', 'Naruto Uzumaki (voice)');
INSERT IGNORE INTO Aktor (`nama_lengkap`) VALUES ('Noriaki Sugiyama');
INSERT IGNORE INTO Peran VALUES ('Noriaki Sugiyama', 'Naruto', 'Sasuke Uchiha (voice)');
INSERT IGNORE INTO Aktor (`nama_lengkap`) VALUES ('Chie Nakamura');
INSERT IGNORE INTO Peran VALUES ('Chie Nakamura', 'Naruto', 'Sakura Haruno (voice)');
INSERT IGNORE INTO Aktor (`nama_lengkap`) VALUES ('Kazuhiko Inoue');
INSERT IGNORE INTO Peran VALUES ('Kazuhiko Inoue', 'Naruto', 'Kakashi Hatake (voice)');
INSERT IGNORE INTO Aktor (`nama_lengkap`) VALUES ('Hidekatsu Shibata');
INSERT IGNORE INTO Peran VALUES ('Hidekatsu Shibata', 'Naruto', 'Hiruzen Sarutobi (3º Hokage) (voice)');
INSERT IGNORE INTO Aktor (`nama_lengkap`) VALUES ('Koichi Tochika');
INSERT IGNORE INTO Peran VALUES ('Koichi Tochika', 'Naruto', 'Neji Hyuga (voice)');
INSERT IGNORE INTO Aktor (`nama_lengkap`) VALUES ('Masashi Ebara');
INSERT IGNORE INTO Peran VALUES ('Masashi Ebara', 'Naruto', 'Might Guy (voice)');
INSERT IGNORE INTO Aktor (`nama_lengkap`) VALUES ('Yōichi Masukawa');
INSERT IGNORE INTO Peran VALUES ('Yōichi Masukawa', 'Naruto', 'Rock Lee (voice)');
INSERT IGNORE INTO Aktor (`nama_lengkap`) VALUES ('Yukari Tamura');
INSERT IGNORE INTO Peran VALUES ('Yukari Tamura', 'Naruto', 'Tenten (voice)');
INSERT IGNORE INTO Aktor (`nama_lengkap`) VALUES ('Ryoka Yuzuki');
INSERT IGNORE INTO Peran VALUES ('Ryoka Yuzuki', 'Naruto', 'Ino Yamanaka (voice)');
INSERT IGNORE INTO Episode VALUES ('Naruto', 1, 1, 'Enter: Naruto Uzumaki!', 'Welcome to the Village Hidden in the Leaves, where deadly serious Ninja roam the landscape and the seriously mischievous Naruto Uzumaki causes trouble everywhere he goes. But when he steals the ancient scroll of sealing, he unleashes a rare power rarely seen in a 12-year-old boy!', 24);
INSERT IGNORE INTO Episode VALUES ('Naruto', 1, 2, 'My Name Is Konohamaru!', 'Naruto finally graduates from the Ninja Academy and claims to know it all. Well, at least that what he tells Konohamaru, the Village elder''s pint-size grandson. Much to the dismay of Ebisu, Konohamaru''s teacher and mentor, Naruto teaches him the hormonally lethal "Sexy Jutsu!"', 24);
INSERT IGNORE INTO Episode VALUES ('Naruto', 1, 3, 'Sasuke and Sakura: Friends or Foes?', 'On the way to becoming a ninja, Naruto must team up with his classmates, the pretty Sakura and the pretty serious Sasuke...', 24);
INSERT IGNORE INTO Audio VALUES ('Naruto', 'Indonesia');
INSERT IGNORE INTO Audio VALUES ('Naruto', 'Korea');
INSERT IGNORE INTO Subtitle VALUES ('Naruto', 'Indonesia');
INSERT IGNORE INTO Subtitle VALUES ('Naruto', 'Spanyol');
INSERT IGNORE INTO Konten VALUES ('Overflow', 'Kazushi Sudou is a university student who is visited by his two childhood friends, the sisters Ayane and Kotone Shirakawa. When Ayane discovers that Kazushi not only forgot to buy her pudding but is also using her special lotion in the bath, she decides to take revenge and join Kazushi in his bath along with Kotone. Will the perverted Kazushi be able to remain indifferent to them both?', 2020, 'TV-MA', 'Serial_TV');
INSERT IGNORE INTO Serial_TV VALUES ('Overflow', 1);
INSERT IGNORE INTO Genre_Konten VALUES ('Overflow', 12);
INSERT IGNORE INTO Aktor (`nama_lengkap`) VALUES ('Mitsu Anzu');
INSERT IGNORE INTO Peran VALUES ('Mitsu Anzu', 'Overflow', 'Kotone Shirakawa (voice)');
INSERT IGNORE INTO Aktor (`nama_lengkap`) VALUES ('Tomoe Tamiyasu');
INSERT IGNORE INTO Peran VALUES ('Tomoe Tamiyasu', 'Overflow', 'Ayane Shirakawa (voice)');
INSERT IGNORE INTO Aktor (`nama_lengkap`) VALUES ('Sada Naohiro');
INSERT IGNORE INTO Peran VALUES ('Sada Naohiro', 'Overflow', 'Kazushi Sudou (voice)');
INSERT IGNORE INTO Episode VALUES ('Overflow', 1, 1, 'Soft Sisters and Bathing', 'Kazushi, a university student living alone, is troubled by the presence of two childhood friends, sisters, who hang out all the time at his apartment.

The cheeky older sister, Ayane, and the laid-back younger sister, Kotone.

With the two always around, Kazushi has been semi-forced into a life of abstinence for

a long time... One day, a trivial argument leads Kazushi to take a bath with the sisters in the apartment''s tiny bathroom.

Even though he is still wearing his swimsuit, the soft touch of them clinging to his body makes Kazushi''s reason waver.', 7);
INSERT IGNORE INTO Episode VALUES ('Overflow', 1, 2, 'The Dreaming Girl Next to Me', 'That night after their secret affair in the bathroom, Kazushi is unable to sleep due to excitement and feelings of guilt. While Kazushi is like that, Kotone and Ayane are sleeping soundly in a row as usual.

Inspired by the glimpse of her bare legs peeking out from under the covers, Kazushi starts to touch Kotone''s body again as they sleep together, thinking that she forgave him once. However, the person he thought was Kotone and put his hands on was actually Ayane.', 7);
INSERT IGNORE INTO Episode VALUES ('Overflow', 1, 3, 'Drawing Closer to Two Hearts', 'The day after a depraved night with his sisters, Kazushi is walking along, reflecting on the events of the previous night, when Ayane, with whom he

now has the most awkward relationship, appears before him.

When Kazushi apologizes cordially in front of his apartment, Ayane surprisingly doesn''t seem angry.

On the contrary, the moment she enters his room,

she asks him with tearful eyes, "If you want to continue what happened yesterday... give me a kiss..."', 7);
INSERT IGNORE INTO Audio VALUES ('Overflow', 'Indonesia');
INSERT IGNORE INTO Audio VALUES ('Overflow', 'Jepang');
INSERT IGNORE INTO Audio VALUES ('Overflow', 'Inggris');
INSERT IGNORE INTO Subtitle VALUES ('Overflow', 'Indonesia');
INSERT IGNORE INTO Konten VALUES ('Sons of Anarchy', 'The Sons of Anarchy (SOA) are an outlaw motorcycle club with many charters in the United States and overseas. The show focused on the original and founding charter, Sons of Anarchy Motorcycle Club, Redwood Original, often referred to by the acronym SAMCRO, Sam Crow, or simply Redwood Charter. The charter operates both legal and illegal businesses in the small town of Charming, California. They combine gun-running and a garage, and involvement in porn film industry. Clay, the charter president, likes it old school and violent; while Jax, his stepson and the club''s VP, has thoughts about changing the way things are done. Their conflict has effects on both the club and their personal relationship, especially when Jax goes on a personal quest to cleanse the SAMCRO name and image.', 2008, 'TV-MA', 'Serial_TV');
INSERT IGNORE INTO Serial_TV VALUES ('Sons of Anarchy', 7);
INSERT IGNORE INTO Genre_Konten VALUES ('Sons of Anarchy', 2);
INSERT IGNORE INTO Genre_Konten VALUES ('Sons of Anarchy', 4);
INSERT IGNORE INTO Aktor (`nama_lengkap`) VALUES ('Charlie Hunnam');
INSERT IGNORE INTO Peran VALUES ('Charlie Hunnam', 'Sons of Anarchy', 'Jax Teller');
INSERT IGNORE INTO Aktor (`nama_lengkap`) VALUES ('Katey Sagal');
INSERT IGNORE INTO Peran VALUES ('Katey Sagal', 'Sons of Anarchy', 'Gemma Teller Morrow');
INSERT IGNORE INTO Aktor (`nama_lengkap`) VALUES ('Tommy Flanagan');
INSERT IGNORE INTO Peran VALUES ('Tommy Flanagan', 'Sons of Anarchy', 'Filip "Chibs" Telford');
INSERT IGNORE INTO Aktor (`nama_lengkap`) VALUES ('Mark Boone Junior');
INSERT IGNORE INTO Peran VALUES ('Mark Boone Junior', 'Sons of Anarchy', 'Bobby Munson');
INSERT IGNORE INTO Aktor (`nama_lengkap`) VALUES ('Kim Coates');
INSERT IGNORE INTO Peran VALUES ('Kim Coates', 'Sons of Anarchy', 'Alex ''Tig'' Trager');
INSERT IGNORE INTO Aktor (`nama_lengkap`) VALUES ('Theo Rossi');
INSERT IGNORE INTO Peran VALUES ('Theo Rossi', 'Sons of Anarchy', 'Juan Carlos ''Juice'' Ortiz');
INSERT IGNORE INTO Aktor (`nama_lengkap`) VALUES ('Dayton Callie');
INSERT IGNORE INTO Peran VALUES ('Dayton Callie', 'Sons of Anarchy', 'Wayne Unser');
INSERT IGNORE INTO Aktor (`nama_lengkap`) VALUES ('David Labrava');
INSERT IGNORE INTO Peran VALUES ('David Labrava', 'Sons of Anarchy', 'Happy Lowman');
INSERT IGNORE INTO Aktor (`nama_lengkap`) VALUES ('Drea De Matteo');
INSERT IGNORE INTO Peran VALUES ('Drea De Matteo', 'Sons of Anarchy', 'Wendy Case');
INSERT IGNORE INTO Aktor (`nama_lengkap`) VALUES ('Jimmy Smits');
INSERT IGNORE INTO Peran VALUES ('Jimmy Smits', 'Sons of Anarchy', 'Nero Padilla');
INSERT IGNORE INTO Episode VALUES ('Sons of Anarchy', 1, 1, 'Pilot', 'When a rival club cleans out and then destroys their illegal arms warehouse, SAMCRO (Sons of Anarchy Motorcycle Club, Redwood Original) executes their own sense of justice in retrieving their guns. Meanwhile, family issues take center stage with a medical emergency involving Jax Teller''s newborn son.', 57);
INSERT IGNORE INTO Episode VALUES ('Sons of Anarchy', 1, 2, 'Seeds', 'As the club deals with the aftermath of its illegal arms warehouse attack, the deputy chief of police poses a new threat to SAMCRO''s reign over Charming; Jax continues to worry about his newborn son''s fate; Opie faces a difficult decision.', 47);
INSERT IGNORE INTO Episode VALUES ('Sons of Anarchy', 1, 3, 'Fun Town', 'When a prominent Charming family''s young daughter is assaulted at a carnival, SAMCRO races against the authorities to capture the assailant; a new shipment of guns arrives from the group''s IRA connection; Tara''s ex-boyfriend arrives in Charming.', 48);
INSERT IGNORE INTO Audio VALUES ('Sons of Anarchy', 'Korea');
INSERT IGNORE INTO Subtitle VALUES ('Sons of Anarchy', 'Jepang');
INSERT IGNORE INTO Subtitle VALUES ('Sons of Anarchy', 'Inggris');
INSERT IGNORE INTO Subtitle VALUES ('Sons of Anarchy', 'Korea');
INSERT IGNORE INTO Subtitle VALUES ('Sons of Anarchy', 'Indonesia');
INSERT IGNORE INTO Konten VALUES ('Monogatari', 'Koyomi Araragi, a high school student, finds himself constantly encountering girls afflicted by supernatural "oddities." He dedicates himself to helping them, often with the aid of the eccentric specialist Meme Oshino. Each arc talks about a different girl''s unique struggle and the mysterious cause of their affliction. The series explores themes of adolescence, personal growth, and the complexities of human relationships. It''s known for its witty dialogue, stylistic animation, and unique narrative structure.', 2009, 'TV-14', 'Serial_TV');
INSERT IGNORE INTO Serial_TV VALUES ('Monogatari', 5);
INSERT IGNORE INTO Genre_Konten VALUES ('Monogatari', 12);
INSERT IGNORE INTO Genre_Konten VALUES ('Monogatari', 8);
INSERT IGNORE INTO Genre_Konten VALUES ('Monogatari', 4);
INSERT IGNORE INTO Genre_Konten VALUES ('Monogatari', 11);
INSERT IGNORE INTO Aktor (`nama_lengkap`) VALUES ('Hiroshi Kamiya');
INSERT IGNORE INTO Peran VALUES ('Hiroshi Kamiya', 'Monogatari', 'Koyomi Araragi (voice)');
INSERT IGNORE INTO Aktor (`nama_lengkap`) VALUES ('Chiwa Saito');
INSERT IGNORE INTO Peran VALUES ('Chiwa Saito', 'Monogatari', 'Hitagi Senjougahara (voice)');
INSERT IGNORE INTO Aktor (`nama_lengkap`) VALUES ('Yui Horie');
INSERT IGNORE INTO Peran VALUES ('Yui Horie', 'Monogatari', 'Tsubasa Hanekawa / Black Hanekawa (voice)');
INSERT IGNORE INTO Aktor (`nama_lengkap`) VALUES ('Maaya Sakamoto');
INSERT IGNORE INTO Peran VALUES ('Maaya Sakamoto', 'Monogatari', 'Shinobu Oshino / Kiss-shot Acerola-orion Heart-under-blade (voice)');
INSERT IGNORE INTO Aktor (`nama_lengkap`) VALUES ('Satsuki Yukino');
INSERT IGNORE INTO Peran VALUES ('Satsuki Yukino', 'Monogatari', 'Izuko Gaen (voice)');
INSERT IGNORE INTO Aktor (`nama_lengkap`) VALUES ('Miyuki Sawashiro');
INSERT IGNORE INTO Peran VALUES ('Miyuki Sawashiro', 'Monogatari', 'Suruga Kanbaru (voice)');
INSERT IGNORE INTO Episode VALUES ('Monogatari', 1, 1, 'Hitagi Crab (1)', 'High school senior Koyomi Araragi discovers a shocking secret one day after helping his classmate Hitagi Senjougahara—a secret he is never to tell.', 25);
INSERT IGNORE INTO Episode VALUES ('Monogatari', 1, 2, 'Hitagi Crab (2)', 'Koyomi takes Hitagi to consult Meme Oshino, the wandering expert on supernatural oddities. Meme provides advice to them on exorcising apparitions.', 25);
INSERT IGNORE INTO Episode VALUES ('Monogatari', 1, 3, 'Mayoi Snail (1)', 'Uncomfortable after quarreling with his sister on Mother’s Day, Koyomi leaves the house. Hitagi bumps into him at the park and makes an offer.', 25);
INSERT IGNORE INTO Audio VALUES ('Monogatari', 'Inggris');
INSERT IGNORE INTO Subtitle VALUES ('Monogatari', 'Inggris');
INSERT IGNORE INTO Subtitle VALUES ('Monogatari', 'Jepang');
INSERT IGNORE INTO Konten VALUES ('Cat''s Eyes', 'In 2023, Alexia, Tam and Sylia are reunited in the City of Light after many years apart. At the same time, a work of art that belonged to their father – who had died ten years earlier in a mysterious fire at his art gallery – reappears in a prestigious exhibition at the Eiffel Tower. The sisters decide to risk everything to steal the painting, in the hope that they will finally solve the mystery of what happened to their father.', 2024, 'NR', 'Serial_TV');
INSERT IGNORE INTO Serial_TV VALUES ('Cat''s Eyes', 1);
INSERT IGNORE INTO Genre_Konten VALUES ('Cat''s Eyes', 21);
INSERT IGNORE INTO Genre_Konten VALUES ('Cat''s Eyes', 8);
INSERT IGNORE INTO Aktor (`nama_lengkap`) VALUES ('Constance Labbé');
INSERT IGNORE INTO Peran VALUES ('Constance Labbé', 'Cat''s Eyes', 'Sylia ''Syl'' Chamade');
INSERT IGNORE INTO Aktor (`nama_lengkap`) VALUES ('Camille Lou');
INSERT IGNORE INTO Peran VALUES ('Camille Lou', 'Cat''s Eyes', 'Tamara ''Tam'' Chamade');
INSERT IGNORE INTO Aktor (`nama_lengkap`) VALUES ('Claire Romain');
INSERT IGNORE INTO Peran VALUES ('Claire Romain', 'Cat''s Eyes', 'Alexia ''Alex'' Chamade');
INSERT IGNORE INTO Aktor (`nama_lengkap`) VALUES ('MB14');
INSERT IGNORE INTO Peran VALUES ('MB14', 'Cat''s Eyes', 'Quentin Chapuis');
INSERT IGNORE INTO Aktor (`nama_lengkap`) VALUES ('Cindy Bruna');
INSERT IGNORE INTO Peran VALUES ('Cindy Bruna', 'Cat''s Eyes', 'Gwen Assaya');
INSERT IGNORE INTO Aktor (`nama_lengkap`) VALUES ('Simon Ehrlacher');
INSERT IGNORE INTO Peran VALUES ('Simon Ehrlacher', 'Cat''s Eyes', 'Abel Azoury');
INSERT IGNORE INTO Aktor (`nama_lengkap`) VALUES ('Carole Bouquet');
INSERT IGNORE INTO Peran VALUES ('Carole Bouquet', 'Cat''s Eyes', 'Hélène Durrieux');
INSERT IGNORE INTO Aktor (`nama_lengkap`) VALUES ('Élodie Fontan');
INSERT IGNORE INTO Peran VALUES ('Élodie Fontan', 'Cat''s Eyes', 'Prudence, la tueuse à gages de Chassagne');
INSERT IGNORE INTO Aktor (`nama_lengkap`) VALUES ('Gilbert Melki');
INSERT IGNORE INTO Peran VALUES ('Gilbert Melki', 'Cat''s Eyes', 'Armand Chassagne');
INSERT IGNORE INTO Aktor (`nama_lengkap`) VALUES ('Gilles Cohen');
INSERT IGNORE INTO Peran VALUES ('Gilles Cohen', 'Cat''s Eyes', 'Thomas Godard');
INSERT IGNORE INTO Episode VALUES ('Cat''s Eyes', 1, 1, 'Episode 1', '', 60);
INSERT IGNORE INTO Episode VALUES ('Cat''s Eyes', 1, 2, 'Episode 2', '', 57);
INSERT IGNORE INTO Episode VALUES ('Cat''s Eyes', 1, 3, 'Episode 3', '', 57);
INSERT IGNORE INTO Audio VALUES ('Cat''s Eyes', 'Inggris');
INSERT IGNORE INTO Audio VALUES ('Cat''s Eyes', 'Jepang');
INSERT IGNORE INTO Subtitle VALUES ('Cat''s Eyes', 'Indonesia');
INSERT IGNORE INTO Konten VALUES ('Mayday', 'Major real-life air disasters are depicted in this series. Each episode features a detailed dramatized reconstruction of the incident based on cockpit voice recorders and air traffic control transcripts, as well as eyewitnesses recounts and interviews with aviation experts.', 2003, 'TV-14', 'Serial_TV');
INSERT IGNORE INTO Serial_TV VALUES ('Mayday', 25);
INSERT IGNORE INTO Genre_Konten VALUES ('Mayday', 17);
INSERT IGNORE INTO Genre_Konten VALUES ('Mayday', 4);
INSERT IGNORE INTO Genre_Konten VALUES ('Mayday', 2);
INSERT IGNORE INTO Aktor (`nama_lengkap`) VALUES ('Stephen Bogaert');
INSERT IGNORE INTO Peran VALUES ('Stephen Bogaert', 'Mayday', 'Self - Narrator (voice)');
INSERT IGNORE INTO Episode VALUES ('Mayday', 1, 1, 'Racing the storm', 'On June 1, 1999, American Airlines Flight 1420 tries to land at the Little Rock National Airport during a storm, but overruns the runway, killing eleven people.', 45);
INSERT IGNORE INTO Episode VALUES ('Mayday', 1, 2, 'Unlocking Disaster', 'On February 24, 1989, United Airlines Flight 811 is flying above the Pacific Ocean, when part of the right-side fuselage is ripped off, ejecting nine people from the aircraft and causing explosive decompression. The flight later lands safely at Honolulu without any more loss of life.', 45);
INSERT IGNORE INTO Episode VALUES ('Mayday', 1, 3, 'Flying Blind', 'On October 2, 1996, shortly after take off, the crew of Aeroperú Flight 603 is confused by false speed and altitude readings and contradictory warnings from the aircraft''s air data system. In preparation for an emergency landing, the crew descends the aircraft, but unknowingly descend too far by relying on the false readings. The Boeing 757 crashes into the water, killing everyone on board.', 45);
INSERT IGNORE INTO Audio VALUES ('Mayday', 'Inggris');
INSERT IGNORE INTO Audio VALUES ('Mayday', 'Jepang');
INSERT IGNORE INTO Audio VALUES ('Mayday', 'Indonesia');
INSERT IGNORE INTO Subtitle VALUES ('Mayday', 'Inggris');
INSERT IGNORE INTO Subtitle VALUES ('Mayday', 'Jepang');
INSERT IGNORE INTO Subtitle VALUES ('Mayday', 'Korea');
INSERT IGNORE INTO Konten VALUES ('Slow Horses', 'Follow a dysfunctional team of MI5 agents—and their obnoxious boss, the notorious Jackson Lamb—as they navigate the espionage world''s smoke and mirrors to defend England from sinister forces.', 2022, 'D', 'Serial_TV');
INSERT IGNORE INTO Serial_TV VALUES ('Slow Horses', 5);
INSERT IGNORE INTO Genre_Konten VALUES ('Slow Horses', 2);
INSERT IGNORE INTO Genre_Konten VALUES ('Slow Horses', 4);
INSERT IGNORE INTO Genre_Konten VALUES ('Slow Horses', 8);
INSERT IGNORE INTO Aktor (`nama_lengkap`) VALUES ('Gary Oldman');
INSERT IGNORE INTO Peran VALUES ('Gary Oldman', 'Slow Horses', 'Jackson Lamb');
INSERT IGNORE INTO Aktor (`nama_lengkap`) VALUES ('Jack Lowden');
INSERT IGNORE INTO Peran VALUES ('Jack Lowden', 'Slow Horses', 'River Cartwright');
INSERT IGNORE INTO Aktor (`nama_lengkap`) VALUES ('Kristin Scott Thomas');
INSERT IGNORE INTO Peran VALUES ('Kristin Scott Thomas', 'Slow Horses', 'Diana Taverner');
INSERT IGNORE INTO Aktor (`nama_lengkap`) VALUES ('Saskia Reeves');
INSERT IGNORE INTO Peran VALUES ('Saskia Reeves', 'Slow Horses', 'Catherine Standish');
INSERT IGNORE INTO Aktor (`nama_lengkap`) VALUES ('Christopher Chung');
INSERT IGNORE INTO Peran VALUES ('Christopher Chung', 'Slow Horses', 'Roddy Ho');
INSERT IGNORE INTO Aktor (`nama_lengkap`) VALUES ('Aimee-Ffion Edwards');
INSERT IGNORE INTO Peran VALUES ('Aimee-Ffion Edwards', 'Slow Horses', 'Shirley Dander');
INSERT IGNORE INTO Episode VALUES ('Slow Horses', 1, 1, 'Failure''s Contagious', 'River Cartwright is ousted from MI5 and finds himself in a place worse than purgatory: Slough House, dumping ground for failed spies.', 57);
INSERT IGNORE INTO Episode VALUES ('Slow Horses', 1, 2, 'Work Drinks', 'River and Sid join forces. A misfired gun has dire consequences.', 52);
INSERT IGNORE INTO Episode VALUES ('Slow Horses', 1, 3, 'Bad Tradecraft', 'Slough House is the unlikely venue for a secret romance, but events take a dark turn when a dangerous encounter becomes deadly.', 46);
INSERT IGNORE INTO Audio VALUES ('Slow Horses', 'Korea');
INSERT IGNORE INTO Subtitle VALUES ('Slow Horses', 'Jepang');
INSERT IGNORE INTO Konten VALUES ('Solo Leveling', 'They say whatever doesn’t kill you makes you stronger, but that’s not the case for the world’s weakest hunter Sung Jinwoo. After being brutally slaughtered by monsters in a high-ranking dungeon, Jinwoo came back with the System, a program only he could see, that’s leveling him up in every way. Now, he’s inspired to discover the secrets behind his powers and the dungeon that spawned them.', 2024, 'TV-14', 'Serial_TV');
INSERT IGNORE INTO Serial_TV VALUES ('Solo Leveling', 1);
INSERT IGNORE INTO Genre_Konten VALUES ('Solo Leveling', 12);
INSERT IGNORE INTO Genre_Konten VALUES ('Solo Leveling', 21);
INSERT IGNORE INTO Genre_Konten VALUES ('Solo Leveling', 23);
INSERT IGNORE INTO Aktor (`nama_lengkap`) VALUES ('Taito Ban');
INSERT IGNORE INTO Peran VALUES ('Taito Ban', 'Solo Leveling', 'Shun Mizushino (voice)');
INSERT IGNORE INTO Aktor (`nama_lengkap`) VALUES ('Genta Nakamura');
INSERT IGNORE INTO Peran VALUES ('Genta Nakamura', 'Solo Leveling', 'Kenta Morobishi (voice)');
INSERT IGNORE INTO Aktor (`nama_lengkap`) VALUES ('Haruna Mikawa');
INSERT IGNORE INTO Peran VALUES ('Haruna Mikawa', 'Solo Leveling', 'Aoi Mizushino (voice)');
INSERT IGNORE INTO Aktor (`nama_lengkap`) VALUES ('Reina Ueda');
INSERT IGNORE INTO Peran VALUES ('Reina Ueda', 'Solo Leveling', 'Shizuku Kousaka (voice)');
INSERT IGNORE INTO Aktor (`nama_lengkap`) VALUES ('Daisuke Hirakawa');
INSERT IGNORE INTO Peran VALUES ('Daisuke Hirakawa', 'Solo Leveling', 'Shin Mogami (voice)');
INSERT IGNORE INTO Aktor (`nama_lengkap`) VALUES ('Hiroki Touchi');
INSERT IGNORE INTO Peran VALUES ('Hiroki Touchi', 'Solo Leveling', 'Taiga Shirakawa (voice)');
INSERT IGNORE INTO Aktor (`nama_lengkap`) VALUES ('Banjo Ginga');
INSERT IGNORE INTO Peran VALUES ('Banjo Ginga', 'Solo Leveling', 'Kiyoomi Goto (voice)');
INSERT IGNORE INTO Aktor (`nama_lengkap`) VALUES ('Makoto Furukawa');
INSERT IGNORE INTO Peran VALUES ('Makoto Furukawa', 'Solo Leveling', 'Akira Inukai (voice)');
INSERT IGNORE INTO Episode VALUES ('Solo Leveling', 1, 1, 'I''m Used to It', 'Around ten years ago, gates that connected our world to another dimension began to appear, leading to the rise of hunters who would traverse these gates to fight the magic beasts within. Sung Jinwoo, E-Rank hunter, is the weakest of them all.', 24);
INSERT IGNORE INTO Episode VALUES ('Solo Leveling', 1, 2, 'If I Had One More Chance', 'Jinwoo and his party appear to have cleared a low-level dungeon, when a hidden path to an unfamiliar temple is revealed. There they encounter a set of commandments and a group of monsters that cause them absolute despair.', 24);
INSERT IGNORE INTO Episode VALUES ('Solo Leveling', 1, 3, 'It''s Like a Game', 'Jinwoo remains behind in the temple dungeon to save his few surviving party members, and with a swing from the god statue''s blade, his life comes to an end—or so it seems, before he wakes up in a hospital bed.', 24);
INSERT IGNORE INTO Audio VALUES ('Solo Leveling', 'Inggris');
INSERT IGNORE INTO Subtitle VALUES ('Solo Leveling', 'Inggris');
INSERT IGNORE INTO Subtitle VALUES ('Solo Leveling', 'Korea');
INSERT IGNORE INTO Subtitle VALUES ('Solo Leveling', 'Indonesia');
INSERT IGNORE INTO Subtitle VALUES ('Solo Leveling', 'Spanyol');
INSERT IGNORE INTO Konten VALUES ('Black Mirror', 'Twisted tales run wild in this mind-bending anthology series that reveals humanity''s worst traits, greatest innovations and more.', 2011, 'D', 'Serial_TV');
INSERT IGNORE INTO Serial_TV VALUES ('Black Mirror', 7);
INSERT IGNORE INTO Genre_Konten VALUES ('Black Mirror', 23);
INSERT IGNORE INTO Genre_Konten VALUES ('Black Mirror', 4);
INSERT IGNORE INTO Genre_Konten VALUES ('Black Mirror', 11);
INSERT IGNORE INTO Episode VALUES ('Black Mirror', 1, 1, 'The National Anthem', 'Prime Minister Michael Callow faces a shocking dilemma when Princess Susannah, a much-loved member of the Royal Family, is kidnapped.', 44);
INSERT IGNORE INTO Episode VALUES ('Black Mirror', 1, 2, 'Fifteen Million Merits', 'After failing to impress the judges on a singing competition show, a woman must either perform degrading acts or return to a slave-like existence.', 62);
INSERT IGNORE INTO Episode VALUES ('Black Mirror', 1, 3, 'The Entire History of You', 'In the near future, everyone has access to a memory implant that records everything humans do, see and hear.', 49);
INSERT IGNORE INTO Audio VALUES ('Black Mirror', 'Inggris');
INSERT IGNORE INTO Subtitle VALUES ('Black Mirror', 'Korea');
INSERT IGNORE INTO Subtitle VALUES ('Black Mirror', 'Jepang');
INSERT IGNORE INTO Subtitle VALUES ('Black Mirror', 'Indonesia');
INSERT IGNORE INTO Subtitle VALUES ('Black Mirror', 'Spanyol');
INSERT IGNORE INTO Konten VALUES ('Peacemaker', 'The continuing story of Peacemaker, a vainglorious superhero/supervillain who believes in peace at any cost — no matter how many people he has to kill. After a miraculous recovery from his duel with Bloodsport, Peacemaker soon discovers that his freedom comes at a price.', 2022, 'TV-MA', 'Serial_TV');
INSERT IGNORE INTO Serial_TV VALUES ('Peacemaker', 2);
INSERT IGNORE INTO Genre_Konten VALUES ('Peacemaker', 21);
INSERT IGNORE INTO Genre_Konten VALUES ('Peacemaker', 23);
INSERT IGNORE INTO Genre_Konten VALUES ('Peacemaker', 4);
INSERT IGNORE INTO Aktor (`nama_lengkap`) VALUES ('John Cena');
INSERT IGNORE INTO Peran VALUES ('John Cena', 'Peacemaker', 'Christopher ''Chris'' Smith / Peacemaker');
INSERT IGNORE INTO Aktor (`nama_lengkap`) VALUES ('Danielle Brooks');
INSERT IGNORE INTO Peran VALUES ('Danielle Brooks', 'Peacemaker', 'Leota Adebayo');
INSERT IGNORE INTO Aktor (`nama_lengkap`) VALUES ('Freddie Stroma');
INSERT IGNORE INTO Peran VALUES ('Freddie Stroma', 'Peacemaker', 'Adrian Chase / Vigilante');
INSERT IGNORE INTO Aktor (`nama_lengkap`) VALUES ('Jennifer Holland');
INSERT IGNORE INTO Peran VALUES ('Jennifer Holland', 'Peacemaker', 'Emilia Harcourt');
INSERT IGNORE INTO Aktor (`nama_lengkap`) VALUES ('Steve Agee');
INSERT IGNORE INTO Peran VALUES ('Steve Agee', 'Peacemaker', 'John Economos');
INSERT IGNORE INTO Aktor (`nama_lengkap`) VALUES ('Frank Grillo');
INSERT IGNORE INTO Peran VALUES ('Frank Grillo', 'Peacemaker', 'Rick Flag Sr.');
INSERT IGNORE INTO Aktor (`nama_lengkap`) VALUES ('Robert Patrick');
INSERT IGNORE INTO Peran VALUES ('Robert Patrick', 'Peacemaker', 'August ''Auggie'' Smith / Blue Dragon');
INSERT IGNORE INTO Episode VALUES ('Peacemaker', 1, 1, 'A Whole New Whirled', 'After making a miraculous recovery, Peacemaker returns home–only to discover that his freedom comes at a price.', 47);
INSERT IGNORE INTO Episode VALUES ('Peacemaker', 1, 2, 'Best Friends, For Never', 'After Peacemaker’s hazardous escape, tension and mistrust build within the team. Later, as Peacemaker grapples with his new assignment, he receives a surprise visitor.', 41);
INSERT IGNORE INTO Episode VALUES ('Peacemaker', 1, 3, 'Better Goff Dead', 'On their first official mission to assassinate suspected “butterflies,” Economos and Murn bond, and Peacemaker and Harcourt reach an understanding. But the whole job goes sideways with the arrival of Judomaster.', 40);
INSERT IGNORE INTO Audio VALUES ('Peacemaker', 'Korea');
INSERT IGNORE INTO Audio VALUES ('Peacemaker', 'Jepang');
INSERT IGNORE INTO Audio VALUES ('Peacemaker', 'Indonesia');
INSERT IGNORE INTO Subtitle VALUES ('Peacemaker', 'Korea');
INSERT IGNORE INTO Subtitle VALUES ('Peacemaker', 'Inggris');
INSERT IGNORE INTO Subtitle VALUES ('Peacemaker', 'Indonesia');
INSERT IGNORE INTO Subtitle VALUES ('Peacemaker', 'Spanyol');
INSERT IGNORE INTO Konten VALUES ('Markus Lanz', 'TV presenter Markus Lanz invites prominent guests and experts from all areas of public life to his colourful talk show. As a rule, there are four guests, introduced individually to contribute their personal experiences to the topics.', 2008, 'NR', 'Serial_TV');
INSERT IGNORE INTO Serial_TV VALUES ('Markus Lanz', 18);
INSERT IGNORE INTO Genre_Konten VALUES ('Markus Lanz', 24);
INSERT IGNORE INTO Aktor (`nama_lengkap`) VALUES ('Markus Lanz');
INSERT IGNORE INTO Peran VALUES ('Markus Lanz', 'Markus Lanz', 'Self - Host');
INSERT IGNORE INTO Episode VALUES ('Markus Lanz', 1, 1, 'Episode dated 3 June 2008', '', 60);
INSERT IGNORE INTO Episode VALUES ('Markus Lanz', 1, 2, 'Episode dated 4 June 2008', '', 60);
INSERT IGNORE INTO Episode VALUES ('Markus Lanz', 1, 3, 'Episode dated 5 June 2008', '', 60);
INSERT IGNORE INTO Audio VALUES ('Markus Lanz', 'Korea');
INSERT IGNORE INTO Subtitle VALUES ('Markus Lanz', 'Jepang');
INSERT IGNORE INTO Subtitle VALUES ('Markus Lanz', 'Inggris');
INSERT IGNORE INTO Subtitle VALUES ('Markus Lanz', 'Indonesia');
INSERT IGNORE INTO Subtitle VALUES ('Markus Lanz', 'Spanyol');
INSERT IGNORE INTO Konten VALUES ('Perry Mason', 'The cases of master criminal defense attorney Perry Mason and his staff who handled the most difficult of cases in the aid of the innocent.', 1957, 'TV-PG', 'Serial_TV');
INSERT IGNORE INTO Serial_TV VALUES ('Perry Mason', 9);
INSERT IGNORE INTO Genre_Konten VALUES ('Perry Mason', 11);
INSERT IGNORE INTO Genre_Konten VALUES ('Perry Mason', 4);
INSERT IGNORE INTO Genre_Konten VALUES ('Perry Mason', 2);
INSERT IGNORE INTO Aktor (`nama_lengkap`) VALUES ('Raymond Burr');
INSERT IGNORE INTO Peran VALUES ('Raymond Burr', 'Perry Mason', 'Perry Mason');
INSERT IGNORE INTO Aktor (`nama_lengkap`) VALUES ('Barbara Hale');
INSERT IGNORE INTO Peran VALUES ('Barbara Hale', 'Perry Mason', 'Della Street');
INSERT IGNORE INTO Aktor (`nama_lengkap`) VALUES ('William Hopper');
INSERT IGNORE INTO Peran VALUES ('William Hopper', 'Perry Mason', 'Paul Drake');
INSERT IGNORE INTO Aktor (`nama_lengkap`) VALUES ('William Talman');
INSERT IGNORE INTO Peran VALUES ('William Talman', 'Perry Mason', 'Hamilton Burger');
INSERT IGNORE INTO Aktor (`nama_lengkap`) VALUES ('Ray Collins');
INSERT IGNORE INTO Peran VALUES ('Ray Collins', 'Perry Mason', 'Lieutenant Tragg');
INSERT IGNORE INTO Episode VALUES ('Perry Mason', 1, 1, 'The Case of the Restless Redhead', 'Perry drives to the scene of a shooting and finds the police recovering the body of Harry Merrill from a car that went over the side of a mountain. MerriIl has a bullet in his body and a pillowcase over his head. Meanwhile, Perry''s client, Evelyn Bagby, claims she was chased by a hooded man in a car near the same cliff that day. She fired two shots at the man''s car to scare him off, and now the police want her for murder.', 53);
INSERT IGNORE INTO Episode VALUES ('Perry Mason', 1, 2, 'The Case of the Sleepwalker''s Niece', 'Peter Cole is caught one night sleepwalking with a letter opener and standing over his wife''s bed.  His wife Doris is afraid and decides the next day to file for divorce.  Exactly one year later, when the divorce is to be finalized, Frank Maddox, Peter''s business partner, meets with Doris Cole. That night Frank Maddox spends the night at Peter Cole''s house and exchanges bedrooms with Phillip Kendall, Peter''s stepbrother.  The next morning Phillip Kendall is found dead in bed and Peter Cole is accused of murder.', 53);
INSERT IGNORE INTO Episode VALUES ('Perry Mason', 1, 3, 'The Case of the Nervous Accomplice', 'Sybil Granger hires Perry to help her buy stock in her estranged husband''s oil company on the sly. By this, Sybil hopes to force her husband''s latest girlfriend, Roxy Howard, out of the company and his life altogether. Things get complicated when George Lutts enters the picture and gets shot to death.', 53);
INSERT IGNORE INTO Audio VALUES ('Perry Mason', 'Indonesia');
INSERT IGNORE INTO Audio VALUES ('Perry Mason', 'Jepang');
INSERT IGNORE INTO Subtitle VALUES ('Perry Mason', 'Jepang');
INSERT IGNORE INTO Konten VALUES ('Frasier', 'After many years spent at the “Cheers” bar, Frasier moves back home to Seattle to work as a radio psychiatrist after his policeman father gets shot in the hip on duty.', 1993, 'TV-PG', 'Serial_TV');
INSERT IGNORE INTO Serial_TV VALUES ('Frasier', 11);
INSERT IGNORE INTO Genre_Konten VALUES ('Frasier', 8);
INSERT IGNORE INTO Genre_Konten VALUES ('Frasier', 9);
INSERT IGNORE INTO Aktor (`nama_lengkap`) VALUES ('Kelsey Grammer');
INSERT IGNORE INTO Peran VALUES ('Kelsey Grammer', 'Frasier', 'Frasier Crane');
INSERT IGNORE INTO Aktor (`nama_lengkap`) VALUES ('Jane Leeves');
INSERT IGNORE INTO Peran VALUES ('Jane Leeves', 'Frasier', 'Daphne Moon');
INSERT IGNORE INTO Aktor (`nama_lengkap`) VALUES ('David Hyde Pierce');
INSERT IGNORE INTO Peran VALUES ('David Hyde Pierce', 'Frasier', 'Niles Crane');
INSERT IGNORE INTO Aktor (`nama_lengkap`) VALUES ('Peri Gilpin');
INSERT IGNORE INTO Peran VALUES ('Peri Gilpin', 'Frasier', 'Roz Doyle');
INSERT IGNORE INTO Aktor (`nama_lengkap`) VALUES ('John Mahoney');
INSERT IGNORE INTO Peran VALUES ('John Mahoney', 'Frasier', 'Martin Crane');
INSERT IGNORE INTO Episode VALUES ('Frasier', 1, 1, 'The Good Son', 'Psychiatrist Frasier Crane returns to his hometown of Seattle to host a radio talk show, but soon discovers he could use a shrink himself when his father moves in.', 23);
INSERT IGNORE INTO Episode VALUES ('Frasier', 1, 2, 'Space Quest', 'Fed up with a lack of privacy at home and at work, Frasier decides it''s time for his father to move out.', 22);
INSERT IGNORE INTO Episode VALUES ('Frasier', 1, 3, 'Dinner at Eight', 'It''s a culinary culture clash when Frasier and Niles join their father for dinner at his favorite restaurant.', 22);
INSERT IGNORE INTO Audio VALUES ('Frasier', 'Inggris');
INSERT IGNORE INTO Audio VALUES ('Frasier', 'Korea');
INSERT IGNORE INTO Audio VALUES ('Frasier', 'Jepang');
INSERT IGNORE INTO Subtitle VALUES ('Frasier', 'Inggris');
INSERT IGNORE INTO Subtitle VALUES ('Frasier', 'Indonesia');
INSERT IGNORE INTO Konten VALUES ('JAG', 'Harmon "Harm" Rabb Jr. is a former pilot turned lawyer working for the military''s JAG (Judge Advocate General) division, the elite legal wing of officers that prosecutes and defends those accused of military-related crimes. He works closely with Lt. Col. Sarah Mackenzie, and together they do what needs to be done to find the truth.', 1995, 'TV-PG', 'Serial_TV');
INSERT IGNORE INTO Serial_TV VALUES ('JAG', 10);
INSERT IGNORE INTO Genre_Konten VALUES ('JAG', 4);
INSERT IGNORE INTO Genre_Konten VALUES ('JAG', 21);
INSERT IGNORE INTO Genre_Konten VALUES ('JAG', 2);
INSERT IGNORE INTO Aktor (`nama_lengkap`) VALUES ('David James Elliott');
INSERT IGNORE INTO Peran VALUES ('David James Elliott', 'JAG', 'Harmon Rabb');
INSERT IGNORE INTO Aktor (`nama_lengkap`) VALUES ('Catherine Bell');
INSERT IGNORE INTO Peran VALUES ('Catherine Bell', 'JAG', 'Sarah MacKenzie');
INSERT IGNORE INTO Aktor (`nama_lengkap`) VALUES ('Patrick Labyorteaux');
INSERT IGNORE INTO Peran VALUES ('Patrick Labyorteaux', 'JAG', 'Bud Roberts');
INSERT IGNORE INTO Episode VALUES ('JAG', 1, 1, 'A New Life', 'When a female F-14 Tomcat RIO (Radar Intercept Officer) goes missing from the aircraft carrier U.S.S. Seahawk while stationed in the Adriatic Sea, the Judge Advocate General of the Navy, Rear Admiral Al Brovo (Kevin Dunn), sends young Lieutenant Harmon Rabb with Lieutenant Junior Grade Caitlin Pike on Bastille Day 1995 out to the carrier where they must find out whether her death was accidental or intentional.', 93);
INSERT IGNORE INTO Episode VALUES ('JAG', 1, 2, 'A New Life (2)', 'Harm & Kate continue to investigate the death of Lt. Angela Arutti, all the while the carrier remaining on combat status.', 47);
INSERT IGNORE INTO Episode VALUES ('JAG', 1, 3, 'Shadow', 'A civilian tech rep aboard a submarine seizes control of an experimental torpedo after its launch during an exercise. The rep threatens to sink a cruise ship and demands a ransom. Harm and Ltjg. Meg Austin go to the sub and save the day.', 48);
INSERT IGNORE INTO Audio VALUES ('JAG', 'Jepang');
INSERT IGNORE INTO Subtitle VALUES ('JAG', 'Jepang');
INSERT IGNORE INTO Subtitle VALUES ('JAG', 'Spanyol');
INSERT IGNORE INTO Subtitle VALUES ('JAG', 'Inggris');
INSERT IGNORE INTO Konten VALUES ('Grimm', 'After Portland homicide detective Nick Burkhardt discovers he''s descended from an elite line of criminal profilers known as "Grimms," he increasingly finds his responsibilities as a detective at odds with his new responsibilities as a Grimm.', 2011, 'TV-14', 'Serial_TV');
INSERT IGNORE INTO Serial_TV VALUES ('Grimm', 6);
INSERT IGNORE INTO Genre_Konten VALUES ('Grimm', 4);
INSERT IGNORE INTO Genre_Konten VALUES ('Grimm', 11);
INSERT IGNORE INTO Genre_Konten VALUES ('Grimm', 23);
INSERT IGNORE INTO Aktor (`nama_lengkap`) VALUES ('David Giuntoli');
INSERT IGNORE INTO Peran VALUES ('David Giuntoli', 'Grimm', 'Nick Burkhardt');
INSERT IGNORE INTO Aktor (`nama_lengkap`) VALUES ('Silas Weir Mitchell');
INSERT IGNORE INTO Peran VALUES ('Silas Weir Mitchell', 'Grimm', 'Monroe');
INSERT IGNORE INTO Aktor (`nama_lengkap`) VALUES ('Russell Hornsby');
INSERT IGNORE INTO Peran VALUES ('Russell Hornsby', 'Grimm', 'Hank Griffin');
INSERT IGNORE INTO Aktor (`nama_lengkap`) VALUES ('Sasha Roiz');
INSERT IGNORE INTO Peran VALUES ('Sasha Roiz', 'Grimm', 'Sean Renard');
INSERT IGNORE INTO Aktor (`nama_lengkap`) VALUES ('Reggie Lee');
INSERT IGNORE INTO Peran VALUES ('Reggie Lee', 'Grimm', 'Drew Wu');
INSERT IGNORE INTO Aktor (`nama_lengkap`) VALUES ('Bree Turner');
INSERT IGNORE INTO Peran VALUES ('Bree Turner', 'Grimm', 'Rosalee Calvert');
INSERT IGNORE INTO Aktor (`nama_lengkap`) VALUES ('Claire Coffee');
INSERT IGNORE INTO Peran VALUES ('Claire Coffee', 'Grimm', 'Adalind Schade');
INSERT IGNORE INTO Aktor (`nama_lengkap`) VALUES ('Elizabeth Tulloch');
INSERT IGNORE INTO Peran VALUES ('Elizabeth Tulloch', 'Grimm', 'Eve');
INSERT IGNORE INTO Episode VALUES ('Grimm', 1, 1, 'Pilot', 'Nick Burkhardt''s life is completely transformed when his family''s legacy is revealed to him and he discovers that he is a Grimm, a monster hunter who can see the creatures for what they really are.', 41);
INSERT IGNORE INTO Episode VALUES ('Grimm', 1, 2, 'Bears Will Be Bears', 'A barbaric family history is revealed when Nick and Hank investigate a case of breaking and entering. Meanwhile, Nick assigns Monroe to look after Aunt Marie.', 41);
INSERT IGNORE INTO Episode VALUES ('Grimm', 1, 3, 'Beeware', 'The station is abuzz as Nick and Hank are called to a case where an innocent flash mob results in a gruesome homicide. As Nick delves further into the investigation, he learns more about his unique family history, and finds himself at odds when he and Hank are assigned to protect a dark character from his recent past.', 41);
INSERT IGNORE INTO Audio VALUES ('Grimm', 'Spanyol');
INSERT IGNORE INTO Audio VALUES ('Grimm', 'Inggris');
INSERT IGNORE INTO Subtitle VALUES ('Grimm', 'Spanyol');
INSERT IGNORE INTO Subtitle VALUES ('Grimm', 'Inggris');
INSERT IGNORE INTO Konten VALUES ('The Late Late Show with Craig Ferguson', 'The Late Late Show with Craig Ferguson is an American late-night talk show hosted by Scottish American comedian Craig Ferguson, who is the third regular host of the Late Late Show franchise. It follows Late Show with David Letterman in the CBS late-night lineup, airing weekdays in the US at 12:37 a.m. It is taped in front of a live studio audience from Monday to Friday at CBS Television City in Los Angeles, California, directly above the Bob Barker Studio. It is produced by David Letterman''s production company Worldwide Pants Incorporated and CBS Television Studios.

Since becoming host on January 3, 2005, after Craig Kilborn and Tom Snyder, Ferguson has achieved the highest ratings since the show''s inception in 1995. While the majority of the episodes focus on comedy, Ferguson has also addressed difficult subject matter, such as the deaths of his parents, and undertaken serious interviews, such as one with Desmond Tutu, which earned the show a 2009 Peabody Award.', 2005, 'NR', 'Serial_TV');
INSERT IGNORE INTO Serial_TV VALUES ('The Late Late Show with Craig Ferguson', 11);
INSERT IGNORE INTO Genre_Konten VALUES ('The Late Late Show with Craig Ferguson', 8);
INSERT IGNORE INTO Genre_Konten VALUES ('The Late Late Show with Craig Ferguson', 24);
INSERT IGNORE INTO Aktor (`nama_lengkap`) VALUES ('Craig Ferguson');
INSERT IGNORE INTO Peran VALUES ('Craig Ferguson', 'The Late Late Show with Craig Ferguson', 'Self - Host');
INSERT IGNORE INTO Episode VALUES ('The Late Late Show with Craig Ferguson', 1, 1, 'David Duchovny / Nicole Sullivan', '', 60);
INSERT IGNORE INTO Episode VALUES ('The Late Late Show with Craig Ferguson', 1, 2, 'Jon Cryer / Sophie Okonedo / Keb'' Mo''', '', 60);
INSERT IGNORE INTO Episode VALUES ('The Late Late Show with Craig Ferguson', 1, 3, 'Julian McMahon / Aisha Tyler / Howie Day', '', 60);
INSERT IGNORE INTO Audio VALUES ('The Late Late Show with Craig Ferguson', 'Jepang');
INSERT IGNORE INTO Audio VALUES ('The Late Late Show with Craig Ferguson', 'Inggris');
INSERT IGNORE INTO Audio VALUES ('The Late Late Show with Craig Ferguson', 'Indonesia');
INSERT IGNORE INTO Subtitle VALUES ('The Late Late Show with Craig Ferguson', 'Korea');
INSERT IGNORE INTO Subtitle VALUES ('The Late Late Show with Craig Ferguson', 'Jepang');
INSERT IGNORE INTO Subtitle VALUES ('The Late Late Show with Craig Ferguson', 'Indonesia');
INSERT IGNORE INTO Konten VALUES ('Doctor Who', 'The adventures of The Doctor, a time-traveling humanoid alien known as a Time Lord. He explores the universe in his TARDIS, a sentient time-traveling spaceship. Its exterior appears as a blue British police box, which was a common sight in Britain in 1963 when the series first aired. Along with a succession of companions, The Doctor faces a variety of foes while working to save civilizations, help ordinary people, and right many wrongs.', 1963, 'TV-PG', 'Serial_TV');
INSERT IGNORE INTO Serial_TV VALUES ('Doctor Who', 26);
INSERT IGNORE INTO Genre_Konten VALUES ('Doctor Who', 4);
INSERT IGNORE INTO Genre_Konten VALUES ('Doctor Who', 21);
INSERT IGNORE INTO Genre_Konten VALUES ('Doctor Who', 23);
INSERT IGNORE INTO Aktor (`nama_lengkap`) VALUES ('Sylvester McCoy');
INSERT IGNORE INTO Peran VALUES ('Sylvester McCoy', 'Doctor Who', 'The Doctor');
INSERT IGNORE INTO Aktor (`nama_lengkap`) VALUES ('Sophie Aldred');
INSERT IGNORE INTO Peran VALUES ('Sophie Aldred', 'Doctor Who', 'Ace');
INSERT IGNORE INTO Episode VALUES ('Doctor Who', 1, 1, 'An Unearthly Child', 'After discussing a strange pupil, Susan Foreman, teachers Ian and Barbara follow her to a junkyard. They meet her grandfather, the Doctor, and force their way inside a police box with frightening results.', 23);
INSERT IGNORE INTO Episode VALUES ('Doctor Who', 1, 2, 'The Cave of Skulls', 'The enigmatic Doctor, afraid that schoolteachers Ian Chesterton and Barbara Wright will reveal his secrets to the people of 20th century Earth, has taken them and his granddaughter Susan back to the dawn of human history. There, the four travellers are dragged into the savage politics of a tribe of cavemen who have lost the secret of making fire…', 25);
INSERT IGNORE INTO Episode VALUES ('Doctor Who', 1, 3, 'The Forest of Fear', 'Prisoners of the earliest humans, the TARDIS crew are caught in a deadly power play for leadership of the tribe.', 24);
INSERT IGNORE INTO Audio VALUES ('Doctor Who', 'Inggris');
INSERT IGNORE INTO Audio VALUES ('Doctor Who', 'Jepang');
INSERT IGNORE INTO Audio VALUES ('Doctor Who', 'Korea');
INSERT IGNORE INTO Subtitle VALUES ('Doctor Who', 'Indonesia');
INSERT IGNORE INTO Subtitle VALUES ('Doctor Who', 'Spanyol');
INSERT IGNORE INTO Konten VALUES ('Weak Hero', 'With the aid of unexpected friends, a gifted but introverted student confronts bullies and violent foes — unaware of how dangerous his world will become.', 2022, 'TV-MA', 'Serial_TV');
INSERT IGNORE INTO Serial_TV VALUES ('Weak Hero', 2);
INSERT IGNORE INTO Genre_Konten VALUES ('Weak Hero', 21);
INSERT IGNORE INTO Genre_Konten VALUES ('Weak Hero', 4);
INSERT IGNORE INTO Aktor (`nama_lengkap`) VALUES ('Park Ji-hoon');
INSERT IGNORE INTO Peran VALUES ('Park Ji-hoon', 'Weak Hero', 'Yeon Si-eun');
INSERT IGNORE INTO Aktor (`nama_lengkap`) VALUES ('Ryeoun');
INSERT IGNORE INTO Peran VALUES ('Ryeoun', 'Weak Hero', 'Park Hu-min');
INSERT IGNORE INTO Aktor (`nama_lengkap`) VALUES ('Choi Hyun-wook');
INSERT IGNORE INTO Peran VALUES ('Choi Hyun-wook', 'Weak Hero', 'Ahn Su-ho');
INSERT IGNORE INTO Aktor (`nama_lengkap`) VALUES ('Hong Kyung');
INSERT IGNORE INTO Peran VALUES ('Hong Kyung', 'Weak Hero', 'Oh Beom-seok');
INSERT IGNORE INTO Aktor (`nama_lengkap`) VALUES ('Choi Min-yeong');
INSERT IGNORE INTO Peran VALUES ('Choi Min-yeong', 'Weak Hero', 'Seo Jun-tae');
INSERT IGNORE INTO Aktor (`nama_lengkap`) VALUES ('Yoo Su-bin');
INSERT IGNORE INTO Peran VALUES ('Yoo Su-bin', 'Weak Hero', 'Choi Hyo-man');
INSERT IGNORE INTO Aktor (`nama_lengkap`) VALUES ('Cha Woo-min');
INSERT IGNORE INTO Peran VALUES ('Cha Woo-min', 'Weak Hero', 'Kang Woo-young');
INSERT IGNORE INTO Aktor (`nama_lengkap`) VALUES ('Bae Na-ra');
INSERT IGNORE INTO Peran VALUES ('Bae Na-ra', 'Weak Hero', 'Na Baek-jin');
INSERT IGNORE INTO Aktor (`nama_lengkap`) VALUES ('Lee Min-jae');
INSERT IGNORE INTO Peran VALUES ('Lee Min-jae', 'Weak Hero', 'Go Hyun-tak');
INSERT IGNORE INTO Aktor (`nama_lengkap`) VALUES ('Lee Jun-young');
INSERT IGNORE INTO Peran VALUES ('Lee Jun-young', 'Weak Hero', 'Geum Seong-je');
INSERT IGNORE INTO Episode VALUES ('Weak Hero', 1, 1, 'Episode 1', 'Si-eun is a model student who is always at the top of his school. Because he only cares about his studies, he has no friends at school. Young-bin, a boy in Si-eun''s class, is annoyed by Si-eun''s cynical attitude. On a mock test day, Young-bin decides to use Bum-seok, a new student, to mess with Si-eun''s test.', 44);
INSERT IGNORE INTO Episode VALUES ('Weak Hero', 1, 2, 'Episode 2', 'Young-bin wants revenge on Si-eun for putting him in the hospital by hiring a couple of thugs he knows. Meanwhile, Si-eun gets closer to Soo-ho and becomes friends. Later, Soo-ho comes to Si-eun''s rescue when he gets confronted by Young-bin and his thugs.', 43);
INSERT IGNORE INTO Episode VALUES ('Weak Hero', 1, 3, 'Episode 3', 'When Gil-su sees his boys beaten up to a pulp, he gets furious and asks who did it. Young-bin lures Si-eun, Bum-seok, and Soo-ho and takes them to Gil-su. Gil-su threatens them to bring him 15 million won in three days. Si-eun asks Young for advice and information on Gil-su.', 41);
INSERT IGNORE INTO Audio VALUES ('Weak Hero', 'Korea');
INSERT IGNORE INTO Subtitle VALUES ('Weak Hero', 'Inggris');
INSERT IGNORE INTO Konten VALUES ('Top of the Pops', 'The biggest stars, the most iconic performances, the most outrageous outfits – it’s Britain’s number one pop show.', 1964, 'NR', 'Serial_TV');
INSERT IGNORE INTO Serial_TV VALUES ('Top of the Pops', 43);
INSERT IGNORE INTO Genre_Konten VALUES ('Top of the Pops', 20);
INSERT IGNORE INTO Aktor (`nama_lengkap`) VALUES ('Richard Bacon');
INSERT IGNORE INTO Peran VALUES ('Richard Bacon', 'Top of the Pops', 'Self - Presenter');
INSERT IGNORE INTO Aktor (`nama_lengkap`) VALUES ('Fearne Cotton');
INSERT IGNORE INTO Peran VALUES ('Fearne Cotton', 'Top of the Pops', 'Self - Host');
INSERT IGNORE INTO Aktor (`nama_lengkap`) VALUES ('Reggie Yates');
INSERT IGNORE INTO Peran VALUES ('Reggie Yates', 'Top of the Pops', 'Self - Host');
INSERT IGNORE INTO Aktor (`nama_lengkap`) VALUES ('Edith Bowman');
INSERT IGNORE INTO Peran VALUES ('Edith Bowman', 'Top of the Pops', 'Self - Host');
INSERT IGNORE INTO Aktor (`nama_lengkap`) VALUES ('Rufus Hound');
INSERT IGNORE INTO Peran VALUES ('Rufus Hound', 'Top of the Pops', 'Self - Host');
INSERT IGNORE INTO Episode VALUES ('Top of the Pops', 1, 1, '1 January 1964', 'Presenters:   Jimmy Savile and Alan Freeman

Performers:   Dusty Springfield - I Only Want To Be With You   Gene Pitney - 24 Hours From Tulsa   The Dave Clark Five - Glad All Over   The Swinging Blue Jeans - Hippy Hippy Shake   The Hollies - Stay

Videos:   The Beatles - I Want To Hold Your Hand   Freddie & The Dreamers - You Were Made For Me   Cliff Richard & The Shadows - Title unknown', 60);
INSERT IGNORE INTO Episode VALUES ('Top of the Pops', 1, 2, '8 January 1964', '', 60);
INSERT IGNORE INTO Episode VALUES ('Top of the Pops', 1, 3, '15 January 1964', '', 60);
INSERT IGNORE INTO Audio VALUES ('Top of the Pops', 'Jepang');
INSERT IGNORE INTO Audio VALUES ('Top of the Pops', 'Korea');
INSERT IGNORE INTO Subtitle VALUES ('Top of the Pops', 'Korea');
INSERT IGNORE INTO Subtitle VALUES ('Top of the Pops', 'Indonesia');
INSERT IGNORE INTO Subtitle VALUES ('Top of the Pops', 'Inggris');
INSERT IGNORE INTO Konten VALUES ('The Good Wife', 'Alicia Florrick boldly assumes full responsibility for her family and re-enters the workforce after her husband''s very public sex and political corruption scandal lands him in jail.', 2009, 'TV-14', 'Serial_TV');
INSERT IGNORE INTO Serial_TV VALUES ('The Good Wife', 7);
INSERT IGNORE INTO Genre_Konten VALUES ('The Good Wife', 4);
INSERT IGNORE INTO Aktor (`nama_lengkap`) VALUES ('Julianna Margulies');
INSERT IGNORE INTO Peran VALUES ('Julianna Margulies', 'The Good Wife', 'Alicia Florrick');
INSERT IGNORE INTO Aktor (`nama_lengkap`) VALUES ('Christine Baranski');
INSERT IGNORE INTO Peran VALUES ('Christine Baranski', 'The Good Wife', 'Diane Lockhart');
INSERT IGNORE INTO Aktor (`nama_lengkap`) VALUES ('Matt Czuchry');
INSERT IGNORE INTO Peran VALUES ('Matt Czuchry', 'The Good Wife', 'Cary Agos');
INSERT IGNORE INTO Aktor (`nama_lengkap`) VALUES ('Alan Cumming');
INSERT IGNORE INTO Peran VALUES ('Alan Cumming', 'The Good Wife', 'Eli Gold');
INSERT IGNORE INTO Aktor (`nama_lengkap`) VALUES ('Cush Jumbo');
INSERT IGNORE INTO Peran VALUES ('Cush Jumbo', 'The Good Wife', 'Lucca Quinn');
INSERT IGNORE INTO Aktor (`nama_lengkap`) VALUES ('Jeffrey Dean Morgan');
INSERT IGNORE INTO Peran VALUES ('Jeffrey Dean Morgan', 'The Good Wife', 'Jason Crouse');
INSERT IGNORE INTO Episode VALUES ('The Good Wife', 1, 1, 'Pilot', 'Alicia returns to work as a defense attorney after her husband''s corruption scandal and incarceration. She is assigned her first case - a retrial of a woman accused of murdering her ex-husband. Her firm successfully deadlocked the first jury, and they hope that sticking to that strategy will work again, but Alicia realizes that this trial will be more of a fight than anyone expected.', 43);
INSERT IGNORE INTO Episode VALUES ('The Good Wife', 1, 2, 'Stripped', 'After the State''s Attorney refuses to pursue criminal charges, Alicia becomes second chair on a civil suit involving the rape of a prostitute at a bachelor party who may have been hired and abused by her own husband.', 43);
INSERT IGNORE INTO Episode VALUES ('The Good Wife', 1, 3, 'Home', 'The son of Alicia''s former friends is charged with felony murder, and Alicia decides to defend him, despite the fact that they ostracized her ever since the scandal.', 43);
INSERT IGNORE INTO Audio VALUES ('The Good Wife', 'Korea');
INSERT IGNORE INTO Subtitle VALUES ('The Good Wife', 'Indonesia');
INSERT IGNORE INTO Subtitle VALUES ('The Good Wife', 'Jepang');
INSERT IGNORE INTO Subtitle VALUES ('The Good Wife', 'Spanyol');
INSERT IGNORE INTO Subtitle VALUES ('The Good Wife', 'Inggris');
INSERT IGNORE INTO Konten VALUES ('Elementary', 'A modern-day drama about a crime-solving duo that cracks the NYPD''s most impossible cases. Following his fall from grace in London and a stint in rehab, eccentric Sherlock escapes to Manhattan where his wealthy father forces him to live with his worst nightmare - a sober companion, Dr. Watson.', 2012, 'TV-14', 'Serial_TV');
INSERT IGNORE INTO Serial_TV VALUES ('Elementary', 7);
INSERT IGNORE INTO Genre_Konten VALUES ('Elementary', 4);
INSERT IGNORE INTO Genre_Konten VALUES ('Elementary', 11);
INSERT IGNORE INTO Genre_Konten VALUES ('Elementary', 2);
INSERT IGNORE INTO Aktor (`nama_lengkap`) VALUES ('Jonny Lee Miller');
INSERT IGNORE INTO Peran VALUES ('Jonny Lee Miller', 'Elementary', 'Sherlock Holmes');
INSERT IGNORE INTO Aktor (`nama_lengkap`) VALUES ('Lucy Liu');
INSERT IGNORE INTO Peran VALUES ('Lucy Liu', 'Elementary', 'Joan Watson');
INSERT IGNORE INTO Aktor (`nama_lengkap`) VALUES ('Jon Michael Hill');
INSERT IGNORE INTO Peran VALUES ('Jon Michael Hill', 'Elementary', 'Marcus Bell');
INSERT IGNORE INTO Aktor (`nama_lengkap`) VALUES ('Aidan Quinn');
INSERT IGNORE INTO Peran VALUES ('Aidan Quinn', 'Elementary', 'Thomas Gregson');
INSERT IGNORE INTO Episode VALUES ('Elementary', 1, 1, 'Pilot', 'Detective Sherlock Holmes, along with his sober companion, Dr. Joan Watson, uses his uncanny ability to read people and analyze crimes to assist the NYPD on some of their more difficult cases. In the season premiere, Holmes consults on a home invasion that resulted in murder.', 46);
INSERT IGNORE INTO Episode VALUES ('Elementary', 1, 2, 'While You Were Sleeping', 'Sherlock uses his powers of deduction to consult on the murder of a young man who is shot upon entering his apartment. Meanwhile, Watson has dinner with her ex-boyfriend, Ty Morstan.', 43);
INSERT IGNORE INTO Episode VALUES ('Elementary', 1, 3, 'Child Predator', 'Sherlock and Watson consult on a child abduction case involving a serial killer who is nicknamed "The Balloon Man," because he leaves a signature batch of balloons at each of his crime scenes.', 43);
INSERT IGNORE INTO Audio VALUES ('Elementary', 'Spanyol');
INSERT IGNORE INTO Audio VALUES ('Elementary', 'Jepang');
INSERT IGNORE INTO Subtitle VALUES ('Elementary', 'Jepang');
INSERT IGNORE INTO Subtitle VALUES ('Elementary', 'Inggris');
INSERT IGNORE INTO Konten VALUES ('Malcolm in the Middle', 'A gifted young teen tries to survive life with his dimwitted, dysfunctional family.', 2000, 'TV-PG', 'Serial_TV');
INSERT IGNORE INTO Serial_TV VALUES ('Malcolm in the Middle', 7);
INSERT IGNORE INTO Genre_Konten VALUES ('Malcolm in the Middle', 8);
INSERT IGNORE INTO Aktor (`nama_lengkap`) VALUES ('Frankie Muniz');
INSERT IGNORE INTO Peran VALUES ('Frankie Muniz', 'Malcolm in the Middle', 'Malcolm');
INSERT IGNORE INTO Aktor (`nama_lengkap`) VALUES ('Jane Kaczmarek');
INSERT IGNORE INTO Peran VALUES ('Jane Kaczmarek', 'Malcolm in the Middle', 'Lois');
INSERT IGNORE INTO Aktor (`nama_lengkap`) VALUES ('Bryan Cranston');
INSERT IGNORE INTO Peran VALUES ('Bryan Cranston', 'Malcolm in the Middle', 'Hal');
INSERT IGNORE INTO Aktor (`nama_lengkap`) VALUES ('Justin Berfield');
INSERT IGNORE INTO Peran VALUES ('Justin Berfield', 'Malcolm in the Middle', 'Reese');
INSERT IGNORE INTO Aktor (`nama_lengkap`) VALUES ('Erik Per Sullivan');
INSERT IGNORE INTO Peran VALUES ('Erik Per Sullivan', 'Malcolm in the Middle', 'Dewey');
INSERT IGNORE INTO Aktor (`nama_lengkap`) VALUES ('Christopher Masterson');
INSERT IGNORE INTO Peran VALUES ('Christopher Masterson', 'Malcolm in the Middle', 'Francis');
INSERT IGNORE INTO Episode VALUES ('Malcolm in the Middle', 1, 1, 'Pilot', 'Malcolm finds his life as the middle brother in an eccentric family made even more difficult by his being placed in a class for gifted students at school where he reluctantly befriends another boy with a high IQ and stands up to a bully.', 22);
INSERT IGNORE INTO Episode VALUES ('Malcolm in the Middle', 1, 2, 'Red Dress', 'Lois must take drastic steps to discover which of her sons ruined the special dress she bought for an anniversary dinner with Hal.', 22);
INSERT IGNORE INTO Episode VALUES ('Malcolm in the Middle', 1, 3, 'Home Alone 4', 'Lois and Hal leave the boys alone for the weekend with Francis. the boys assume that if all goes well, Francis may not have to go back to military school.', 22);
INSERT IGNORE INTO Audio VALUES ('Malcolm in the Middle', 'Korea');
INSERT IGNORE INTO Audio VALUES ('Malcolm in the Middle', 'Indonesia');
INSERT IGNORE INTO Subtitle VALUES ('Malcolm in the Middle', 'Korea');
INSERT IGNORE INTO Subtitle VALUES ('Malcolm in the Middle', 'Spanyol');
INSERT IGNORE INTO Konten VALUES ('Alien: Earth', 'When the mysterious deep space research vessel USCSS Maginot crash-lands on Earth, Wendy and a ragtag group of tactical soldiers make a fateful discovery that puts them face-to-face with the planet''s greatest threat.', 2025, 'TV-MA', 'Serial_TV');
INSERT IGNORE INTO Serial_TV VALUES ('Alien: Earth', 1);
INSERT IGNORE INTO Genre_Konten VALUES ('Alien: Earth', 23);
INSERT IGNORE INTO Genre_Konten VALUES ('Alien: Earth', 4);
INSERT IGNORE INTO Aktor (`nama_lengkap`) VALUES ('Sydney Chandler');
INSERT IGNORE INTO Peran VALUES ('Sydney Chandler', 'Alien: Earth', 'Wendy');
INSERT IGNORE INTO Aktor (`nama_lengkap`) VALUES ('Alex Lawther');
INSERT IGNORE INTO Peran VALUES ('Alex Lawther', 'Alien: Earth', 'Joe DiMaggio Hermit');
INSERT IGNORE INTO Aktor (`nama_lengkap`) VALUES ('Essie Davis');
INSERT IGNORE INTO Peran VALUES ('Essie Davis', 'Alien: Earth', 'Dame Sylvia');
INSERT IGNORE INTO Aktor (`nama_lengkap`) VALUES ('Samuel Blenkin');
INSERT IGNORE INTO Peran VALUES ('Samuel Blenkin', 'Alien: Earth', 'Boy Kavalier');
INSERT IGNORE INTO Aktor (`nama_lengkap`) VALUES ('Babou Ceesay');
INSERT IGNORE INTO Peran VALUES ('Babou Ceesay', 'Alien: Earth', 'Kumi Morrow');
INSERT IGNORE INTO Aktor (`nama_lengkap`) VALUES ('Adarsh Gourav');
INSERT IGNORE INTO Peran VALUES ('Adarsh Gourav', 'Alien: Earth', 'Slightly');
INSERT IGNORE INTO Aktor (`nama_lengkap`) VALUES ('Erana James');
INSERT IGNORE INTO Peran VALUES ('Erana James', 'Alien: Earth', 'Curly');
INSERT IGNORE INTO Aktor (`nama_lengkap`) VALUES ('Lily Newmark');
INSERT IGNORE INTO Peran VALUES ('Lily Newmark', 'Alien: Earth', 'Nibs');
INSERT IGNORE INTO Aktor (`nama_lengkap`) VALUES ('Jonathan Ajayi');
INSERT IGNORE INTO Peran VALUES ('Jonathan Ajayi', 'Alien: Earth', 'Smee');
INSERT IGNORE INTO Aktor (`nama_lengkap`) VALUES ('David Rysdahl');
INSERT IGNORE INTO Peran VALUES ('David Rysdahl', 'Alien: Earth', 'Arthur Sylvia');
INSERT IGNORE INTO Episode VALUES ('Alien: Earth', 1, 1, 'Neverland', 'When a spaceship crash-lands on Earth, a sister searches for her brother amidst an unexpected alien threat.', 65);
INSERT IGNORE INTO Episode VALUES ('Alien: Earth', 1, 2, 'Mr. October', 'Tensions rise between rival corporations, a reunion takes place, and a secret is revealed.', 56);
INSERT IGNORE INTO Episode VALUES ('Alien: Earth', 1, 3, 'Metamorphosis', 'The team returns home with unexpected cargo. An unsettling experiment occurs, and a new talent is discovered.', 55);
INSERT IGNORE INTO Audio VALUES ('Alien: Earth', 'Jepang');
INSERT IGNORE INTO Audio VALUES ('Alien: Earth', 'Spanyol');
INSERT IGNORE INTO Subtitle VALUES ('Alien: Earth', 'Korea');
INSERT IGNORE INTO Konten VALUES ('Hunter x Hunter', 'To fulfill his dreams of becoming a legendary Hunter like his dad, a young boy must pass a rigorous examination and find his missing father.', 2011, 'TV-14', 'Serial_TV');
INSERT IGNORE INTO Serial_TV VALUES ('Hunter x Hunter', 3);
INSERT IGNORE INTO Genre_Konten VALUES ('Hunter x Hunter', 12);
INSERT IGNORE INTO Genre_Konten VALUES ('Hunter x Hunter', 21);
INSERT IGNORE INTO Genre_Konten VALUES ('Hunter x Hunter', 23);
INSERT IGNORE INTO Aktor (`nama_lengkap`) VALUES ('Megumi Han');
INSERT IGNORE INTO Peran VALUES ('Megumi Han', 'Hunter x Hunter', 'Gon (voice)');
INSERT IGNORE INTO Aktor (`nama_lengkap`) VALUES ('Mariya Ise');
INSERT IGNORE INTO Peran VALUES ('Mariya Ise', 'Hunter x Hunter', 'Killua (voice)');
INSERT IGNORE INTO Aktor (`nama_lengkap`) VALUES ('Issei Futamata');
INSERT IGNORE INTO Peran VALUES ('Issei Futamata', 'Hunter x Hunter', 'Narrator (voice)');
INSERT IGNORE INTO Aktor (`nama_lengkap`) VALUES ('Miyuki Sawashiro');
INSERT IGNORE INTO Peran VALUES ('Miyuki Sawashiro', 'Hunter x Hunter', 'Kurapika');
INSERT IGNORE INTO Aktor (`nama_lengkap`) VALUES ('Keiji Fujiwara');
INSERT IGNORE INTO Peran VALUES ('Keiji Fujiwara', 'Hunter x Hunter', 'Leorio (voice)');
INSERT IGNORE INTO Episode VALUES ('Hunter x Hunter', 1, 1, 'Departure x And x Friends', 'The story begins with a young boy named Gon, who aspires to be a hunter just like his father Ging. Ging leaves his son in the care of Mito, Gon''s aunt, and has not been seen since. Gon catches the local monster fish, "Lord of the Lake", in order to prove his ability to take the exam. Although Mito is reluctant to let Gon leave his home, she relents after he is determined to understand the reason his father left him and his interest of being a hunter.', 24);
INSERT IGNORE INTO Episode VALUES ('Hunter x Hunter', 1, 2, 'Test x Of x Tests', 'Gon, Kurapika and Leorio reach Dolle Harbor and are given instructions by the captain to head for the cedar tree on the hilltop behind the city. Moving through a small town, the three are stopped by a group of people, where an old woman gives a question requring them to choose from two choices. Answering wrongly, refusing to answer or attempting to head back will result in failure of the exam.', 24);
INSERT IGNORE INTO Episode VALUES ('Hunter x Hunter', 1, 3, 'Rivals x For x Survival', 'With the navigators'' help, Gon, Kurapika and Leorio arrive at Zaban City, the venue of the exam. The navigator leads them to a small restaurant, which is revealed to be the front for the venue. Gon''s group is led to an elevator disguised as a back room, which leads a hundred floors underground. Below, they meet the rest of the participants and given their numbers. There they meet Tonpa, a regular participant who claims to have tried and failed 35 times in the exam.', 24);
INSERT IGNORE INTO Audio VALUES ('Hunter x Hunter', 'Jepang');
INSERT IGNORE INTO Audio VALUES ('Hunter x Hunter', 'Korea');
INSERT IGNORE INTO Subtitle VALUES ('Hunter x Hunter', 'Inggris');
INSERT IGNORE INTO Subtitle VALUES ('Hunter x Hunter', 'Spanyol');
INSERT IGNORE INTO Subtitle VALUES ('Hunter x Hunter', 'Jepang');
INSERT IGNORE INTO Konten VALUES ('Law & Order: Criminal Intent', 'The third installment of the “Law & Order” franchise takes viewers deep into the minds of its criminals while following the intense psychological approaches the Major Case Squad uses to solve its crimes.', 2001, 'TV-14', 'Serial_TV');
INSERT IGNORE INTO Serial_TV VALUES ('Law & Order: Criminal Intent', 10);
INSERT IGNORE INTO Genre_Konten VALUES ('Law & Order: Criminal Intent', 4);
INSERT IGNORE INTO Aktor (`nama_lengkap`) VALUES ('Vincent D''Onofrio');
INSERT IGNORE INTO Peran VALUES ('Vincent D''Onofrio', 'Law & Order: Criminal Intent', 'Robert Goren');
INSERT IGNORE INTO Aktor (`nama_lengkap`) VALUES ('Kathryn Erbe');
INSERT IGNORE INTO Peran VALUES ('Kathryn Erbe', 'Law & Order: Criminal Intent', 'Alexandra Eames');
INSERT IGNORE INTO Aktor (`nama_lengkap`) VALUES ('Julia Ormond');
INSERT IGNORE INTO Peran VALUES ('Julia Ormond', 'Law & Order: Criminal Intent', 'Paula Gyson');
INSERT IGNORE INTO Aktor (`nama_lengkap`) VALUES ('Jay O. Sanders');
INSERT IGNORE INTO Peran VALUES ('Jay O. Sanders', 'Law & Order: Criminal Intent', 'Joseph Hannah');
INSERT IGNORE INTO Episode VALUES ('Law & Order: Criminal Intent', 1, 1, 'One', 'Goren and Eames are called in when a jewelry heist leaves behind three bodies. After ruling out mafia involvement, they realise that the thefts are directly connected to recent credit card thefts and stolen identities. They''re led to an extremely charismatic thief, and their only hope is convincing one of his partners to turn on him.', 44);
INSERT IGNORE INTO Episode VALUES ('Law & Order: Criminal Intent', 1, 2, 'Art', 'When a museum curator and an art authenticator are found dead in what was set up to look like a murder-suicide, Goren and Eames follow the clues and realise that the deaths are linked to the sale of numerous art forgeries. Their investigation hits a dead end when they''re unable to locate the forger until Goren seeks the help of another forger.', 44);
INSERT IGNORE INTO Episode VALUES ('Law & Order: Criminal Intent', 1, 3, 'Smothered', 'After the body of Lois Romney is found in a hotel room, Goren and Eames link her to Dale Van Acker, a junkie and the son of wealthy scion Priscilla Van Acker. Van Acker strongly disapproved of her son''s pregnant fiancée, which leads Goren and Eames to suspect she may have wanted to get rid of the girl on a permanent basis.', 44);
INSERT IGNORE INTO Audio VALUES ('Law & Order: Criminal Intent', 'Inggris');
INSERT IGNORE INTO Audio VALUES ('Law & Order: Criminal Intent', 'Spanyol');
INSERT IGNORE INTO Audio VALUES ('Law & Order: Criminal Intent', 'Indonesia');
INSERT IGNORE INTO Subtitle VALUES ('Law & Order: Criminal Intent', 'Korea');
INSERT IGNORE INTO Subtitle VALUES ('Law & Order: Criminal Intent', 'Spanyol');
INSERT IGNORE INTO Konten VALUES ('Love & Crown', 'In the Great Qi dynasty, young Emperor Xiao Huan assumes the alias Bai Chifan and draws close to Ling Cangcang, daughter of the Grand Tutor, to reclaim power from him and the Empress Dowager. Cangcang, the brave and righteous leader of the Fenglai Pavilion, joins him in investigating the Lingbi Sect. Their bond deepens into love, but her master''s death sparks a fatal misunderstanding. Though they become Emperor and Empress, old wounds keep them apart. Refusing to abandon the truth, Cangcang endures betrayal and peril, only to discover Xiao Huan''s silent devotion. Together, they restore peace, and prove that neither love nor the realm must be forsaken.', 2025, 'NR', 'Serial_TV');
INSERT IGNORE INTO Serial_TV VALUES ('Love & Crown', 1);
INSERT IGNORE INTO Genre_Konten VALUES ('Love & Crown', 4);
INSERT IGNORE INTO Aktor (`nama_lengkap`) VALUES ('Ren Jialun');
INSERT IGNORE INTO Peran VALUES ('Ren Jialun', 'Love & Crown', 'Xiao Huan / Bai Chifan');
INSERT IGNORE INTO Aktor (`nama_lengkap`) VALUES ('Peng Xiaoran');
INSERT IGNORE INTO Peran VALUES ('Peng Xiaoran', 'Love & Crown', 'Ling Cangcang');
INSERT IGNORE INTO Aktor (`nama_lengkap`) VALUES ('Zhang Yao');
INSERT IGNORE INTO Peran VALUES ('Zhang Yao', 'Love & Crown', 'Xiao Qianqing');
INSERT IGNORE INTO Aktor (`nama_lengkap`) VALUES ('Estelle Chen');
INSERT IGNORE INTO Peran VALUES ('Estelle Chen', 'Love & Crown', 'Du Tingxin');
INSERT IGNORE INTO Aktor (`nama_lengkap`) VALUES ('Wang Zhuocheng');
INSERT IGNORE INTO Peran VALUES ('Wang Zhuocheng', 'Love & Crown', 'Luo Xianxue');
INSERT IGNORE INTO Aktor (`nama_lengkap`) VALUES ('He Nan');
INSERT IGNORE INTO Peran VALUES ('He Nan', 'Love & Crown', 'Zhong Lin');
INSERT IGNORE INTO Aktor (`nama_lengkap`) VALUES ('Liu Mengrui');
INSERT IGNORE INTO Peran VALUES ('Liu Mengrui', 'Love & Crown', 'Xiao Ying');
INSERT IGNORE INTO Aktor (`nama_lengkap`) VALUES ('Luo Mingjie');
INSERT IGNORE INTO Peran VALUES ('Luo Mingjie', 'Love & Crown', 'Li Hongqing');
INSERT IGNORE INTO Episode VALUES ('Love & Crown', 1, 1, 'Episode 1', '', 47);
INSERT IGNORE INTO Episode VALUES ('Love & Crown', 1, 2, 'Episode 2', '', 48);
INSERT IGNORE INTO Episode VALUES ('Love & Crown', 1, 3, 'Episode 3', '', 46);
INSERT IGNORE INTO Audio VALUES ('Love & Crown', 'Inggris');
INSERT IGNORE INTO Subtitle VALUES ('Love & Crown', 'Korea');
INSERT IGNORE INTO Subtitle VALUES ('Love & Crown', 'Inggris');
INSERT IGNORE INTO Subtitle VALUES ('Love & Crown', 'Jepang');
INSERT IGNORE INTO Konten VALUES ('Fringe', 'FBI Special Agent Olivia Dunham, brilliant but formerly institutionalized scientist Walter Bishop and his scheming, reluctant son Peter uncover a deadly mystery involving a series of unbelievable events and realize they may be a part of a larger, more disturbing pattern that blurs the line between science fiction and technology.', 2008, 'TV-14', 'Serial_TV');
INSERT IGNORE INTO Serial_TV VALUES ('Fringe', 5);
INSERT IGNORE INTO Genre_Konten VALUES ('Fringe', 23);
INSERT IGNORE INTO Genre_Konten VALUES ('Fringe', 4);
INSERT IGNORE INTO Genre_Konten VALUES ('Fringe', 11);
INSERT IGNORE INTO Aktor (`nama_lengkap`) VALUES ('Anna Torv');
INSERT IGNORE INTO Peran VALUES ('Anna Torv', 'Fringe', 'Olivia Dunham');
INSERT IGNORE INTO Aktor (`nama_lengkap`) VALUES ('Joshua Jackson');
INSERT IGNORE INTO Peran VALUES ('Joshua Jackson', 'Fringe', 'Peter Bishop');
INSERT IGNORE INTO Aktor (`nama_lengkap`) VALUES ('Jasika Nicole');
INSERT IGNORE INTO Peran VALUES ('Jasika Nicole', 'Fringe', 'Astrid Farnsworth');
INSERT IGNORE INTO Aktor (`nama_lengkap`) VALUES ('John Noble');
INSERT IGNORE INTO Peran VALUES ('John Noble', 'Fringe', 'Walter Bishop');
INSERT IGNORE INTO Episode VALUES ('Fringe', 1, 1, 'Pilot', 'When all the passengers on a plane die, FBI agent Olivia Dunham investigates the events and her partner almost dies. A desperate Olivia looks for help from Dr. Walter Bishop who has been institutionalized. Olivia, Dr. Bishop and his son Peter begin to discover what really happened on Flight 627 and begin to uncover a larger truth.', 82);
INSERT IGNORE INTO Episode VALUES ('Fringe', 1, 2, 'The Same Old Story', 'Olivia, along with Peter and Walter Bishop, investigates the strange death of a woman who had an even stranger child. The woman was pregnant for only hours, yet the baby she birthed was fully developed - and also aged eighty years in the span of a few minutes. Olivia asks Nina Sharp of Massive Dynamic for help.', 51);
INSERT IGNORE INTO Episode VALUES ('Fringe', 1, 3, 'The Ghost Network', 'The team investigates a bus full of dead commuters that appear to be fossilized and uncover a man who has visions of pattern-related disturbances before they happen; Dr. Bishop requests a piano in the lab to help him process data.', 51);
INSERT IGNORE INTO Audio VALUES ('Fringe', 'Jepang');
INSERT IGNORE INTO Audio VALUES ('Fringe', 'Inggris');
INSERT IGNORE INTO Audio VALUES ('Fringe', 'Indonesia');
INSERT IGNORE INTO Subtitle VALUES ('Fringe', 'Jepang');
INSERT IGNORE INTO Subtitle VALUES ('Fringe', 'Indonesia');
INSERT IGNORE INTO Subtitle VALUES ('Fringe', 'Spanyol');
INSERT IGNORE INTO Subtitle VALUES ('Fringe', 'Korea');
INSERT IGNORE INTO Konten VALUES ('High Potential', 'Morgan is a single mom with an exceptional mind, whose unconventional knack for solving crimes leads to an unusual and unstoppable partnership with a by-the-book seasoned detective.', 2024, 'TV-14', 'Serial_TV');
INSERT IGNORE INTO Serial_TV VALUES ('High Potential', 2);
INSERT IGNORE INTO Genre_Konten VALUES ('High Potential', 4);
INSERT IGNORE INTO Genre_Konten VALUES ('High Potential', 2);
INSERT IGNORE INTO Genre_Konten VALUES ('High Potential', 11);
INSERT IGNORE INTO Aktor (`nama_lengkap`) VALUES ('Kaitlin Olson');
INSERT IGNORE INTO Peran VALUES ('Kaitlin Olson', 'High Potential', 'Morgan Gillory');
INSERT IGNORE INTO Aktor (`nama_lengkap`) VALUES ('Daniel Sunjata');
INSERT IGNORE INTO Peran VALUES ('Daniel Sunjata', 'High Potential', 'Adam Karadec');
INSERT IGNORE INTO Aktor (`nama_lengkap`) VALUES ('Judy Reyes');
INSERT IGNORE INTO Peran VALUES ('Judy Reyes', 'High Potential', 'Selena Soto');
INSERT IGNORE INTO Aktor (`nama_lengkap`) VALUES ('Javicia Leslie');
INSERT IGNORE INTO Peran VALUES ('Javicia Leslie', 'High Potential', 'Daphne Forrester');
INSERT IGNORE INTO Aktor (`nama_lengkap`) VALUES ('Deniz Akdeniz');
INSERT IGNORE INTO Peran VALUES ('Deniz Akdeniz', 'High Potential', 'Lev ''Oz'' Osman');
INSERT IGNORE INTO Aktor (`nama_lengkap`) VALUES ('Amirah J');
INSERT IGNORE INTO Peran VALUES ('Amirah J', 'High Potential', 'Ava');
INSERT IGNORE INTO Aktor (`nama_lengkap`) VALUES ('Matthew Lamb');
INSERT IGNORE INTO Peran VALUES ('Matthew Lamb', 'High Potential', 'Elliot Radovic');
INSERT IGNORE INTO Episode VALUES ('High Potential', 1, 1, 'Pilot', 'A single mom with an exceptional mind is recruited to the LAPD Major Crimes unit, where her unconventional knack for solving crimes leads to an unusual and unstoppable partnership with a by-the-book seasoned detective.', 45);
INSERT IGNORE INTO Episode VALUES ('High Potential', 1, 2, 'Dancers in the Dark', 'As Morgan and the detectives adjust to her new role as a consultant, they investigate the attempted murder of a tap dancer and discover things are not quite as they seem. Meanwhile, Ava learns more about her father, and Morgan surprises her kids.', 44);
INSERT IGNORE INTO Episode VALUES ('High Potential', 1, 3, 'Dirty Rotten Scoundrel', 'Morgan''s intellect and cleaning experience prove useful when the detectives are called to a hotel room murder scene, eventually uncovering the victim''s many cons. Morgan navigates Ava''s dating while Soto reveals details about Roman''s disappearance.', 45);
INSERT IGNORE INTO Audio VALUES ('High Potential', 'Spanyol');
INSERT IGNORE INTO Subtitle VALUES ('High Potential', 'Indonesia');
INSERT IGNORE INTO Subtitle VALUES ('High Potential', 'Korea');
INSERT IGNORE INTO Konten VALUES ('Tatsuki Fujimoto 17-26', 'Six studios and seven directors adapt the early works of Tatsuki Fujimoto, the mastermind behind "Chainsaw Man," into an anime anthology. Each episode is an anime adaptation of a short story he drew from ages seventeen to twenty-six, including the first manga he ever submitted for competition. Watch as vivid tales of young love, chaos, madness, and the bonds between people unfold in each episode.', 2025, 'TV-MA', 'Serial_TV');
INSERT IGNORE INTO Serial_TV VALUES ('Tatsuki Fujimoto 17-26', 1);
INSERT IGNORE INTO Genre_Konten VALUES ('Tatsuki Fujimoto 17-26', 12);
INSERT IGNORE INTO Genre_Konten VALUES ('Tatsuki Fujimoto 17-26', 4);
INSERT IGNORE INTO Genre_Konten VALUES ('Tatsuki Fujimoto 17-26', 8);
INSERT IGNORE INTO Genre_Konten VALUES ('Tatsuki Fujimoto 17-26', 23);
INSERT IGNORE INTO Aktor (`nama_lengkap`) VALUES ('Kensho Ono');
INSERT IGNORE INTO Peran VALUES ('Kensho Ono', 'Tatsuki Fujimoto 17-26', '');
INSERT IGNORE INTO Aktor (`nama_lengkap`) VALUES ('Toshiki Kumagai');
INSERT IGNORE INTO Peran VALUES ('Toshiki Kumagai', 'Tatsuki Fujimoto 17-26', '');
INSERT IGNORE INTO Aktor (`nama_lengkap`) VALUES ('Chika Anzai');
INSERT IGNORE INTO Peran VALUES ('Chika Anzai', 'Tatsuki Fujimoto 17-26', '');
INSERT IGNORE INTO Aktor (`nama_lengkap`) VALUES ('Shun Horie');
INSERT IGNORE INTO Peran VALUES ('Shun Horie', 'Tatsuki Fujimoto 17-26', '');
INSERT IGNORE INTO Aktor (`nama_lengkap`) VALUES ('Shion Wakayama');
INSERT IGNORE INTO Peran VALUES ('Shion Wakayama', 'Tatsuki Fujimoto 17-26', '');
INSERT IGNORE INTO Aktor (`nama_lengkap`) VALUES ('Kana Hanazawa');
INSERT IGNORE INTO Peran VALUES ('Kana Hanazawa', 'Tatsuki Fujimoto 17-26', '');
INSERT IGNORE INTO Aktor (`nama_lengkap`) VALUES ('Tomokazu Sugita');
INSERT IGNORE INTO Peran VALUES ('Tomokazu Sugita', 'Tatsuki Fujimoto 17-26', '');
INSERT IGNORE INTO Aktor (`nama_lengkap`) VALUES ('Eri Yukimura');
INSERT IGNORE INTO Peran VALUES ('Eri Yukimura', 'Tatsuki Fujimoto 17-26', '');
INSERT IGNORE INTO Aktor (`nama_lengkap`) VALUES ('Yuki Sakakihara');
INSERT IGNORE INTO Peran VALUES ('Yuki Sakakihara', 'Tatsuki Fujimoto 17-26', '');
INSERT IGNORE INTO Aktor (`nama_lengkap`) VALUES ('Maki Kawase');
INSERT IGNORE INTO Peran VALUES ('Maki Kawase', 'Tatsuki Fujimoto 17-26', '');
INSERT IGNORE INTO Episode VALUES ('Tatsuki Fujimoto 17-26', 1, 1, 'A Couple Clucking Chickens Were Still Kickin'' in the Schoolyard', 'It is 2019 and aliens have nearly annihilated the human race with their powerful abilities to transform. As humanity faces extinction, the aliens settle on Earth and even fully embrace human culture by living like humans once did. Today, it is alien student Yohei''s turn to feed the two chickens kept at his school. However, unbeknownst to him, those two chickens are hiding a surprising secret.', 19);
INSERT IGNORE INTO Episode VALUES ('Tatsuki Fujimoto 17-26', 1, 2, 'Sasaki Stopped a Bullet', 'Sasaki''s heart beats faster every time he looks at Kawaguchi sensei. He puts her on such a high pedestal that he even reveres her as a goddess. As he is attending supplementary lessons over spring break just to see her, an armed man bursts into the classroom. Holding the students hostage at gunpoint, the man makes a selfish demand of Kawaguchi sensei, but Sasaki jumps right in front of the gun.', 18);
INSERT IGNORE INTO Episode VALUES ('Tatsuki Fujimoto 17-26', 1, 3, 'Love Is Blind', 'Ibuki makes a big decision on the eve of his graduation and invites Yuri to walk home with him. Since he will attend college abroad, this will be the last time he will see her. Determined to confess his long-standing love for her, he gathers his courage, only to be interrupted by dire situations. However, those are the least of his priorities right now.', 13);
INSERT IGNORE INTO Audio VALUES ('Tatsuki Fujimoto 17-26', 'Indonesia');
INSERT IGNORE INTO Subtitle VALUES ('Tatsuki Fujimoto 17-26', 'Spanyol');
INSERT IGNORE INTO Subtitle VALUES ('Tatsuki Fujimoto 17-26', 'Indonesia');
INSERT IGNORE INTO Konten VALUES ('Coronation Street', 'The residents of Coronation Street are ordinary, working-class people, and the show follows them through regular social and family interactions at home, in the workplace, and in their local pub, the Rovers Return Inn. Britain''s longest-running soap.', 1960, 'TV-PG', 'Serial_TV');
INSERT IGNORE INTO Serial_TV VALUES ('Coronation Street', 66);
INSERT IGNORE INTO Genre_Konten VALUES ('Coronation Street', 27);
INSERT IGNORE INTO Aktor (`nama_lengkap`) VALUES ('William Roache');
INSERT IGNORE INTO Peran VALUES ('William Roache', 'Coronation Street', 'Ken Barlow');
INSERT IGNORE INTO Episode VALUES ('Coronation Street', 1, 1, 'Fri Dec 09 1960', 'There''s a new arrival in Coronation Street: Florrie Lindley, who is taking over the Corner Shop. Her first day on the job is not without incident as she runs into the local busy-body Ena Sharples.    Meanwhile, Elsie Tanner is on at her son, Dennis, to get some work but he reminds her that it''s not easy for someone who''s just got out of prison. Later, there''s a misunderstanding when Elsie accuses Dennis of taking money from her purse when in fact it was her daughter Linda. Also, Linda tells Elsie that she''s leaving her husband. Elsie says she''ll believe it when she sees it!   At number 3, there''s unrest at the Barlow''s. Young Kenneth Barlow has an argument with his father, Frank, when he announces that he''s met a girl and he''s taking her to the Imperial Hotel. Frank argues that Ken has all but forgotten his working class roots.', 24);
INSERT IGNORE INTO Episode VALUES ('Coronation Street', 1, 2, 'Wed Dec 14 1960', 'Florrie is caught by the police selling firelighters after seven. Christine is annoyed that Ena is telling everyone that May has gone mad and breaks down. Kids scratch Susan''s Dad''s car. Ida embarrasses Ken by showing Susan his baby photos. Ivan turns up at the Rovers. Esther takes charge of Christine. Susan embarrases Ken by going into the Rovers. Linda bumps into Ivan.', 24);
INSERT IGNORE INTO Episode VALUES ('Coronation Street', 1, 3, 'Fri Dec 16 1960', 'Linda rows with Ivan for following her to Weatherfield. Swindley gives Ena a warning over her frequenting the Rovers. Elsie lets Ivan stay the night in the front parlour. They force Linda telling them she''s pregnant. Ivan tells Linda he wants the baby. May returns from hospital and wonders what the neighbours will say.', 24);
INSERT IGNORE INTO Audio VALUES ('Coronation Street', 'Inggris');
INSERT IGNORE INTO Audio VALUES ('Coronation Street', 'Jepang');
INSERT IGNORE INTO Audio VALUES ('Coronation Street', 'Indonesia');
INSERT IGNORE INTO Subtitle VALUES ('Coronation Street', 'Indonesia');
INSERT IGNORE INTO Subtitle VALUES ('Coronation Street', 'Inggris');
INSERT IGNORE INTO Subtitle VALUES ('Coronation Street', 'Spanyol');
INSERT IGNORE INTO Subtitle VALUES ('Coronation Street', 'Korea');
INSERT IGNORE INTO Konten VALUES ('True Detective', 'An American anthology police detective series utilizing multiple timelines in which investigations seem to unearth personal and professional secrets of those involved, both within or outside the law.', 2014, 'TV-MA', 'Serial_TV');
INSERT IGNORE INTO Serial_TV VALUES ('True Detective', 4);
INSERT IGNORE INTO Genre_Konten VALUES ('True Detective', 4);
INSERT IGNORE INTO Genre_Konten VALUES ('True Detective', 11);
INSERT IGNORE INTO Aktor (`nama_lengkap`) VALUES ('Jodie Foster');
INSERT IGNORE INTO Peran VALUES ('Jodie Foster', 'True Detective', 'Liz Danvers');
INSERT IGNORE INTO Aktor (`nama_lengkap`) VALUES ('Kali Reis');
INSERT IGNORE INTO Peran VALUES ('Kali Reis', 'True Detective', 'Evangeline Navarro');
INSERT IGNORE INTO Aktor (`nama_lengkap`) VALUES ('Fiona Shaw');
INSERT IGNORE INTO Peran VALUES ('Fiona Shaw', 'True Detective', 'Rose Aguineau');
INSERT IGNORE INTO Aktor (`nama_lengkap`) VALUES ('Finn Bennett');
INSERT IGNORE INTO Peran VALUES ('Finn Bennett', 'True Detective', 'Peter Prior');
INSERT IGNORE INTO Aktor (`nama_lengkap`) VALUES ('Isabella Star LaBlanc');
INSERT IGNORE INTO Peran VALUES ('Isabella Star LaBlanc', 'True Detective', 'Leah Danvers');
INSERT IGNORE INTO Aktor (`nama_lengkap`) VALUES ('John Hawkes');
INSERT IGNORE INTO Peran VALUES ('John Hawkes', 'True Detective', 'Hank Prior');
INSERT IGNORE INTO Episode VALUES ('True Detective', 1, 1, 'The Long Bright Dark', 'Former Louisiana State CID partners Martin Hart and Rustin Cohle give separate statements to a pair of investigators about the murder of a prostitute, Dora Lange, 17 years earlier. As they look back, details of the crime, replete with occult overtones, are accompanied by insights into the detectives’ volatile partnership and personal lives.', 57);
INSERT IGNORE INTO Episode VALUES ('True Detective', 1, 2, 'Seeing Things', 'Under pressure to land a suspect in the Lange murder, Quesada warns Hart and Cohle that they might be replaced by three detectives from a new task force. The pair lobbies for extra time to follow up on a lead that takes them from a rural cathouse to an incinerated church. With his marriage to Maggie already strained by work, Hart finds respite away from home.', 56);
INSERT IGNORE INTO Episode VALUES ('True Detective', 1, 3, 'The Locked Room', 'A hidden image at the burned-out church leads Cohle and Hart to Joel Theriot, a tent-revival minister whose parishioners finger a scarred “tall man” seen with Dora Lange. Brought in for interrogation, a sex offender matching the description is quickly dismissed by Cohle, despite offering a confession. Hart gets sidetracked after Maggie sets Cohle up with a friend at a C&W bar. Looking to establish a pattern of murder, Cohle pores over old case files, finding a connection with a woman assumed to have drowned years earlier.', 56);
INSERT IGNORE INTO Audio VALUES ('True Detective', 'Indonesia');
INSERT IGNORE INTO Audio VALUES ('True Detective', 'Spanyol');
INSERT IGNORE INTO Audio VALUES ('True Detective', 'Korea');
INSERT IGNORE INTO Subtitle VALUES ('True Detective', 'Indonesia');
INSERT IGNORE INTO Subtitle VALUES ('True Detective', 'Jepang');
INSERT IGNORE INTO Subtitle VALUES ('True Detective', 'Inggris');
INSERT IGNORE INTO Konten VALUES ('Bob''s Burgers', 'Bob''s Burgers follows a third-generation restaurateur, Bob, as he runs Bob''s Burgers with the help of his wife and their three kids. Bob and his quirky family have big ideas about burgers, but fall short on service and sophistication. Despite the greasy counters, lousy location and a dearth of customers, Bob and his family are determined to make Bob''s Burgers "grand re-re-re-opening" a success.', 2011, 'TV-14', 'Serial_TV');
INSERT IGNORE INTO Serial_TV VALUES ('Bob''s Burgers', 16);
INSERT IGNORE INTO Genre_Konten VALUES ('Bob''s Burgers', 12);
INSERT IGNORE INTO Genre_Konten VALUES ('Bob''s Burgers', 8);
INSERT IGNORE INTO Aktor (`nama_lengkap`) VALUES ('H. Jon Benjamin');
INSERT IGNORE INTO Peran VALUES ('H. Jon Benjamin', 'Bob''s Burgers', 'Bob Belcher (voice)');
INSERT IGNORE INTO Aktor (`nama_lengkap`) VALUES ('John Roberts');
INSERT IGNORE INTO Peran VALUES ('John Roberts', 'Bob''s Burgers', 'Linda Belcher (voice)');
INSERT IGNORE INTO Aktor (`nama_lengkap`) VALUES ('Kristen Schaal');
INSERT IGNORE INTO Peran VALUES ('Kristen Schaal', 'Bob''s Burgers', 'Louise Belcher (voice)');
INSERT IGNORE INTO Aktor (`nama_lengkap`) VALUES ('Eugene Mirman');
INSERT IGNORE INTO Peran VALUES ('Eugene Mirman', 'Bob''s Burgers', 'Gene Belcher (voice)');
INSERT IGNORE INTO Aktor (`nama_lengkap`) VALUES ('Dan Mintz');
INSERT IGNORE INTO Peran VALUES ('Dan Mintz', 'Bob''s Burgers', 'Tina Belcher (voice)');
INSERT IGNORE INTO Aktor (`nama_lengkap`) VALUES ('Larry Murphy');
INSERT IGNORE INTO Peran VALUES ('Larry Murphy', 'Bob''s Burgers', 'Teddy (voice)');
INSERT IGNORE INTO Episode VALUES ('Bob''s Burgers', 1, 1, 'Human Flesh', 'A health inspector''s visit coincides with Bob''s efforts to bring in customers.', 23);
INSERT IGNORE INTO Episode VALUES ('Bob''s Burgers', 1, 2, 'Crawl Space', 'A leaky roof causes Bob to get trapped in a wall while Linda''s mother visits.', 23);
INSERT IGNORE INTO Episode VALUES ('Bob''s Burgers', 1, 3, 'Sacred Cow', 'Bob takes to a film maker''s cow.', 23);
INSERT IGNORE INTO Audio VALUES ('Bob''s Burgers', 'Korea');
INSERT IGNORE INTO Subtitle VALUES ('Bob''s Burgers', 'Indonesia');
INSERT IGNORE INTO Subtitle VALUES ('Bob''s Burgers', 'Jepang');
INSERT IGNORE INTO Subtitle VALUES ('Bob''s Burgers', 'Inggris');
INSERT IGNORE INTO Konten VALUES ('Bluey', 'Bluey is an inexhaustible six year-old Blue Heeler dog, who loves to play and turns everyday family life into extraordinary adventures, developing her imagination as well as her mental, physical and emotional resilience.', 2018, 'TV-Y', 'Serial_TV');
INSERT IGNORE INTO Serial_TV VALUES ('Bluey', 3);
INSERT IGNORE INTO Genre_Konten VALUES ('Bluey', 12);
INSERT IGNORE INTO Genre_Konten VALUES ('Bluey', 26);
INSERT IGNORE INTO Genre_Konten VALUES ('Bluey', 8);
INSERT IGNORE INTO Aktor (`nama_lengkap`) VALUES ('Dave McCormack');
INSERT IGNORE INTO Peran VALUES ('Dave McCormack', 'Bluey', 'Bandit Heeler (voice)');
INSERT IGNORE INTO Aktor (`nama_lengkap`) VALUES ('Melanie Zanetti');
INSERT IGNORE INTO Peran VALUES ('Melanie Zanetti', 'Bluey', 'Chilli Heeler (voice)');
INSERT IGNORE INTO Episode VALUES ('Bluey', 1, 1, 'The Magic Xylophone', 'As Bluey and Bingo squabble over their magic xylophone (that has the power to freeze Dad in space and time) Dad seizes control and freezes Bluey, leaving Bingo as her only hope.', 7);
INSERT IGNORE INTO Episode VALUES ('Bluey', 1, 2, 'Hospital', 'Doctor Bluey is needed when Dad gets a very curious x-ray from Nurse Bingo. It seems he has a cat in his tummy, leaving Bluey no choice but to operate immediately!', 7);
INSERT IGNORE INTO Episode VALUES ('Bluey', 1, 3, 'Keepy Uppy', 'Bluey, Bingo and Mum are enjoying playing Keepy-Uppy around the house with their last balloon, when Dad joins in and the game becomes the ultimate test of skill.', 7);
INSERT IGNORE INTO Audio VALUES ('Bluey', 'Korea');
INSERT IGNORE INTO Audio VALUES ('Bluey', 'Jepang');
INSERT IGNORE INTO Audio VALUES ('Bluey', 'Spanyol');
INSERT IGNORE INTO Subtitle VALUES ('Bluey', 'Inggris');
INSERT IGNORE INTO Subtitle VALUES ('Bluey', 'Jepang');
INSERT IGNORE INTO Subtitle VALUES ('Bluey', 'Indonesia');
INSERT IGNORE INTO Subtitle VALUES ('Bluey', 'Korea');
INSERT IGNORE INTO Konten VALUES ('The Resident', 'A tough, brilliant senior resident guides an idealistic young doctor through his first day, pulling back the curtain on what really happens, both good and bad, in modern-day medicine.', 2018, 'TV-14', 'Serial_TV');
INSERT IGNORE INTO Serial_TV VALUES ('The Resident', 6);
INSERT IGNORE INTO Genre_Konten VALUES ('The Resident', 4);
INSERT IGNORE INTO Aktor (`nama_lengkap`) VALUES ('Matt Czuchry');
INSERT IGNORE INTO Peran VALUES ('Matt Czuchry', 'The Resident', 'Conrad Hawkins');
INSERT IGNORE INTO Aktor (`nama_lengkap`) VALUES ('Manish Dayal');
INSERT IGNORE INTO Peran VALUES ('Manish Dayal', 'The Resident', 'Devon Pravesh');
INSERT IGNORE INTO Aktor (`nama_lengkap`) VALUES ('Malcolm-Jamal Warner');
INSERT IGNORE INTO Peran VALUES ('Malcolm-Jamal Warner', 'The Resident', 'AJ Austin');
INSERT IGNORE INTO Aktor (`nama_lengkap`) VALUES ('Jessica Lucas');
INSERT IGNORE INTO Peran VALUES ('Jessica Lucas', 'The Resident', 'Billie Sutton');
INSERT IGNORE INTO Aktor (`nama_lengkap`) VALUES ('Bruce Greenwood');
INSERT IGNORE INTO Peran VALUES ('Bruce Greenwood', 'The Resident', 'Randolph Bell');
INSERT IGNORE INTO Aktor (`nama_lengkap`) VALUES ('Anuja Joshi');
INSERT IGNORE INTO Peran VALUES ('Anuja Joshi', 'The Resident', 'Leela Devi');
INSERT IGNORE INTO Aktor (`nama_lengkap`) VALUES ('Jane Leeves');
INSERT IGNORE INTO Peran VALUES ('Jane Leeves', 'The Resident', 'Kit Voss');
INSERT IGNORE INTO Aktor (`nama_lengkap`) VALUES ('Andrew McCarthy');
INSERT IGNORE INTO Peran VALUES ('Andrew McCarthy', 'The Resident', 'Ian Sullivan');
INSERT IGNORE INTO Aktor (`nama_lengkap`) VALUES ('Kaley Ronayne');
INSERT IGNORE INTO Peran VALUES ('Kaley Ronayne', 'The Resident', 'Kincaid Sullivan');
INSERT IGNORE INTO Episode VALUES ('The Resident', 1, 1, 'Pilot', 'On his first day as an intern, an idealistic Dr. Devon Pravesh faces the harsh realities of medical care, as third year resident Dr. Conrad Hawkins takes him under his wing and teaches his unconventional ways for treating patients. Meanwhile, Conrad goes head-to-head with Chief of Surgery Dr. Solomon Bell, who uses power and intimidation to cover up his mistakes.', 42);
INSERT IGNORE INTO Episode VALUES ('The Resident', 1, 2, 'Independence Day', 'Conrad receives the call he''s been waiting for when a heart becomes available for a patient who has been on the transplant list for two years. But when a congressman is admitted to the hospital after a heart attack, he is prioritized and derails Conrad''s patient''s surgery. Meanwhile, Nic grows suspicious of one of the doctors after a file goes missing, Dr. Bell tries to manipulate Mina and Devon is put to the test when a patient''s condition requires a split-second decision.', 42);
INSERT IGNORE INTO Episode VALUES ('The Resident', 1, 3, 'Comrades in Arms', 'An old army buddy and fellow surgeon visits Conrad at the hospital. Meanwhile, the team is put to the test when they have to save the life of an uninsured and undocumented patient, while simultaneously battling the hospital''s administrators, who fear the patient will cost millions. Also, Dr. Bell experiments with a new medication for his tremor and Nic swears to investigate the mystery surrounding missing medical records.', 42);
INSERT IGNORE INTO Audio VALUES ('The Resident', 'Jepang');
INSERT IGNORE INTO Audio VALUES ('The Resident', 'Inggris');
INSERT IGNORE INTO Subtitle VALUES ('The Resident', 'Inggris');
INSERT IGNORE INTO Subtitle VALUES ('The Resident', 'Spanyol');
INSERT IGNORE INTO Subtitle VALUES ('The Resident', 'Indonesia');
INSERT IGNORE INTO Subtitle VALUES ('The Resident', 'Jepang');
INSERT IGNORE INTO Konten VALUES ('Psych', 'Thanks to his police officer father''s efforts, Shawn Spencer spent his childhood developing a keen eye for detail (and a lasting dislike of his dad). Years later, Shawn''s frequent tips to the police lead to him being falsely accused of a crime he solved.

Now, Shawn has no choice but to use his abilities to perpetuate his cover story: psychic crime-solving powers, all the while dragging his best friend, his dad, and the police along for the ride.', 2006, 'TV-PG', 'Serial_TV');
INSERT IGNORE INTO Serial_TV VALUES ('Psych', 8);
INSERT IGNORE INTO Genre_Konten VALUES ('Psych', 4);
INSERT IGNORE INTO Genre_Konten VALUES ('Psych', 8);
INSERT IGNORE INTO Genre_Konten VALUES ('Psych', 2);
INSERT IGNORE INTO Aktor (`nama_lengkap`) VALUES ('James Roday Rodriguez');
INSERT IGNORE INTO Peran VALUES ('James Roday Rodriguez', 'Psych', 'Shawn Spencer');
INSERT IGNORE INTO Aktor (`nama_lengkap`) VALUES ('Dulé Hill');
INSERT IGNORE INTO Peran VALUES ('Dulé Hill', 'Psych', 'Burton Guster');
INSERT IGNORE INTO Aktor (`nama_lengkap`) VALUES ('Timothy Omundson');
INSERT IGNORE INTO Peran VALUES ('Timothy Omundson', 'Psych', 'Carlton Lassiter');
INSERT IGNORE INTO Aktor (`nama_lengkap`) VALUES ('Maggie Lawson');
INSERT IGNORE INTO Peran VALUES ('Maggie Lawson', 'Psych', 'Juliet O''Hara');
INSERT IGNORE INTO Aktor (`nama_lengkap`) VALUES ('Kirsten Nelson');
INSERT IGNORE INTO Peran VALUES ('Kirsten Nelson', 'Psych', 'Karen Vick');
INSERT IGNORE INTO Aktor (`nama_lengkap`) VALUES ('Corbin Bernsen');
INSERT IGNORE INTO Peran VALUES ('Corbin Bernsen', 'Psych', 'Henry Spencer');
INSERT IGNORE INTO Episode VALUES ('Psych', 1, 1, 'Pilot', 'When Shawn Spencer is arrested for calling in an accurate tip to the police because only the perpetrator would know the details, his only way out is pretending to be a psychic.

It turns out Santa Barbara PD isn''t done with him. They ask him to consult on a kidnapping case, and a business is born.', 66);
INSERT IGNORE INTO Episode VALUES ('Psych', 1, 2, 'The Spellingg Bee', 'When what begins as a little competitive sabotage in a regional spelling bee quickly escalates to murder.

Shawn and Gus must investigate the mysterious death of the "Spellmaster" at the regional Spelling Bee.', 43);
INSERT IGNORE INTO Episode VALUES ('Psych', 1, 3, 'Speak Now or Forever Hold Your Piece', 'Shawn and Gus become wedding crashers at a posh ceremony in order to retrieve a stolen antique engagement ring inexplicably taken from an inpenetrable vault under surveillance.

The theft turns to murder when things start to come unraveled.', 43);
INSERT IGNORE INTO Audio VALUES ('Psych', 'Korea');
INSERT IGNORE INTO Subtitle VALUES ('Psych', 'Jepang');
INSERT IGNORE INTO Subtitle VALUES ('Psych', 'Inggris');
INSERT IGNORE INTO Konten VALUES ('Running Man', 'These days, as variety shows are gradually disappearing, this is one of Korea’s representative variety shows that has been responsible for Sunday evenings for over 10 years. This program features numerous stars and members going around various places, playing games, and completing missions. In particular, among the many fun elements of variety shows, this one focuses solely on laughter.

Open your eyes! Big fun is coming in!

Open your mouth! Big laughter is coming in!

Open your heart! Useful lessons are coming in!', 2010, 'TV-14', 'Serial_TV');
INSERT IGNORE INTO Serial_TV VALUES ('Running Man', 1);
INSERT IGNORE INTO Genre_Konten VALUES ('Running Man', 8);
INSERT IGNORE INTO Genre_Konten VALUES ('Running Man', 20);
INSERT IGNORE INTO Aktor (`nama_lengkap`) VALUES ('Yoo Jae-suk');
INSERT IGNORE INTO Peran VALUES ('Yoo Jae-suk', 'Running Man', 'Main Host');
INSERT IGNORE INTO Aktor (`nama_lengkap`) VALUES ('Jee Seok-jin');
INSERT IGNORE INTO Peran VALUES ('Jee Seok-jin', 'Running Man', 'Self');
INSERT IGNORE INTO Aktor (`nama_lengkap`) VALUES ('Kim Jong-kook');
INSERT IGNORE INTO Peran VALUES ('Kim Jong-kook', 'Running Man', 'Self');
INSERT IGNORE INTO Aktor (`nama_lengkap`) VALUES ('Kang Gary');
INSERT IGNORE INTO Peran VALUES ('Kang Gary', 'Running Man', 'Self');
INSERT IGNORE INTO Aktor (`nama_lengkap`) VALUES ('Haha');
INSERT IGNORE INTO Peran VALUES ('Haha', 'Running Man', 'Self');
INSERT IGNORE INTO Aktor (`nama_lengkap`) VALUES ('Song Ji-hyo');
INSERT IGNORE INTO Peran VALUES ('Song Ji-hyo', 'Running Man', 'Self');
INSERT IGNORE INTO Aktor (`nama_lengkap`) VALUES ('Lee Kwang-soo');
INSERT IGNORE INTO Peran VALUES ('Lee Kwang-soo', 'Running Man', 'Self');
INSERT IGNORE INTO Aktor (`nama_lengkap`) VALUES ('Yang Se-chan');
INSERT IGNORE INTO Peran VALUES ('Yang Se-chan', 'Running Man', 'Self');
INSERT IGNORE INTO Aktor (`nama_lengkap`) VALUES ('Jeon So-min');
INSERT IGNORE INTO Peran VALUES ('Jeon So-min', 'Running Man', 'Self');
INSERT IGNORE INTO Aktor (`nama_lengkap`) VALUES ('Ji Ye-eun');
INSERT IGNORE INTO Peran VALUES ('Ji Ye-eun', 'Running Man', 'Self');
INSERT IGNORE INTO Episode VALUES ('Running Man', 1, 1, 'Times Square Mall', 'Landmark: Times Square Mall, Seoul  Guests: Lee Hyo-ri, Hwang Jung-eum', 88);
INSERT IGNORE INTO Episode VALUES ('Running Man', 1, 2, 'Suwon World Cup Stadium (1)', 'Landmark: Suwon World Cup Stadium, Suwon

Guests: Lee Chun-hee, Goo Ha-ra', 72);
INSERT IGNORE INTO Episode VALUES ('Running Man', 1, 3, 'Suwon World Cup Stadium (2)', 'Landmark: Suwon World Cup Stadium, Suwon

Guests: Song Ji-hyo', 68);
INSERT IGNORE INTO Audio VALUES ('Running Man', 'Indonesia');
INSERT IGNORE INTO Subtitle VALUES ('Running Man', 'Inggris');
INSERT IGNORE INTO Subtitle VALUES ('Running Man', 'Spanyol');
INSERT IGNORE INTO Konten VALUES ('A Girl''s Guide to 21st Century Sex', 'A Girl''s Guide to 21st Century Sex is a documentary TV series about sex, which ran in eight episodes on Channel 5 and was presented by Dr Catherine Hood. The 45-minute long episodes were broadcast on Monday nights. The series started on 30 October 2006, with the final programme broadcast on 18 December 2006.

Each episode explained a sex position and covered a sexually transmitted disease. Additionally, the following topics were discussed: sex among handicapped and overweight people, penis enlargement devices, penis enlargement surgery, sexual violence against men and penis removal, tantric sex, the g-spot, erectile dysfunction, sex reassignment surgery, cosmetic surgery of the vagina, swinging, lichen sclerosus, the use of recreational drugs during sex, male homosexual sex in public toilets, full body plastic wrap bondage, and sex dolls.', 2006, 'NR', 'Serial_TV');
INSERT IGNORE INTO Serial_TV VALUES ('A Girl''s Guide to 21st Century Sex', 1);
INSERT IGNORE INTO Genre_Konten VALUES ('A Girl''s Guide to 21st Century Sex', 17);
INSERT IGNORE INTO Aktor (`nama_lengkap`) VALUES ('Catherine Hood');
INSERT IGNORE INTO Peran VALUES ('Catherine Hood', 'A Girl''s Guide to 21st Century Sex', 'Self – Presenter');
INSERT IGNORE INTO Aktor (`nama_lengkap`) VALUES ('Elizabeth Lawrence');
INSERT IGNORE INTO Peran VALUES ('Elizabeth Lawrence', 'A Girl''s Guide to 21st Century Sex', 'Self – Position Actor');
INSERT IGNORE INTO Aktor (`nama_lengkap`) VALUES ('Stefan Hard');
INSERT IGNORE INTO Peran VALUES ('Stefan Hard', 'A Girl''s Guide to 21st Century Sex', 'Self – Position Actor');
INSERT IGNORE INTO Aktor (`nama_lengkap`) VALUES ('Ava Cadell');
INSERT IGNORE INTO Peran VALUES ('Ava Cadell', 'A Girl''s Guide to 21st Century Sex', 'Self');
INSERT IGNORE INTO Aktor (`nama_lengkap`) VALUES ('Erin Sharkey');
INSERT IGNORE INTO Peran VALUES ('Erin Sharkey', 'A Girl''s Guide to 21st Century Sex', 'Self');
INSERT IGNORE INTO Aktor (`nama_lengkap`) VALUES ('Raj Patel');
INSERT IGNORE INTO Peran VALUES ('Raj Patel', 'A Girl''s Guide to 21st Century Sex', 'Self');
INSERT IGNORE INTO Episode VALUES ('A Girl''s Guide to 21st Century Sex', 1, 1, 'Episode 1', 'Secrets of the female orgasm and how women can ejaculate like men, best way to make love if you''re overweight, what happens inside a vagina during male ejaculation and what men can learn from women who have sex with other women.', 45);
INSERT IGNORE INTO Episode VALUES ('A Girl''s Guide to 21st Century Sex', 1, 2, 'Episode 2', 'Men''s secret desire to have a bigger penis, which methods of enlargement really work? How to properly stimulate a woman''s clitoris, and the shocking story of a woman that cut off her husband''s penis.', 45);
INSERT IGNORE INTO Episode VALUES ('A Girl''s Guide to 21st Century Sex', 1, 3, 'Episode 3', 'Finding and using the g-spot for amazing orgasms, how to help him last longer in bed and why pregnant sex might be the best sex you ever have.', 45);
INSERT IGNORE INTO Audio VALUES ('A Girl''s Guide to 21st Century Sex', 'Korea');
INSERT IGNORE INTO Subtitle VALUES ('A Girl''s Guide to 21st Century Sex', 'Korea');
INSERT IGNORE INTO Subtitle VALUES ('A Girl''s Guide to 21st Century Sex', 'Indonesia');
INSERT IGNORE INTO Subtitle VALUES ('A Girl''s Guide to 21st Century Sex', 'Spanyol');
INSERT IGNORE INTO Subtitle VALUES ('A Girl''s Guide to 21st Century Sex', 'Jepang');
INSERT IGNORE INTO Konten VALUES ('Futurama', 'The adventures of a late-20th-century New York City pizza delivery boy, Philip J. Fry, who, after being unwittingly cryogenically frozen for one thousand years, finds employment at Planet Express, an interplanetary delivery company in the retro-futuristic 31st century.', 1999, 'TV-14', 'Serial_TV');
INSERT IGNORE INTO Serial_TV VALUES ('Futurama', 10);
INSERT IGNORE INTO Genre_Konten VALUES ('Futurama', 12);
INSERT IGNORE INTO Genre_Konten VALUES ('Futurama', 8);
INSERT IGNORE INTO Genre_Konten VALUES ('Futurama', 23);
INSERT IGNORE INTO Aktor (`nama_lengkap`) VALUES ('Billy West');
INSERT IGNORE INTO Peran VALUES ('Billy West', 'Futurama', 'Fry / Professor Farnsworth / Zoidberg / Zapp Brannigan (voice)');
INSERT IGNORE INTO Aktor (`nama_lengkap`) VALUES ('Katey Sagal');
INSERT IGNORE INTO Peran VALUES ('Katey Sagal', 'Futurama', 'Leela (voice)');
INSERT IGNORE INTO Aktor (`nama_lengkap`) VALUES ('John DiMaggio');
INSERT IGNORE INTO Peran VALUES ('John DiMaggio', 'Futurama', 'Bender (voice)');
INSERT IGNORE INTO Aktor (`nama_lengkap`) VALUES ('Tress MacNeille');
INSERT IGNORE INTO Peran VALUES ('Tress MacNeille', 'Futurama', 'Mom (voice)');
INSERT IGNORE INTO Aktor (`nama_lengkap`) VALUES ('Maurice LaMarche');
INSERT IGNORE INTO Peran VALUES ('Maurice LaMarche', 'Futurama', 'Morbo / Kif Kroker (voice)');
INSERT IGNORE INTO Aktor (`nama_lengkap`) VALUES ('Lauren Tom');
INSERT IGNORE INTO Peran VALUES ('Lauren Tom', 'Futurama', 'Amy Wong (voice)');
INSERT IGNORE INTO Aktor (`nama_lengkap`) VALUES ('Phil LaMarr');
INSERT IGNORE INTO Peran VALUES ('Phil LaMarr', 'Futurama', 'Hermes Conrad (voice)');
INSERT IGNORE INTO Aktor (`nama_lengkap`) VALUES ('David Herman');
INSERT IGNORE INTO Peran VALUES ('David Herman', 'Futurama', 'Scruffy (voice)');
INSERT IGNORE INTO Episode VALUES ('Futurama', 1, 1, 'Space Pilot 3000', 'On New Year''s Eve 1999, Pizza Delivery boy Philip J. Fry accidentally falls into a cryogenic chamber and is frozen for 1,000 years. Finally unfrozen, he explores New New York, meets his new best friend (a kleptomaniacal robot named Bender) and goes to work for his great-great-great-great-grand-nephew''s space delivery business.', 22);
INSERT IGNORE INTO Episode VALUES ('Futurama', 1, 2, 'The Series Has Landed', 'For the crew''s first mission, they must deliver a crate full of toys for an arcade game to the moon. Fry is very excited, while it is not really a big deal in the year 3000. Fry tries to persuade Leela to go exploring on the moon, while Amy tries to recover the keys to the Planet Express Ship.', 22);
INSERT IGNORE INTO Episode VALUES ('Futurama', 1, 3, 'I, Roommate', 'When it is discovered that Philip has been living in the Planet Express office, he is forced to move out. Trying to sleep standing up in Bender''s closet-sized apartment doesn''t work, so they go looking for a place both can be comfortable. Unfortunately, Bender is incompatible with the ideal apartment they do find until he has a radical... modification which makes him less than happy.', 22);
INSERT IGNORE INTO Audio VALUES ('Futurama', 'Spanyol');
INSERT IGNORE INTO Subtitle VALUES ('Futurama', 'Jepang');
INSERT IGNORE INTO Subtitle VALUES ('Futurama', 'Korea');
INSERT IGNORE INTO Subtitle VALUES ('Futurama', 'Spanyol');
INSERT IGNORE INTO Konten VALUES ('Elite', 'When three working class kids enroll in the most exclusive school in Spain, the clash between the wealthy and the poor students leads to tragedy.', 2018, 'TV-MA', 'Serial_TV');
INSERT IGNORE INTO Serial_TV VALUES ('Elite', 8);
INSERT IGNORE INTO Genre_Konten VALUES ('Elite', 2);
INSERT IGNORE INTO Genre_Konten VALUES ('Elite', 11);
INSERT IGNORE INTO Genre_Konten VALUES ('Elite', 4);
INSERT IGNORE INTO Aktor (`nama_lengkap`) VALUES ('Omar Ayuso');
INSERT IGNORE INTO Peran VALUES ('Omar Ayuso', 'Elite', 'Omar Shanaa');
INSERT IGNORE INTO Aktor (`nama_lengkap`) VALUES ('Valentina Zenere');
INSERT IGNORE INTO Peran VALUES ('Valentina Zenere', 'Elite', 'Isadora Artiñan');
INSERT IGNORE INTO Aktor (`nama_lengkap`) VALUES ('André Lamoglia');
INSERT IGNORE INTO Peran VALUES ('André Lamoglia', 'Elite', 'Iván Carvalho');
INSERT IGNORE INTO Aktor (`nama_lengkap`) VALUES ('Carmen Arrufat');
INSERT IGNORE INTO Peran VALUES ('Carmen Arrufat', 'Elite', 'Sara');
INSERT IGNORE INTO Aktor (`nama_lengkap`) VALUES ('Ander Puig');
INSERT IGNORE INTO Peran VALUES ('Ander Puig', 'Elite', 'Nico');
INSERT IGNORE INTO Aktor (`nama_lengkap`) VALUES ('Nadia Al Saidi');
INSERT IGNORE INTO Peran VALUES ('Nadia Al Saidi', 'Elite', 'Sonia');
INSERT IGNORE INTO Aktor (`nama_lengkap`) VALUES ('Fernando Lindez');
INSERT IGNORE INTO Peran VALUES ('Fernando Lindez', 'Elite', 'Joel');
INSERT IGNORE INTO Aktor (`nama_lengkap`) VALUES ('Mirela Balić');
INSERT IGNORE INTO Peran VALUES ('Mirela Balić', 'Elite', 'Chloe');
INSERT IGNORE INTO Aktor (`nama_lengkap`) VALUES ('Gleb Abrosimov');
INSERT IGNORE INTO Peran VALUES ('Gleb Abrosimov', 'Elite', 'Eric');
INSERT IGNORE INTO Aktor (`nama_lengkap`) VALUES ('Iván Mendes');
INSERT IGNORE INTO Peran VALUES ('Iván Mendes', 'Elite', 'Dalmar');
INSERT IGNORE INTO Episode VALUES ('Elite', 1, 1, 'Welcome', 'After a public high school collapses, the builder tries to repair its image by paying for three impacted students to attend an exclusive private school.', 57);
INSERT IGNORE INTO Episode VALUES ('Elite', 1, 2, 'Desire', 'A school project brings Marina and Samuel closer, and inspires Guzmán to try and win over Nadia. Meanwhile, Christian is shocked by a revelation.', 50);
INSERT IGNORE INTO Episode VALUES ('Elite', 1, 3, 'Saturday Night', 'Samuel throws a party, where Nano makes a move on Marina and spiked punch affects more than one couple. Nadia is hurt by what she learns about Guzmán.', 54);
INSERT IGNORE INTO Audio VALUES ('Elite', 'Spanyol');
INSERT IGNORE INTO Audio VALUES ('Elite', 'Korea');
INSERT IGNORE INTO Subtitle VALUES ('Elite', 'Korea');
INSERT IGNORE INTO Subtitle VALUES ('Elite', 'Indonesia');
INSERT IGNORE INTO Konten VALUES ('It''s Always Sunny in Philadelphia', 'Four egocentric friends run a neighborhood Irish pub in Philadelphia and try to find their way through the adult world of work and relationships. Unfortunately, their warped views and precarious judgments often lead them to trouble, creating a myriad of uncomfortable situations that usually only get worse before they get better.', 2005, 'TV-MA', 'Serial_TV');
INSERT IGNORE INTO Serial_TV VALUES ('It''s Always Sunny in Philadelphia', 17);
INSERT IGNORE INTO Genre_Konten VALUES ('It''s Always Sunny in Philadelphia', 8);
INSERT IGNORE INTO Aktor (`nama_lengkap`) VALUES ('Charlie Day');
INSERT IGNORE INTO Peran VALUES ('Charlie Day', 'It''s Always Sunny in Philadelphia', 'Charlie Kelly');
INSERT IGNORE INTO Aktor (`nama_lengkap`) VALUES ('Glenn Howerton');
INSERT IGNORE INTO Peran VALUES ('Glenn Howerton', 'It''s Always Sunny in Philadelphia', 'Dennis Reynolds');
INSERT IGNORE INTO Aktor (`nama_lengkap`) VALUES ('Rob Mac');
INSERT IGNORE INTO Peran VALUES ('Rob Mac', 'It''s Always Sunny in Philadelphia', 'Ronald ''Mac'' McDonald');
INSERT IGNORE INTO Aktor (`nama_lengkap`) VALUES ('Kaitlin Olson');
INSERT IGNORE INTO Peran VALUES ('Kaitlin Olson', 'It''s Always Sunny in Philadelphia', 'Deandra ''Dee'' Reynolds');
INSERT IGNORE INTO Aktor (`nama_lengkap`) VALUES ('Danny DeVito');
INSERT IGNORE INTO Peran VALUES ('Danny DeVito', 'It''s Always Sunny in Philadelphia', 'Frank Reynolds');
INSERT IGNORE INTO Episode VALUES ('It''s Always Sunny in Philadelphia', 1, 1, 'The Gang Gets Racist', 'The guys hire Dee''s friend, Terrell to promote the bar.  Meanwhile, Charlie tries to prove that he is not a racist.', 23);
INSERT IGNORE INTO Episode VALUES ('It''s Always Sunny in Philadelphia', 1, 2, 'Charlie Wants an Abortion', 'A girl from Charlie''s past reveals they have a child together.  Mac sees the benefits in being a pro-life advocate, while Dennis uses an abortion rally to meet women.', 23);
INSERT IGNORE INTO Episode VALUES ('It''s Always Sunny in Philadelphia', 1, 3, 'Underage Drinking: A National Concern', 'After reminiscing about high school, the guys conclude that it would be a public service if they allowed teens to drink in the bar, thus providing a safe and controlled environment for teens to party. Feeling that she missed out on a lot as a teenager due to having to wear a brace for her scoliosis, Dee begins dating a high school jock.', 23);
INSERT IGNORE INTO Audio VALUES ('It''s Always Sunny in Philadelphia', 'Indonesia');
INSERT IGNORE INTO Subtitle VALUES ('It''s Always Sunny in Philadelphia', 'Indonesia');
INSERT IGNORE INTO Subtitle VALUES ('It''s Always Sunny in Philadelphia', 'Spanyol');
INSERT IGNORE INTO Subtitle VALUES ('It''s Always Sunny in Philadelphia', 'Korea');
INSERT IGNORE INTO Subtitle VALUES ('It''s Always Sunny in Philadelphia', 'Jepang');
INSERT IGNORE INTO Konten VALUES ('Saturday Night Live', 'A late-night live television sketch comedy and variety show created by Lorne Michaels. The show''s comedy sketches, which parody contemporary culture and politics, are performed by a large and varying cast of repertory and newer cast members. Each episode is hosted by a celebrity guest, who usually delivers an opening monologue and performs in sketches with the cast, and features performances by a musical guest.', 1975, 'TV-14', 'Serial_TV');
INSERT IGNORE INTO Serial_TV VALUES ('Saturday Night Live', 51);
INSERT IGNORE INTO Genre_Konten VALUES ('Saturday Night Live', 8);
INSERT IGNORE INTO Genre_Konten VALUES ('Saturday Night Live', 25);
INSERT IGNORE INTO Aktor (`nama_lengkap`) VALUES ('Michael Che');
INSERT IGNORE INTO Peran VALUES ('Michael Che', 'Saturday Night Live', 'Self - Various Characters');
INSERT IGNORE INTO Aktor (`nama_lengkap`) VALUES ('Mikey Day');
INSERT IGNORE INTO Peran VALUES ('Mikey Day', 'Saturday Night Live', 'Self - Various Characters');
INSERT IGNORE INTO Aktor (`nama_lengkap`) VALUES ('Andrew Dismukes');
INSERT IGNORE INTO Peran VALUES ('Andrew Dismukes', 'Saturday Night Live', 'Self - Various Characters');
INSERT IGNORE INTO Aktor (`nama_lengkap`) VALUES ('Chloe Fineman');
INSERT IGNORE INTO Peran VALUES ('Chloe Fineman', 'Saturday Night Live', 'Self - Various Characters');
INSERT IGNORE INTO Aktor (`nama_lengkap`) VALUES ('Marcello Hernández');
INSERT IGNORE INTO Peran VALUES ('Marcello Hernández', 'Saturday Night Live', 'Self - Various Characters');
INSERT IGNORE INTO Aktor (`nama_lengkap`) VALUES ('James Austin Johnson');
INSERT IGNORE INTO Peran VALUES ('James Austin Johnson', 'Saturday Night Live', 'Self - Various Characters');
INSERT IGNORE INTO Aktor (`nama_lengkap`) VALUES ('Colin Jost');
INSERT IGNORE INTO Peran VALUES ('Colin Jost', 'Saturday Night Live', 'Self - Various Characters');
INSERT IGNORE INTO Aktor (`nama_lengkap`) VALUES ('Sarah Sherman');
INSERT IGNORE INTO Peran VALUES ('Sarah Sherman', 'Saturday Night Live', 'Self - Various Characters');
INSERT IGNORE INTO Aktor (`nama_lengkap`) VALUES ('Kenan Thompson');
INSERT IGNORE INTO Peran VALUES ('Kenan Thompson', 'Saturday Night Live', 'Self - Various Characters');
INSERT IGNORE INTO Aktor (`nama_lengkap`) VALUES ('Bowen Yang');
INSERT IGNORE INTO Peran VALUES ('Bowen Yang', 'Saturday Night Live', 'Self - Various Characters');
INSERT IGNORE INTO Episode VALUES ('Saturday Night Live', 1, 1, 'October 11 - George Carlin', 'Live from New York, It''s... George Carlin!

Sketches Include: Wolverines, New Dad Insurance, The Courtroom, Victims of Shark Bite, Jamitol, Triopenin, Jim Henson''s Muppets, Bee Hospital, Academy of Better Careers, Show Us Your Guns, Trojan Horse Home Security, Triple-Trac', 66);
INSERT IGNORE INTO Episode VALUES ('Saturday Night Live', 1, 2, 'October 18 - Paul Simon', 'Live from New York, It''s... Paul Simon!

Sketches Include:  The Berkeley Collection, Bees, Jim Henson''s Muppets, Try-Hard 1-11', 66);
INSERT IGNORE INTO Episode VALUES ('Saturday Night Live', 1, 3, 'Rob Reiner', 'Live from New York, it''s... Rob Reiner!

Sketches Include: National Pancreas Association, Fashion Don''ts, Golden Needles, Dangerous But Inept, Felina Cat Food, Middle American Van Lines, Musical Performance (Joe Cocker), Jim Henson''s Muppets, Drooler''s Anti-Defamation League, Square Dance, Mark Hampton and Denny Dillon, What Gilda Ate, Bees', 66);
INSERT IGNORE INTO Audio VALUES ('Saturday Night Live', 'Inggris');
INSERT IGNORE INTO Audio VALUES ('Saturday Night Live', 'Indonesia');
INSERT IGNORE INTO Subtitle VALUES ('Saturday Night Live', 'Indonesia');
INSERT IGNORE INTO Subtitle VALUES ('Saturday Night Live', 'Korea');
INSERT IGNORE INTO Subtitle VALUES ('Saturday Night Live', 'Jepang');
INSERT IGNORE INTO Subtitle VALUES ('Saturday Night Live', 'Inggris');
INSERT IGNORE INTO Konten VALUES ('A Record of a Mortal''s Journey to Immortality', 'A poor and ordinary boy from a village joins a minor sect in Jiang Hu and becomes an Unofficial Disciple by chance. How will Han Li, a commoner by birth, establish a foothold for himself in his sect? With his mediocre aptitude, he must successfully traverse the treacherous path of cultivation and avoid the notice of those who may do him harm. This is a story of an ordinary mortal who, against all odds, clashes with devilish demons and ancient celestials in order to find his own path towards immortality.', 2020, 'TV-14', 'Serial_TV');
INSERT IGNORE INTO Serial_TV VALUES ('A Record of a Mortal''s Journey to Immortality', 1);
INSERT IGNORE INTO Genre_Konten VALUES ('A Record of a Mortal''s Journey to Immortality', 12);
INSERT IGNORE INTO Genre_Konten VALUES ('A Record of a Mortal''s Journey to Immortality', 21);
INSERT IGNORE INTO Genre_Konten VALUES ('A Record of a Mortal''s Journey to Immortality', 23);
INSERT IGNORE INTO Aktor (`nama_lengkap`) VALUES ('Qian Wenqing');
INSERT IGNORE INTO Peran VALUES ('Qian Wenqing', 'A Record of a Mortal''s Journey to Immortality', 'Han Li (voice)');
INSERT IGNORE INTO Aktor (`nama_lengkap`) VALUES ('Ireine Song');
INSERT IGNORE INTO Peran VALUES ('Ireine Song', 'A Record of a Mortal''s Journey to Immortality', 'Han Yun Zhi (voice)');
INSERT IGNORE INTO Aktor (`nama_lengkap`) VALUES ('Li Shimeng');
INSERT IGNORE INTO Peran VALUES ('Li Shimeng', 'A Record of a Mortal''s Journey to Immortality', 'Nangong Wan (voice)');
INSERT IGNORE INTO Aktor (`nama_lengkap`) VALUES ('Xu Jiaqi');
INSERT IGNORE INTO Peran VALUES ('Xu Jiaqi', 'A Record of a Mortal''s Journey to Immortality', 'Dong Xuaner (voice)');
INSERT IGNORE INTO Aktor (`nama_lengkap`) VALUES ('Yang Mo');
INSERT IGNORE INTO Peran VALUES ('Yang Mo', 'A Record of a Mortal''s Journey to Immortality', '墨居仁 (配音)');
INSERT IGNORE INTO Aktor (`nama_lengkap`) VALUES ('Gu Jiangshan');
INSERT IGNORE INTO Peran VALUES ('Gu Jiangshan', 'A Record of a Mortal''s Journey to Immortality', '万小山 (配音)');
INSERT IGNORE INTO Aktor (`nama_lengkap`) VALUES ('Qiao Shiyu');
INSERT IGNORE INTO Peran VALUES ('Qiao Shiyu', 'A Record of a Mortal''s Journey to Immortality', '墨彩环 (配音)');
INSERT IGNORE INTO Aktor (`nama_lengkap`) VALUES ('Zhang Fuzheng');
INSERT IGNORE INTO Peran VALUES ('Zhang Fuzheng', 'A Record of a Mortal''s Journey to Immortality', '张铁 (配音)');
INSERT IGNORE INTO Aktor (`nama_lengkap`) VALUES ('Liangwei Hu');
INSERT IGNORE INTO Peran VALUES ('Liangwei Hu', 'A Record of a Mortal''s Journey to Immortality', '玄骨 (配音)');
INSERT IGNORE INTO Aktor (`nama_lengkap`) VALUES ('Liu Rui');
INSERT IGNORE INTO Peran VALUES ('Liu Rui', 'A Record of a Mortal''s Journey to Immortality', '紫灵 (配音)');
INSERT IGNORE INTO Episode VALUES ('A Record of a Mortal''s Journey to Immortality', 1, 1, 'Ordinary man', 'Han Li was born in poverty and was the lintel of the Guangmen Gate. He participated in the examination of Qixuanmen in his childhood.', 20);
INSERT IGNORE INTO Episode VALUES ('A Record of a Mortal''s Journey to Immortality', 1, 2, 'Doctor Mo', 'Han Li accepted the mysterious Dr. Mo Mo by Qixuanmen as a disciple because of his spiritual roots, he could practice "Changchun Gong".', 17);
INSERT IGNORE INTO Episode VALUES ('A Record of a Mortal''s Journey to Immortality', 1, 3, 'Green Jade Bottle', 'During the period, Han Li picked up a small bottle against the sky and could be used for unlimited ripe plants.', 18);
INSERT IGNORE INTO Audio VALUES ('A Record of a Mortal''s Journey to Immortality', 'Inggris');
INSERT IGNORE INTO Audio VALUES ('A Record of a Mortal''s Journey to Immortality', 'Indonesia');
INSERT IGNORE INTO Subtitle VALUES ('A Record of a Mortal''s Journey to Immortality', 'Jepang');
INSERT IGNORE INTO Subtitle VALUES ('A Record of a Mortal''s Journey to Immortality', 'Inggris');
INSERT IGNORE INTO Subtitle VALUES ('A Record of a Mortal''s Journey to Immortality', 'Korea');
INSERT IGNORE INTO Konten VALUES ('Raw', 'A regularly scheduled, live, year-round program featuring some of the biggest WWE Superstars.', 1993, 'TV-14', 'Serial_TV');
INSERT IGNORE INTO Serial_TV VALUES ('Raw', 33);
INSERT IGNORE INTO Genre_Konten VALUES ('Raw', 20);
INSERT IGNORE INTO Episode VALUES ('Raw', 1, 1, 'Uncut, Uncooked, Uncensored - Raw #1', 'The Premiere episode of Monday Night Raw. The Undertaker battles Damien Demento in Raw''s first-ever main event. Shawn Michaels competes.', 46);
INSERT IGNORE INTO Episode VALUES ('Raw', 1, 2, 'Leave It To Flair - Raw #2', 'After his match with El Matador, Ric Flair issues a career changing challenge to Mr. Perfect for Raw next week. WWE Champion Bret Hitman Hart discusses his big match against Razor Ramon at the upcoming Royal Rumble Pay Per View. Mr. Perfect is in action against Terrific Terry Taylor.', 45);
INSERT IGNORE INTO Episode VALUES ('Raw', 1, 3, 'Loser Leaves Town - Raw #3', 'Mr. Perfect battles Ric Flair in a Loser Leaves WWE Match. ""Macho Man"" Randy Savage seeks revenge when he battles The Repo Man. Kamala, with his new manager Reverend Slick, has become a fan favorite and issues a warning to Harvey Wippleman. ""Mean"" Gene recaps the 1993 Royal Rumble event.', 45);
INSERT IGNORE INTO Audio VALUES ('Raw', 'Jepang');
INSERT IGNORE INTO Audio VALUES ('Raw', 'Indonesia');
INSERT IGNORE INTO Subtitle VALUES ('Raw', 'Jepang');
INSERT IGNORE INTO Subtitle VALUES ('Raw', 'Korea');
INSERT IGNORE INTO Subtitle VALUES ('Raw', 'Spanyol');
INSERT IGNORE INTO Subtitle VALUES ('Raw', 'Indonesia');
INSERT IGNORE INTO Konten VALUES ('My Status as an Assassin Obviously Exceeds the Hero''s', 'Akira Oda and his high school classmates are summoned to another world! While the other students are granted cheat abilities through the summoning, Akira merely gains the abilities of a mediocre "assassin." However, his status soon surpasses "hero," the strongest profession. After Akira becomes suspicious of the King behind the summoning, he is falsely framed for a crime and forced to flee.', 2025, 'TV-14', 'Serial_TV');
INSERT IGNORE INTO Serial_TV VALUES ('My Status as an Assassin Obviously Exceeds the Hero''s', 1);
INSERT IGNORE INTO Genre_Konten VALUES ('My Status as an Assassin Obviously Exceeds the Hero''s', 12);
INSERT IGNORE INTO Genre_Konten VALUES ('My Status as an Assassin Obviously Exceeds the Hero''s', 21);
INSERT IGNORE INTO Genre_Konten VALUES ('My Status as an Assassin Obviously Exceeds the Hero''s', 23);
INSERT IGNORE INTO Aktor (`nama_lengkap`) VALUES ('Takeo Otsuka');
INSERT IGNORE INTO Peran VALUES ('Takeo Otsuka', 'My Status as an Assassin Obviously Exceeds the Hero''s', 'Akira Oda (voice)');
INSERT IGNORE INTO Aktor (`nama_lengkap`) VALUES ('Saku Mizuno');
INSERT IGNORE INTO Peran VALUES ('Saku Mizuno', 'My Status as an Assassin Obviously Exceeds the Hero''s', 'Amelia Rosequartz (voice)');
INSERT IGNORE INTO Aktor (`nama_lengkap`) VALUES ('Junichi Suwabe');
INSERT IGNORE INTO Peran VALUES ('Junichi Suwabe', 'My Status as an Assassin Obviously Exceeds the Hero''s', 'Saran Mithray (voice)');
INSERT IGNORE INTO Aktor (`nama_lengkap`) VALUES ('Sanae Kobayashi');
INSERT IGNORE INTO Peran VALUES ('Sanae Kobayashi', 'My Status as an Assassin Obviously Exceeds the Hero''s', 'Yoru (voice)');
INSERT IGNORE INTO Aktor (`nama_lengkap`) VALUES ('Konomi Tamura');
INSERT IGNORE INTO Peran VALUES ('Konomi Tamura', 'My Status as an Assassin Obviously Exceeds the Hero''s', 'Lia Lagoon (voice)');
INSERT IGNORE INTO Episode VALUES ('My Status as an Assassin Obviously Exceeds the Hero''s', 1, 1, 'The Assassin Eats Bread', 'Transported with his class to another world, Akira quickly discovers that he far surpasses his classmates.', 24);
INSERT IGNORE INTO Episode VALUES ('My Status as an Assassin Obviously Exceeds the Hero''s', 1, 2, 'The Assassin Takes Care of the Wounded', 'Akira is fighting his way through the Kantinen Labyrinth when he encounters an injured elf.', 24);
INSERT IGNORE INTO Episode VALUES ('My Status as an Assassin Obviously Exceeds the Hero''s', 1, 3, 'The Assassin Plays With a Cat', '', 24);
INSERT IGNORE INTO Audio VALUES ('My Status as an Assassin Obviously Exceeds the Hero''s', 'Spanyol');
INSERT IGNORE INTO Audio VALUES ('My Status as an Assassin Obviously Exceeds the Hero''s', 'Inggris');
INSERT IGNORE INTO Audio VALUES ('My Status as an Assassin Obviously Exceeds the Hero''s', 'Korea');
INSERT IGNORE INTO Subtitle VALUES ('My Status as an Assassin Obviously Exceeds the Hero''s', 'Jepang');
INSERT IGNORE INTO Subtitle VALUES ('My Status as an Assassin Obviously Exceeds the Hero''s', 'Inggris');
INSERT IGNORE INTO Subtitle VALUES ('My Status as an Assassin Obviously Exceeds the Hero''s', 'Indonesia');
INSERT IGNORE INTO Konten VALUES ('The Fragrant Flower Blooms with Dignity', 'When the intimidating Rintaro meets the open-minded Kaoruko, the unlikely duo grows closer. The issue? Their neighboring high schools hate each other.', 2025, 'TV-PG', 'Serial_TV');
INSERT IGNORE INTO Serial_TV VALUES ('The Fragrant Flower Blooms with Dignity', 1);
INSERT IGNORE INTO Genre_Konten VALUES ('The Fragrant Flower Blooms with Dignity', 12);
INSERT IGNORE INTO Genre_Konten VALUES ('The Fragrant Flower Blooms with Dignity', 4);
INSERT IGNORE INTO Aktor (`nama_lengkap`) VALUES ('Yoshinori Nakayama');
INSERT IGNORE INTO Peran VALUES ('Yoshinori Nakayama', 'The Fragrant Flower Blooms with Dignity', 'Rintaro Tsumugi (voice)');
INSERT IGNORE INTO Aktor (`nama_lengkap`) VALUES ('Honoka Inoue');
INSERT IGNORE INTO Peran VALUES ('Honoka Inoue', 'The Fragrant Flower Blooms with Dignity', 'Kaoruko Waguri (voice)');
INSERT IGNORE INTO Episode VALUES ('The Fragrant Flower Blooms with Dignity', 1, 1, 'Rintaro and Kaoruko', 'While helping at his family''s patisserie, Rintaro meets Kaoruko. He fears his appearance has scared her off — but she returns the next day to see him.', 24);
INSERT IGNORE INTO Episode VALUES ('The Fragrant Flower Blooms with Dignity', 1, 2, 'Chidori and Kikyo', 'Tensions between the two schools escalate during a commotion at Chidori''s gates. Later, Rintaro finds a surprise visitor waiting at the patisserie.', 24);
INSERT IGNORE INTO Episode VALUES ('The Fragrant Flower Blooms with Dignity', 1, 3, 'A Kind Person', 'Desperate to improve their grades, Rintaro and Shohei cram in the library. There, Rintaro runs into Kaoruko, but their tender moment gets interrupted.', 24);
INSERT IGNORE INTO Audio VALUES ('The Fragrant Flower Blooms with Dignity', 'Korea');
INSERT IGNORE INTO Subtitle VALUES ('The Fragrant Flower Blooms with Dignity', 'Indonesia');
INSERT IGNORE INTO Subtitle VALUES ('The Fragrant Flower Blooms with Dignity', 'Spanyol');
INSERT IGNORE INTO Subtitle VALUES ('The Fragrant Flower Blooms with Dignity', 'Inggris');
INSERT IGNORE INTO Konten VALUES ('Der Alte', 'A police department, lead by an older, experienced detective solve crimes together.', 1977, 'NR', 'Serial_TV');
INSERT IGNORE INTO Serial_TV VALUES ('Der Alte', 54);
INSERT IGNORE INTO Genre_Konten VALUES ('Der Alte', 2);
INSERT IGNORE INTO Genre_Konten VALUES ('Der Alte', 4);
INSERT IGNORE INTO Episode VALUES ('Der Alte', 1, 1, 'Episode 1', '', 60);
INSERT IGNORE INTO Episode VALUES ('Der Alte', 1, 2, 'Episode 2', '', 60);
INSERT IGNORE INTO Episode VALUES ('Der Alte', 1, 3, 'Episode 3', '', 60);
INSERT IGNORE INTO Audio VALUES ('Der Alte', 'Spanyol');
INSERT IGNORE INTO Audio VALUES ('Der Alte', 'Indonesia');
INSERT IGNORE INTO Subtitle VALUES ('Der Alte', 'Korea');
INSERT IGNORE INTO Subtitle VALUES ('Der Alte', 'Inggris');
INSERT IGNORE INTO Konten VALUES ('Alice in Borderland', 'With his two friends, a video-game-obsessed young man finds himself in a strange version of Tokyo where they must compete in dangerous games to win.', 2020, 'D', 'Serial_TV');
INSERT IGNORE INTO Serial_TV VALUES ('Alice in Borderland', 3);
INSERT IGNORE INTO Genre_Konten VALUES ('Alice in Borderland', 11);
INSERT IGNORE INTO Genre_Konten VALUES ('Alice in Borderland', 4);
INSERT IGNORE INTO Genre_Konten VALUES ('Alice in Borderland', 21);
INSERT IGNORE INTO Aktor (`nama_lengkap`) VALUES ('Kento Yamazaki');
INSERT IGNORE INTO Peran VALUES ('Kento Yamazaki', 'Alice in Borderland', 'Ryohei Arisu');
INSERT IGNORE INTO Aktor (`nama_lengkap`) VALUES ('Tao Tsuchiya');
INSERT IGNORE INTO Peran VALUES ('Tao Tsuchiya', 'Alice in Borderland', 'Yuzuha Usagi');
INSERT IGNORE INTO Episode VALUES ('Alice in Borderland', 1, 1, 'Episode 1', 'Arisu and his friends run into a public bathroom to hide from the police — but when they reemerge, the streets of Tokyo are suddenly completely empty.', 49);
INSERT IGNORE INTO Episode VALUES ('Alice in Borderland', 1, 2, 'Episode 2', 'Leaving an injured Chota, Arisu and Karube head out to gain more experience. They come to a sprawling apartment, where a deadly game of tag awaits.', 51);
INSERT IGNORE INTO Episode VALUES ('Alice in Borderland', 1, 3, 'Episode 3', 'With Chota''s and Shibuki''s visas fast expiring, the four enter a vast botanical garden in Shinjuku, where they take part in a cruel game of betrayal.', 43);
INSERT IGNORE INTO Audio VALUES ('Alice in Borderland', 'Spanyol');
INSERT IGNORE INTO Audio VALUES ('Alice in Borderland', 'Indonesia');
INSERT IGNORE INTO Subtitle VALUES ('Alice in Borderland', 'Inggris');
INSERT IGNORE INTO Konten VALUES ('DAS!', 'Every evening at 6:45 p.m. sharp, a prominent guest takes a seat on the red sofa—and DAS! provides daily updates on what''s hot in the north.', 1991, 'NR', 'Serial_TV');
INSERT IGNORE INTO Serial_TV VALUES ('DAS!', 35);
INSERT IGNORE INTO Genre_Konten VALUES ('DAS!', 24);
INSERT IGNORE INTO Genre_Konten VALUES ('DAS!', 25);
INSERT IGNORE INTO Aktor (`nama_lengkap`) VALUES ('Hinnerk Baumgarten');
INSERT IGNORE INTO Peran VALUES ('Hinnerk Baumgarten', 'DAS!', 'Self - Host');
INSERT IGNORE INTO Aktor (`nama_lengkap`) VALUES ('Inka Schneider');
INSERT IGNORE INTO Peran VALUES ('Inka Schneider', 'DAS!', 'Self - Host');
INSERT IGNORE INTO Aktor (`nama_lengkap`) VALUES ('Bettina Tietjen');
INSERT IGNORE INTO Peran VALUES ('Bettina Tietjen', 'DAS!', 'Self - Host');
INSERT IGNORE INTO Episode VALUES ('DAS!', 1, 1, 'Episode 1', '', 45);
INSERT IGNORE INTO Audio VALUES ('DAS!', 'Inggris');
INSERT IGNORE INTO Audio VALUES ('DAS!', 'Spanyol');
INSERT IGNORE INTO Audio VALUES ('DAS!', 'Jepang');
INSERT IGNORE INTO Subtitle VALUES ('DAS!', 'Inggris');
INSERT IGNORE INTO Subtitle VALUES ('DAS!', 'Indonesia');
INSERT IGNORE INTO Konten VALUES ('The Wire', 'Told from the points of view of both the Baltimore homicide and narcotics detectives and their targets, the series captures a universe in which the national war on drugs has become a permanent, self-sustaining bureaucracy, and distinctions between good and evil are routinely obliterated.', 2002, 'TV-MA', 'Serial_TV');
INSERT IGNORE INTO Serial_TV VALUES ('The Wire', 5);
INSERT IGNORE INTO Genre_Konten VALUES ('The Wire', 2);
INSERT IGNORE INTO Genre_Konten VALUES ('The Wire', 4);
INSERT IGNORE INTO Aktor (`nama_lengkap`) VALUES ('Dominic West');
INSERT IGNORE INTO Peran VALUES ('Dominic West', 'The Wire', 'Jimmy McNulty');
INSERT IGNORE INTO Aktor (`nama_lengkap`) VALUES ('Lance Reddick');
INSERT IGNORE INTO Peran VALUES ('Lance Reddick', 'The Wire', 'Cedric Daniels');
INSERT IGNORE INTO Aktor (`nama_lengkap`) VALUES ('Sonja Sohn');
INSERT IGNORE INTO Peran VALUES ('Sonja Sohn', 'The Wire', 'Kima Greggs');
INSERT IGNORE INTO Aktor (`nama_lengkap`) VALUES ('Wendell Pierce');
INSERT IGNORE INTO Peran VALUES ('Wendell Pierce', 'The Wire', 'Bunk Moreland');
INSERT IGNORE INTO Aktor (`nama_lengkap`) VALUES ('Michael Kenneth Williams');
INSERT IGNORE INTO Peran VALUES ('Michael Kenneth Williams', 'The Wire', 'Omar Little');
INSERT IGNORE INTO Aktor (`nama_lengkap`) VALUES ('Deirdre Lovejoy');
INSERT IGNORE INTO Peran VALUES ('Deirdre Lovejoy', 'The Wire', 'Rhonda Pearlman');
INSERT IGNORE INTO Aktor (`nama_lengkap`) VALUES ('Andre Royo');
INSERT IGNORE INTO Peran VALUES ('Andre Royo', 'The Wire', 'Bubbles');
INSERT IGNORE INTO Aktor (`nama_lengkap`) VALUES ('John Doman');
INSERT IGNORE INTO Peran VALUES ('John Doman', 'The Wire', 'William Rawls');
INSERT IGNORE INTO Aktor (`nama_lengkap`) VALUES ('Clarke Peters');
INSERT IGNORE INTO Peran VALUES ('Clarke Peters', 'The Wire', 'Lester Freamon');
INSERT IGNORE INTO Aktor (`nama_lengkap`) VALUES ('Jamie Hector');
INSERT IGNORE INTO Peran VALUES ('Jamie Hector', 'The Wire', 'Marlo Stanfield');
INSERT IGNORE INTO Episode VALUES ('The Wire', 1, 1, 'The Target', '''... when it''s not your turn.'' - McNulty.

Baltimore homicide detective Jimmy McNulty gets into hot water and winds up assigned to a detail of narcotics outcasts charged with investigating drug lord Avon Barksdale and his powerful operation in Franklin Terrace. Meanwhile, Avon''s nephew D''Angelo is fresh off beating a murder rap, but he finds himself demoted upon his return to the gang.', 63);
INSERT IGNORE INTO Episode VALUES ('The Wire', 1, 2, 'The Detail', '''You cannot lose if you do not play.'' - Marla Daniels.

McNulty feels the heat when a witness who testified against D''Angelo is found murdered. Meanwhile, Greggs is given the lay of the land regarding Avon Barksdale''s key players, and Herc, Carver and Prez find big-time trouble at the towers.', 58);
INSERT IGNORE INTO Episode VALUES ('The Wire', 1, 3, 'The Buys', '"The king stay the king." - D''Angelo.  

The early-morning ''field interviews'' by Herc, Carver and Prez result in a minor riot, a boy losing an eye and some bad publicity for the department. On the other side of the law, D''Angelo teaches Wallace and Bodie how to play the game (chess) and later impresses Bell with his ''take'' from the low-rises.', 56);
INSERT IGNORE INTO Audio VALUES ('The Wire', 'Inggris');
INSERT IGNORE INTO Subtitle VALUES ('The Wire', 'Spanyol');
INSERT IGNORE INTO Subtitle VALUES ('The Wire', 'Inggris');
INSERT IGNORE INTO Subtitle VALUES ('The Wire', 'Jepang');
INSERT IGNORE INTO Subtitle VALUES ('The Wire', 'Korea');
INSERT IGNORE INTO Konten VALUES ('Bleach', 'For as long as he can remember, Ichigo Kurosaki has been able to see ghosts. But when he meets Rukia, a Soul Reaper who battles evil spirits known as Hollows, he finds his life is changed forever. Now, with a newfound wealth of spiritual energy, Ichigo discovers his true calling: to protect the living and the dead from evil.', 2004, 'TV-14', 'Serial_TV');
INSERT IGNORE INTO Serial_TV VALUES ('Bleach', 2);
INSERT IGNORE INTO Genre_Konten VALUES ('Bleach', 21);
INSERT IGNORE INTO Genre_Konten VALUES ('Bleach', 12);
INSERT IGNORE INTO Genre_Konten VALUES ('Bleach', 23);
INSERT IGNORE INTO Aktor (`nama_lengkap`) VALUES ('Masakazu Morita');
INSERT IGNORE INTO Peran VALUES ('Masakazu Morita', 'Bleach', 'Ichigo Kurosaki (voice)');
INSERT IGNORE INTO Aktor (`nama_lengkap`) VALUES ('Fumiko Orikasa');
INSERT IGNORE INTO Peran VALUES ('Fumiko Orikasa', 'Bleach', 'Rukia Kuchiki (voice)');
INSERT IGNORE INTO Aktor (`nama_lengkap`) VALUES ('Hiroki Yasumoto');
INSERT IGNORE INTO Peran VALUES ('Hiroki Yasumoto', 'Bleach', 'Yasutora Sado (voice)');
INSERT IGNORE INTO Aktor (`nama_lengkap`) VALUES ('Yuki Matsuoka');
INSERT IGNORE INTO Peran VALUES ('Yuki Matsuoka', 'Bleach', 'Orihime Inoue (voice)');
INSERT IGNORE INTO Aktor (`nama_lengkap`) VALUES ('Noriaki Sugiyama');
INSERT IGNORE INTO Peran VALUES ('Noriaki Sugiyama', 'Bleach', 'Uryu Ishida (voice)');
INSERT IGNORE INTO Episode VALUES ('Bleach', 1, 1, 'The Day I Became a Shinigami', 'Fifteen-year-old Ichigo Kurosaki has the uncanny ability to see ghosts, but otherwise lives an ordinary life. However, once a Shinigami named Rukia Kuchiki appears before him, everything changes.', 23);
INSERT IGNORE INTO Episode VALUES ('Bleach', 1, 2, 'A Shinigami''s Work', 'After becoming a Shinigami, Ichigo Kurosaki refuses to help Rukia Kuchiki with her work as the local Shinigami of Karakura Town.', 23);
INSERT IGNORE INTO Episode VALUES ('Bleach', 1, 3, 'The Older Brother''s Wish, the Younger Sister''s Wish', 'When a Hollowfied Sora Inoue attacks his younger sister, Ichigo Kurosaki and Rukia Kuchiki set out to save her.', 23);
INSERT IGNORE INTO Audio VALUES ('Bleach', 'Spanyol');
INSERT IGNORE INTO Audio VALUES ('Bleach', 'Jepang');
INSERT IGNORE INTO Audio VALUES ('Bleach', 'Indonesia');
INSERT IGNORE INTO Subtitle VALUES ('Bleach', 'Jepang');
INSERT IGNORE INTO Konten VALUES ('Fargo', 'A close-knit anthology series dealing with stories involving malice, violence and murder based in and around Minnesota.', 2014, 'TV-MA', 'Serial_TV');
INSERT IGNORE INTO Serial_TV VALUES ('Fargo', 5);
INSERT IGNORE INTO Genre_Konten VALUES ('Fargo', 2);
INSERT IGNORE INTO Genre_Konten VALUES ('Fargo', 4);
INSERT IGNORE INTO Aktor (`nama_lengkap`) VALUES ('Juno Temple');
INSERT IGNORE INTO Peran VALUES ('Juno Temple', 'Fargo', 'Dorothy ''Dot'' Lyon');
INSERT IGNORE INTO Aktor (`nama_lengkap`) VALUES ('Jennifer Jason Leigh');
INSERT IGNORE INTO Peran VALUES ('Jennifer Jason Leigh', 'Fargo', 'Lorraine Lyon');
INSERT IGNORE INTO Aktor (`nama_lengkap`) VALUES ('David Rysdahl');
INSERT IGNORE INTO Peran VALUES ('David Rysdahl', 'Fargo', 'Wayne Lyon');
INSERT IGNORE INTO Aktor (`nama_lengkap`) VALUES ('Joe Keery');
INSERT IGNORE INTO Peran VALUES ('Joe Keery', 'Fargo', 'Gator Tillman');
INSERT IGNORE INTO Aktor (`nama_lengkap`) VALUES ('Lamorne Morris');
INSERT IGNORE INTO Peran VALUES ('Lamorne Morris', 'Fargo', 'North Dakota Deputy Witt Farr');
INSERT IGNORE INTO Aktor (`nama_lengkap`) VALUES ('Richa Shukla Moorjani');
INSERT IGNORE INTO Peran VALUES ('Richa Shukla Moorjani', 'Fargo', 'Minnesota Police Deputy Indira Olmstead');
INSERT IGNORE INTO Aktor (`nama_lengkap`) VALUES ('Sam Spruell');
INSERT IGNORE INTO Peran VALUES ('Sam Spruell', 'Fargo', 'Ole Munch');
INSERT IGNORE INTO Aktor (`nama_lengkap`) VALUES ('Sienna King');
INSERT IGNORE INTO Peran VALUES ('Sienna King', 'Fargo', 'Scotty Lyon');
INSERT IGNORE INTO Aktor (`nama_lengkap`) VALUES ('Dave Foley');
INSERT IGNORE INTO Peran VALUES ('Dave Foley', 'Fargo', 'Danish Graves');
INSERT IGNORE INTO Aktor (`nama_lengkap`) VALUES ('Jon Hamm');
INSERT IGNORE INTO Peran VALUES ('Jon Hamm', 'Fargo', 'Roy Tillman');
INSERT IGNORE INTO Episode VALUES ('Fargo', 1, 1, 'The Crocodile''s Dilemma', 'A meek, mild insurance salesman meets a rootless, manipulative stranger in the hospital, which initiates terrible and gruesome events that will change the salesman''s life forever.', 70);
INSERT IGNORE INTO Episode VALUES ('Fargo', 1, 2, 'The Rooster Prince', 'Molly begins to suspect that Lester is involved with the murders, but her new boss points her in a different direction. Meanwhile, Malvo investigates the blackmail plot against a man known as the Supermarket King.', 52);
INSERT IGNORE INTO Episode VALUES ('Fargo', 1, 3, 'A Muddy Road', 'Malvo flips the script on the blackmail operation, Molly sets a trap, and Gus debates whether he should come clean. Lester''s return to work has complicated repercussions.', 50);
INSERT IGNORE INTO Audio VALUES ('Fargo', 'Inggris');
INSERT IGNORE INTO Audio VALUES ('Fargo', 'Indonesia');
INSERT IGNORE INTO Audio VALUES ('Fargo', 'Spanyol');
INSERT IGNORE INTO Subtitle VALUES ('Fargo', 'Korea');
INSERT IGNORE INTO Subtitle VALUES ('Fargo', 'Spanyol');
INSERT IGNORE INTO Konten VALUES ('Morgenmagazin', '', 1992, 'NR', 'Serial_TV');
INSERT IGNORE INTO Serial_TV VALUES ('Morgenmagazin', 34);
INSERT IGNORE INTO Genre_Konten VALUES ('Morgenmagazin', 25);
INSERT IGNORE INTO Genre_Konten VALUES ('Morgenmagazin', 24);
INSERT IGNORE INTO Episode VALUES ('Morgenmagazin', 1, 1, 'Pilot', '', 210);
INSERT IGNORE INTO Episode VALUES ('Morgenmagazin', 1, 2, 'Episode 2', '', 210);
INSERT IGNORE INTO Episode VALUES ('Morgenmagazin', 1, 3, 'Episode 3', '', 210);
INSERT IGNORE INTO Audio VALUES ('Morgenmagazin', 'Jepang');
INSERT IGNORE INTO Subtitle VALUES ('Morgenmagazin', 'Korea');
INSERT IGNORE INTO Subtitle VALUES ('Morgenmagazin', 'Inggris');
INSERT IGNORE INTO Subtitle VALUES ('Morgenmagazin', 'Jepang');
INSERT IGNORE INTO Subtitle VALUES ('Morgenmagazin', 'Indonesia');
INSERT IGNORE INTO Konten VALUES ('Star Trek: Voyager', 'Pulled to the far side of the galaxy, where the Federation is 75 years away at maximum warp speed, a Starfleet ship must cooperate with Maquis rebels to find a way home.', 1995, 'TV-PG', 'Serial_TV');
INSERT IGNORE INTO Serial_TV VALUES ('Star Trek: Voyager', 7);
INSERT IGNORE INTO Genre_Konten VALUES ('Star Trek: Voyager', 23);
INSERT IGNORE INTO Genre_Konten VALUES ('Star Trek: Voyager', 4);
INSERT IGNORE INTO Genre_Konten VALUES ('Star Trek: Voyager', 21);
INSERT IGNORE INTO Aktor (`nama_lengkap`) VALUES ('Kate Mulgrew');
INSERT IGNORE INTO Peran VALUES ('Kate Mulgrew', 'Star Trek: Voyager', 'Kathryn Janeway');
INSERT IGNORE INTO Aktor (`nama_lengkap`) VALUES ('Robert Beltran');
INSERT IGNORE INTO Peran VALUES ('Robert Beltran', 'Star Trek: Voyager', 'Chakotay');
INSERT IGNORE INTO Aktor (`nama_lengkap`) VALUES ('Roxann Dawson');
INSERT IGNORE INTO Peran VALUES ('Roxann Dawson', 'Star Trek: Voyager', 'B''Elanna Torres');
INSERT IGNORE INTO Aktor (`nama_lengkap`) VALUES ('Robert Duncan McNeill');
INSERT IGNORE INTO Peran VALUES ('Robert Duncan McNeill', 'Star Trek: Voyager', 'Tom Paris');
INSERT IGNORE INTO Aktor (`nama_lengkap`) VALUES ('Ethan Phillips');
INSERT IGNORE INTO Peran VALUES ('Ethan Phillips', 'Star Trek: Voyager', 'Neelix');
INSERT IGNORE INTO Aktor (`nama_lengkap`) VALUES ('Robert Picardo');
INSERT IGNORE INTO Peran VALUES ('Robert Picardo', 'Star Trek: Voyager', 'The Doctor');
INSERT IGNORE INTO Aktor (`nama_lengkap`) VALUES ('Tim Russ');
INSERT IGNORE INTO Peran VALUES ('Tim Russ', 'Star Trek: Voyager', 'Tuvok');
INSERT IGNORE INTO Aktor (`nama_lengkap`) VALUES ('Jeri Ryan');
INSERT IGNORE INTO Peran VALUES ('Jeri Ryan', 'Star Trek: Voyager', 'Seven of Nine');
INSERT IGNORE INTO Aktor (`nama_lengkap`) VALUES ('Garrett Wang');
INSERT IGNORE INTO Peran VALUES ('Garrett Wang', 'Star Trek: Voyager', 'Harry Kim');
INSERT IGNORE INTO Episode VALUES ('Star Trek: Voyager', 1, 1, 'Caretaker', 'Stardate: 48315.6. The USS Voyager, led by Captain Kathryn Janeway, is sent into the dangerous Badlands in pursuit of a Maquis ship, only for both ships to find themselves 70,000 light years from home in the uncharted Delta Quadrant.', 92);
INSERT IGNORE INTO Episode VALUES ('Star Trek: Voyager', 1, 2, 'Parallax', 'Stardate: 48439.7. As the Maquis crewmembers begin to integrate themselves into the Starfleet crew, Voyager becomes trapped in a quantum singularity.', 46);
INSERT IGNORE INTO Episode VALUES ('Star Trek: Voyager', 1, 3, 'Time and Again', 'Stardate: Unknown. After being hit by the shockwave of a devastating planet-wide explosion, Voyager investigates. While on the surface, Janeway and Paris are accidentally ''shifted'' one day into the past.', 46);
INSERT IGNORE INTO Audio VALUES ('Star Trek: Voyager', 'Inggris');
INSERT IGNORE INTO Audio VALUES ('Star Trek: Voyager', 'Indonesia');
INSERT IGNORE INTO Audio VALUES ('Star Trek: Voyager', 'Spanyol');
INSERT IGNORE INTO Subtitle VALUES ('Star Trek: Voyager', 'Spanyol');
INSERT IGNORE INTO Subtitle VALUES ('Star Trek: Voyager', 'Indonesia');
INSERT IGNORE INTO Konten VALUES ('The Morning Show', 'A behind-the-scenes look at the lives of the people who help America wake up in the morning, exploring the unique challenges faced by the men and women who carry out this daily televised ritual.', 2019, 'D', 'Serial_TV');
INSERT IGNORE INTO Serial_TV VALUES ('The Morning Show', 4);
INSERT IGNORE INTO Genre_Konten VALUES ('The Morning Show', 4);
INSERT IGNORE INTO Aktor (`nama_lengkap`) VALUES ('Jennifer Aniston');
INSERT IGNORE INTO Peran VALUES ('Jennifer Aniston', 'The Morning Show', 'Alex Levy');
INSERT IGNORE INTO Aktor (`nama_lengkap`) VALUES ('Reese Witherspoon');
INSERT IGNORE INTO Peran VALUES ('Reese Witherspoon', 'The Morning Show', 'Bradley Jackson');
INSERT IGNORE INTO Aktor (`nama_lengkap`) VALUES ('Billy Crudup');
INSERT IGNORE INTO Peran VALUES ('Billy Crudup', 'The Morning Show', 'Cory Ellison');
INSERT IGNORE INTO Aktor (`nama_lengkap`) VALUES ('Mark Duplass');
INSERT IGNORE INTO Peran VALUES ('Mark Duplass', 'The Morning Show', 'Charlie ''Chip'' Black');
INSERT IGNORE INTO Aktor (`nama_lengkap`) VALUES ('Karen Pittman');
INSERT IGNORE INTO Peran VALUES ('Karen Pittman', 'The Morning Show', 'Mia Jordan');
INSERT IGNORE INTO Aktor (`nama_lengkap`) VALUES ('Nicole Beharie');
INSERT IGNORE INTO Peran VALUES ('Nicole Beharie', 'The Morning Show', 'Christina ''Chris'' Hunter');
INSERT IGNORE INTO Aktor (`nama_lengkap`) VALUES ('Marion Cotillard');
INSERT IGNORE INTO Peran VALUES ('Marion Cotillard', 'The Morning Show', 'Celine Dumont');
INSERT IGNORE INTO Episode VALUES ('The Morning Show', 1, 1, 'In the Dark Night of the Soul It''s Always 3:30 in the Morning', 'America''s favorite morning news show is thrown into crisis when it becomes the news.', 63);
INSERT IGNORE INTO Episode VALUES ('The Morning Show', 1, 2, 'A Seat at the Table', 'Alex engages in contract negotiations as she prepares to accept an award. Bradley is courted for a new opportunity.', 55);
INSERT IGNORE INTO Episode VALUES ('The Morning Show', 1, 3, 'Chaos Is the New Cocaine', 'In a weekend of turmoil, TMS scrambles to prepare for its new future.', 53);
INSERT IGNORE INTO Audio VALUES ('The Morning Show', 'Spanyol');
INSERT IGNORE INTO Subtitle VALUES ('The Morning Show', 'Indonesia');
INSERT IGNORE INTO Subtitle VALUES ('The Morning Show', 'Spanyol');
INSERT IGNORE INTO Subtitle VALUES ('The Morning Show', 'Inggris');
INSERT IGNORE INTO Konten VALUES ('Murder, She Wrote', 'An unassuming mystery writer turned sleuth uses her professional insight to help solve real-life homicide cases.', 1984, 'TV-14', 'Serial_TV');
INSERT IGNORE INTO Serial_TV VALUES ('Murder, She Wrote', 12);
INSERT IGNORE INTO Genre_Konten VALUES ('Murder, She Wrote', 11);
INSERT IGNORE INTO Genre_Konten VALUES ('Murder, She Wrote', 2);
INSERT IGNORE INTO Genre_Konten VALUES ('Murder, She Wrote', 4);
INSERT IGNORE INTO Aktor (`nama_lengkap`) VALUES ('Angela Lansbury');
INSERT IGNORE INTO Peran VALUES ('Angela Lansbury', 'Murder, She Wrote', 'Jessica Fletcher');
INSERT IGNORE INTO Episode VALUES ('Murder, She Wrote', 1, 1, 'The Murder of Sherlock Holmes', 'Former English teacher Jessica Fletcher travels to New York to celebrate the success of her debut novel, but when an unwanted guest is murdered at a costume party, she wishes she''d stayed home.', 90);
INSERT IGNORE INTO Episode VALUES ('Murder, She Wrote', 1, 2, 'Deadly Lady', 'After a terrible storm, Stephen Earl''s four daughters tell Sheriff Tupper that their father died while they were out on the boat. Jessica is only midly intrigued; she finds Ralph, the older gentleman who has offered to work for food, much more intriguing, especially since it is obvious he comes from money. The womens'' stories about what happened on the boat change constantly, but once Ralph is found dead and later found to be Stephen Earl, Jessica has to help Amos wage through the inconsistencies in the four Earl daughters storylines to determine who killed their father and why.', 45);
INSERT IGNORE INTO Episode VALUES ('Murder, She Wrote', 1, 3, 'Birds of a Feather', 'Jessica heads to San Francisco for the wedding of her niece, Victoria Brandon, only to learn that Victoria is having second thoughts because she suspects that her fiancé, Howard, is having an affair. Although Jessica and Victoria are relieved to learn that Howard isn''t cheating but rather dressing up as a woman to perform at a nightclub, the relief is short lived when Howard is arrested for murdering his boss, Al Drake, who had been refusing to pay him. The police are convinced that Drake was shot during Freddy York''s act, which doesn''t leave a lot of time, but Jessica is determined to prove Howard''s innocence.', 45);
INSERT IGNORE INTO Audio VALUES ('Murder, She Wrote', 'Inggris');
INSERT IGNORE INTO Audio VALUES ('Murder, She Wrote', 'Spanyol');
INSERT IGNORE INTO Audio VALUES ('Murder, She Wrote', 'Korea');
INSERT IGNORE INTO Subtitle VALUES ('Murder, She Wrote', 'Spanyol');
INSERT IGNORE INTO Subtitle VALUES ('Murder, She Wrote', 'Korea');
INSERT IGNORE INTO Konten VALUES ('Real Time with Bill Maher', 'Each week Bill Maher surrounds himself with a panel of guests which include politicians, actors, comedians, musicians and the like to discuss what''s going on in the world.', 2003, 'TV-MA', 'Serial_TV');
INSERT IGNORE INTO Serial_TV VALUES ('Real Time with Bill Maher', 23);
INSERT IGNORE INTO Genre_Konten VALUES ('Real Time with Bill Maher', 8);
INSERT IGNORE INTO Genre_Konten VALUES ('Real Time with Bill Maher', 24);
INSERT IGNORE INTO Aktor (`nama_lengkap`) VALUES ('Bill Maher');
INSERT IGNORE INTO Peran VALUES ('Bill Maher', 'Real Time with Bill Maher', 'Self - Host');
INSERT IGNORE INTO Episode VALUES ('Real Time with Bill Maher', 1, 1, 'February 21, 2003', 'Guests: Author Ann Coulter, actor Larry Miller, author Michael Eric Dyson, comedian Sarah Silverman, comedian Chris Rock

Topics: The United Nations, Affirmative Action', 60);
INSERT IGNORE INTO Episode VALUES ('Real Time with Bill Maher', 1, 2, 'February 28, 2003', 'Guests: Actor Larry Miller, conservative commentator Monica Crowley, comedian Eric Idle, musician Dave Matthews, author David Horowitz, columnist Ted Rall

Topics: Possibility of war with Iraq, selection of the new World Trade Center designs', 60);
INSERT IGNORE INTO Episode VALUES ('Real Time with Bill Maher', 1, 3, 'March 07, 2003', 'Guests: Michael Graham, Danielle Pletka, cartoonist Ted Rall, actor D. L. Hughley, comedian Arj Barker, Doug Benson, actor Woody Harrelson

Topics: President Bush''s press conference, reality TV and terrorism', 60);
INSERT IGNORE INTO Audio VALUES ('Real Time with Bill Maher', 'Korea');
INSERT IGNORE INTO Audio VALUES ('Real Time with Bill Maher', 'Jepang');
INSERT IGNORE INTO Subtitle VALUES ('Real Time with Bill Maher', 'Korea');
INSERT IGNORE INTO Subtitle VALUES ('Real Time with Bill Maher', 'Indonesia');
INSERT IGNORE INTO Subtitle VALUES ('Real Time with Bill Maher', 'Jepang');
INSERT IGNORE INTO Konten VALUES ('Boundless Love', 'When he was a little child, Halil İbrahim lost his father due to a blood feud and was exiled to Istanbul. Twenty years later, he returns to his homeland in the Karadeniz region as a handsome, powerful young man. He plans to marry the girl he loves, Yasemin, and start a new life. However, events do not allow this. Halil İbrahim embarks on a journey of revenge, and his life will change completely when he encounters Zeynep from the Leto family.', 2023, 'NR', 'Serial_TV');
INSERT IGNORE INTO Serial_TV VALUES ('Boundless Love', 3);
INSERT IGNORE INTO Genre_Konten VALUES ('Boundless Love', 4);
INSERT IGNORE INTO Genre_Konten VALUES ('Boundless Love', 2);
INSERT IGNORE INTO Genre_Konten VALUES ('Boundless Love', 27);
INSERT IGNORE INTO Aktor (`nama_lengkap`) VALUES ('Deniz Can Aktaş');
INSERT IGNORE INTO Peran VALUES ('Deniz Can Aktaş', 'Boundless Love', 'Halil İbrahim Karasu');
INSERT IGNORE INTO Aktor (`nama_lengkap`) VALUES ('Miray Daner');
INSERT IGNORE INTO Peran VALUES ('Miray Daner', 'Boundless Love', 'Zeynep Leto Karasu');
INSERT IGNORE INTO Aktor (`nama_lengkap`) VALUES ('Mehmet Korhan Fırat');
INSERT IGNORE INTO Peran VALUES ('Mehmet Korhan Fırat', 'Boundless Love', 'Jandarma Oğuz Yörük');
INSERT IGNORE INTO Aktor (`nama_lengkap`) VALUES ('Naz Çağla Irmak');
INSERT IGNORE INTO Peran VALUES ('Naz Çağla Irmak', 'Boundless Love', 'Edanur Karaçamlı');
INSERT IGNORE INTO Aktor (`nama_lengkap`) VALUES ('Burak Sevinç');
INSERT IGNORE INTO Peran VALUES ('Burak Sevinç', 'Boundless Love', 'Fikret Leto');
INSERT IGNORE INTO Aktor (`nama_lengkap`) VALUES ('Cansın Şenel');
INSERT IGNORE INTO Peran VALUES ('Cansın Şenel', 'Boundless Love', 'Sema');
INSERT IGNORE INTO Aktor (`nama_lengkap`) VALUES ('Emre Bulut');
INSERT IGNORE INTO Peran VALUES ('Emre Bulut', 'Boundless Love', 'Turan');
INSERT IGNORE INTO Aktor (`nama_lengkap`) VALUES ('Yaren Yapici');
INSERT IGNORE INTO Peran VALUES ('Yaren Yapici', 'Boundless Love', 'Leyla Leto');
INSERT IGNORE INTO Aktor (`nama_lengkap`) VALUES ('Nezir Çınarlı');
INSERT IGNORE INTO Peran VALUES ('Nezir Çınarlı', 'Boundless Love', 'Yavuz Leto');
INSERT IGNORE INTO Aktor (`nama_lengkap`) VALUES ('Hayal Köseoğlu');
INSERT IGNORE INTO Peran VALUES ('Hayal Köseoğlu', 'Boundless Love', 'Damla Leto');
INSERT IGNORE INTO Episode VALUES ('Boundless Love', 1, 1, 'Episode 1', 'Halil İbrahim, who lost his father as a young boy due to a blood feud and was exiled to Istanbul, returns 20 years later to his hometown in Karadeniz as a handsome, strong young man. He will marry Yasemin, the girl he loves, and build his new life. But events do not allow this. Halil İbrahim embarks on a journey of revenge, and his life will change completely with the appearance of Zeynep from Letos.', 134);
INSERT IGNORE INTO Episode VALUES ('Boundless Love', 1, 2, 'Episode 2', 'Having lost Yasemin, the only thing that keeps Halil İbrahim alive is the fire of revenge. Halil İbrahim''s only target is the Letos, but the Letos will take Tarık''s death out on everyone, guilty or innocent. Zeynep, whose good intentions cause even more deaths, tries to save herself from the cruelty of her family.', 113);
INSERT IGNORE INTO Episode VALUES ('Boundless Love', 1, 3, 'Episode 3', 'Confronting Zeynep, Halil İbrahim, with her help, plans to turn Letos and the gendarmerie against each other and turn the war against him into a three-sided one. Even though the Letos seem to have left Halil İbrahim behind because of their own troubles, First Lieutenant Oğuz is on Halil İbrahim''s neck. Zeynep, who believes that she can get rid of Levent thanks to Halil İbrahim''s plan, is not yet aware that she has dug a deeper hole for herself.', 124);
INSERT IGNORE INTO Audio VALUES ('Boundless Love', 'Jepang');
INSERT IGNORE INTO Subtitle VALUES ('Boundless Love', 'Inggris');
INSERT IGNORE INTO Subtitle VALUES ('Boundless Love', 'Korea');
INSERT IGNORE INTO Subtitle VALUES ('Boundless Love', 'Jepang');
INSERT IGNORE INTO Subtitle VALUES ('Boundless Love', 'Spanyol');
INSERT IGNORE INTO Konten VALUES ('Brooklyn Nine-Nine', 'A single-camera ensemble comedy following the lives of an eclectic group of detectives in a New York precinct, including one slacker who is forced to shape up when he gets a new boss.', 2013, 'TV-14', 'Serial_TV');
INSERT IGNORE INTO Serial_TV VALUES ('Brooklyn Nine-Nine', 8);
INSERT IGNORE INTO Genre_Konten VALUES ('Brooklyn Nine-Nine', 8);
INSERT IGNORE INTO Genre_Konten VALUES ('Brooklyn Nine-Nine', 2);
INSERT IGNORE INTO Aktor (`nama_lengkap`) VALUES ('Andy Samberg');
INSERT IGNORE INTO Peran VALUES ('Andy Samberg', 'Brooklyn Nine-Nine', 'Jake Peralta');
INSERT IGNORE INTO Aktor (`nama_lengkap`) VALUES ('Melissa Fumero');
INSERT IGNORE INTO Peran VALUES ('Melissa Fumero', 'Brooklyn Nine-Nine', 'Amy Santiago');
INSERT IGNORE INTO Aktor (`nama_lengkap`) VALUES ('Terry Crews');
INSERT IGNORE INTO Peran VALUES ('Terry Crews', 'Brooklyn Nine-Nine', 'Terry Jeffords');
INSERT IGNORE INTO Aktor (`nama_lengkap`) VALUES ('Joe Lo Truglio');
INSERT IGNORE INTO Peran VALUES ('Joe Lo Truglio', 'Brooklyn Nine-Nine', 'Charles Boyle');
INSERT IGNORE INTO Aktor (`nama_lengkap`) VALUES ('Stephanie Beatriz');
INSERT IGNORE INTO Peran VALUES ('Stephanie Beatriz', 'Brooklyn Nine-Nine', 'Rosa Diaz');
INSERT IGNORE INTO Aktor (`nama_lengkap`) VALUES ('Andre Braugher');
INSERT IGNORE INTO Peran VALUES ('Andre Braugher', 'Brooklyn Nine-Nine', 'Raymond Holt');
INSERT IGNORE INTO Aktor (`nama_lengkap`) VALUES ('Dirk Blocker');
INSERT IGNORE INTO Peran VALUES ('Dirk Blocker', 'Brooklyn Nine-Nine', 'Michael Hitchcock');
INSERT IGNORE INTO Aktor (`nama_lengkap`) VALUES ('Joel McKinnon Miller');
INSERT IGNORE INTO Peran VALUES ('Joel McKinnon Miller', 'Brooklyn Nine-Nine', 'Norman Scully');
INSERT IGNORE INTO Episode VALUES ('Brooklyn Nine-Nine', 1, 1, 'Pilot', 'When tightly wound Capt. Holt takes over the precinct, carefree Det. Jake Peralta and his dysfunctional coworkers'' lives get demanding.', 23);
INSERT IGNORE INTO Episode VALUES ('Brooklyn Nine-Nine', 1, 2, 'The Tagger', 'Jake is assigned a lowly graffiti case as punishment for being late to roll call.', 21);
INSERT IGNORE INTO Episode VALUES ('Brooklyn Nine-Nine', 1, 3, 'The Slump', 'Jake''s unsolved cases pile up and the other detectives fear that his losing streak will rub off on them, while Amy must run an at-risk youth program.', 22);
INSERT IGNORE INTO Audio VALUES ('Brooklyn Nine-Nine', 'Indonesia');
INSERT IGNORE INTO Audio VALUES ('Brooklyn Nine-Nine', 'Spanyol');
INSERT IGNORE INTO Audio VALUES ('Brooklyn Nine-Nine', 'Inggris');
INSERT IGNORE INTO Subtitle VALUES ('Brooklyn Nine-Nine', 'Indonesia');
INSERT IGNORE INTO Subtitle VALUES ('Brooklyn Nine-Nine', 'Jepang');
INSERT IGNORE INTO Subtitle VALUES ('Brooklyn Nine-Nine', 'Korea');
INSERT IGNORE INTO Konten VALUES ('Married... with Children', 'Al Bundy is an unsuccessful middle aged shoe salesman with a miserable life and an equally dysfunctional family. He hates his job, his wife is lazy, his son is dysfunctional (especially with women), and his daughter is dim-witted and promiscuous.', 1987, 'TV-PG', 'Serial_TV');
INSERT IGNORE INTO Serial_TV VALUES ('Married... with Children', 11);
INSERT IGNORE INTO Genre_Konten VALUES ('Married... with Children', 8);
INSERT IGNORE INTO Aktor (`nama_lengkap`) VALUES ('Ed O''Neill');
INSERT IGNORE INTO Peran VALUES ('Ed O''Neill', 'Married... with Children', 'Al Bundy');
INSERT IGNORE INTO Aktor (`nama_lengkap`) VALUES ('Katey Sagal');
INSERT IGNORE INTO Peran VALUES ('Katey Sagal', 'Married... with Children', 'Peggy Bundy');
INSERT IGNORE INTO Aktor (`nama_lengkap`) VALUES ('Amanda Bearse');
INSERT IGNORE INTO Peran VALUES ('Amanda Bearse', 'Married... with Children', 'Marcy D''Arcy');
INSERT IGNORE INTO Aktor (`nama_lengkap`) VALUES ('Christina Applegate');
INSERT IGNORE INTO Peran VALUES ('Christina Applegate', 'Married... with Children', 'Kelly Bundy');
INSERT IGNORE INTO Aktor (`nama_lengkap`) VALUES ('David Faustino');
INSERT IGNORE INTO Peran VALUES ('David Faustino', 'Married... with Children', 'Bud Bundy');
INSERT IGNORE INTO Aktor (`nama_lengkap`) VALUES ('Ted McGinley');
INSERT IGNORE INTO Peran VALUES ('Ted McGinley', 'Married... with Children', 'Jefferson D''Arcy');
INSERT IGNORE INTO Episode VALUES ('Married... with Children', 1, 1, 'Pilot', 'In this pilot we meet Al and Peg Bundy, a very dysfunctional Chicago family. In the pilot, Al and Peg, who have no friends, meet their new neighbors Steve and Marcy Rhoades. Steve and Marcy are a very happily married couple until they learn from the Bundys.', 22);
INSERT IGNORE INTO Episode VALUES ('Married... with Children', 1, 2, 'Thinnergy', 'Marcy gives Peggy the book "Thinnergy", which is a book about health. Very inspired by the book, Peggy goes on a diet and tries to convince the family to join in, but they refuse.   When the diet makes Peggy really annoying, Steve convinces Al to join the diet, and persuades Peggy to quit.', 22);
INSERT IGNORE INTO Episode VALUES ('Married... with Children', 1, 3, 'But I Didn''t Shoot the Deputy', 'The Bundys and the Rhoades'' hear of crime in the neighborhood. Al buys a gun, and the Rhoades'' buy a dog. Al hears a noise and accidentally kills the dog, thinking it was a burglar.', 22);
INSERT IGNORE INTO Audio VALUES ('Married... with Children', 'Jepang');
INSERT IGNORE INTO Audio VALUES ('Married... with Children', 'Spanyol');
INSERT IGNORE INTO Subtitle VALUES ('Married... with Children', 'Indonesia');
INSERT IGNORE INTO Subtitle VALUES ('Married... with Children', 'Inggris');
INSERT IGNORE INTO Subtitle VALUES ('Married... with Children', 'Jepang');
INSERT IGNORE INTO Subtitle VALUES ('Married... with Children', 'Spanyol');
INSERT IGNORE INTO Konten VALUES ('Kamen Rider', 'Takeshi Hongo is a promising young man with a passion for motorcycle racing. However, his dreams are suddenly ruined when he gets kidnapped by Shocker, the evil secret organization planning to dominate the world. After being remodeled into a cyborg, Takeshi escapes and swears to protect the world from the inhuman monsters.', 1971, 'NR', 'Serial_TV');
INSERT IGNORE INTO Serial_TV VALUES ('Kamen Rider', 36);
INSERT IGNORE INTO Genre_Konten VALUES ('Kamen Rider', 21);
INSERT IGNORE INTO Genre_Konten VALUES ('Kamen Rider', 23);
INSERT IGNORE INTO Genre_Konten VALUES ('Kamen Rider', 4);
INSERT IGNORE INTO Aktor (`nama_lengkap`) VALUES ('Ryutaro Imai');
INSERT IGNORE INTO Peran VALUES ('Ryutaro Imai', 'Kamen Rider', 'Baku Yorozu / Kamen Rider ZEZTZ');
INSERT IGNORE INTO Aktor (`nama_lengkap`) VALUES ('Maho Horiguchi');
INSERT IGNORE INTO Peran VALUES ('Maho Horiguchi', 'Kamen Rider', 'Nem');
INSERT IGNORE INTO Aktor (`nama_lengkap`) VALUES ('Kenta Mishima');
INSERT IGNORE INTO Peran VALUES ('Kenta Mishima', 'Kamen Rider', 'Tetsuya Fujimi');
INSERT IGNORE INTO Aktor (`nama_lengkap`) VALUES ('Rina Onuki');
INSERT IGNORE INTO Peran VALUES ('Rina Onuki', 'Kamen Rider', 'Nasuka Nagumo');
INSERT IGNORE INTO Aktor (`nama_lengkap`) VALUES ('Miki Yagi');
INSERT IGNORE INTO Peran VALUES ('Miki Yagi', 'Kamen Rider', 'Minami Yorozu');
INSERT IGNORE INTO Aktor (`nama_lengkap`) VALUES ('Yuki Furukawa');
INSERT IGNORE INTO Peran VALUES ('Yuki Furukawa', 'Kamen Rider', 'NOX');
INSERT IGNORE INTO Aktor (`nama_lengkap`) VALUES ('Jay Kabira');
INSERT IGNORE INTO Peran VALUES ('Jay Kabira', 'Kamen Rider', 'Zero (voice)');
INSERT IGNORE INTO Aktor (`nama_lengkap`) VALUES ('Koichi Yamadera');
INSERT IGNORE INTO Peran VALUES ('Koichi Yamadera', 'Kamen Rider', 'ZEZTZ Driver (voice)');
INSERT IGNORE INTO Episode VALUES ('Kamen Rider', 1, 1, 'The Mysterious Spider Man', 'Takeshi Hongo, a young scientist boasting of an IQ of 600 and a racing prodigy, is abducted and his body surgically remodeled by Shocker, an evil secret society plotting for global domination.', 25);
INSERT IGNORE INTO Episode VALUES ('Kamen Rider', 1, 2, 'The Terrifying Bat Man', 'Hongo wins the championship, but the model who brings him his bouquet suddenly bares her fangs and attacks! With growing suspicion, Hongo investigates the woman''s home, and finds it has been transformed into a lab.', 25);
INSERT IGNORE INTO Episode VALUES ('Kamen Rider', 1, 3, 'Monster, Scorpion Man', 'Shocker tests their mysterious Scorpion Man by releasing their slave workers and telling them that they can have their freedom if they can escape within 10 minutes, but one by one they die at the Scorpian Man''s hands.', 25);
INSERT IGNORE INTO Audio VALUES ('Kamen Rider', 'Inggris');
INSERT IGNORE INTO Audio VALUES ('Kamen Rider', 'Indonesia');
INSERT IGNORE INTO Subtitle VALUES ('Kamen Rider', 'Jepang');
INSERT IGNORE INTO Subtitle VALUES ('Kamen Rider', 'Spanyol');
INSERT IGNORE INTO Subtitle VALUES ('Kamen Rider', 'Korea');
INSERT IGNORE INTO Konten VALUES ('Charmsukh', 'Charmsukh is an erotic, drama web-series streamed on ULLU network with each episode having unique storyline.', 2019, 'NR', 'Serial_TV');
INSERT IGNORE INTO Serial_TV VALUES ('Charmsukh', 1);
INSERT IGNORE INTO Genre_Konten VALUES ('Charmsukh', 4);
INSERT IGNORE INTO Episode VALUES ('Charmsukh', 1, 1, 'Mom and Daughter', 'Anya, well cultured and soul to her single mother, intimates with boyfriend for the first time, will she get her Charmsukh or just a simple hook. Watch Anya''s Charamsukh story.', 45);
INSERT IGNORE INTO Episode VALUES ('Charmsukh', 1, 2, 'Ek Khwaab Suhaagrat', 'Young Archana has a dream to marry a prince charming and have a very exciting first night. She got lucky and marries with the one, but the first night turns in to the worst dream of her life leaving her in chaos. Find out the journey of a girl to the survival of her life.', 45);
INSERT IGNORE INTO Episode VALUES ('Charmsukh', 1, 3, 'Behrupiya', 'Preeti unwillingly gets convinced by her family to marry Shekhar a millionaire. Preeti goes mad for his dashing personality and agrees for a romantic night before their marriage. Preeti''s dream night was set on fire with the hotness of their bodies, but a surprise shaken and shocken her for the whole life. Watch a surprising tale of a night full of dream and scream.', 45);
INSERT IGNORE INTO Audio VALUES ('Charmsukh', 'Jepang');
INSERT IGNORE INTO Audio VALUES ('Charmsukh', 'Indonesia');
INSERT IGNORE INTO Subtitle VALUES ('Charmsukh', 'Spanyol');
INSERT IGNORE INTO Subtitle VALUES ('Charmsukh', 'Inggris');
INSERT IGNORE INTO Subtitle VALUES ('Charmsukh', 'Jepang');
INSERT IGNORE INTO Konten VALUES ('The 100', '100 years in the future, when the Earth has been abandoned due to radioactivity, the last surviving humans live on an ark orbiting the planet — but the ark won''t last forever. So the repressive regime picks 100 expendable juvenile delinquents to send down to Earth to see if the planet is still habitable.', 2014, 'TV-14', 'Serial_TV');
INSERT IGNORE INTO Serial_TV VALUES ('The 100', 7);
INSERT IGNORE INTO Genre_Konten VALUES ('The 100', 23);
INSERT IGNORE INTO Genre_Konten VALUES ('The 100', 21);
INSERT IGNORE INTO Genre_Konten VALUES ('The 100', 4);
INSERT IGNORE INTO Genre_Konten VALUES ('The 100', 2);
INSERT IGNORE INTO Aktor (`nama_lengkap`) VALUES ('Eliza Taylor');
INSERT IGNORE INTO Peran VALUES ('Eliza Taylor', 'The 100', 'Clarke Griffin');
INSERT IGNORE INTO Aktor (`nama_lengkap`) VALUES ('Bob Morley');
INSERT IGNORE INTO Peran VALUES ('Bob Morley', 'The 100', 'Bellamy Blake');
INSERT IGNORE INTO Aktor (`nama_lengkap`) VALUES ('Lindsey Morgan');
INSERT IGNORE INTO Peran VALUES ('Lindsey Morgan', 'The 100', 'Raven Reyes');
INSERT IGNORE INTO Aktor (`nama_lengkap`) VALUES ('Marie Avgeropoulos');
INSERT IGNORE INTO Peran VALUES ('Marie Avgeropoulos', 'The 100', 'Octavia Blake');
INSERT IGNORE INTO Aktor (`nama_lengkap`) VALUES ('Richard Harmon');
INSERT IGNORE INTO Peran VALUES ('Richard Harmon', 'The 100', 'John Murphy');
INSERT IGNORE INTO Aktor (`nama_lengkap`) VALUES ('Tasya Teles');
INSERT IGNORE INTO Peran VALUES ('Tasya Teles', 'The 100', 'Echo');
INSERT IGNORE INTO Aktor (`nama_lengkap`) VALUES ('JR Bourne');
INSERT IGNORE INTO Peran VALUES ('JR Bourne', 'The 100', 'Russell Lightbourne');
INSERT IGNORE INTO Aktor (`nama_lengkap`) VALUES ('Shannon Kook');
INSERT IGNORE INTO Peran VALUES ('Shannon Kook', 'The 100', 'Jordan Green');
INSERT IGNORE INTO Aktor (`nama_lengkap`) VALUES ('Chuku Modu');
INSERT IGNORE INTO Peran VALUES ('Chuku Modu', 'The 100', 'Gabriel Santiago');
INSERT IGNORE INTO Aktor (`nama_lengkap`) VALUES ('Shelby Flannery');
INSERT IGNORE INTO Peran VALUES ('Shelby Flannery', 'The 100', 'Hope Diyoza');
INSERT IGNORE INTO Episode VALUES ('The 100', 1, 1, 'Pilot', '97 years after a nuclear war, human kind is living in space. 100 juvenile delinquents are sent down to Earth to see if the planet is habitable.', 42);
INSERT IGNORE INTO Episode VALUES ('The 100', 1, 2, 'Earth Skills', 'Discovering that Jasper may still be alive, Clarke, Bellamy, Finn, Wells and Murphy head out to find him. On the Ark, Abby is determined to prove Earth is habitable, and enlists a mechanic to craft an escape pod.', 45);
INSERT IGNORE INTO Episode VALUES ('The 100', 1, 3, 'Earth Kills', 'As a dangerous, acidic fog approaches, Clarke, Finn and Wells set out in search of a seaweed-like plant to make an antibiotic poultice for Jasper''s wounds, while a vulnerable young girl follows when Bellamy takes a group out hunting for food.', 43);
INSERT IGNORE INTO Audio VALUES ('The 100', 'Indonesia');
INSERT IGNORE INTO Audio VALUES ('The 100', 'Inggris');
INSERT IGNORE INTO Subtitle VALUES ('The 100', 'Inggris');
INSERT IGNORE INTO Subtitle VALUES ('The 100', 'Korea');
INSERT IGNORE INTO Subtitle VALUES ('The 100', 'Indonesia');
INSERT IGNORE INTO Konten VALUES ('7de Laan', '7de Laan is an extraordinary microcosm where good and bad, evil and wholesome characters find themselves forming part of a wholesome community where no matter what – everyone counts and everyone cares…', 2000, 'NR', 'Serial_TV');
INSERT IGNORE INTO Serial_TV VALUES ('7de Laan', 24);
INSERT IGNORE INTO Genre_Konten VALUES ('7de Laan', 27);
INSERT IGNORE INTO Episode VALUES ('7de Laan', 1, 1, 'Episode 1', '', 30);
INSERT IGNORE INTO Episode VALUES ('7de Laan', 1, 2, 'Episode 2', '', 30);
INSERT IGNORE INTO Episode VALUES ('7de Laan', 1, 3, 'Episode 3', '', 30);
INSERT IGNORE INTO Audio VALUES ('7de Laan', 'Inggris');
INSERT IGNORE INTO Subtitle VALUES ('7de Laan', 'Indonesia');
INSERT IGNORE INTO Konten VALUES ('Tracker', 'Lone-wolf survivalist Colter Shaw roams the country as a “reward seeker,” using his expert tracking skills to help private citizens and law enforcement solve all manner of mysteries while contending with his own fractured family.', 2024, 'TV-14', 'Serial_TV');
INSERT IGNORE INTO Serial_TV VALUES ('Tracker', 3);
INSERT IGNORE INTO Genre_Konten VALUES ('Tracker', 4);
INSERT IGNORE INTO Genre_Konten VALUES ('Tracker', 2);
INSERT IGNORE INTO Aktor (`nama_lengkap`) VALUES ('Justin Hartley');
INSERT IGNORE INTO Peran VALUES ('Justin Hartley', 'Tracker', 'Colter Shaw');
INSERT IGNORE INTO Aktor (`nama_lengkap`) VALUES ('Fiona Rene');
INSERT IGNORE INTO Peran VALUES ('Fiona Rene', 'Tracker', 'Reenie Greene');
INSERT IGNORE INTO Episode VALUES ('Tracker', 1, 1, 'Klamath Falls', 'Colter investigates the disappearance of 14-year-old Gil Brown, who is suspected to have been taken by his birth dad with a criminal background, and finds himself in some trouble of his own, requiring help from legal mind Reenie Greene.', 45);
INSERT IGNORE INTO Episode VALUES ('Tracker', 1, 2, 'Missoula', 'Colter tracks down a missing young man who has been pulled into a deadly cult and doesn''t want to be found.', 41);
INSERT IGNORE INTO Episode VALUES ('Tracker', 1, 3, 'Springland', 'As Colter helps a young woman locate her free-spirited sister, he digs deeper into how the sister''s last days may lead to a dark secret she unearthed in this tight-knit town.', 43);
INSERT IGNORE INTO Audio VALUES ('Tracker', 'Spanyol');
INSERT IGNORE INTO Audio VALUES ('Tracker', 'Korea');
INSERT IGNORE INTO Subtitle VALUES ('Tracker', 'Spanyol');
INSERT IGNORE INTO Subtitle VALUES ('Tracker', 'Indonesia');
INSERT IGNORE INTO Subtitle VALUES ('Tracker', 'Korea');
INSERT IGNORE INTO Subtitle VALUES ('Tracker', 'Inggris');
INSERT IGNORE INTO Konten VALUES ('One Piece', 'Years ago, the fearsome Pirate King, Gol D. Roger was executed leaving a huge pile of treasure and the famous "One Piece" behind. Whoever claims the "One Piece" will be named the new King of the Pirates.

Monkey D. Luffy, a boy who consumed a "Devil Fruit," decides to follow in the footsteps of his idol, the pirate Shanks, and find the One Piece. It helps, of course, that his body has the properties of rubber and that he''s surrounded by a bevy of skilled fighters and thieves to help him along the way.

Luffy will do anything to get the One Piece and become King of the Pirates!', 1999, 'TV-14', 'Serial_TV');
INSERT IGNORE INTO Serial_TV VALUES ('One Piece', 22);
INSERT IGNORE INTO Genre_Konten VALUES ('One Piece', 21);
INSERT IGNORE INTO Genre_Konten VALUES ('One Piece', 8);
INSERT IGNORE INTO Genre_Konten VALUES ('One Piece', 12);
INSERT IGNORE INTO Aktor (`nama_lengkap`) VALUES ('Mayumi Tanaka');
INSERT IGNORE INTO Peran VALUES ('Mayumi Tanaka', 'One Piece', 'Monkey D. Luffy (voice)');
INSERT IGNORE INTO Aktor (`nama_lengkap`) VALUES ('Kazuya Nakai');
INSERT IGNORE INTO Peran VALUES ('Kazuya Nakai', 'One Piece', 'Roronoa Zoro (voice)');
INSERT IGNORE INTO Aktor (`nama_lengkap`) VALUES ('Akemi Okamura');
INSERT IGNORE INTO Peran VALUES ('Akemi Okamura', 'One Piece', 'Nami (voice)');
INSERT IGNORE INTO Aktor (`nama_lengkap`) VALUES ('Kappei Yamaguchi');
INSERT IGNORE INTO Peran VALUES ('Kappei Yamaguchi', 'One Piece', 'Usopp (voice)');
INSERT IGNORE INTO Aktor (`nama_lengkap`) VALUES ('Hiroaki Hirata');
INSERT IGNORE INTO Peran VALUES ('Hiroaki Hirata', 'One Piece', 'Sanji (voice)');
INSERT IGNORE INTO Aktor (`nama_lengkap`) VALUES ('Ikue Otani');
INSERT IGNORE INTO Peran VALUES ('Ikue Otani', 'One Piece', 'Tony Tony Chopper (voice)');
INSERT IGNORE INTO Aktor (`nama_lengkap`) VALUES ('Yuriko Yamaguchi');
INSERT IGNORE INTO Peran VALUES ('Yuriko Yamaguchi', 'One Piece', 'Nico Robin (voice)');
INSERT IGNORE INTO Aktor (`nama_lengkap`) VALUES ('Kazuki Yao');
INSERT IGNORE INTO Peran VALUES ('Kazuki Yao', 'One Piece', 'Franky (voice)');
INSERT IGNORE INTO Aktor (`nama_lengkap`) VALUES ('Katsuhisa Houki');
INSERT IGNORE INTO Peran VALUES ('Katsuhisa Houki', 'One Piece', 'Jinbe (voice)');
INSERT IGNORE INTO Aktor (`nama_lengkap`) VALUES ('Cho');
INSERT IGNORE INTO Peran VALUES ('Cho', 'One Piece', 'Brook (voice)');
INSERT IGNORE INTO Episode VALUES ('One Piece', 1, 1, 'I''m Luffy! The Man Who Will Become the Pirate King!', 'A group of pirates lead by Alvida plunder a ship, only to find a barrel which contains a strange boy named Luffy. Luffy is on a mission to find the legendary treasure "One Piece" and he befriends the ship''s cabin-boy, Coby, who actually wants to become a marine officer. Luffy defeats Alvida and the two journey on in search of crewmates.', 25);
INSERT IGNORE INTO Episode VALUES ('One Piece', 1, 2, 'The Great Swordsman Appears! Pirate Hunter, Roronoa Zoro', 'Luffy and Coby arrive at Shell Island, a Marine base. They meet the bounty hunter Roronoa Zoro, held under arrest by the infamous marine, Captain Morgan, and his son Helmeppo.', 25);
INSERT IGNORE INTO Episode VALUES ('One Piece', 1, 3, 'Morgan VS Luffy! Who''s This Beautiful Young Girl?', 'Luffy convinces Zoro to join his crew, but they must first defeat Captain Morgan. After freeing the island from Morgan''s oppressive rule, Coby is accepted as a marine while the other two continue on their journey.', 25);
INSERT IGNORE INTO Audio VALUES ('One Piece', 'Indonesia');
INSERT IGNORE INTO Subtitle VALUES ('One Piece', 'Inggris');
INSERT IGNORE INTO Konten VALUES ('The Big Bang Theory', 'Physicists Leonard and Sheldon find their nerd-centric social circle with pals Howard and Raj expanding when aspiring actress Penny moves in next door.', 2007, 'TV-14', 'Serial_TV');
INSERT IGNORE INTO Serial_TV VALUES ('The Big Bang Theory', 12);
INSERT IGNORE INTO Genre_Konten VALUES ('The Big Bang Theory', 8);
INSERT IGNORE INTO Aktor (`nama_lengkap`) VALUES ('Johnny Galecki');
INSERT IGNORE INTO Peran VALUES ('Johnny Galecki', 'The Big Bang Theory', 'Leonard Hofstadter');
INSERT IGNORE INTO Aktor (`nama_lengkap`) VALUES ('Jim Parsons');
INSERT IGNORE INTO Peran VALUES ('Jim Parsons', 'The Big Bang Theory', 'Sheldon Cooper');
INSERT IGNORE INTO Aktor (`nama_lengkap`) VALUES ('Kaley Cuoco');
INSERT IGNORE INTO Peran VALUES ('Kaley Cuoco', 'The Big Bang Theory', 'Penny');
INSERT IGNORE INTO Aktor (`nama_lengkap`) VALUES ('Simon Helberg');
INSERT IGNORE INTO Peran VALUES ('Simon Helberg', 'The Big Bang Theory', 'Howard Wolowitz');
INSERT IGNORE INTO Aktor (`nama_lengkap`) VALUES ('Kunal Nayyar');
INSERT IGNORE INTO Peran VALUES ('Kunal Nayyar', 'The Big Bang Theory', 'Rajesh Koothrappali');
INSERT IGNORE INTO Aktor (`nama_lengkap`) VALUES ('Melissa Rauch');
INSERT IGNORE INTO Peran VALUES ('Melissa Rauch', 'The Big Bang Theory', 'Bernadette Rostenkowski');
INSERT IGNORE INTO Aktor (`nama_lengkap`) VALUES ('Mayim Bialik');
INSERT IGNORE INTO Peran VALUES ('Mayim Bialik', 'The Big Bang Theory', 'Amy Farrah Fowler');
INSERT IGNORE INTO Episode VALUES ('The Big Bang Theory', 1, 1, 'Pilot', 'Brilliant physicist roommates Leonard and Sheldon meet their new neighbor Penny, who begins showing them that as much as they know about science, they know little about actual living.', 23);
INSERT IGNORE INTO Episode VALUES ('The Big Bang Theory', 1, 2, 'The Big Bran Hypothesis', 'Leonard volunteers to sign for a package in an attempt to make a good impression on Penny, but when he enlists Sheldon for help, his attempt at chivalry goes terribly awry.', 21);
INSERT IGNORE INTO Episode VALUES ('The Big Bang Theory', 1, 3, 'The Fuzzy Boots Corollary', 'Leonard asks a woman out after he finds out that Penny is seeing someone.', 22);
INSERT IGNORE INTO Audio VALUES ('The Big Bang Theory', 'Korea');
INSERT IGNORE INTO Subtitle VALUES ('The Big Bang Theory', 'Indonesia');
INSERT IGNORE INTO Subtitle VALUES ('The Big Bang Theory', 'Korea');
INSERT IGNORE INTO Subtitle VALUES ('The Big Bang Theory', 'Jepang');
INSERT IGNORE INTO Subtitle VALUES ('The Big Bang Theory', 'Spanyol');
INSERT IGNORE INTO Konten VALUES ('Goede Tijden, Slechte Tijden', 'Goede tijden, slechte tijden, also known as GTST, is the longest-running Dutch soap opera,  revolving around the lives of the families Alberts, Sanders, De Jong, Van Houten and Bouwhuis. It all takes place in the fictional town of Meerdijk.', 1990, 'NR', 'Serial_TV');
INSERT IGNORE INTO Serial_TV VALUES ('Goede Tijden, Slechte Tijden', 39);
INSERT IGNORE INTO Genre_Konten VALUES ('Goede Tijden, Slechte Tijden', 27);
INSERT IGNORE INTO Episode VALUES ('Goede Tijden, Slechte Tijden', 1, 1, 'Aflevering 1', '', 30);
INSERT IGNORE INTO Episode VALUES ('Goede Tijden, Slechte Tijden', 1, 2, 'Aflevering 2', '', 30);
INSERT IGNORE INTO Episode VALUES ('Goede Tijden, Slechte Tijden', 1, 3, 'Aflevering 3', '', 30);
INSERT IGNORE INTO Audio VALUES ('Goede Tijden, Slechte Tijden', 'Jepang');
INSERT IGNORE INTO Subtitle VALUES ('Goede Tijden, Slechte Tijden', 'Inggris');
INSERT IGNORE INTO Konten VALUES ('Outlander', 'The story of Claire Randall, a married combat nurse from 1945 who is mysteriously swept back in time to 1743, where she is immediately thrown into an unknown world where her life is threatened. When she is forced to marry Jamie, a chivalrous and romantic young Scottish warrior, a passionate affair is ignited that tears Claire''s heart between two vastly different men in two irreconcilable lives.', 2014, 'TV-MA', 'Serial_TV');
INSERT IGNORE INTO Serial_TV VALUES ('Outlander', 8);
INSERT IGNORE INTO Genre_Konten VALUES ('Outlander', 4);
INSERT IGNORE INTO Genre_Konten VALUES ('Outlander', 23);
INSERT IGNORE INTO Aktor (`nama_lengkap`) VALUES ('Caitríona Balfe');
INSERT IGNORE INTO Peran VALUES ('Caitríona Balfe', 'Outlander', 'Claire Randall Fraser');
INSERT IGNORE INTO Aktor (`nama_lengkap`) VALUES ('Sam Heughan');
INSERT IGNORE INTO Peran VALUES ('Sam Heughan', 'Outlander', 'Jamie Fraser');
INSERT IGNORE INTO Aktor (`nama_lengkap`) VALUES ('Sophie Skelton');
INSERT IGNORE INTO Peran VALUES ('Sophie Skelton', 'Outlander', 'Brianna MacKenzie');
INSERT IGNORE INTO Aktor (`nama_lengkap`) VALUES ('Richard Rankin');
INSERT IGNORE INTO Peran VALUES ('Richard Rankin', 'Outlander', 'Roger MacKenzie');
INSERT IGNORE INTO Aktor (`nama_lengkap`) VALUES ('John Bell');
INSERT IGNORE INTO Peran VALUES ('John Bell', 'Outlander', 'Ian Fraser Murray');
INSERT IGNORE INTO Aktor (`nama_lengkap`) VALUES ('Charles Vandervaart');
INSERT IGNORE INTO Peran VALUES ('Charles Vandervaart', 'Outlander', 'William Ransom');
INSERT IGNORE INTO Episode VALUES ('Outlander', 1, 1, 'Sassenach', 'While on her honeymoon, WWII combat nurse Claire Randall is mysteriously transported back to 1743 Scotland, where she is kidnapped by a group of Highlanders - and meets an injured young man named Jamie.', 66);
INSERT IGNORE INTO Episode VALUES ('Outlander', 1, 2, 'Castle Leoch', 'Claire is taken to meet the Laird. As suspicions about her grow, Claire befriends the mysterious Geillis Duncan. When the clan discover her medical skills, Claire goes from guest to prisoner.', 62);
INSERT IGNORE INTO Episode VALUES ('Outlander', 1, 3, 'The Way Out', 'Claire decides to use her medical skills to aid her escape from Castle Leoch - with Jamie''s help, she tends to an ill child. During an evening''s entertainment, a story gives Claire hope for her freedom.', 58);
INSERT IGNORE INTO Audio VALUES ('Outlander', 'Spanyol');
INSERT IGNORE INTO Audio VALUES ('Outlander', 'Korea');
INSERT IGNORE INTO Audio VALUES ('Outlander', 'Inggris');
INSERT IGNORE INTO Subtitle VALUES ('Outlander', 'Korea');
INSERT IGNORE INTO Subtitle VALUES ('Outlander', 'Jepang');
INSERT IGNORE INTO Subtitle VALUES ('Outlander', 'Inggris');
INSERT IGNORE INTO Subtitle VALUES ('Outlander', 'Spanyol');
INSERT IGNORE INTO Konten VALUES ('House of David', 'Tells the story of the ascent of the biblical figure, David, who becomes the most celebrated king of Israel. The series follows the once-mighty King Saul as he falls victim to his own pride. At the direction of God, the prophet Samuel anoints an unlikely, outcast teenager as the new king.', 2025, 'TV-14', 'Serial_TV');
INSERT IGNORE INTO Serial_TV VALUES ('House of David', 2);
INSERT IGNORE INTO Genre_Konten VALUES ('House of David', 4);
INSERT IGNORE INTO Aktor (`nama_lengkap`) VALUES ('Michael Iskander');
INSERT IGNORE INTO Peran VALUES ('Michael Iskander', 'House of David', 'David');
INSERT IGNORE INTO Aktor (`nama_lengkap`) VALUES ('Alexander Uloom');
INSERT IGNORE INTO Peran VALUES ('Alexander Uloom', 'House of David', '');
INSERT IGNORE INTO Episode VALUES ('House of David', 1, 1, 'A Shepard and a King', 'One thousand years before Christ, Saul, the first King of Israel, loses God''s grace and consequently also his own sanity. Meanwhile far away from the palace, the legendary seer Samuel becomes aware of a talented young shepherd named David. One of the greatest stories ever told is set in motion.', 58);
INSERT IGNORE INTO Episode VALUES ('House of David', 1, 2, 'Deep Calls to Deep', 'Saul''s family watches the King''s deteriorating mental state with great concern, and is ready to do anything in their power to defend his reign. David is hungry for a life outside of his home, but what he finds beyond the hills of Bethlehem is danger beyond his wildest expectations.', 57);
INSERT IGNORE INTO Episode VALUES ('House of David', 1, 3, 'The Anointing', 'The court must deal with the consequences of Saul''s madness, Samuel is on the run from a sinister agent, and a nefarious shadow assembles a legendary ally in his plan to conquer Israel. Out in the fields of Bethlehem, David has an encounter that will change the course of history forever.', 52);
INSERT IGNORE INTO Audio VALUES ('House of David', 'Korea');
INSERT IGNORE INTO Audio VALUES ('House of David', 'Spanyol');
INSERT IGNORE INTO Audio VALUES ('House of David', 'Jepang');
INSERT IGNORE INTO Subtitle VALUES ('House of David', 'Korea');
INSERT IGNORE INTO Subtitle VALUES ('House of David', 'Jepang');
INSERT IGNORE INTO Konten VALUES ('Peppa Pig', 'Peppa Pig is an energetic piggy who lives with Mummy, Daddy, and little brother George. She loves to jump in mud puddles and make loud snorting noises.', 2004, 'TV-Y', 'Serial_TV');
INSERT IGNORE INTO Serial_TV VALUES ('Peppa Pig', 8);
INSERT IGNORE INTO Genre_Konten VALUES ('Peppa Pig', 12);
INSERT IGNORE INTO Genre_Konten VALUES ('Peppa Pig', 26);
INSERT IGNORE INTO Aktor (`nama_lengkap`) VALUES ('John Sparkes');
INSERT IGNORE INTO Peran VALUES ('John Sparkes', 'Peppa Pig', 'Narrator (voice)');
INSERT IGNORE INTO Aktor (`nama_lengkap`) VALUES ('Amelie Bea Smith');
INSERT IGNORE INTO Peran VALUES ('Amelie Bea Smith', 'Peppa Pig', 'Peppa Pig (voice)');
INSERT IGNORE INTO Aktor (`nama_lengkap`) VALUES ('Morwenna Banks');
INSERT IGNORE INTO Peran VALUES ('Morwenna Banks', 'Peppa Pig', 'Mummy Pig (voice)');
INSERT IGNORE INTO Aktor (`nama_lengkap`) VALUES ('Richard Ridings');
INSERT IGNORE INTO Peran VALUES ('Richard Ridings', 'Peppa Pig', 'Daddy Pig (voice)');
INSERT IGNORE INTO Aktor (`nama_lengkap`) VALUES ('Kira Monteith');
INSERT IGNORE INTO Peran VALUES ('Kira Monteith', 'Peppa Pig', 'George Pig (voice)');
INSERT IGNORE INTO Aktor (`nama_lengkap`) VALUES ('Alice May');
INSERT IGNORE INTO Peran VALUES ('Alice May', 'Peppa Pig', 'George Pig (voice)');
INSERT IGNORE INTO Aktor (`nama_lengkap`) VALUES ('Frances White');
INSERT IGNORE INTO Peran VALUES ('Frances White', 'Peppa Pig', 'Granny Pig (voice)');
INSERT IGNORE INTO Aktor (`nama_lengkap`) VALUES ('David Rintoul');
INSERT IGNORE INTO Peran VALUES ('David Rintoul', 'Peppa Pig', 'Granddad Dog (voice)');
INSERT IGNORE INTO Aktor (`nama_lengkap`) VALUES ('David Graham');
INSERT IGNORE INTO Peran VALUES ('David Graham', 'Peppa Pig', 'Grandpa Pig (voice)');
INSERT IGNORE INTO Aktor (`nama_lengkap`) VALUES ('Sarah Ann Kennedy');
INSERT IGNORE INTO Peran VALUES ('Sarah Ann Kennedy', 'Peppa Pig', 'Miss Rabbit (voice)');
INSERT IGNORE INTO Episode VALUES ('Peppa Pig', 1, 1, 'Muddy Puddles', 'It''s raining and Peppa is sad because she can''t play outside. When the rain stops, Peppa and George get to play one of their favourite games - jumping in muddy puddles! When Mummy and Daddy Pig join in, things get very muddy indeed.', 5);
INSERT IGNORE INTO Episode VALUES ('Peppa Pig', 1, 2, 'Mr. Dinosaur is Lost', 'Mr Dinosaur is George''s favourite toy. When Mr Dinosaur goes missing, George is distraught. Daddy Pig helps Peppa to become a detective and together they track down Mr Dinosaur, making George a very happy little piggy again.', 5);
INSERT IGNORE INTO Episode VALUES ('Peppa Pig', 1, 3, 'Best Friend', 'Peppa''s best friend, Suzy Sheep, comes to play. George wants to play too, but Peppa refuses to let him do so, making him sad.', 5);
INSERT IGNORE INTO Audio VALUES ('Peppa Pig', 'Korea');
INSERT IGNORE INTO Audio VALUES ('Peppa Pig', 'Indonesia');
INSERT IGNORE INTO Audio VALUES ('Peppa Pig', 'Spanyol');
INSERT IGNORE INTO Subtitle VALUES ('Peppa Pig', 'Korea');
INSERT IGNORE INTO Subtitle VALUES ('Peppa Pig', 'Inggris');
INSERT IGNORE INTO Subtitle VALUES ('Peppa Pig', 'Indonesia');
INSERT IGNORE INTO Subtitle VALUES ('Peppa Pig', 'Jepang');
INSERT IGNORE INTO Konten VALUES ('Scrubs', 'In the unreal world of Sacred Heart Hospital, John "J.D." Dorian learns the ways of medicine, friendship and life.', 2001, 'TV-14', 'Serial_TV');
INSERT IGNORE INTO Serial_TV VALUES ('Scrubs', 9);
INSERT IGNORE INTO Genre_Konten VALUES ('Scrubs', 8);
INSERT IGNORE INTO Aktor (`nama_lengkap`) VALUES ('Zach Braff');
INSERT IGNORE INTO Peran VALUES ('Zach Braff', 'Scrubs', 'John ''J.D.'' Dorian');
INSERT IGNORE INTO Aktor (`nama_lengkap`) VALUES ('Donald Faison');
INSERT IGNORE INTO Peran VALUES ('Donald Faison', 'Scrubs', 'Christopher Turk');
INSERT IGNORE INTO Aktor (`nama_lengkap`) VALUES ('John C. McGinley');
INSERT IGNORE INTO Peran VALUES ('John C. McGinley', 'Scrubs', 'Perry Cox');
INSERT IGNORE INTO Aktor (`nama_lengkap`) VALUES ('Eliza Coupe');
INSERT IGNORE INTO Peran VALUES ('Eliza Coupe', 'Scrubs', 'Denise Mahoney');
INSERT IGNORE INTO Aktor (`nama_lengkap`) VALUES ('Kerry Bishé');
INSERT IGNORE INTO Peran VALUES ('Kerry Bishé', 'Scrubs', 'Lucy Bennett');
INSERT IGNORE INTO Aktor (`nama_lengkap`) VALUES ('Michael Mosley');
INSERT IGNORE INTO Peran VALUES ('Michael Mosley', 'Scrubs', 'Drew Suffin');
INSERT IGNORE INTO Aktor (`nama_lengkap`) VALUES ('Dave Franco');
INSERT IGNORE INTO Peran VALUES ('Dave Franco', 'Scrubs', 'Cole Aaronson');
INSERT IGNORE INTO Episode VALUES ('Scrubs', 1, 1, 'My First Day', 'John Dorian, "J.D." to friends, is a boyishly handsome, self-deprecatingly funny, likeable guy who would be confident if he only realized his assets. Four years of medical school have prepared J.D. for his first day as an intern at Sacred Heart Hospital - but he has his doubts.', 22);
INSERT IGNORE INTO Episode VALUES ('Scrubs', 1, 2, 'My Mentor', 'J.D. tries to persuade a smoker patient to quit smoking in order to impress Dr. Cox, who is just feeling lonely in his opinion. Elliot''s attitude towards Carla annoys her, thus Turk is able to go on a date with Carla, when he convinces her to forgive Elliot.', 22);
INSERT IGNORE INTO Episode VALUES ('Scrubs', 1, 3, 'My Best Friend''s Mistake', 'J.D. begins to feel distant from Turk, when he leaves him abandoned every time that he tries to talk to him. Elliot fights with Kelso for calling her "sweetheart," and she seeks Dr. Cox''s advice. J.D.''s relationship with Elliot goes in a time race, when he has 48 hours to kiss her before he is put into her "Friend Zone."', 22);
INSERT IGNORE INTO Audio VALUES ('Scrubs', 'Jepang');
INSERT IGNORE INTO Subtitle VALUES ('Scrubs', 'Inggris');
INSERT IGNORE INTO Subtitle VALUES ('Scrubs', 'Indonesia');
INSERT IGNORE INTO Subtitle VALUES ('Scrubs', 'Spanyol');
INSERT IGNORE INTO Konten VALUES ('Naruto Shippūden', 'After 2 and a half years Naruto finally returns to his village of Konoha, and sets about putting his ambitions to work. It will not be easy though as he has amassed a few more dangerous enemies, in the likes of the shinobi organization; Akatsuki.', 2007, 'R', 'Serial_TV');
INSERT IGNORE INTO Serial_TV VALUES ('Naruto Shippūden', 20);
INSERT IGNORE INTO Genre_Konten VALUES ('Naruto Shippūden', 12);
INSERT IGNORE INTO Genre_Konten VALUES ('Naruto Shippūden', 21);
INSERT IGNORE INTO Genre_Konten VALUES ('Naruto Shippūden', 23);
INSERT IGNORE INTO Aktor (`nama_lengkap`) VALUES ('Junko Takeuchi');
INSERT IGNORE INTO Peran VALUES ('Junko Takeuchi', 'Naruto Shippūden', 'Naruto Uzumaki (voice)');
INSERT IGNORE INTO Aktor (`nama_lengkap`) VALUES ('Noriaki Sugiyama');
INSERT IGNORE INTO Peran VALUES ('Noriaki Sugiyama', 'Naruto Shippūden', 'Sasuke Uchiha (voice)');
INSERT IGNORE INTO Aktor (`nama_lengkap`) VALUES ('Chie Nakamura');
INSERT IGNORE INTO Peran VALUES ('Chie Nakamura', 'Naruto Shippūden', 'Sakura Haruno (voice)');
INSERT IGNORE INTO Aktor (`nama_lengkap`) VALUES ('Kazuhiko Inoue');
INSERT IGNORE INTO Peran VALUES ('Kazuhiko Inoue', 'Naruto Shippūden', 'Kakashi Hatake (voice)');
INSERT IGNORE INTO Aktor (`nama_lengkap`) VALUES ('Showtaro Morikubo');
INSERT IGNORE INTO Peran VALUES ('Showtaro Morikubo', 'Naruto Shippūden', 'Shikamaru Nara (voice)');
INSERT IGNORE INTO Aktor (`nama_lengkap`) VALUES ('Satoshi Hino');
INSERT IGNORE INTO Peran VALUES ('Satoshi Hino', 'Naruto Shippūden', 'Sai (voice)');
INSERT IGNORE INTO Aktor (`nama_lengkap`) VALUES ('Akira Ishida');
INSERT IGNORE INTO Peran VALUES ('Akira Ishida', 'Naruto Shippūden', 'Gaara (voice)');
INSERT IGNORE INTO Aktor (`nama_lengkap`) VALUES ('Hideo Ishikawa');
INSERT IGNORE INTO Peran VALUES ('Hideo Ishikawa', 'Naruto Shippūden', 'Itachi Uchiha (voice)');
INSERT IGNORE INTO Aktor (`nama_lengkap`) VALUES ('Koichi Tochika');
INSERT IGNORE INTO Peran VALUES ('Koichi Tochika', 'Naruto Shippūden', 'Neji Hyuga (voice)');
INSERT IGNORE INTO Aktor (`nama_lengkap`) VALUES ('Keiko Nemoto');
INSERT IGNORE INTO Peran VALUES ('Keiko Nemoto', 'Naruto Shippūden', 'Shizune (voice)');
INSERT IGNORE INTO Episode VALUES ('Naruto Shippūden', 1, 1, 'Homecoming', 'A figure passes through the gates. It''s an older Naruto, who has returned from a long training journey with Jiraiya. Naruto Uzumaki is back!', 23);
INSERT IGNORE INTO Episode VALUES ('Naruto Shippūden', 1, 2, 'The Akatsuki Makes Its Move', 'Naruto and Sakura team up and challenge Kakashi to a survival challenge to show off their progress.', 23);
INSERT IGNORE INTO Episode VALUES ('Naruto Shippūden', 1, 3, 'The Results of Training', 'Naruto’s and Sakura’s combined skills force Kakashi to use his Sharingan right off the bat. Naruto masterfully unleashes his jutsu one after another.', 23);
INSERT IGNORE INTO Audio VALUES ('Naruto Shippūden', 'Jepang');
INSERT IGNORE INTO Audio VALUES ('Naruto Shippūden', 'Indonesia');
INSERT IGNORE INTO Audio VALUES ('Naruto Shippūden', 'Inggris');
INSERT IGNORE INTO Subtitle VALUES ('Naruto Shippūden', 'Indonesia');
INSERT IGNORE INTO Konten VALUES ('Keep Running', 'Hurry Up, Brother! is a Chinese variety show based off the original Korean variety show, Running Man. It is created by SBS and co-produced with Zhejiang Television. It first aired on October 10, 2014. This show is classified as a game-variety show, where the MCs and guests complete missions in a landmark to win a race. In 2017, the show officially changed its name to "Keep Running".', 2014, 'NR', 'Serial_TV');
INSERT IGNORE INTO Serial_TV VALUES ('Keep Running', 13);
INSERT IGNORE INTO Genre_Konten VALUES ('Keep Running', 8);
INSERT IGNORE INTO Genre_Konten VALUES ('Keep Running', 20);
INSERT IGNORE INTO Aktor (`nama_lengkap`) VALUES ('Jerry Lee');
INSERT IGNORE INTO Peran VALUES ('Jerry Lee', 'Keep Running', 'MC');
INSERT IGNORE INTO Aktor (`nama_lengkap`) VALUES ('Ryan Zheng');
INSERT IGNORE INTO Peran VALUES ('Ryan Zheng', 'Keep Running', 'MC');
INSERT IGNORE INTO Aktor (`nama_lengkap`) VALUES ('Sha Yi');
INSERT IGNORE INTO Peran VALUES ('Sha Yi', 'Keep Running', 'MC');
INSERT IGNORE INTO Aktor (`nama_lengkap`) VALUES ('Adam Fan');
INSERT IGNORE INTO Peran VALUES ('Adam Fan', 'Keep Running', 'MC');
INSERT IGNORE INTO Aktor (`nama_lengkap`) VALUES ('Song Yuqi');
INSERT IGNORE INTO Peran VALUES ('Song Yuqi', 'Keep Running', 'MC');
INSERT IGNORE INTO Aktor (`nama_lengkap`) VALUES ('Zhang Zhenyuan');
INSERT IGNORE INTO Peran VALUES ('Zhang Zhenyuan', 'Keep Running', 'MC');
INSERT IGNORE INTO Episode VALUES ('Keep Running', 1, 1, 'Episode 1', '', 90);
INSERT IGNORE INTO Episode VALUES ('Keep Running', 1, 2, 'Episode 2', '', 90);
INSERT IGNORE INTO Episode VALUES ('Keep Running', 1, 3, 'Episode 3', '', 90);
INSERT IGNORE INTO Audio VALUES ('Keep Running', 'Jepang');
INSERT IGNORE INTO Audio VALUES ('Keep Running', 'Korea');
INSERT IGNORE INTO Subtitle VALUES ('Keep Running', 'Korea');
INSERT IGNORE INTO Konten VALUES ('Gotham', 'Everyone knows the name Commissioner Gordon. He is one of the crime world''s greatest foes, a man whose reputation is synonymous with law and order. But what is known of Gordon''s story and his rise from rookie detective to Police Commissioner? What did it take to navigate the multiple layers of corruption that secretly ruled Gotham City, the spawning ground of the world''s most iconic villains? And what circumstances created them – the larger-than-life personas who would become Catwoman, The Penguin, The Riddler, Two-Face and The Joker?', 2014, 'TV-14', 'Serial_TV');
INSERT IGNORE INTO Serial_TV VALUES ('Gotham', 5);
INSERT IGNORE INTO Genre_Konten VALUES ('Gotham', 4);
INSERT IGNORE INTO Genre_Konten VALUES ('Gotham', 2);
INSERT IGNORE INTO Genre_Konten VALUES ('Gotham', 23);
INSERT IGNORE INTO Aktor (`nama_lengkap`) VALUES ('Ben McKenzie');
INSERT IGNORE INTO Peran VALUES ('Ben McKenzie', 'Gotham', 'James ''Jim'' Gordon');
INSERT IGNORE INTO Aktor (`nama_lengkap`) VALUES ('Donal Logue');
INSERT IGNORE INTO Peran VALUES ('Donal Logue', 'Gotham', 'Harvey Bullock');
INSERT IGNORE INTO Aktor (`nama_lengkap`) VALUES ('David Mazouz');
INSERT IGNORE INTO Peran VALUES ('David Mazouz', 'Gotham', 'Bruce Wayne');
INSERT IGNORE INTO Aktor (`nama_lengkap`) VALUES ('Sean Pertwee');
INSERT IGNORE INTO Peran VALUES ('Sean Pertwee', 'Gotham', 'Alfred Pennyworth');
INSERT IGNORE INTO Aktor (`nama_lengkap`) VALUES ('Robin Lord Taylor');
INSERT IGNORE INTO Peran VALUES ('Robin Lord Taylor', 'Gotham', 'Oswald Cobblepot');
INSERT IGNORE INTO Aktor (`nama_lengkap`) VALUES ('Erin Richards');
INSERT IGNORE INTO Peran VALUES ('Erin Richards', 'Gotham', 'Barbara Kean');
INSERT IGNORE INTO Aktor (`nama_lengkap`) VALUES ('Camren Bicondova');
INSERT IGNORE INTO Peran VALUES ('Camren Bicondova', 'Gotham', 'Selina Kyle');
INSERT IGNORE INTO Aktor (`nama_lengkap`) VALUES ('Cory Michael Smith');
INSERT IGNORE INTO Peran VALUES ('Cory Michael Smith', 'Gotham', 'Edward Nygma');
INSERT IGNORE INTO Episode VALUES ('Gotham', 1, 1, 'Pilot', 'Detective James Gordon performs his work in the dangerously corrupt city of Gotham, which consistently teeters between good and evil.', 51);
INSERT IGNORE INTO Episode VALUES ('Gotham', 1, 2, 'Selina Kyle', 'Detectives Gordon and Bullock investigate a child trafficking ring preying on Gotham''s street kids, including Selina Kyle. Meanwhile, Penguin resurfaces in the countryside and begins to make his way back to Gotham.', 44);
INSERT IGNORE INTO Episode VALUES ('Gotham', 1, 3, 'The Balloonman', 'Gordon and Bullock track down a vigilante who uses weather balloons to kill corrupt citizens; Cobblepot gets a job close to a major figure in the underworld.', 44);
INSERT IGNORE INTO Audio VALUES ('Gotham', 'Spanyol');
INSERT IGNORE INTO Subtitle VALUES ('Gotham', 'Jepang');
INSERT IGNORE INTO Subtitle VALUES ('Gotham', 'Indonesia');
INSERT IGNORE INTO Konten VALUES ('Mehmed: Sultan of Conquests', 'The project, which will follow the story on the life of one of the most important rulers in Ottoman history, Fatih Sultan Mehmed, will also feature important stages of the life of Eyüp el Ensari, an important figure in the Islamic world, in parallel with Fatih''s life.', 2024, 'NR', 'Serial_TV');
INSERT IGNORE INTO Serial_TV VALUES ('Mehmed: Sultan of Conquests', 3);
INSERT IGNORE INTO Genre_Konten VALUES ('Mehmed: Sultan of Conquests', 22);
INSERT IGNORE INTO Genre_Konten VALUES ('Mehmed: Sultan of Conquests', 4);
INSERT IGNORE INTO Aktor (`nama_lengkap`) VALUES ('Serkan Çayoğlu');
INSERT IGNORE INTO Peran VALUES ('Serkan Çayoğlu', 'Mehmed: Sultan of Conquests', 'Sultan Mehmed');
INSERT IGNORE INTO Aktor (`nama_lengkap`) VALUES ('Sinan Albayrak');
INSERT IGNORE INTO Peran VALUES ('Sinan Albayrak', 'Mehmed: Sultan of Conquests', 'Zağanos Paşa');
INSERT IGNORE INTO Aktor (`nama_lengkap`) VALUES ('Tuba Ünsal');
INSERT IGNORE INTO Peran VALUES ('Tuba Ünsal', 'Mehmed: Sultan of Conquests', 'Mara Hatun');
INSERT IGNORE INTO Aktor (`nama_lengkap`) VALUES ('Bülent Alkış');
INSERT IGNORE INTO Peran VALUES ('Bülent Alkış', 'Mehmed: Sultan of Conquests', 'Şehabeddin');
INSERT IGNORE INTO Aktor (`nama_lengkap`) VALUES ('Ertuğrul Postoğlu');
INSERT IGNORE INTO Peran VALUES ('Ertuğrul Postoğlu', 'Mehmed: Sultan of Conquests', 'İshak Paşa');
INSERT IGNORE INTO Aktor (`nama_lengkap`) VALUES ('Ali Sinan Demir');
INSERT IGNORE INTO Peran VALUES ('Ali Sinan Demir', 'Mehmed: Sultan of Conquests', 'Kurtçu Doğan');
INSERT IGNORE INTO Aktor (`nama_lengkap`) VALUES ('Recep Çavdar');
INSERT IGNORE INTO Peran VALUES ('Recep Çavdar', 'Mehmed: Sultan of Conquests', 'Saruca Paşa');
INSERT IGNORE INTO Aktor (`nama_lengkap`) VALUES ('Ali Buhara Mete');
INSERT IGNORE INTO Peran VALUES ('Ali Buhara Mete', 'Mehmed: Sultan of Conquests', 'Kara Mustafa');
INSERT IGNORE INTO Aktor (`nama_lengkap`) VALUES ('Ümit Belen');
INSERT IGNORE INTO Peran VALUES ('Ümit Belen', 'Mehmed: Sultan of Conquests', 'Durad Brankovic');
INSERT IGNORE INTO Aktor (`nama_lengkap`) VALUES ('Kenan Çoban');
INSERT IGNORE INTO Peran VALUES ('Kenan Çoban', 'Mehmed: Sultan of Conquests', 'Malkoçoğlu Bali Bey');
INSERT IGNORE INTO Episode VALUES ('Mehmed: Sultan of Conquests', 1, 1, 'Bölüm 1', 'Prince Alaaddin''s unexpected death prompts Murad Khan to retreat to Bursa, succeeded by his son Mehmed. Despite being perceived as immature by European states, Mehmed proves otherwise when faced with Orhan, backed by Byzantium, in his first major battle for the throne. Mehmed''s dream is to conquer Constantinople, despite doubts from those around him, including Çandarlı. Mehmed''s determination leads to clashes with rebels, orchestrated by Çandarlı, resulting in his exile. However, Mehmed remains resolute, destined to return as sultan one day.', 162);
INSERT IGNORE INTO Episode VALUES ('Mehmed: Sultan of Conquests', 1, 2, 'Bölüm 2', 'Mehmed, having left the throne to his father Murad, returns to Saruhan to address local issues, including pirates obstructing trade. Solving this would fulfill the people''s wishes and address a personal problem for Mehmed.

The Venetians complain about Mehmed to Murad, and Çandarlı presents evidence against him, prompting Sultan Murad to summon Mehmed to account for his actions. Mehmed must either face the Sultan with Bali Beys or capture the pirate leader, Capello, to clear his name.

In the harem, Mehmed''s summons worries Hüma but pleases Halime. Mara plots to eliminate rivals for Mehmed by ensuring Ahmed''s disappearance. The reactions of Hüma and any counter plans from Halime add to the intrigue.', 145);
INSERT IGNORE INTO Episode VALUES ('Mehmed: Sultan of Conquests', 1, 3, 'Bölüm 3', 'Mehmed proved his innocence to Sultan Murad by capturing Capello. Murad then questioned Mehmed about the silver coins printed in his name, which Mehmed explained. With the Crusaders advancing, Mehmed proposed an Oghuz Union, which Çandarlı opposed. The council awaited Murad''s decision.

Following Murad''s orders, Mehmed found Wallachians escaping from Janosh and planned an attack with their help. Janosh, however, also strategized against the Ottomans, leading to uncertainty about the outcome.

Prince Ahmed choked on roasted chickpeas, witnessed only by Hüma and her apprentice Çeşmidil. Hüma faced a dilemma of whether to intervene or not, creating potential tension in the palace, especially with Halime.

In Byzantium, Demetrios escaped a trap and became emperor, surprising Helena, Konstantinos, and Notaras. Demetrios''s judgment on the attempt and the responses of the others remain to be seen.', 139);
INSERT IGNORE INTO Audio VALUES ('Mehmed: Sultan of Conquests', 'Korea');
INSERT IGNORE INTO Audio VALUES ('Mehmed: Sultan of Conquests', 'Inggris');
INSERT IGNORE INTO Audio VALUES ('Mehmed: Sultan of Conquests', 'Jepang');
INSERT IGNORE INTO Subtitle VALUES ('Mehmed: Sultan of Conquests', 'Korea');
INSERT IGNORE INTO Subtitle VALUES ('Mehmed: Sultan of Conquests', 'Indonesia');
INSERT IGNORE INTO Subtitle VALUES ('Mehmed: Sultan of Conquests', 'Jepang');
INSERT IGNORE INTO Subtitle VALUES ('Mehmed: Sultan of Conquests', 'Spanyol');
INSERT IGNORE INTO Konten VALUES ('The White Lotus', 'Follow the exploits of various guests and employees at an exclusive tropical resort over the span of a week as with each passing day, a darker complexity emerges in these picture-perfect travelers, the hotel’s cheerful employees and the idyllic locale itself.', 2021, 'TV-MA', 'Serial_TV');
INSERT IGNORE INTO Serial_TV VALUES ('The White Lotus', 3);
INSERT IGNORE INTO Genre_Konten VALUES ('The White Lotus', 8);
INSERT IGNORE INTO Genre_Konten VALUES ('The White Lotus', 4);
INSERT IGNORE INTO Genre_Konten VALUES ('The White Lotus', 11);
INSERT IGNORE INTO Aktor (`nama_lengkap`) VALUES ('Leslie Bibb');
INSERT IGNORE INTO Peran VALUES ('Leslie Bibb', 'The White Lotus', 'Kate Bohr');
INSERT IGNORE INTO Aktor (`nama_lengkap`) VALUES ('Carrie Coon');
INSERT IGNORE INTO Peran VALUES ('Carrie Coon', 'The White Lotus', 'Laurie Duffy');
INSERT IGNORE INTO Aktor (`nama_lengkap`) VALUES ('Walton Goggins');
INSERT IGNORE INTO Peran VALUES ('Walton Goggins', 'The White Lotus', 'Rick Hatchett');
INSERT IGNORE INTO Aktor (`nama_lengkap`) VALUES ('Sarah Catherine Hook');
INSERT IGNORE INTO Peran VALUES ('Sarah Catherine Hook', 'The White Lotus', 'Piper Ratliff');
INSERT IGNORE INTO Aktor (`nama_lengkap`) VALUES ('Jason Isaacs');
INSERT IGNORE INTO Peran VALUES ('Jason Isaacs', 'The White Lotus', 'Timothy Ratliff');
INSERT IGNORE INTO Aktor (`nama_lengkap`) VALUES ('LISA');
INSERT IGNORE INTO Peran VALUES ('LISA', 'The White Lotus', 'Mook');
INSERT IGNORE INTO Aktor (`nama_lengkap`) VALUES ('Michelle Monaghan');
INSERT IGNORE INTO Peran VALUES ('Michelle Monaghan', 'The White Lotus', 'Jaclyn Lemon');
INSERT IGNORE INTO Aktor (`nama_lengkap`) VALUES ('Natasha Rothwell');
INSERT IGNORE INTO Peran VALUES ('Natasha Rothwell', 'The White Lotus', 'Belinda Lindsey');
INSERT IGNORE INTO Aktor (`nama_lengkap`) VALUES ('Sam Nivola');
INSERT IGNORE INTO Peran VALUES ('Sam Nivola', 'The White Lotus', 'Lochlan Ratliff');
INSERT IGNORE INTO Aktor (`nama_lengkap`) VALUES ('Patravadi Mejudhon');
INSERT IGNORE INTO Peran VALUES ('Patravadi Mejudhon', 'The White Lotus', 'Sritala Hollinger');
INSERT IGNORE INTO Episode VALUES ('The White Lotus', 1, 1, 'Arrivals', 'As a new wave of guests arrive at the White Lotus, resort manager Armond tries to assuage an unreasonable Shane and his easy-going new wife Rachel, while spa director Belinda calms a grieving Tanya. Meanwhile, Nicole suggests her husband Mark distract himself from a health scare by spending time with their son Quinn, who’s been cast out by his sister Olivia and her friend Paula.', 55);
INSERT IGNORE INTO Episode VALUES ('The White Lotus', 1, 2, 'New Day', 'A cautiously optimistic Belinda walks a fine line with Tanya, while Armond brainstorms ways to deal with Shane. After her husband belittles her work, Rachel approaches Nicole for advice. Paula and Olivia lose track of their stash, while a revived Mark attempts to connect with Quinn.', 57);
INSERT IGNORE INTO Episode VALUES ('The White Lotus', 1, 3, 'Mysterious Monkeys', 'Stripped of his gadgets, Quinn reluctantly takes a scuba class with Mark, who’s struggling to process revelations regarding his late father. Hoping to reignite the spark with Rachel, Shane enlists Armond to help plan a romantic evening. Tanya leans on Belinda for support as she scatters her mother’s ashes at sea. Paula keeps a secret from a suspicious Olivia.', 59);
INSERT IGNORE INTO Audio VALUES ('The White Lotus', 'Korea');
INSERT IGNORE INTO Subtitle VALUES ('The White Lotus', 'Jepang');
INSERT IGNORE INTO Konten VALUES ('INVINCIBLE', 'Mark Grayson is a normal teenager except for the fact that his father is the most powerful superhero on the planet. Shortly after his seventeenth birthday, Mark begins to develop powers of his own and enters into his father’s tutelage.', 2021, 'TV-MA', 'Serial_TV');
INSERT IGNORE INTO Serial_TV VALUES ('INVINCIBLE', 5);
INSERT IGNORE INTO Genre_Konten VALUES ('INVINCIBLE', 12);
INSERT IGNORE INTO Genre_Konten VALUES ('INVINCIBLE', 23);
INSERT IGNORE INTO Genre_Konten VALUES ('INVINCIBLE', 21);
INSERT IGNORE INTO Genre_Konten VALUES ('INVINCIBLE', 4);
INSERT IGNORE INTO Aktor (`nama_lengkap`) VALUES ('Steven Yeun');
INSERT IGNORE INTO Peran VALUES ('Steven Yeun', 'INVINCIBLE', 'Mark Grayson / Invincible (voice)');
INSERT IGNORE INTO Aktor (`nama_lengkap`) VALUES ('Sandra Oh');
INSERT IGNORE INTO Peran VALUES ('Sandra Oh', 'INVINCIBLE', 'Debbie Grayson (voice)');
INSERT IGNORE INTO Aktor (`nama_lengkap`) VALUES ('J.K. Simmons');
INSERT IGNORE INTO Peran VALUES ('J.K. Simmons', 'INVINCIBLE', 'Nolan Grayson / Omni-Man (voice)');
INSERT IGNORE INTO Episode VALUES ('INVINCIBLE', 1, 1, 'IT''S ABOUT TIME', 'When Mark Grayson finally inherits powers from his superhero father, it’s a dream come true. But there’s more to being a hero than just choosing a name and costume.', 51);
INSERT IGNORE INTO Episode VALUES ('INVINCIBLE', 1, 2, 'HERE GOES NOTHING', 'With his father out of action, Mark struggles to defend the city against an interdimensional invasion, joining forces with a team of teenage superheroes.', 48);
INSERT IGNORE INTO Episode VALUES ('INVINCIBLE', 1, 3, 'WHO YOU CALLING UGLY?', 'Mark has to cut a study date short to help save Mount Rushmore from a crazed scientist. Robot deals with Action - Comic as he assembles a new team of world-saving superheroes.', 45);
INSERT IGNORE INTO Audio VALUES ('INVINCIBLE', 'Inggris');
INSERT IGNORE INTO Subtitle VALUES ('INVINCIBLE', 'Spanyol');
INSERT IGNORE INTO Subtitle VALUES ('INVINCIBLE', 'Korea');
INSERT IGNORE INTO Subtitle VALUES ('INVINCIBLE', 'Jepang');
INSERT IGNORE INTO Subtitle VALUES ('INVINCIBLE', 'Inggris');
INSERT IGNORE INTO Konten VALUES ('Person of Interest', 'John Reese, former CIA paramilitary operative, is presumed dead and teams up with reclusive billionaire Finch to prevent violent crimes in New York City by initiating their own type of justice. With the special training that Reese has had in Covert Operations and Finch''s genius software inventing mind, the two are a perfect match for the job that they have to complete. With the help of surveillance equipment, they work "outside the law" and get the right criminal behind bars. ', 2011, 'TV-14', 'Serial_TV');
INSERT IGNORE INTO Serial_TV VALUES ('Person of Interest', 5);
INSERT IGNORE INTO Genre_Konten VALUES ('Person of Interest', 4);
INSERT IGNORE INTO Genre_Konten VALUES ('Person of Interest', 21);
INSERT IGNORE INTO Genre_Konten VALUES ('Person of Interest', 2);
INSERT IGNORE INTO Genre_Konten VALUES ('Person of Interest', 23);
INSERT IGNORE INTO Aktor (`nama_lengkap`) VALUES ('Jim Caviezel');
INSERT IGNORE INTO Peran VALUES ('Jim Caviezel', 'Person of Interest', 'John Reese');
INSERT IGNORE INTO Aktor (`nama_lengkap`) VALUES ('Michael Emerson');
INSERT IGNORE INTO Peran VALUES ('Michael Emerson', 'Person of Interest', 'Harold Finch');
INSERT IGNORE INTO Aktor (`nama_lengkap`) VALUES ('Kevin Chapman');
INSERT IGNORE INTO Peran VALUES ('Kevin Chapman', 'Person of Interest', 'Lionel Fusco');
INSERT IGNORE INTO Aktor (`nama_lengkap`) VALUES ('Amy Acker');
INSERT IGNORE INTO Peran VALUES ('Amy Acker', 'Person of Interest', 'Root');
INSERT IGNORE INTO Aktor (`nama_lengkap`) VALUES ('Sarah Shahi');
INSERT IGNORE INTO Peran VALUES ('Sarah Shahi', 'Person of Interest', 'Sameen Shaw');
INSERT IGNORE INTO Episode VALUES ('Person of Interest', 1, 1, 'Pilot', 'When the social security number of a young prosecutor comes up, Reese and Finch work together to figure out if their person of interest is the victim or perpetrator.', 44);
INSERT IGNORE INTO Episode VALUES ('Person of Interest', 1, 2, 'Ghosts', 'Reese and Finch question the machine''s reliability when they are asked to investigate a teenager who was killed years earlier; Finch remembers the origin of the machine.', 44);
INSERT IGNORE INTO Episode VALUES ('Person of Interest', 1, 3, 'Mission Creep', 'Reese goes undercover to find the threat surrounding the next person on Finch''s list: a young army veteran named Joey Durban.', 44);
INSERT IGNORE INTO Audio VALUES ('Person of Interest', 'Jepang');
INSERT IGNORE INTO Audio VALUES ('Person of Interest', 'Korea');
INSERT IGNORE INTO Subtitle VALUES ('Person of Interest', 'Spanyol');
INSERT IGNORE INTO Subtitle VALUES ('Person of Interest', 'Indonesia');
INSERT IGNORE INTO Konten VALUES ('Leute heute', '', 1997, 'NR', 'Serial_TV');
INSERT IGNORE INTO Serial_TV VALUES ('Leute heute', 27);
INSERT IGNORE INTO Genre_Konten VALUES ('Leute heute', 25);
INSERT IGNORE INTO Episode VALUES ('Leute heute', 1, 1, 'Episode 1', '', 45);
INSERT IGNORE INTO Episode VALUES ('Leute heute', 1, 2, 'Episode 2', '', 45);
INSERT IGNORE INTO Audio VALUES ('Leute heute', 'Inggris');
INSERT IGNORE INTO Audio VALUES ('Leute heute', 'Spanyol');
INSERT IGNORE INTO Audio VALUES ('Leute heute', 'Korea');
INSERT IGNORE INTO Subtitle VALUES ('Leute heute', 'Korea');
INSERT IGNORE INTO Konten VALUES ('Teen Titans Go!', 'Robin, Starfire, Raven, Beast Boy and Cyborg return in all-new, comedic adventures. They may be super heroes who save the world every day ... but somebody still has to do the laundry!', 2013, 'TV-PG', 'Serial_TV');
INSERT IGNORE INTO Serial_TV VALUES ('Teen Titans Go!', 9);
INSERT IGNORE INTO Genre_Konten VALUES ('Teen Titans Go!', 12);
INSERT IGNORE INTO Genre_Konten VALUES ('Teen Titans Go!', 21);
INSERT IGNORE INTO Genre_Konten VALUES ('Teen Titans Go!', 8);
INSERT IGNORE INTO Genre_Konten VALUES ('Teen Titans Go!', 9);
INSERT IGNORE INTO Genre_Konten VALUES ('Teen Titans Go!', 23);
INSERT IGNORE INTO Aktor (`nama_lengkap`) VALUES ('Scott Menville');
INSERT IGNORE INTO Peran VALUES ('Scott Menville', 'Teen Titans Go!', 'Robin (voice)');
INSERT IGNORE INTO Aktor (`nama_lengkap`) VALUES ('Greg Cipes');
INSERT IGNORE INTO Peran VALUES ('Greg Cipes', 'Teen Titans Go!', 'Beast Boy (voice)');
INSERT IGNORE INTO Aktor (`nama_lengkap`) VALUES ('Khary Payton');
INSERT IGNORE INTO Peran VALUES ('Khary Payton', 'Teen Titans Go!', 'Cyborg (voice)');
INSERT IGNORE INTO Aktor (`nama_lengkap`) VALUES ('Tara Strong');
INSERT IGNORE INTO Peran VALUES ('Tara Strong', 'Teen Titans Go!', 'Raven (voice)');
INSERT IGNORE INTO Aktor (`nama_lengkap`) VALUES ('Hynden Walch');
INSERT IGNORE INTO Peran VALUES ('Hynden Walch', 'Teen Titans Go!', 'Starfire (voice)');
INSERT IGNORE INTO Episode VALUES ('Teen Titans Go!', 1, 1, 'Legendary Sandwich', 'Beast Boy, Robin and Starfire go in search of the ingredients for a legendary sandwich.', 12);
INSERT IGNORE INTO Episode VALUES ('Teen Titans Go!', 1, 2, 'Pie Bros', 'Beast Boy gets a job at a pie shop in order to buy Cyborg a birthday gift.', 12);
INSERT IGNORE INTO Episode VALUES ('Teen Titans Go!', 1, 3, 'Driver''s Ed', 'Robin takes driver''s ed, and his teacher has some tricks up his sleeve.', 11);
INSERT IGNORE INTO Audio VALUES ('Teen Titans Go!', 'Spanyol');
INSERT IGNORE INTO Subtitle VALUES ('Teen Titans Go!', 'Spanyol');
INSERT IGNORE INTO Subtitle VALUES ('Teen Titans Go!', 'Indonesia');
INSERT IGNORE INTO Konten VALUES ('Dallas', 'The world''s first mega-soap, and one of the most popular ever produced, Dallas had it all. Beautiful women, expensive cars, and men playing Monopoly with real buildings. Famous for one of the best cliffhangers in TV history, as the world asked "Who shot J.R.?" A slow-burner to begin with, Dallas hit its stride in the 2nd season, with long storylines and expert character development. Dallas ruled the airwaves in the 1980''s.', 1978, 'TV-14', 'Serial_TV');
INSERT IGNORE INTO Serial_TV VALUES ('Dallas', 14);
INSERT IGNORE INTO Genre_Konten VALUES ('Dallas', 27);
INSERT IGNORE INTO Genre_Konten VALUES ('Dallas', 4);
INSERT IGNORE INTO Genre_Konten VALUES ('Dallas', 9);
INSERT IGNORE INTO Aktor (`nama_lengkap`) VALUES ('Patrick Duffy');
INSERT IGNORE INTO Peran VALUES ('Patrick Duffy', 'Dallas', 'Bobby Ewing');
INSERT IGNORE INTO Aktor (`nama_lengkap`) VALUES ('Kimberly Foster');
INSERT IGNORE INTO Peran VALUES ('Kimberly Foster', 'Dallas', 'Michelle Stevens Ewing');
INSERT IGNORE INTO Aktor (`nama_lengkap`) VALUES ('Larry Hagman');
INSERT IGNORE INTO Peran VALUES ('Larry Hagman', 'Dallas', 'J.R. Ewing');
INSERT IGNORE INTO Aktor (`nama_lengkap`) VALUES ('Ken Kercheval');
INSERT IGNORE INTO Peran VALUES ('Ken Kercheval', 'Dallas', 'Cliff Barnes');
INSERT IGNORE INTO Episode VALUES ('Dallas', 1, 1, 'Digger''s Daughter', 'Bobby has a wife, and no one in the house of Ewing wants her there. Pamela Barnes is the daughter of the most hated man in Jock''s history, Digger. This marriage of Bobby and Pam should have ended the Barnes-Ewing Feud, but it only served to escalate it.', 45);
INSERT IGNORE INTO Episode VALUES ('Dallas', 1, 2, 'The Lesson', 'Lucy is playing hooky, and the only person who will make sure she gets to school is her new aunt, Pam. But Lucy finds a new way to get out of school, a phony sexual harassment case against her principal. It works, but Lucy soon becomes a victim of her lies as Roger sees the whole thing and blackmails Lucy. He can clear the principal''s name, but only if Lucy "satisfies" him.', 45);
INSERT IGNORE INTO Episode VALUES ('Dallas', 1, 3, 'Spy in the House', 'Pam''s brother, Cliff, is unhappy about her getting married to a Ewing. Cliff ends up with a document Pam was supposed to give to Ewing Oil.', 45);
INSERT IGNORE INTO Audio VALUES ('Dallas', 'Korea');
INSERT IGNORE INTO Subtitle VALUES ('Dallas', 'Inggris');
INSERT IGNORE INTO Subtitle VALUES ('Dallas', 'Jepang');
INSERT IGNORE INTO Konten VALUES ('Die Rosenheim-Cops', 'A team of inspectors investigates murders in and around the small Upper Bavarian town of Rosenheim, and they still have plenty of time to see idyllic landscapes and luxurious pre-alpine villas and enjoy sumptuous Bavarian fare with beer.', 2002, 'NR', 'Serial_TV');
INSERT IGNORE INTO Serial_TV VALUES ('Die Rosenheim-Cops', 25);
INSERT IGNORE INTO Genre_Konten VALUES ('Die Rosenheim-Cops', 2);
INSERT IGNORE INTO Genre_Konten VALUES ('Die Rosenheim-Cops', 8);
INSERT IGNORE INTO Aktor (`nama_lengkap`) VALUES ('Max Müller');
INSERT IGNORE INTO Peran VALUES ('Max Müller', 'Die Rosenheim-Cops', 'Michael ''Michi'' Mohr');
INSERT IGNORE INTO Aktor (`nama_lengkap`) VALUES ('Marisa Burger');
INSERT IGNORE INTO Peran VALUES ('Marisa Burger', 'Die Rosenheim-Cops', 'Miriam Stockl');
INSERT IGNORE INTO Aktor (`nama_lengkap`) VALUES ('Igor Jeftic');
INSERT IGNORE INTO Peran VALUES ('Igor Jeftic', 'Die Rosenheim-Cops', 'Sven Hansen');
INSERT IGNORE INTO Aktor (`nama_lengkap`) VALUES ('Karin Thaler');
INSERT IGNORE INTO Peran VALUES ('Karin Thaler', 'Die Rosenheim-Cops', 'Marie Hofer');
INSERT IGNORE INTO Aktor (`nama_lengkap`) VALUES ('Alexander Duda');
INSERT IGNORE INTO Peran VALUES ('Alexander Duda', 'Die Rosenheim-Cops', 'Gert Achtziger');
INSERT IGNORE INTO Aktor (`nama_lengkap`) VALUES ('Dieter Fischer');
INSERT IGNORE INTO Peran VALUES ('Dieter Fischer', 'Die Rosenheim-Cops', 'Anton Stadler');
INSERT IGNORE INTO Aktor (`nama_lengkap`) VALUES ('Sarah Thonig');
INSERT IGNORE INTO Peran VALUES ('Sarah Thonig', 'Die Rosenheim-Cops', 'Christin Lange');
INSERT IGNORE INTO Aktor (`nama_lengkap`) VALUES ('Ursula Maria Burkhart');
INSERT IGNORE INTO Peran VALUES ('Ursula Maria Burkhart', 'Die Rosenheim-Cops', 'Marianne Grasegger');
INSERT IGNORE INTO Aktor (`nama_lengkap`) VALUES ('Christian Schaeffer');
INSERT IGNORE INTO Peran VALUES ('Christian Schaeffer', 'Die Rosenheim-Cops', 'Ignaz „Jo“ Caspar');
INSERT IGNORE INTO Episode VALUES ('Die Rosenheim-Cops', 1, 1, 'Der Tote am See', '', 45);
INSERT IGNORE INTO Episode VALUES ('Die Rosenheim-Cops', 1, 2, 'Schweigegeld', '', 45);
INSERT IGNORE INTO Episode VALUES ('Die Rosenheim-Cops', 1, 3, 'Hopfen und Malz', '', 45);
INSERT IGNORE INTO Audio VALUES ('Die Rosenheim-Cops', 'Jepang');
INSERT IGNORE INTO Audio VALUES ('Die Rosenheim-Cops', 'Korea');
INSERT IGNORE INTO Subtitle VALUES ('Die Rosenheim-Cops', 'Inggris');
INSERT IGNORE INTO Subtitle VALUES ('Die Rosenheim-Cops', 'Korea');
INSERT IGNORE INTO Subtitle VALUES ('Die Rosenheim-Cops', 'Indonesia');
INSERT IGNORE INTO Subtitle VALUES ('Die Rosenheim-Cops', 'Spanyol');
INSERT IGNORE INTO Konten VALUES ('The Chosen', 'The life of Christ through the eyes of those who encountered him.', 2019, 'TV-PG', 'Serial_TV');
INSERT IGNORE INTO Serial_TV VALUES ('The Chosen', 5);
INSERT IGNORE INTO Genre_Konten VALUES ('The Chosen', 4);
INSERT IGNORE INTO Genre_Konten VALUES ('The Chosen', 9);
INSERT IGNORE INTO Genre_Konten VALUES ('The Chosen', 21);
INSERT IGNORE INTO Aktor (`nama_lengkap`) VALUES ('Jonathan Roumie');
INSERT IGNORE INTO Peran VALUES ('Jonathan Roumie', 'The Chosen', 'Jesus of Nazareth');
INSERT IGNORE INTO Aktor (`nama_lengkap`) VALUES ('Shahar Isaac');
INSERT IGNORE INTO Peran VALUES ('Shahar Isaac', 'The Chosen', 'Simon Peter');
INSERT IGNORE INTO Aktor (`nama_lengkap`) VALUES ('Elizabeth Tabish');
INSERT IGNORE INTO Peran VALUES ('Elizabeth Tabish', 'The Chosen', 'Mary Magdalene');
INSERT IGNORE INTO Aktor (`nama_lengkap`) VALUES ('Paras Patel');
INSERT IGNORE INTO Peran VALUES ('Paras Patel', 'The Chosen', 'Matthew');
INSERT IGNORE INTO Aktor (`nama_lengkap`) VALUES ('Noah James');
INSERT IGNORE INTO Peran VALUES ('Noah James', 'The Chosen', 'Andrew');
INSERT IGNORE INTO Aktor (`nama_lengkap`) VALUES ('George H. Xanthis');
INSERT IGNORE INTO Peran VALUES ('George H. Xanthis', 'The Chosen', 'John');
INSERT IGNORE INTO Aktor (`nama_lengkap`) VALUES ('Abe Bueno-Jallad');
INSERT IGNORE INTO Peran VALUES ('Abe Bueno-Jallad', 'The Chosen', 'Big James');
INSERT IGNORE INTO Aktor (`nama_lengkap`) VALUES ('Joey Vahedi');
INSERT IGNORE INTO Peran VALUES ('Joey Vahedi', 'The Chosen', 'Thomas');
INSERT IGNORE INTO Aktor (`nama_lengkap`) VALUES ('Giavani Cairo');
INSERT IGNORE INTO Peran VALUES ('Giavani Cairo', 'The Chosen', 'Thaddeus');
INSERT IGNORE INTO Aktor (`nama_lengkap`) VALUES ('Jordan Walker Ross');
INSERT IGNORE INTO Peran VALUES ('Jordan Walker Ross', 'The Chosen', 'Little James');
INSERT IGNORE INTO Episode VALUES ('The Chosen', 1, 1, 'I Have Called You by Name', 'Two brothers struggle with their tax debts to Rome while a woman in the Red Quarter wrestles with her demons.', 55);
INSERT IGNORE INTO Episode VALUES ('The Chosen', 1, 2, 'Shabbat', 'Matthew validates Simon''s claims with Praetor Quintus, Nicodemus investigates the miracle reported in the Red Quarter, and Mary receives surprise guests at her Shabbat dinner.', 38);
INSERT IGNORE INTO Episode VALUES ('The Chosen', 1, 3, 'Jesus Loves the Little Children', 'Jesus befriends and teaches the group of children who discover His camp on the outskirts of Capernaum.', 29);
INSERT IGNORE INTO Audio VALUES ('The Chosen', 'Korea');
INSERT IGNORE INTO Subtitle VALUES ('The Chosen', 'Korea');
INSERT IGNORE INTO Konten VALUES ('Horizon', 'Horizon tells amazing science stories, unravels mysteries and reveals worlds you''ve never seen before.', 1964, 'TV-PG', 'Serial_TV');
INSERT IGNORE INTO Serial_TV VALUES ('Horizon', 61);
INSERT IGNORE INTO Genre_Konten VALUES ('Horizon', 17);
INSERT IGNORE INTO Episode VALUES ('Horizon', 1, 1, 'The World of Buckminster Fuller', 'Horizon follows the work of R. Buckminster Fuller and his research of the geodesic dome.', 60);
INSERT IGNORE INTO Episode VALUES ('Horizon', 1, 2, 'Pesticides and Posterity', 'Dr. Frank Darling and Dr. Eric Edson discuss different environmental priorities.', 60);
INSERT IGNORE INTO Episode VALUES ('Horizon', 1, 3, 'A Candle to Nature', 'A reconstruction of a Michael Faraday lecture last given in December 1860.', 60);
INSERT IGNORE INTO Audio VALUES ('Horizon', 'Korea');
INSERT IGNORE INTO Audio VALUES ('Horizon', 'Jepang');
INSERT IGNORE INTO Audio VALUES ('Horizon', 'Spanyol');
INSERT IGNORE INTO Subtitle VALUES ('Horizon', 'Inggris');
INSERT IGNORE INTO Subtitle VALUES ('Horizon', 'Indonesia');
INSERT IGNORE INTO Konten VALUES ('Good Mythical Morning', 'Two "Internetainers" (Rhett & Link) go far out and do the weirdest things, giving you a daily dose of casual comedy every Monday-Friday.', 2012, 'TV-14', 'Serial_TV');
INSERT IGNORE INTO Serial_TV VALUES ('Good Mythical Morning', 29);
INSERT IGNORE INTO Genre_Konten VALUES ('Good Mythical Morning', 8);
INSERT IGNORE INTO Aktor (`nama_lengkap`) VALUES ('Link Neal');
INSERT IGNORE INTO Peran VALUES ('Link Neal', 'Good Mythical Morning', 'Self - Host');
INSERT IGNORE INTO Aktor (`nama_lengkap`) VALUES ('Rhett McLaughlin');
INSERT IGNORE INTO Peran VALUES ('Rhett McLaughlin', 'Good Mythical Morning', 'Self - Host');
INSERT IGNORE INTO Episode VALUES ('Good Mythical Morning', 1, 1, 'Extremely OCD Morning Routine', 'Rhett tells the audience what his extremely OCD morning routine is, as well as introduce the show.', 10);
INSERT IGNORE INTO Episode VALUES ('Good Mythical Morning', 1, 2, 'Strangest Name In History', 'Rhett and Link discuss the strangest name ever.', 10);
INSERT IGNORE INTO Episode VALUES ('Good Mythical Morning', 1, 3, 'Dog-Eating Plants', 'Rhett and Link attempt to predict the future.', 10);
INSERT IGNORE INTO Audio VALUES ('Good Mythical Morning', 'Spanyol');
INSERT IGNORE INTO Subtitle VALUES ('Good Mythical Morning', 'Spanyol');
INSERT IGNORE INTO Subtitle VALUES ('Good Mythical Morning', 'Inggris');
INSERT IGNORE INTO Subtitle VALUES ('Good Mythical Morning', 'Indonesia');
INSERT IGNORE INTO Subtitle VALUES ('Good Mythical Morning', 'Jepang');
INSERT IGNORE INTO Konten VALUES ('Sleepy Hollow', 'Ichabod Crane is resurrected and pulled two and a half centuries through time to unravel a mystery that dates all the way back to the founding fathers.', 2013, 'TV-14', 'Serial_TV');
INSERT IGNORE INTO Serial_TV VALUES ('Sleepy Hollow', 4);
INSERT IGNORE INTO Genre_Konten VALUES ('Sleepy Hollow', 4);
INSERT IGNORE INTO Genre_Konten VALUES ('Sleepy Hollow', 11);
INSERT IGNORE INTO Genre_Konten VALUES ('Sleepy Hollow', 23);
INSERT IGNORE INTO Aktor (`nama_lengkap`) VALUES ('Tom Mison');
INSERT IGNORE INTO Peran VALUES ('Tom Mison', 'Sleepy Hollow', 'Ichabod Crane');
INSERT IGNORE INTO Aktor (`nama_lengkap`) VALUES ('Janina Gavankar');
INSERT IGNORE INTO Peran VALUES ('Janina Gavankar', 'Sleepy Hollow', 'Diana Thomas');
INSERT IGNORE INTO Aktor (`nama_lengkap`) VALUES ('Lyndie Greenwood');
INSERT IGNORE INTO Peran VALUES ('Lyndie Greenwood', 'Sleepy Hollow', 'Jenny Mills');
INSERT IGNORE INTO Aktor (`nama_lengkap`) VALUES ('Jerry MacKinnon');
INSERT IGNORE INTO Peran VALUES ('Jerry MacKinnon', 'Sleepy Hollow', 'Jake Wells');
INSERT IGNORE INTO Aktor (`nama_lengkap`) VALUES ('Rachel Melvin');
INSERT IGNORE INTO Peran VALUES ('Rachel Melvin', 'Sleepy Hollow', 'Alex Norwood');
INSERT IGNORE INTO Aktor (`nama_lengkap`) VALUES ('Oona Yaffe');
INSERT IGNORE INTO Peran VALUES ('Oona Yaffe', 'Sleepy Hollow', 'Molly Thomas');
INSERT IGNORE INTO Aktor (`nama_lengkap`) VALUES ('Jeremy Davies');
INSERT IGNORE INTO Peran VALUES ('Jeremy Davies', 'Sleepy Hollow', 'Malcolm Dreyfuss');
INSERT IGNORE INTO Episode VALUES ('Sleepy Hollow', 1, 1, 'Pilot', 'Ichabod Crane finds himself 250 years in the future and realizes that evil accompanied him to modern-day Sleepy Hollow; Ichabod forms a bond with Detective Abbie Mills after the Headless Horseman murders the sheriff.', 45);
INSERT IGNORE INTO Episode VALUES ('Sleepy Hollow', 1, 2, 'Blood Moon', 'Still adjusting to his 21st century reality, Ichabod Crane and Det. Abbie Mills move forward in their mission to unravel the mysteries lurking in Sleepy Hollow. A frightful vision from Ichabod''s former wife Katrina, sends the unlikely duo on the hunt for a vengeful witch from the 1700s who has been awoken by unknown evils and is on a path of destruction in the quaint town. Meanwhile, despite all odds, Officer Andy Brooks is back and on a questionable mission of his own.', 44);
INSERT IGNORE INTO Episode VALUES ('Sleepy Hollow', 1, 3, 'For the Triumph of Evil', 'Another soldier in the army of evil, the Sandman, seeps into the dreams of the residents of Sleepy Hollow. By infiltrating their minds at night, he tortures them to the brink - all because they, at one time, turned a blind eye to justice. When the Sandman seemingly sets his sights on Abbie, she is forced to begin to face her past - and her institutionalized sister Jenny. With Ichabod by her side, and her life at stake, the duo must try to defeat the Sandman and continue their fight against evil.', 43);
INSERT IGNORE INTO Audio VALUES ('Sleepy Hollow', 'Indonesia');
INSERT IGNORE INTO Subtitle VALUES ('Sleepy Hollow', 'Indonesia');
INSERT IGNORE INTO Subtitle VALUES ('Sleepy Hollow', 'Spanyol');
INSERT IGNORE INTO Subtitle VALUES ('Sleepy Hollow', 'Inggris');
INSERT IGNORE INTO Subtitle VALUES ('Sleepy Hollow', 'Jepang');
INSERT IGNORE INTO Konten VALUES ('Bonanza', 'The High-Sierra adventures of Ben Cartwright and his sons as they run and defend their ranch while helping the surrounding community.', 1959, 'TV-PG', 'Serial_TV');
INSERT IGNORE INTO Serial_TV VALUES ('Bonanza', 14);
INSERT IGNORE INTO Genre_Konten VALUES ('Bonanza', 18);
INSERT IGNORE INTO Genre_Konten VALUES ('Bonanza', 21);
INSERT IGNORE INTO Genre_Konten VALUES ('Bonanza', 4);
INSERT IGNORE INTO Genre_Konten VALUES ('Bonanza', 9);
INSERT IGNORE INTO Aktor (`nama_lengkap`) VALUES ('Lorne Greene');
INSERT IGNORE INTO Peran VALUES ('Lorne Greene', 'Bonanza', 'Ben Cartwright');
INSERT IGNORE INTO Aktor (`nama_lengkap`) VALUES ('Michael Landon');
INSERT IGNORE INTO Peran VALUES ('Michael Landon', 'Bonanza', 'Joe Cartwright');
INSERT IGNORE INTO Aktor (`nama_lengkap`) VALUES ('David Canary');
INSERT IGNORE INTO Peran VALUES ('David Canary', 'Bonanza', 'Candy Canaday');
INSERT IGNORE INTO Aktor (`nama_lengkap`) VALUES ('Tim Matheson');
INSERT IGNORE INTO Peran VALUES ('Tim Matheson', 'Bonanza', 'Griff King');
INSERT IGNORE INTO Aktor (`nama_lengkap`) VALUES ('Mitch Vogel');
INSERT IGNORE INTO Peran VALUES ('Mitch Vogel', 'Bonanza', 'Jamie Hunter Cartwright');
INSERT IGNORE INTO Episode VALUES ('Bonanza', 1, 1, 'A Rose for Lotta', 'Lotta Crabtree is hired by mining tycoon Alpheus Troy to lure one of the Cartwrights into town and hold him for ransom in exchange for Ponderosa timber rights.', 49);
INSERT IGNORE INTO Episode VALUES ('Bonanza', 1, 2, 'Death on Sun Mountain', 'Greedy opportunist Mark Burdette and his accomplice Early Thorne stir up trouble between the Paiute tribe and the citizens of Virginia City.  Ben discovers Burdette and Thorne are selling antelope beef to the miners and finds the price too high.  He offers the miners beef at a more reasonable price.  Burdette and Thorne retaliate by framing the Paiute''s for attacks, by dressing as them and killing ranchers.  Based on a factual accounting.  Lorne Greene''s first voice-over narration, and no landing constructed yet for the Ponderosa stairway.', 49);
INSERT IGNORE INTO Episode VALUES ('Bonanza', 1, 3, 'The Newcomers', 'John Pennington and his crew want to mine the Ponderosa land by hydraulic means. Ben is totally against this method and evicts them in short order. Hoss is given the task of telling Pennington''s men to leave, but soon has a moral dilemma on his hands when he meets Pennington''s beautiful sister, Emily. He soon discovers a heartbreaking secret...she''s terminally ill; but their relationship soon leads to plenty of trouble for the Cartwrights.', 49);
INSERT IGNORE INTO Audio VALUES ('Bonanza', 'Spanyol');
INSERT IGNORE INTO Audio VALUES ('Bonanza', 'Korea');
INSERT IGNORE INTO Subtitle VALUES ('Bonanza', 'Inggris');
INSERT IGNORE INTO Subtitle VALUES ('Bonanza', 'Indonesia');
INSERT IGNORE INTO Konten VALUES ('The Lord of the Rings: The Rings of Power', 'Beginning in a time of relative peace, we follow an ensemble cast of characters as they confront the re-emergence of evil to Middle-earth. From the darkest depths of the Misty Mountains, to the majestic forests of Lindon, to the breathtaking island kingdom of Númenor, to the furthest reaches of the map, these kingdoms and characters will carve out legacies that live on long after they are gone.', 2022, 'TV-14', 'Serial_TV');
INSERT IGNORE INTO Serial_TV VALUES ('The Lord of the Rings: The Rings of Power', 3);
INSERT IGNORE INTO Genre_Konten VALUES ('The Lord of the Rings: The Rings of Power', 21);
INSERT IGNORE INTO Genre_Konten VALUES ('The Lord of the Rings: The Rings of Power', 23);
INSERT IGNORE INTO Genre_Konten VALUES ('The Lord of the Rings: The Rings of Power', 4);
INSERT IGNORE INTO Aktor (`nama_lengkap`) VALUES ('Charlie Vickers');
INSERT IGNORE INTO Peran VALUES ('Charlie Vickers', 'The Lord of the Rings: The Rings of Power', 'Sauron');
INSERT IGNORE INTO Aktor (`nama_lengkap`) VALUES ('Morfydd Clark');
INSERT IGNORE INTO Peran VALUES ('Morfydd Clark', 'The Lord of the Rings: The Rings of Power', 'Galadriel');
INSERT IGNORE INTO Aktor (`nama_lengkap`) VALUES ('Robert Aramayo');
INSERT IGNORE INTO Peran VALUES ('Robert Aramayo', 'The Lord of the Rings: The Rings of Power', 'Elrond');
INSERT IGNORE INTO Aktor (`nama_lengkap`) VALUES ('Charles Edwards');
INSERT IGNORE INTO Peran VALUES ('Charles Edwards', 'The Lord of the Rings: The Rings of Power', 'Lord Celebrimbor');
INSERT IGNORE INTO Aktor (`nama_lengkap`) VALUES ('Owain Arthur');
INSERT IGNORE INTO Peran VALUES ('Owain Arthur', 'The Lord of the Rings: The Rings of Power', 'Durin IV');
INSERT IGNORE INTO Aktor (`nama_lengkap`) VALUES ('Sophia Nomvete');
INSERT IGNORE INTO Peran VALUES ('Sophia Nomvete', 'The Lord of the Rings: The Rings of Power', 'Disa');
INSERT IGNORE INTO Aktor (`nama_lengkap`) VALUES ('Daniel Weyman');
INSERT IGNORE INTO Peran VALUES ('Daniel Weyman', 'The Lord of the Rings: The Rings of Power', 'The Stranger');
INSERT IGNORE INTO Aktor (`nama_lengkap`) VALUES ('Markella Kavenagh');
INSERT IGNORE INTO Peran VALUES ('Markella Kavenagh', 'The Lord of the Rings: The Rings of Power', 'Elanor ''Nori'' Brandyfoot');
INSERT IGNORE INTO Aktor (`nama_lengkap`) VALUES ('Megan Richards');
INSERT IGNORE INTO Peran VALUES ('Megan Richards', 'The Lord of the Rings: The Rings of Power', 'Poppy Proudfellow');
INSERT IGNORE INTO Aktor (`nama_lengkap`) VALUES ('Ismael Cruz Cordova');
INSERT IGNORE INTO Peran VALUES ('Ismael Cruz Cordova', 'The Lord of the Rings: The Rings of Power', 'Arondir');
INSERT IGNORE INTO Episode VALUES ('The Lord of the Rings: The Rings of Power', 1, 1, 'A Shadow of the Past', 'Galadriel is disturbed by signs of an ancient evil’s return; Arondir makes an unsettling discovery; Elrond is presented with an intriguing new venture; Nori breaks the Harfoot community’s most deeply-held rule.', 66);
INSERT IGNORE INTO Episode VALUES ('The Lord of the Rings: The Rings of Power', 1, 2, 'Adrift', 'Galadriel finds a new ally; Elrond faces a cold reception from an old friend; Nori endeavors to help a Stranger; Arondir searches for answers while Bronwyn warns her people of a threat.', 68);
INSERT IGNORE INTO Episode VALUES ('The Lord of the Rings: The Rings of Power', 1, 3, 'Adar', 'Arondir finds himself a captive. Galadriel and Halbrand explore a legendary kingdom. Elendil is given a new assignment. Nori faces the consequences.', 70);
INSERT IGNORE INTO Audio VALUES ('The Lord of the Rings: The Rings of Power', 'Inggris');
INSERT IGNORE INTO Audio VALUES ('The Lord of the Rings: The Rings of Power', 'Jepang');
INSERT IGNORE INTO Audio VALUES ('The Lord of the Rings: The Rings of Power', 'Indonesia');
INSERT IGNORE INTO Subtitle VALUES ('The Lord of the Rings: The Rings of Power', 'Indonesia');
INSERT IGNORE INTO Subtitle VALUES ('The Lord of the Rings: The Rings of Power', 'Spanyol');
INSERT IGNORE INTO Subtitle VALUES ('The Lord of the Rings: The Rings of Power', 'Jepang');
INSERT IGNORE INTO Subtitle VALUES ('The Lord of the Rings: The Rings of Power', 'Korea');
INSERT IGNORE INTO Konten VALUES ('Sex Education', 'Inexperienced Otis channels his sex therapist mom when he teams up with rebellious Maeve to set up an underground sex therapy clinic at school.', 2019, 'D', 'Serial_TV');
INSERT IGNORE INTO Serial_TV VALUES ('Sex Education', 4);
INSERT IGNORE INTO Genre_Konten VALUES ('Sex Education', 8);
INSERT IGNORE INTO Genre_Konten VALUES ('Sex Education', 4);
INSERT IGNORE INTO Aktor (`nama_lengkap`) VALUES ('Asa Butterfield');
INSERT IGNORE INTO Peran VALUES ('Asa Butterfield', 'Sex Education', 'Otis Milburn');
INSERT IGNORE INTO Aktor (`nama_lengkap`) VALUES ('Gillian Anderson');
INSERT IGNORE INTO Peran VALUES ('Gillian Anderson', 'Sex Education', 'Jean Milburn');
INSERT IGNORE INTO Aktor (`nama_lengkap`) VALUES ('Ncuti Gatwa');
INSERT IGNORE INTO Peran VALUES ('Ncuti Gatwa', 'Sex Education', 'Eric Effiong');
INSERT IGNORE INTO Aktor (`nama_lengkap`) VALUES ('Emma Mackey');
INSERT IGNORE INTO Peran VALUES ('Emma Mackey', 'Sex Education', 'Maeve Wiley');
INSERT IGNORE INTO Aktor (`nama_lengkap`) VALUES ('Kedar Williams-Stirling');
INSERT IGNORE INTO Peran VALUES ('Kedar Williams-Stirling', 'Sex Education', 'Jackson Marchetti');
INSERT IGNORE INTO Aktor (`nama_lengkap`) VALUES ('Thaddea Graham');
INSERT IGNORE INTO Peran VALUES ('Thaddea Graham', 'Sex Education', 'Sarah ''O'' Owens');
INSERT IGNORE INTO Aktor (`nama_lengkap`) VALUES ('Mimi Keene');
INSERT IGNORE INTO Peran VALUES ('Mimi Keene', 'Sex Education', 'Ruby Matthews');
INSERT IGNORE INTO Aktor (`nama_lengkap`) VALUES ('Anthony Lexa');
INSERT IGNORE INTO Peran VALUES ('Anthony Lexa', 'Sex Education', 'Abbi Montgomery');
INSERT IGNORE INTO Aktor (`nama_lengkap`) VALUES ('Connor Swindells');
INSERT IGNORE INTO Peran VALUES ('Connor Swindells', 'Sex Education', 'Adam Groff');
INSERT IGNORE INTO Aktor (`nama_lengkap`) VALUES ('Aimee Lou Wood');
INSERT IGNORE INTO Peran VALUES ('Aimee Lou Wood', 'Sex Education', 'Aimee Gibbs');
INSERT IGNORE INTO Episode VALUES ('Sex Education', 1, 1, 'Episode 1', 'Despite the ministrations of sex therapist mom Jean and encouragement from pal Eric, Otis worries that he can''t get it on. He''s not the only one.', 52);
INSERT IGNORE INTO Episode VALUES ('Sex Education', 1, 2, 'Episode 2', 'Egged on by Maeve—and finding that dispensing sex tips is tougher than he thought—Otis tries offering free advice at a classmate''s house party.', 50);
INSERT IGNORE INTO Episode VALUES ('Sex Education', 1, 3, 'Episode 3', 'Otis'' clinic achieves liftoff, as does his attraction to Maeve, who unexpectedly asks him for help. Eric swings off on his own and fields a come-on.', 50);
INSERT IGNORE INTO Audio VALUES ('Sex Education', 'Spanyol');
INSERT IGNORE INTO Audio VALUES ('Sex Education', 'Inggris');
INSERT IGNORE INTO Subtitle VALUES ('Sex Education', 'Spanyol');
INSERT IGNORE INTO Subtitle VALUES ('Sex Education', 'Jepang');
INSERT IGNORE INTO Subtitle VALUES ('Sex Education', 'Inggris');
INSERT IGNORE INTO Konten VALUES ('Curb Your Enthusiasm', 'The off-kilter, unscripted comic vision of Larry David, who plays himself in a parallel universe in which he can''t seem to do anything right, and, by his standards, neither can anyone else.', 2000, 'TV-MA', 'Serial_TV');
INSERT IGNORE INTO Serial_TV VALUES ('Curb Your Enthusiasm', 12);
INSERT IGNORE INTO Genre_Konten VALUES ('Curb Your Enthusiasm', 8);
INSERT IGNORE INTO Aktor (`nama_lengkap`) VALUES ('Larry David');
INSERT IGNORE INTO Peran VALUES ('Larry David', 'Curb Your Enthusiasm', 'Larry David');
INSERT IGNORE INTO Aktor (`nama_lengkap`) VALUES ('Jeff Garlin');
INSERT IGNORE INTO Peran VALUES ('Jeff Garlin', 'Curb Your Enthusiasm', 'Jeff Greene');
INSERT IGNORE INTO Aktor (`nama_lengkap`) VALUES ('Susie Essman');
INSERT IGNORE INTO Peran VALUES ('Susie Essman', 'Curb Your Enthusiasm', 'Susie Greene');
INSERT IGNORE INTO Aktor (`nama_lengkap`) VALUES ('Cheryl Hines');
INSERT IGNORE INTO Peran VALUES ('Cheryl Hines', 'Curb Your Enthusiasm', 'Cheryl David');
INSERT IGNORE INTO Aktor (`nama_lengkap`) VALUES ('JB Smoove');
INSERT IGNORE INTO Peran VALUES ('JB Smoove', 'Curb Your Enthusiasm', 'Leon');
INSERT IGNORE INTO Episode VALUES ('Curb Your Enthusiasm', 1, 1, 'The Pants Tent', 'An innocent bunch-up in Larry''s trousers gives rise to an embarrassing situation.', 29);
INSERT IGNORE INTO Episode VALUES ('Curb Your Enthusiasm', 1, 2, 'Ted and Mary', 'Larry and Cheryl''s fun-filled bowling date with Ted Danson and Mary Steenburgen ends with Larry''s shoes missing.', 29);
INSERT IGNORE INTO Episode VALUES ('Curb Your Enthusiasm', 1, 3, 'Porno Gil', 'Larry sets off a bizarre chain of events (as he always seems to do) in which he is forced to attend a party at the home of a porno businessman.', 29);
INSERT IGNORE INTO Audio VALUES ('Curb Your Enthusiasm', 'Korea');
INSERT IGNORE INTO Audio VALUES ('Curb Your Enthusiasm', 'Spanyol');
INSERT IGNORE INTO Audio VALUES ('Curb Your Enthusiasm', 'Indonesia');
INSERT IGNORE INTO Subtitle VALUES ('Curb Your Enthusiasm', 'Spanyol');
INSERT IGNORE INTO Subtitle VALUES ('Curb Your Enthusiasm', 'Jepang');
INSERT IGNORE INTO Konten VALUES ('Gen V', 'At America''s only college for superheroes, gifted students put their moral boundaries to the test, competing for the university''s top ranking, and a chance to join The Seven, Vought International''s elite superhero team. When the school''s dark secrets come to light, they must decide what kind of heroes they want to become.', 2023, 'TV-MA', 'Serial_TV');
INSERT IGNORE INTO Serial_TV VALUES ('Gen V', 2);
INSERT IGNORE INTO Genre_Konten VALUES ('Gen V', 21);
INSERT IGNORE INTO Genre_Konten VALUES ('Gen V', 4);
INSERT IGNORE INTO Genre_Konten VALUES ('Gen V', 23);
INSERT IGNORE INTO Aktor (`nama_lengkap`) VALUES ('Jaz Sinclair');
INSERT IGNORE INTO Peran VALUES ('Jaz Sinclair', 'Gen V', 'Marie Moreau');
INSERT IGNORE INTO Aktor (`nama_lengkap`) VALUES ('Lizze Broadway');
INSERT IGNORE INTO Peran VALUES ('Lizze Broadway', 'Gen V', 'Emma Meyer / Little Cricket');
INSERT IGNORE INTO Aktor (`nama_lengkap`) VALUES ('Maddie Phillips');
INSERT IGNORE INTO Peran VALUES ('Maddie Phillips', 'Gen V', 'Cate Dunlap');
INSERT IGNORE INTO Aktor (`nama_lengkap`) VALUES ('London Thor');
INSERT IGNORE INTO Peran VALUES ('London Thor', 'Gen V', 'Jordan Li');
INSERT IGNORE INTO Aktor (`nama_lengkap`) VALUES ('Derek Luh');
INSERT IGNORE INTO Peran VALUES ('Derek Luh', 'Gen V', 'Jordan Li');
INSERT IGNORE INTO Aktor (`nama_lengkap`) VALUES ('Asa Germann');
INSERT IGNORE INTO Peran VALUES ('Asa Germann', 'Gen V', 'Sam Riordan');
INSERT IGNORE INTO Aktor (`nama_lengkap`) VALUES ('Sean Patrick Thomas');
INSERT IGNORE INTO Peran VALUES ('Sean Patrick Thomas', 'Gen V', 'Polarity');
INSERT IGNORE INTO Aktor (`nama_lengkap`) VALUES ('Hamish Linklater');
INSERT IGNORE INTO Peran VALUES ('Hamish Linklater', 'Gen V', 'Cipher');
INSERT IGNORE INTO Episode VALUES ('Gen V', 1, 1, 'God U.', 'Congratulations! You have been chosen for admission to Godolkin University! We''re thrilled to be a part of your journey to discovering what kind of super you are! Since its founding in 1965, God U has produced some of the best and brightest superheroes the world has ever known, including three members of The Seven! And who knows? Maybe you''ll be next!', 59);
INSERT IGNORE INTO Episode VALUES ('Gen V', 1, 2, 'First Day', 'The Godolkin University Mental Health Hotline would like to remind students at this difficult time that you are not alone. You might be bulletproof on the outside, but you''re not on the inside. Our caring staff is trained to deal with the specific emotional needs of superheroes and they''re here to help you. If you need to talk to someone, help is just a phone call or vMessage away. #GodUCares', 49);
INSERT IGNORE INTO Episode VALUES ('Gen V', 1, 3, '#ThinkBrink', 'You''re invited to the #ThinkBrink Memorial Gala and Fundraiser tonight at Godolkin University! Make sure to dress your best when the doors open at 7PM and you hit the red carpet! Then join the world''s hottest superheroes and celebrities for selfies and complimentary champagne, and enjoy a touching tribute video to the legendary Professor Brinkerhoff, featuring A-Train, The Deep, and Polarity!', 52);
INSERT IGNORE INTO Audio VALUES ('Gen V', 'Spanyol');
INSERT IGNORE INTO Audio VALUES ('Gen V', 'Inggris');
INSERT IGNORE INTO Audio VALUES ('Gen V', 'Indonesia');
INSERT IGNORE INTO Subtitle VALUES ('Gen V', 'Inggris');
INSERT IGNORE INTO Konten VALUES ('Ghost Whisperer', 'Newlywed Melinda Gordon tries to help the dead communicate with loved ones, but sometimes the messages she receives are intense and confusing. Most of Melinda''s efforts involve resolving conflicts that are preventing the spirits from passing over.', 2005, 'TV-PG', 'Serial_TV');
INSERT IGNORE INTO Serial_TV VALUES ('Ghost Whisperer', 5);
INSERT IGNORE INTO Genre_Konten VALUES ('Ghost Whisperer', 23);
INSERT IGNORE INTO Genre_Konten VALUES ('Ghost Whisperer', 11);
INSERT IGNORE INTO Genre_Konten VALUES ('Ghost Whisperer', 4);
INSERT IGNORE INTO Aktor (`nama_lengkap`) VALUES ('Jennifer Love Hewitt');
INSERT IGNORE INTO Peran VALUES ('Jennifer Love Hewitt', 'Ghost Whisperer', 'Melinda Gordon');
INSERT IGNORE INTO Aktor (`nama_lengkap`) VALUES ('Camryn Manheim');
INSERT IGNORE INTO Peran VALUES ('Camryn Manheim', 'Ghost Whisperer', 'Delia Banks');
INSERT IGNORE INTO Aktor (`nama_lengkap`) VALUES ('Jamie Kennedy');
INSERT IGNORE INTO Peran VALUES ('Jamie Kennedy', 'Ghost Whisperer', 'Eli James');
INSERT IGNORE INTO Aktor (`nama_lengkap`) VALUES ('Connor Gibbs');
INSERT IGNORE INTO Peran VALUES ('Connor Gibbs', 'Ghost Whisperer', 'Aiden Lucas');
INSERT IGNORE INTO Aktor (`nama_lengkap`) VALUES ('David Conrad');
INSERT IGNORE INTO Peran VALUES ('David Conrad', 'Ghost Whisperer', 'Sam "Jim" Lucas');
INSERT IGNORE INTO Episode VALUES ('Ghost Whisperer', 1, 1, 'Pilot', 'Melinda Gordon just got married; during the dinner she sees something being drawn on the window and she knows it''s a ghost. But for the first time, the ghost comes inside her house and that unsettles her. Despite being afraid, she tries to help him reunite with his family and pass along the message he needs her to say.', 45);
INSERT IGNORE INTO Episode VALUES ('Ghost Whisperer', 1, 2, 'The Crossing', 'A boy who was killed in a collision with a train wants Melinda''s help to ensure his mother that his death was not caused by her.', 43);
INSERT IGNORE INTO Episode VALUES ('Ghost Whisperer', 1, 3, 'Ghost, Interrupted', 'The identical twin sister of a teenage girl requests Melinda to help her apologize to her sister who is a psychiatric patient.', 44);
INSERT IGNORE INTO Audio VALUES ('Ghost Whisperer', 'Indonesia');
INSERT IGNORE INTO Subtitle VALUES ('Ghost Whisperer', 'Indonesia');
INSERT IGNORE INTO Subtitle VALUES ('Ghost Whisperer', 'Spanyol');
INSERT IGNORE INTO Subtitle VALUES ('Ghost Whisperer', 'Jepang');
INSERT IGNORE INTO Subtitle VALUES ('Ghost Whisperer', 'Korea');
INSERT IGNORE INTO Konten VALUES ('Mentiras verdaderas', 'Daily interviews discussing the guest''s personal lives and national contingency.', 2011, 'NR', 'Serial_TV');
INSERT IGNORE INTO Serial_TV VALUES ('Mentiras verdaderas', 12);
INSERT IGNORE INTO Genre_Konten VALUES ('Mentiras verdaderas', 24);
INSERT IGNORE INTO Genre_Konten VALUES ('Mentiras verdaderas', 25);
INSERT IGNORE INTO Episode VALUES ('Mentiras verdaderas', 1, 1, 'Episode 1', '', 110);
INSERT IGNORE INTO Episode VALUES ('Mentiras verdaderas', 1, 2, 'Episode 2', '', 110);
INSERT IGNORE INTO Episode VALUES ('Mentiras verdaderas', 1, 3, 'Episode 3', '', 110);
INSERT IGNORE INTO Audio VALUES ('Mentiras verdaderas', 'Indonesia');
INSERT IGNORE INTO Audio VALUES ('Mentiras verdaderas', 'Jepang');
INSERT IGNORE INTO Audio VALUES ('Mentiras verdaderas', 'Spanyol');
INSERT IGNORE INTO Subtitle VALUES ('Mentiras verdaderas', 'Inggris');
INSERT IGNORE INTO Konten VALUES ('NOVA', 'PBS'' premier science series helps viewers of all ages explore the science behind the headlines. Along the way, NOVA demystifies science and technology, and highlights the people involved in scientific pursuits.', 1974, 'TV-PG', 'Serial_TV');
INSERT IGNORE INTO Serial_TV VALUES ('NOVA', 53);
INSERT IGNORE INTO Genre_Konten VALUES ('NOVA', 17);
INSERT IGNORE INTO Episode VALUES ('NOVA', 1, 1, 'The Making Of A Natural History Film', 'NOVA premieres on public television with a behind-the-scenes look at the making of a nature film. Oxford Scientific Films Unit shows how it tackles such problems as filming a wood-wasp laying its egg inside trees, the hatching of a chick and the courtship rituals of the stickleback.', 55);
INSERT IGNORE INTO Episode VALUES ('NOVA', 1, 2, 'Where Did the Colorado Go?', 'NOVA explores the mighty Colorado River which today has become the life-blood of the Southwest, providing water and electricity to the farms and cities of California, Nevada, and Arizona. The program examines the political expediency and technological over-optimism that has led to some major miscalculations of the river''s capacity.', 55);
INSERT IGNORE INTO Episode VALUES ('NOVA', 1, 3, 'Whales, Dolphins, and Men', 'NOVA explores the impact of whaling and the goods it produces for the industry, verses the grace and beatury of this intelligent mammal of the sea.', 55);
INSERT IGNORE INTO Audio VALUES ('NOVA', 'Spanyol');
INSERT IGNORE INTO Audio VALUES ('NOVA', 'Korea');
INSERT IGNORE INTO Audio VALUES ('NOVA', 'Indonesia');
INSERT IGNORE INTO Subtitle VALUES ('NOVA', 'Inggris');
INSERT IGNORE INTO Konten VALUES ('Homeland', 'CIA officer Carrie Mathison is tops in her field despite being bipolar, which makes her volatile and unpredictable. With the help of her long-time mentor Saul Berenson, Carrie fearlessly risks everything, including her personal well-being and even sanity, at every turn.', 2011, 'TV-MA', 'Serial_TV');
INSERT IGNORE INTO Serial_TV VALUES ('Homeland', 8);
INSERT IGNORE INTO Genre_Konten VALUES ('Homeland', 4);
INSERT IGNORE INTO Genre_Konten VALUES ('Homeland', 22);
INSERT IGNORE INTO Genre_Konten VALUES ('Homeland', 2);
INSERT IGNORE INTO Aktor (`nama_lengkap`) VALUES ('Claire Danes');
INSERT IGNORE INTO Peran VALUES ('Claire Danes', 'Homeland', 'Carrie Mathison');
INSERT IGNORE INTO Aktor (`nama_lengkap`) VALUES ('Mandy Patinkin');
INSERT IGNORE INTO Peran VALUES ('Mandy Patinkin', 'Homeland', 'Saul Berenson');
INSERT IGNORE INTO Aktor (`nama_lengkap`) VALUES ('Maury Sterling');
INSERT IGNORE INTO Peran VALUES ('Maury Sterling', 'Homeland', 'Max Piotrowski');
INSERT IGNORE INTO Aktor (`nama_lengkap`) VALUES ('Numan Acar');
INSERT IGNORE INTO Peran VALUES ('Numan Acar', 'Homeland', 'Haissam Haqqani');
INSERT IGNORE INTO Aktor (`nama_lengkap`) VALUES ('Nimrat Kaur');
INSERT IGNORE INTO Peran VALUES ('Nimrat Kaur', 'Homeland', 'Tasneem Qureshi');
INSERT IGNORE INTO Aktor (`nama_lengkap`) VALUES ('Linus Roache');
INSERT IGNORE INTO Peran VALUES ('Linus Roache', 'Homeland', 'David Wellington');
INSERT IGNORE INTO Aktor (`nama_lengkap`) VALUES ('Costa Ronin');
INSERT IGNORE INTO Peran VALUES ('Costa Ronin', 'Homeland', 'Yevgeny Gromo');
INSERT IGNORE INTO Episode VALUES ('Homeland', 1, 1, 'Pilot', 'After missing and presumed dead for eight years, Marine Sergeant Nicholas Brody is rescued in Iraq, and returns home to his family. But CIA agent Carrie Mathison suspects he might have been turned by his terrorist captors, and believes he could be part of a plan to attack America.', 56);
INSERT IGNORE INTO Episode VALUES ('Homeland', 1, 2, 'Grace', 'Carrie receives new evidence from an undercover agent and stays glued to the surveillance footage of Brody''s home, which reveals a man struggling with his traumatic memories.', 51);
INSERT IGNORE INTO Episode VALUES ('Homeland', 1, 3, 'Clean Skin', 'Brody prepares to enter the spotlight; Carrie closes in on an al-Qaeda plot.', 50);
INSERT IGNORE INTO Audio VALUES ('Homeland', 'Indonesia');
INSERT IGNORE INTO Audio VALUES ('Homeland', 'Jepang');
INSERT IGNORE INTO Subtitle VALUES ('Homeland', 'Spanyol');
INSERT IGNORE INTO Subtitle VALUES ('Homeland', 'Jepang');
INSERT IGNORE INTO Subtitle VALUES ('Homeland', 'Indonesia');
INSERT IGNORE INTO Subtitle VALUES ('Homeland', 'Korea');
INSERT IGNORE INTO Konten VALUES ('Silo', 'In a ruined and toxic future, thousands live in a giant silo deep underground. After its sheriff breaks a cardinal rule and residents die mysteriously, engineer Juliette starts to uncover shocking secrets and the truth about the silo.', 2023, 'TV-MA', 'Serial_TV');
INSERT IGNORE INTO Serial_TV VALUES ('Silo', 2);
INSERT IGNORE INTO Genre_Konten VALUES ('Silo', 23);
INSERT IGNORE INTO Genre_Konten VALUES ('Silo', 4);
INSERT IGNORE INTO Aktor (`nama_lengkap`) VALUES ('Rebecca Ferguson');
INSERT IGNORE INTO Peran VALUES ('Rebecca Ferguson', 'Silo', 'Juliette Nichols');
INSERT IGNORE INTO Aktor (`nama_lengkap`) VALUES ('Common');
INSERT IGNORE INTO Peran VALUES ('Common', 'Silo', 'Robert Sims');
INSERT IGNORE INTO Aktor (`nama_lengkap`) VALUES ('Harriet Walter');
INSERT IGNORE INTO Peran VALUES ('Harriet Walter', 'Silo', 'Martha Walker');
INSERT IGNORE INTO Aktor (`nama_lengkap`) VALUES ('Chinaza Uche');
INSERT IGNORE INTO Peran VALUES ('Chinaza Uche', 'Silo', 'Paul Billings');
INSERT IGNORE INTO Aktor (`nama_lengkap`) VALUES ('Avi Nash');
INSERT IGNORE INTO Peran VALUES ('Avi Nash', 'Silo', 'Lukas Kyle');
INSERT IGNORE INTO Aktor (`nama_lengkap`) VALUES ('Rick Gomez');
INSERT IGNORE INTO Peran VALUES ('Rick Gomez', 'Silo', 'Patrick Kennedy');
INSERT IGNORE INTO Aktor (`nama_lengkap`) VALUES ('Tim Robbins');
INSERT IGNORE INTO Peran VALUES ('Tim Robbins', 'Silo', 'Bernard Holland');
INSERT IGNORE INTO Aktor (`nama_lengkap`) VALUES ('Shane McRae');
INSERT IGNORE INTO Peran VALUES ('Shane McRae', 'Silo', 'Knox');
INSERT IGNORE INTO Aktor (`nama_lengkap`) VALUES ('Billy Postlethwaite');
INSERT IGNORE INTO Peran VALUES ('Billy Postlethwaite', 'Silo', 'Hank');
INSERT IGNORE INTO Aktor (`nama_lengkap`) VALUES ('Remmie Milner');
INSERT IGNORE INTO Peran VALUES ('Remmie Milner', 'Silo', 'Shirley');
INSERT IGNORE INTO Episode VALUES ('Silo', 1, 1, 'Freedom Day', 'Sheriff Becker''s plans for the future are thrown off course after his wife meets a hacker with information about the silo.', 60);
INSERT IGNORE INTO Episode VALUES ('Silo', 1, 2, 'Holston''s Pick', 'Juliette, an engineer, pieces together what might have led to a co-worker''s mysterious death.', 48);
INSERT IGNORE INTO Episode VALUES ('Silo', 1, 3, 'Machines', 'In her hunt for a new sheriff, Mayor Jahns clashes with Bernard. Juliette strikes a deal to keep the generator running.', 63);
INSERT IGNORE INTO Audio VALUES ('Silo', 'Korea');
INSERT IGNORE INTO Audio VALUES ('Silo', 'Inggris');
INSERT IGNORE INTO Audio VALUES ('Silo', 'Jepang');
INSERT IGNORE INTO Subtitle VALUES ('Silo', 'Spanyol');
INSERT IGNORE INTO Subtitle VALUES ('Silo', 'Indonesia');
INSERT IGNORE INTO Subtitle VALUES ('Silo', 'Jepang');
INSERT IGNORE INTO Konten VALUES ('Ranma ½', 'Ranma Saotome, a teenage martial artist, and his father Genma travel to the ''cursed training ground'' of Jusenkyo in China. There, despite the warnings of the Chinese guard, they fall into the cursed springs. From now on, whenever Ranma is doused in cold water, he turns into a girl and a cute, well-built redhead at that. Hot water changes him back into a man again, but only until the next time. To make matters worse, his father engages him to Akane Tendo, a girl who hates boys.', 1989, 'TV-14', 'Serial_TV');
INSERT IGNORE INTO Serial_TV VALUES ('Ranma ½', 1);
INSERT IGNORE INTO Genre_Konten VALUES ('Ranma ½', 8);
INSERT IGNORE INTO Genre_Konten VALUES ('Ranma ½', 21);
INSERT IGNORE INTO Genre_Konten VALUES ('Ranma ½', 12);
INSERT IGNORE INTO Genre_Konten VALUES ('Ranma ½', 23);
INSERT IGNORE INTO Aktor (`nama_lengkap`) VALUES ('Kappei Yamaguchi');
INSERT IGNORE INTO Peran VALUES ('Kappei Yamaguchi', 'Ranma ½', 'Ranma Saotome ♂ (voice)');
INSERT IGNORE INTO Aktor (`nama_lengkap`) VALUES ('Megumi Hayashibara');
INSERT IGNORE INTO Peran VALUES ('Megumi Hayashibara', 'Ranma ½', 'Ranma Saotome ♀ (voice)');
INSERT IGNORE INTO Episode VALUES ('Ranma ½', 1, 1, 'Here''s Ranma', 'Soun Tendo gets quite a surprise when the son of his friend Genma Saotome that he''s arranged for one of his daughters to marry turns out to be a girl...', 25);
INSERT IGNORE INTO Episode VALUES ('Ranma ½', 1, 2, 'School is No Place for Horsing Around', 'Attending his first day at Furinkan High, Ranma encounters Akane''s many would-be suitors.', 25);
INSERT IGNORE INTO Episode VALUES ('Ranma ½', 1, 3, 'A Sudden Storm of Love', 'Not realizing that Ranma and ''the pigtailed girl'' are the same, Kuno is furious that he let the "cretin" slip away. His attention soon shifts to the red-haired one though, when she bests him in combat.', 25);
INSERT IGNORE INTO Audio VALUES ('Ranma ½', 'Jepang');
INSERT IGNORE INTO Audio VALUES ('Ranma ½', 'Spanyol');
INSERT IGNORE INTO Audio VALUES ('Ranma ½', 'Korea');
INSERT IGNORE INTO Subtitle VALUES ('Ranma ½', 'Inggris');
INSERT IGNORE INTO Subtitle VALUES ('Ranma ½', 'Korea');
INSERT IGNORE INTO Konten VALUES ('Watch What Happens Live with Andy Cohen', 'Bravo network executive Andy Cohen discusses pop culture topics with celebrities and reality show personalities.', 2009, 'TV-14', 'Serial_TV');
INSERT IGNORE INTO Serial_TV VALUES ('Watch What Happens Live with Andy Cohen', 22);
INSERT IGNORE INTO Genre_Konten VALUES ('Watch What Happens Live with Andy Cohen', 24);
INSERT IGNORE INTO Genre_Konten VALUES ('Watch What Happens Live with Andy Cohen', 8);
INSERT IGNORE INTO Aktor (`nama_lengkap`) VALUES ('Andy Cohen');
INSERT IGNORE INTO Peran VALUES ('Andy Cohen', 'Watch What Happens Live with Andy Cohen', 'Self - Host');
INSERT IGNORE INTO Episode VALUES ('Watch What Happens Live with Andy Cohen', 1, 1, 'Pilot: Danielle Staub', '', 30);
INSERT IGNORE INTO Episode VALUES ('Watch What Happens Live with Andy Cohen', 1, 2, 'Kelly Ripa, Mark Consuelos & Isaac Mizrahi', '', 30);
INSERT IGNORE INTO Episode VALUES ('Watch What Happens Live with Andy Cohen', 1, 3, 'Sheree Whitfield', '', 30);
INSERT IGNORE INTO Audio VALUES ('Watch What Happens Live with Andy Cohen', 'Spanyol');
INSERT IGNORE INTO Audio VALUES ('Watch What Happens Live with Andy Cohen', 'Korea');
INSERT IGNORE INTO Audio VALUES ('Watch What Happens Live with Andy Cohen', 'Indonesia');
INSERT IGNORE INTO Subtitle VALUES ('Watch What Happens Live with Andy Cohen', 'Indonesia');
INSERT IGNORE INTO Konten VALUES ('The Summer I Turned Pretty', 'Every summer, Belly and her family head to the Fishers’ beach house in Cousins. Every summer is the same ... until Belly turns sixteen. Relationships will be tested, painful truths will be revealed, and Belly will be forever changed. It’s a summer of first love, first heartbreak and growing up — it''s the summer she turns pretty.', 2022, 'TV-14', 'Serial_TV');
INSERT IGNORE INTO Serial_TV VALUES ('The Summer I Turned Pretty', 3);
INSERT IGNORE INTO Genre_Konten VALUES ('The Summer I Turned Pretty', 4);
INSERT IGNORE INTO Aktor (`nama_lengkap`) VALUES ('Lola Tung');
INSERT IGNORE INTO Peran VALUES ('Lola Tung', 'The Summer I Turned Pretty', 'Isabel ''Belly'' Conklin');
INSERT IGNORE INTO Aktor (`nama_lengkap`) VALUES ('Christopher Briney');
INSERT IGNORE INTO Peran VALUES ('Christopher Briney', 'The Summer I Turned Pretty', 'Conrad Fisher');
INSERT IGNORE INTO Aktor (`nama_lengkap`) VALUES ('Gavin Casalegno');
INSERT IGNORE INTO Peran VALUES ('Gavin Casalegno', 'The Summer I Turned Pretty', 'Jeremiah Fisher');
INSERT IGNORE INTO Aktor (`nama_lengkap`) VALUES ('Sean Kaufman');
INSERT IGNORE INTO Peran VALUES ('Sean Kaufman', 'The Summer I Turned Pretty', 'Steven Conklin');
INSERT IGNORE INTO Aktor (`nama_lengkap`) VALUES ('Rain Spencer');
INSERT IGNORE INTO Peran VALUES ('Rain Spencer', 'The Summer I Turned Pretty', 'Taylor Jewel');
INSERT IGNORE INTO Aktor (`nama_lengkap`) VALUES ('Jackie Chung');
INSERT IGNORE INTO Peran VALUES ('Jackie Chung', 'The Summer I Turned Pretty', 'Laurel Park');
INSERT IGNORE INTO Aktor (`nama_lengkap`) VALUES ('Isabella Briggs');
INSERT IGNORE INTO Peran VALUES ('Isabella Briggs', 'The Summer I Turned Pretty', 'Denise');
INSERT IGNORE INTO Aktor (`nama_lengkap`) VALUES ('Kristen Connolly');
INSERT IGNORE INTO Peran VALUES ('Kristen Connolly', 'The Summer I Turned Pretty', 'Lucinda Jewel');
INSERT IGNORE INTO Episode VALUES ('The Summer I Turned Pretty', 1, 1, 'Summer House', 'It''s the first real day of summer: the day Belly, her brother Steven, and her mother Laurel head to Cousins beach to stay with Susannah Fisher, who''s like Belly''s second mother, and her boys, Conrad and Jeremiah. Belly''s been going to Cousins since she before was born, but something about this summer feels different for Belly. And if the first night is any indication, she''s right.', 45);
INSERT IGNORE INTO Episode VALUES ('The Summer I Turned Pretty', 1, 2, 'Summer Dress', 'It''s Belly''s first day as a debutante, and a day of shopping and tea parties make her wonder if she made the right choice when she checked yes on Susannah''s invitation. But when Cam shows up, things turn around for Belly. Her summer of firsts is just getting started. Meanwhile, Steven''s having his own summer of romance, and Laurel is intrigued by a fellow author.', 39);
INSERT IGNORE INTO Episode VALUES ('The Summer I Turned Pretty', 1, 3, 'Summer Nights', 'It''s Belly''s 16th birthday and her best friend, Taylor, arrives in Cousins to help celebrate. Belly''s birthday is always her favorite day of the year, but this year she''s blindsided by a secret Taylor has been keeping from her. The debs ask Belly who she''s bringing to the debutante ball. Laurel and Susannah''s secret finally comes to light.', 45);
INSERT IGNORE INTO Audio VALUES ('The Summer I Turned Pretty', 'Korea');
INSERT IGNORE INTO Audio VALUES ('The Summer I Turned Pretty', 'Jepang');
INSERT IGNORE INTO Audio VALUES ('The Summer I Turned Pretty', 'Spanyol');
INSERT IGNORE INTO Subtitle VALUES ('The Summer I Turned Pretty', 'Indonesia');
INSERT IGNORE INTO Subtitle VALUES ('The Summer I Turned Pretty', 'Korea');
INSERT IGNORE INTO Subtitle VALUES ('The Summer I Turned Pretty', 'Jepang');
INSERT IGNORE INTO Konten VALUES ('Polizeiruf 110', 'Polizeiruf 110 is a long-running German language detective television series. The first episode was broadcast 27 June 1971 in the German Democratic Republic, and after the dissolution of Fernsehen der DDR the series was picked up by ARD. It was originally created as a counterpart to the West German series Tatort, and quickly became a public favorite.', 1971, 'NR', 'Serial_TV');
INSERT IGNORE INTO Serial_TV VALUES ('Polizeiruf 110', 54);
INSERT IGNORE INTO Genre_Konten VALUES ('Polizeiruf 110', 2);
INSERT IGNORE INTO Episode VALUES ('Polizeiruf 110', 1, 1, 'Fuchs - 01 - Der Fall Lisa Murnau', 'The head of a post office discovered at the beginning of service that have been stolen from the vault 70,000 marks. The young officer Lisa Murnau was injured perilous Harry Wolter, her friend down.', 90);
INSERT IGNORE INTO Episode VALUES ('Polizeiruf 110', 1, 2, 'Die Schrottwaage', '', 90);
INSERT IGNORE INTO Audio VALUES ('Polizeiruf 110', 'Spanyol');
INSERT IGNORE INTO Audio VALUES ('Polizeiruf 110', 'Indonesia');
INSERT IGNORE INTO Audio VALUES ('Polizeiruf 110', 'Inggris');
INSERT IGNORE INTO Subtitle VALUES ('Polizeiruf 110', 'Spanyol');
INSERT IGNORE INTO Subtitle VALUES ('Polizeiruf 110', 'Korea');
INSERT IGNORE INTO Subtitle VALUES ('Polizeiruf 110', 'Inggris');
INSERT IGNORE INTO Subtitle VALUES ('Polizeiruf 110', 'Indonesia');
INSERT IGNORE INTO Konten VALUES ('Tougen Anki', 'After a Momotaro assassin suddenly kills his adoptive father, Shiki vows to avenge him. But first, he must learn to control his newly awakened Oni blood.', 2025, 'TV-MA', 'Serial_TV');
INSERT IGNORE INTO Serial_TV VALUES ('Tougen Anki', 1);
INSERT IGNORE INTO Genre_Konten VALUES ('Tougen Anki', 12);
INSERT IGNORE INTO Genre_Konten VALUES ('Tougen Anki', 11);
INSERT IGNORE INTO Genre_Konten VALUES ('Tougen Anki', 21);
INSERT IGNORE INTO Aktor (`nama_lengkap`) VALUES ('Kazuki Ura');
INSERT IGNORE INTO Peran VALUES ('Kazuki Ura', 'Tougen Anki', 'Shiki Ichinose (voice)');
INSERT IGNORE INTO Aktor (`nama_lengkap`) VALUES ('Hiroshi Kamiya');
INSERT IGNORE INTO Peran VALUES ('Hiroshi Kamiya', 'Tougen Anki', 'Naito Mudano (voice)');
INSERT IGNORE INTO Aktor (`nama_lengkap`) VALUES ('Koutaro Nishiyama');
INSERT IGNORE INTO Peran VALUES ('Koutaro Nishiyama', 'Tougen Anki', 'Jin Kougasaki (voice)');
INSERT IGNORE INTO Aktor (`nama_lengkap`) VALUES ('Manaka Iwami');
INSERT IGNORE INTO Peran VALUES ('Manaka Iwami', 'Tougen Anki', 'Homare Byobugaura (voice)');
INSERT IGNORE INTO Aktor (`nama_lengkap`) VALUES ('Shogo Sakata');
INSERT IGNORE INTO Peran VALUES ('Shogo Sakata', 'Tougen Anki', 'Ikari Yaoroshi (voice)');
INSERT IGNORE INTO Aktor (`nama_lengkap`) VALUES ('Natsuki Hanae');
INSERT IGNORE INTO Peran VALUES ('Natsuki Hanae', 'Tougen Anki', 'Juji Yusurube (voice)');
INSERT IGNORE INTO Aktor (`nama_lengkap`) VALUES ('Kaito Miura');
INSERT IGNORE INTO Peran VALUES ('Kaito Miura', 'Tougen Anki', 'Rokuro Kiriyama (voice)');
INSERT IGNORE INTO Aktor (`nama_lengkap`) VALUES ('Aimi');
INSERT IGNORE INTO Peran VALUES ('Aimi', 'Tougen Anki', 'Kuina Sazanami (voice)');
INSERT IGNORE INTO Episode VALUES ('Tougen Anki', 1, 1, 'Oni''s Blood', 'Teenager Shiki is attacked by a mysterious man. As his foster father Tsuyoshi helps him flee, he learns of his surprising and legendary heritage.', 24);
INSERT IGNORE INTO Episode VALUES ('Tougen Anki', 1, 2, 'If You Want to Make It, Keep On Winning', 'Shiki wakes up confused in front of Naito, who explains the situation between the Oni and the Momotaro.', 24);
INSERT IGNORE INTO Episode VALUES ('Tougen Anki', 1, 3, 'Blood Eclipse Release', 'The first test the boys face to enter the academy is playing "demon catcher."', 24);
INSERT IGNORE INTO Audio VALUES ('Tougen Anki', 'Spanyol');
INSERT IGNORE INTO Audio VALUES ('Tougen Anki', 'Jepang');
INSERT IGNORE INTO Audio VALUES ('Tougen Anki', 'Inggris');
INSERT IGNORE INTO Subtitle VALUES ('Tougen Anki', 'Inggris');
INSERT IGNORE INTO Subtitle VALUES ('Tougen Anki', 'Jepang');
INSERT IGNORE INTO Subtitle VALUES ('Tougen Anki', 'Indonesia');
INSERT IGNORE INTO Subtitle VALUES ('Tougen Anki', 'Korea');
COMMIT;
SET FOREIGN_KEY_CHECKS = 1;