USE `basdat_movie`;
SET FOREIGN_KEY_CHECKS=0;
START TRANSACTION;

-- ================= PAKET LANGGANAN =================

INSERT IGNORE INTO `Paket_Langganan` (`nama_paket`, `harga_bulanan`, `maks_resolusi`, `maks_perangkat`) VALUES ('Basic', 65000, '720p', 1);
INSERT IGNORE INTO `Paket_Langganan` (`nama_paket`, `harga_bulanan`, `maks_resolusi`, `maks_perangkat`) VALUES ('Standard', 120000, '1080p', 2);
INSERT IGNORE INTO `Paket_Langganan` (`nama_paket`, `harga_bulanan`, `maks_resolusi`, `maks_perangkat`) VALUES ('Premium', 186000, '4K+HDR', 4);

-- ================= KARTU KREDIT (150) =================
INSERT IGNORE INTO `Kartu_Kredit` (`nomor_kartu`, `jenis`, `empat_digit_nomor`, `tanggal_kadaluarsa`) VALUES ('4000-1003-2003-0003', 'Visa', '0003', '2029-03-31');
INSERT IGNORE INTO `Kartu_Kredit` (`nomor_kartu`, `jenis`, `empat_digit_nomor`, `tanggal_kadaluarsa`) VALUES ('5100-1004-2004-0004', 'Mastercard', '0004', '2027-04-30');
INSERT IGNORE INTO `Kartu_Kredit` (`nomor_kartu`, `jenis`, `empat_digit_nomor`, `tanggal_kadaluarsa`) VALUES ('3400-1005-2005-0005', 'Amex', '0005', '2028-05-31');
INSERT IGNORE INTO `Kartu_Kredit` (`nomor_kartu`, `jenis`, `empat_digit_nomor`, `tanggal_kadaluarsa`) VALUES ('4000-1006-2006-0006', 'Visa', '0006', '2029-06-30');
INSERT IGNORE INTO `Kartu_Kredit` (`nomor_kartu`, `jenis`, `empat_digit_nomor`, `tanggal_kadaluarsa`) VALUES ('5100-1007-2007-0007', 'Mastercard', '0007', '2027-07-31');
INSERT IGNORE INTO `Kartu_Kredit` (`nomor_kartu`, `jenis`, `empat_digit_nomor`, `tanggal_kadaluarsa`) VALUES ('3400-1008-2008-0008', 'Amex', '0008', '2028-08-31');
INSERT IGNORE INTO `Kartu_Kredit` (`nomor_kartu`, `jenis`, `empat_digit_nomor`, `tanggal_kadaluarsa`) VALUES ('4000-1009-2009-0009', 'Visa', '0009', '2029-09-30');
INSERT IGNORE INTO `Kartu_Kredit` (`nomor_kartu`, `jenis`, `empat_digit_nomor`, `tanggal_kadaluarsa`) VALUES ('5100-1010-2010-0010', 'Mastercard', '0010', '2027-10-31');
INSERT IGNORE INTO `Kartu_Kredit` (`nomor_kartu`, `jenis`, `empat_digit_nomor`, `tanggal_kadaluarsa`) VALUES ('5100-1013-2013-0013', 'Mastercard', '0013', '2027-01-31');
INSERT IGNORE INTO `Kartu_Kredit` (`nomor_kartu`, `jenis`, `empat_digit_nomor`, `tanggal_kadaluarsa`) VALUES ('3400-1014-2014-0014', 'Amex', '0014', '2028-02-28');
INSERT IGNORE INTO `Kartu_Kredit` (`nomor_kartu`, `jenis`, `empat_digit_nomor`, `tanggal_kadaluarsa`) VALUES ('4000-1015-2015-0015', 'Visa', '0015', '2029-03-31');
INSERT IGNORE INTO `Kartu_Kredit` (`nomor_kartu`, `jenis`, `empat_digit_nomor`, `tanggal_kadaluarsa`) VALUES ('5100-1016-2016-0016', 'Mastercard', '0016', '2027-04-30');
INSERT IGNORE INTO `Kartu_Kredit` (`nomor_kartu`, `jenis`, `empat_digit_nomor`, `tanggal_kadaluarsa`) VALUES ('3400-1017-2017-0017', 'Amex', '0017', '2028-05-31');
INSERT IGNORE INTO `Kartu_Kredit` (`nomor_kartu`, `jenis`, `empat_digit_nomor`, `tanggal_kadaluarsa`) VALUES ('4000-1018-2018-0018', 'Visa', '0018', '2029-06-30');
INSERT IGNORE INTO `Kartu_Kredit` (`nomor_kartu`, `jenis`, `empat_digit_nomor`, `tanggal_kadaluarsa`) VALUES ('5100-1019-2019-0019', 'Mastercard', '0019', '2027-07-31');
INSERT IGNORE INTO `Kartu_Kredit` (`nomor_kartu`, `jenis`, `empat_digit_nomor`, `tanggal_kadaluarsa`) VALUES ('3400-1020-2020-0020', 'Amex', '0020', '2028-08-31');
INSERT IGNORE INTO `Kartu_Kredit` (`nomor_kartu`, `jenis`, `empat_digit_nomor`, `tanggal_kadaluarsa`) VALUES ('3400-1023-2023-0023', 'Amex', '0023', '2028-11-30');
INSERT IGNORE INTO `Kartu_Kredit` (`nomor_kartu`, `jenis`, `empat_digit_nomor`, `tanggal_kadaluarsa`) VALUES ('4000-1024-2024-0024', 'Visa', '0024', '2029-12-31');
INSERT IGNORE INTO `Kartu_Kredit` (`nomor_kartu`, `jenis`, `empat_digit_nomor`, `tanggal_kadaluarsa`) VALUES ('5100-1025-2025-0025', 'Mastercard', '0025', '2027-01-31');
INSERT IGNORE INTO `Kartu_Kredit` (`nomor_kartu`, `jenis`, `empat_digit_nomor`, `tanggal_kadaluarsa`) VALUES ('3400-1026-2026-0026', 'Amex', '0026', '2028-02-28');
INSERT IGNORE INTO `Kartu_Kredit` (`nomor_kartu`, `jenis`, `empat_digit_nomor`, `tanggal_kadaluarsa`) VALUES ('4000-1027-2027-0027', 'Visa', '0027', '2029-03-31');
INSERT IGNORE INTO `Kartu_Kredit` (`nomor_kartu`, `jenis`, `empat_digit_nomor`, `tanggal_kadaluarsa`) VALUES ('5100-1028-2028-0028', 'Mastercard', '0028', '2027-04-30');
INSERT IGNORE INTO `Kartu_Kredit` (`nomor_kartu`, `jenis`, `empat_digit_nomor`, `tanggal_kadaluarsa`) VALUES ('3400-1029-2029-0029', 'Amex', '0029', '2028-05-31');
INSERT IGNORE INTO `Kartu_Kredit` (`nomor_kartu`, `jenis`, `empat_digit_nomor`, `tanggal_kadaluarsa`) VALUES ('4000-1030-2030-0030', 'Visa', '0030', '2029-06-30');
INSERT IGNORE INTO `Kartu_Kredit` (`nomor_kartu`, `jenis`, `empat_digit_nomor`, `tanggal_kadaluarsa`) VALUES ('4000-1033-2033-0033', 'Visa', '0033', '2029-09-30');
INSERT IGNORE INTO `Kartu_Kredit` (`nomor_kartu`, `jenis`, `empat_digit_nomor`, `tanggal_kadaluarsa`) VALUES ('5100-1034-2034-0034', 'Mastercard', '0034', '2027-10-31');
INSERT IGNORE INTO `Kartu_Kredit` (`nomor_kartu`, `jenis`, `empat_digit_nomor`, `tanggal_kadaluarsa`) VALUES ('3400-1035-2035-0035', 'Amex', '0035', '2028-11-30');
INSERT IGNORE INTO `Kartu_Kredit` (`nomor_kartu`, `jenis`, `empat_digit_nomor`, `tanggal_kadaluarsa`) VALUES ('4000-1036-2036-0036', 'Visa', '0036', '2029-12-31');
INSERT IGNORE INTO `Kartu_Kredit` (`nomor_kartu`, `jenis`, `empat_digit_nomor`, `tanggal_kadaluarsa`) VALUES ('5100-1037-2037-0037', 'Mastercard', '0037', '2027-01-31');
INSERT IGNORE INTO `Kartu_Kredit` (`nomor_kartu`, `jenis`, `empat_digit_nomor`, `tanggal_kadaluarsa`) VALUES ('3400-1038-2038-0038', 'Amex', '0038', '2028-02-28');
INSERT IGNORE INTO `Kartu_Kredit` (`nomor_kartu`, `jenis`, `empat_digit_nomor`, `tanggal_kadaluarsa`) VALUES ('4000-1039-2039-0039', 'Visa', '0039', '2029-03-31');
INSERT IGNORE INTO `Kartu_Kredit` (`nomor_kartu`, `jenis`, `empat_digit_nomor`, `tanggal_kadaluarsa`) VALUES ('5100-1040-2040-0040', 'Mastercard', '0040', '2027-04-30');
INSERT IGNORE INTO `Kartu_Kredit` (`nomor_kartu`, `jenis`, `empat_digit_nomor`, `tanggal_kadaluarsa`) VALUES ('5100-1043-2043-0043', 'Mastercard', '0043', '2027-07-31');
INSERT IGNORE INTO `Kartu_Kredit` (`nomor_kartu`, `jenis`, `empat_digit_nomor`, `tanggal_kadaluarsa`) VALUES ('3400-1044-2044-0044', 'Amex', '0044', '2028-08-31');
INSERT IGNORE INTO `Kartu_Kredit` (`nomor_kartu`, `jenis`, `empat_digit_nomor`, `tanggal_kadaluarsa`) VALUES ('4000-1045-2045-0045', 'Visa', '0045', '2029-09-30');
INSERT IGNORE INTO `Kartu_Kredit` (`nomor_kartu`, `jenis`, `empat_digit_nomor`, `tanggal_kadaluarsa`) VALUES ('5100-1046-2046-0046', 'Mastercard', '0046', '2027-10-31');
INSERT IGNORE INTO `Kartu_Kredit` (`nomor_kartu`, `jenis`, `empat_digit_nomor`, `tanggal_kadaluarsa`) VALUES ('3400-1047-2047-0047', 'Amex', '0047', '2028-11-30');
INSERT IGNORE INTO `Kartu_Kredit` (`nomor_kartu`, `jenis`, `empat_digit_nomor`, `tanggal_kadaluarsa`) VALUES ('4000-1048-2048-0048', 'Visa', '0048', '2029-12-31');
INSERT IGNORE INTO `Kartu_Kredit` (`nomor_kartu`, `jenis`, `empat_digit_nomor`, `tanggal_kadaluarsa`) VALUES ('5100-1049-2049-0049', 'Mastercard', '0049', '2027-01-31');
INSERT IGNORE INTO `Kartu_Kredit` (`nomor_kartu`, `jenis`, `empat_digit_nomor`, `tanggal_kadaluarsa`) VALUES ('3400-1050-2050-0050', 'Amex', '0050', '2028-02-28');
INSERT IGNORE INTO `Kartu_Kredit` (`nomor_kartu`, `jenis`, `empat_digit_nomor`, `tanggal_kadaluarsa`) VALUES ('3400-1053-2053-0053', 'Amex', '0053', '2028-05-31');
INSERT IGNORE INTO `Kartu_Kredit` (`nomor_kartu`, `jenis`, `empat_digit_nomor`, `tanggal_kadaluarsa`) VALUES ('4000-1054-2054-0054', 'Visa', '0054', '2029-06-30');
INSERT IGNORE INTO `Kartu_Kredit` (`nomor_kartu`, `jenis`, `empat_digit_nomor`, `tanggal_kadaluarsa`) VALUES ('5100-1055-2055-0055', 'Mastercard', '0055', '2027-07-31');
INSERT IGNORE INTO `Kartu_Kredit` (`nomor_kartu`, `jenis`, `empat_digit_nomor`, `tanggal_kadaluarsa`) VALUES ('3400-1056-2056-0056', 'Amex', '0056', '2028-08-31');
INSERT IGNORE INTO `Kartu_Kredit` (`nomor_kartu`, `jenis`, `empat_digit_nomor`, `tanggal_kadaluarsa`) VALUES ('4000-1057-2057-0057', 'Visa', '0057', '2029-09-30');
INSERT IGNORE INTO `Kartu_Kredit` (`nomor_kartu`, `jenis`, `empat_digit_nomor`, `tanggal_kadaluarsa`) VALUES ('5100-1058-2058-0058', 'Mastercard', '0058', '2027-10-31');
INSERT IGNORE INTO `Kartu_Kredit` (`nomor_kartu`, `jenis`, `empat_digit_nomor`, `tanggal_kadaluarsa`) VALUES ('3400-1059-2059-0059', 'Amex', '0059', '2028-11-30');
INSERT IGNORE INTO `Kartu_Kredit` (`nomor_kartu`, `jenis`, `empat_digit_nomor`, `tanggal_kadaluarsa`) VALUES ('4000-1060-2060-0060', 'Visa', '0060', '2029-12-31');
INSERT IGNORE INTO `Kartu_Kredit` (`nomor_kartu`, `jenis`, `empat_digit_nomor`, `tanggal_kadaluarsa`) VALUES ('4000-1063-2063-0063', 'Visa', '0063', '2029-03-31');
INSERT IGNORE INTO `Kartu_Kredit` (`nomor_kartu`, `jenis`, `empat_digit_nomor`, `tanggal_kadaluarsa`) VALUES ('5100-1064-2064-0064', 'Mastercard', '0064', '2027-04-30');
INSERT IGNORE INTO `Kartu_Kredit` (`nomor_kartu`, `jenis`, `empat_digit_nomor`, `tanggal_kadaluarsa`) VALUES ('3400-1065-2065-0065', 'Amex', '0065', '2028-05-31');
INSERT IGNORE INTO `Kartu_Kredit` (`nomor_kartu`, `jenis`, `empat_digit_nomor`, `tanggal_kadaluarsa`) VALUES ('4000-1066-2066-0066', 'Visa', '0066', '2029-06-30');
INSERT IGNORE INTO `Kartu_Kredit` (`nomor_kartu`, `jenis`, `empat_digit_nomor`, `tanggal_kadaluarsa`) VALUES ('5100-1067-2067-0067', 'Mastercard', '0067', '2027-07-31');
INSERT IGNORE INTO `Kartu_Kredit` (`nomor_kartu`, `jenis`, `empat_digit_nomor`, `tanggal_kadaluarsa`) VALUES ('3400-1068-2068-0068', 'Amex', '0068', '2028-08-31');
INSERT IGNORE INTO `Kartu_Kredit` (`nomor_kartu`, `jenis`, `empat_digit_nomor`, `tanggal_kadaluarsa`) VALUES ('4000-1069-2069-0069', 'Visa', '0069', '2029-09-30');
INSERT IGNORE INTO `Kartu_Kredit` (`nomor_kartu`, `jenis`, `empat_digit_nomor`, `tanggal_kadaluarsa`) VALUES ('5100-1070-2070-0070', 'Mastercard', '0070', '2027-10-31');
INSERT IGNORE INTO `Kartu_Kredit` (`nomor_kartu`, `jenis`, `empat_digit_nomor`, `tanggal_kadaluarsa`) VALUES ('5100-1073-2073-0073', 'Mastercard', '0073', '2027-01-31');
INSERT IGNORE INTO `Kartu_Kredit` (`nomor_kartu`, `jenis`, `empat_digit_nomor`, `tanggal_kadaluarsa`) VALUES ('3400-1074-2074-0074', 'Amex', '0074', '2028-02-28');
INSERT IGNORE INTO `Kartu_Kredit` (`nomor_kartu`, `jenis`, `empat_digit_nomor`, `tanggal_kadaluarsa`) VALUES ('4000-1075-2075-0075', 'Visa', '0075', '2029-03-31');
INSERT IGNORE INTO `Kartu_Kredit` (`nomor_kartu`, `jenis`, `empat_digit_nomor`, `tanggal_kadaluarsa`) VALUES ('5100-1076-2076-0076', 'Mastercard', '0076', '2027-04-30');
INSERT IGNORE INTO `Kartu_Kredit` (`nomor_kartu`, `jenis`, `empat_digit_nomor`, `tanggal_kadaluarsa`) VALUES ('3400-1077-2077-0077', 'Amex', '0077', '2028-05-31');
INSERT IGNORE INTO `Kartu_Kredit` (`nomor_kartu`, `jenis`, `empat_digit_nomor`, `tanggal_kadaluarsa`) VALUES ('4000-1078-2078-0078', 'Visa', '0078', '2029-06-30');
INSERT IGNORE INTO `Kartu_Kredit` (`nomor_kartu`, `jenis`, `empat_digit_nomor`, `tanggal_kadaluarsa`) VALUES ('5100-1079-2079-0079', 'Mastercard', '0079', '2027-07-31');
INSERT IGNORE INTO `Kartu_Kredit` (`nomor_kartu`, `jenis`, `empat_digit_nomor`, `tanggal_kadaluarsa`) VALUES ('3400-1080-2080-0080', 'Amex', '0080', '2028-08-31');
INSERT IGNORE INTO `Kartu_Kredit` (`nomor_kartu`, `jenis`, `empat_digit_nomor`, `tanggal_kadaluarsa`) VALUES ('3400-1083-2083-0083', 'Amex', '0083', '2028-11-30');
INSERT IGNORE INTO `Kartu_Kredit` (`nomor_kartu`, `jenis`, `empat_digit_nomor`, `tanggal_kadaluarsa`) VALUES ('4000-1084-2084-0084', 'Visa', '0084', '2029-12-31');
INSERT IGNORE INTO `Kartu_Kredit` (`nomor_kartu`, `jenis`, `empat_digit_nomor`, `tanggal_kadaluarsa`) VALUES ('5100-1085-2085-0085', 'Mastercard', '0085', '2027-01-31');
INSERT IGNORE INTO `Kartu_Kredit` (`nomor_kartu`, `jenis`, `empat_digit_nomor`, `tanggal_kadaluarsa`) VALUES ('3400-1086-2086-0086', 'Amex', '0086', '2028-02-28');
INSERT IGNORE INTO `Kartu_Kredit` (`nomor_kartu`, `jenis`, `empat_digit_nomor`, `tanggal_kadaluarsa`) VALUES ('4000-1087-2087-0087', 'Visa', '0087', '2029-03-31');
INSERT IGNORE INTO `Kartu_Kredit` (`nomor_kartu`, `jenis`, `empat_digit_nomor`, `tanggal_kadaluarsa`) VALUES ('5100-1088-2088-0088', 'Mastercard', '0088', '2027-04-30');
INSERT IGNORE INTO `Kartu_Kredit` (`nomor_kartu`, `jenis`, `empat_digit_nomor`, `tanggal_kadaluarsa`) VALUES ('3400-1089-2089-0089', 'Amex', '0089', '2028-05-31');
INSERT IGNORE INTO `Kartu_Kredit` (`nomor_kartu`, `jenis`, `empat_digit_nomor`, `tanggal_kadaluarsa`) VALUES ('4000-1090-2090-0090', 'Visa', '0090', '2029-06-30');
INSERT IGNORE INTO `Kartu_Kredit` (`nomor_kartu`, `jenis`, `empat_digit_nomor`, `tanggal_kadaluarsa`) VALUES ('4000-1093-2093-0093', 'Visa', '0093', '2029-09-30');
INSERT IGNORE INTO `Kartu_Kredit` (`nomor_kartu`, `jenis`, `empat_digit_nomor`, `tanggal_kadaluarsa`) VALUES ('5100-1094-2094-0094', 'Mastercard', '0094', '2027-10-31');
INSERT IGNORE INTO `Kartu_Kredit` (`nomor_kartu`, `jenis`, `empat_digit_nomor`, `tanggal_kadaluarsa`) VALUES ('3400-1095-2095-0095', 'Amex', '0095', '2028-11-30');
INSERT IGNORE INTO `Kartu_Kredit` (`nomor_kartu`, `jenis`, `empat_digit_nomor`, `tanggal_kadaluarsa`) VALUES ('4000-1096-2096-0096', 'Visa', '0096', '2029-12-31');
INSERT IGNORE INTO `Kartu_Kredit` (`nomor_kartu`, `jenis`, `empat_digit_nomor`, `tanggal_kadaluarsa`) VALUES ('5100-1097-2097-0097', 'Mastercard', '0097', '2027-01-31');
INSERT IGNORE INTO `Kartu_Kredit` (`nomor_kartu`, `jenis`, `empat_digit_nomor`, `tanggal_kadaluarsa`) VALUES ('3400-1098-2098-0098', 'Amex', '0098', '2028-02-28');
INSERT IGNORE INTO `Kartu_Kredit` (`nomor_kartu`, `jenis`, `empat_digit_nomor`, `tanggal_kadaluarsa`) VALUES ('4000-1099-2099-0099', 'Visa', '0099', '2029-03-31');
INSERT IGNORE INTO `Kartu_Kredit` (`nomor_kartu`, `jenis`, `empat_digit_nomor`, `tanggal_kadaluarsa`) VALUES ('5100-1100-2100-0100', 'Mastercard', '0100', '2027-04-30');
INSERT IGNORE INTO `Kartu_Kredit` (`nomor_kartu`, `jenis`, `empat_digit_nomor`, `tanggal_kadaluarsa`) VALUES ('5100-1103-2103-0103', 'Mastercard', '0103', '2027-07-31');
INSERT IGNORE INTO `Kartu_Kredit` (`nomor_kartu`, `jenis`, `empat_digit_nomor`, `tanggal_kadaluarsa`) VALUES ('3400-1104-2104-0104', 'Amex', '0104', '2028-08-31');
INSERT IGNORE INTO `Kartu_Kredit` (`nomor_kartu`, `jenis`, `empat_digit_nomor`, `tanggal_kadaluarsa`) VALUES ('4000-1105-2105-0105', 'Visa', '0105', '2029-09-30');
INSERT IGNORE INTO `Kartu_Kredit` (`nomor_kartu`, `jenis`, `empat_digit_nomor`, `tanggal_kadaluarsa`) VALUES ('5100-1106-2106-0106', 'Mastercard', '0106', '2027-10-31');
INSERT IGNORE INTO `Kartu_Kredit` (`nomor_kartu`, `jenis`, `empat_digit_nomor`, `tanggal_kadaluarsa`) VALUES ('3400-1107-2107-0107', 'Amex', '0107', '2028-11-30');
INSERT IGNORE INTO `Kartu_Kredit` (`nomor_kartu`, `jenis`, `empat_digit_nomor`, `tanggal_kadaluarsa`) VALUES ('4000-1108-2108-0108', 'Visa', '0108', '2029-12-31');
INSERT IGNORE INTO `Kartu_Kredit` (`nomor_kartu`, `jenis`, `empat_digit_nomor`, `tanggal_kadaluarsa`) VALUES ('5100-1109-2109-0109', 'Mastercard', '0109', '2027-01-31');
INSERT IGNORE INTO `Kartu_Kredit` (`nomor_kartu`, `jenis`, `empat_digit_nomor`, `tanggal_kadaluarsa`) VALUES ('3400-1110-2110-0110', 'Amex', '0110', '2028-02-28');
INSERT IGNORE INTO `Kartu_Kredit` (`nomor_kartu`, `jenis`, `empat_digit_nomor`, `tanggal_kadaluarsa`) VALUES ('3400-1113-2113-0113', 'Amex', '0113', '2028-05-31');
INSERT IGNORE INTO `Kartu_Kredit` (`nomor_kartu`, `jenis`, `empat_digit_nomor`, `tanggal_kadaluarsa`) VALUES ('4000-1114-2114-0114', 'Visa', '0114', '2029-06-30');
INSERT IGNORE INTO `Kartu_Kredit` (`nomor_kartu`, `jenis`, `empat_digit_nomor`, `tanggal_kadaluarsa`) VALUES ('5100-1115-2115-0115', 'Mastercard', '0115', '2027-07-31');
INSERT IGNORE INTO `Kartu_Kredit` (`nomor_kartu`, `jenis`, `empat_digit_nomor`, `tanggal_kadaluarsa`) VALUES ('3400-1116-2116-0116', 'Amex', '0116', '2028-08-31');
INSERT IGNORE INTO `Kartu_Kredit` (`nomor_kartu`, `jenis`, `empat_digit_nomor`, `tanggal_kadaluarsa`) VALUES ('4000-1117-2117-0117', 'Visa', '0117', '2029-09-30');
INSERT IGNORE INTO `Kartu_Kredit` (`nomor_kartu`, `jenis`, `empat_digit_nomor`, `tanggal_kadaluarsa`) VALUES ('5100-1118-2118-0118', 'Mastercard', '0118', '2027-10-31');
INSERT IGNORE INTO `Kartu_Kredit` (`nomor_kartu`, `jenis`, `empat_digit_nomor`, `tanggal_kadaluarsa`) VALUES ('3400-1119-2119-0119', 'Amex', '0119', '2028-11-30');
INSERT IGNORE INTO `Kartu_Kredit` (`nomor_kartu`, `jenis`, `empat_digit_nomor`, `tanggal_kadaluarsa`) VALUES ('4000-1120-2120-0120', 'Visa', '0120', '2029-12-31');
INSERT IGNORE INTO `Kartu_Kredit` (`nomor_kartu`, `jenis`, `empat_digit_nomor`, `tanggal_kadaluarsa`) VALUES ('4000-1123-2123-0123', 'Visa', '0123', '2029-03-31');
INSERT IGNORE INTO `Kartu_Kredit` (`nomor_kartu`, `jenis`, `empat_digit_nomor`, `tanggal_kadaluarsa`) VALUES ('5100-1124-2124-0124', 'Mastercard', '0124', '2027-04-30');
INSERT IGNORE INTO `Kartu_Kredit` (`nomor_kartu`, `jenis`, `empat_digit_nomor`, `tanggal_kadaluarsa`) VALUES ('3400-1125-2125-0125', 'Amex', '0125', '2028-05-31');
INSERT IGNORE INTO `Kartu_Kredit` (`nomor_kartu`, `jenis`, `empat_digit_nomor`, `tanggal_kadaluarsa`) VALUES ('4000-1126-2126-0126', 'Visa', '0126', '2029-06-30');
INSERT IGNORE INTO `Kartu_Kredit` (`nomor_kartu`, `jenis`, `empat_digit_nomor`, `tanggal_kadaluarsa`) VALUES ('5100-1127-2127-0127', 'Mastercard', '0127', '2027-07-31');
INSERT IGNORE INTO `Kartu_Kredit` (`nomor_kartu`, `jenis`, `empat_digit_nomor`, `tanggal_kadaluarsa`) VALUES ('3400-1128-2128-0128', 'Amex', '0128', '2028-08-31');
INSERT IGNORE INTO `Kartu_Kredit` (`nomor_kartu`, `jenis`, `empat_digit_nomor`, `tanggal_kadaluarsa`) VALUES ('4000-1129-2129-0129', 'Visa', '0129', '2029-09-30');
INSERT IGNORE INTO `Kartu_Kredit` (`nomor_kartu`, `jenis`, `empat_digit_nomor`, `tanggal_kadaluarsa`) VALUES ('5100-1130-2130-0130', 'Mastercard', '0130', '2027-10-31');
INSERT IGNORE INTO `Kartu_Kredit` (`nomor_kartu`, `jenis`, `empat_digit_nomor`, `tanggal_kadaluarsa`) VALUES ('5100-1133-2133-0133', 'Mastercard', '0133', '2027-01-31');
INSERT IGNORE INTO `Kartu_Kredit` (`nomor_kartu`, `jenis`, `empat_digit_nomor`, `tanggal_kadaluarsa`) VALUES ('3400-1134-2134-0134', 'Amex', '0134', '2028-02-28');
INSERT IGNORE INTO `Kartu_Kredit` (`nomor_kartu`, `jenis`, `empat_digit_nomor`, `tanggal_kadaluarsa`) VALUES ('4000-1135-2135-0135', 'Visa', '0135', '2029-03-31');
INSERT IGNORE INTO `Kartu_Kredit` (`nomor_kartu`, `jenis`, `empat_digit_nomor`, `tanggal_kadaluarsa`) VALUES ('5100-1136-2136-0136', 'Mastercard', '0136', '2027-04-30');
INSERT IGNORE INTO `Kartu_Kredit` (`nomor_kartu`, `jenis`, `empat_digit_nomor`, `tanggal_kadaluarsa`) VALUES ('3400-1137-2137-0137', 'Amex', '0137', '2028-05-31');
INSERT IGNORE INTO `Kartu_Kredit` (`nomor_kartu`, `jenis`, `empat_digit_nomor`, `tanggal_kadaluarsa`) VALUES ('4000-1138-2138-0138', 'Visa', '0138', '2029-06-30');
INSERT IGNORE INTO `Kartu_Kredit` (`nomor_kartu`, `jenis`, `empat_digit_nomor`, `tanggal_kadaluarsa`) VALUES ('5100-1139-2139-0139', 'Mastercard', '0139', '2027-07-31');
INSERT IGNORE INTO `Kartu_Kredit` (`nomor_kartu`, `jenis`, `empat_digit_nomor`, `tanggal_kadaluarsa`) VALUES ('3400-1140-2140-0140', 'Amex', '0140', '2028-08-31');
INSERT IGNORE INTO `Kartu_Kredit` (`nomor_kartu`, `jenis`, `empat_digit_nomor`, `tanggal_kadaluarsa`) VALUES ('3400-1143-2143-0143', 'Amex', '0143', '2028-11-30');
INSERT IGNORE INTO `Kartu_Kredit` (`nomor_kartu`, `jenis`, `empat_digit_nomor`, `tanggal_kadaluarsa`) VALUES ('4000-1144-2144-0144', 'Visa', '0144', '2029-12-31');
INSERT IGNORE INTO `Kartu_Kredit` (`nomor_kartu`, `jenis`, `empat_digit_nomor`, `tanggal_kadaluarsa`) VALUES ('5100-1145-2145-0145', 'Mastercard', '0145', '2027-01-31');
INSERT IGNORE INTO `Kartu_Kredit` (`nomor_kartu`, `jenis`, `empat_digit_nomor`, `tanggal_kadaluarsa`) VALUES ('3400-1146-2146-0146', 'Amex', '0146', '2028-02-28');
INSERT IGNORE INTO `Kartu_Kredit` (`nomor_kartu`, `jenis`, `empat_digit_nomor`, `tanggal_kadaluarsa`) VALUES ('4000-1147-2147-0147', 'Visa', '0147', '2029-03-31');
INSERT IGNORE INTO `Kartu_Kredit` (`nomor_kartu`, `jenis`, `empat_digit_nomor`, `tanggal_kadaluarsa`) VALUES ('5100-1148-2148-0148', 'Mastercard', '0148', '2027-04-30');
INSERT IGNORE INTO `Kartu_Kredit` (`nomor_kartu`, `jenis`, `empat_digit_nomor`, `tanggal_kadaluarsa`) VALUES ('3400-1149-2149-0149', 'Amex', '0149', '2028-05-31');
INSERT IGNORE INTO `Kartu_Kredit` (`nomor_kartu`, `jenis`, `empat_digit_nomor`, `tanggal_kadaluarsa`) VALUES ('4000-1150-2150-0150', 'Visa', '0150', '2029-06-30');

-- ================= PELANGGAN (150) =================

INSERT IGNORE INTO `Pelanggan` VALUES ('andipra@yahoo.co.id', 'Andi Pratama', '1995-05-20', 'Basic', NULL);
INSERT IGNORE INTO `Pelanggan` VALUES ('budi_santoso@outlook.com', 'Budi Santoso', '1998-11-12', 'Standard', NULL);
INSERT IGNORE INTO `Pelanggan` VALUES ('cahyo3@hotmail.com', 'Cahyo Wibowo', '2001-02-15', 'Premium', '4000-1003-2003-0003');
INSERT IGNORE INTO `Pelanggan` VALUES ('dkurniawan@mail.com', 'Dimas Kurniawan', '1993-07-08', 'Basic', '5100-1004-2004-0004');
INSERT IGNORE INTO `Pelanggan` VALUES ('eko.saputra@gmail.com', 'Eko Saputra', '1990-09-30', 'Standard', '3400-1005-2005-0005');
INSERT IGNORE INTO `Pelanggan` VALUES ('fajarnug@yahoo.co.id', 'Fajar Nugroho', '1988-04-22', 'Premium', '4000-1006-2006-0006');
INSERT IGNORE INTO `Pelanggan` VALUES ('gilang_ramadhan@outlook.com', 'Gilang Ramadhan', '1999-01-05', 'Basic', '5100-1007-2007-0007');
INSERT IGNORE INTO `Pelanggan` VALUES ('hendra8@hotmail.com', 'Hendra Wijaya', '1996-06-18', 'Standard', '3400-1008-2008-0008');
INSERT IGNORE INTO `Pelanggan` VALUES ('ihakim@mail.com', 'Irfan Hakim', '2000-12-25', 'Premium', '4000-1009-2009-0009');
INSERT IGNORE INTO `Pelanggan` VALUES ('joko.susanto@gmail.com', 'Joko Susanto', '1992-08-14', 'Basic', '5100-1010-2010-0010');
INSERT IGNORE INTO `Pelanggan` VALUES ('kevinhar@yahoo.co.id', 'Kevin Hartono', '1994-03-29', 'Standard', NULL);
INSERT IGNORE INTO `Pelanggan` VALUES ('leo_firmansyah@outlook.com', 'Leo Firmansyah', '1989-10-10', 'Premium', NULL);
INSERT IGNORE INTO `Pelanggan` VALUES ('muhammad13@hotmail.com', 'Muhammad Rizky', '1997-05-05', 'Basic', '5100-1013-2013-0013');
INSERT IGNORE INTO `Pelanggan` VALUES ('nakbar@mail.com', 'Naufal Akbar', '2002-09-09', 'Standard', '3400-1014-2014-0014');
INSERT IGNORE INTO `Pelanggan` VALUES ('oscar.permana@gmail.com', 'Oscar Permana', '1991-01-17', 'Premium', '4000-1015-2015-0015');
INSERT IGNORE INTO `Pelanggan` VALUES ('putraadi@yahoo.co.id', 'Putra Aditya', '1987-11-20', 'Basic', '5100-1016-2016-0016');
INSERT IGNORE INTO `Pelanggan` VALUES ('rafi_ananda@outlook.com', 'Rafi Ananda', '1995-02-28', 'Standard', '3400-1017-2017-0017');
INSERT IGNORE INTO `Pelanggan` VALUES ('surya18@hotmail.com', 'Surya Permadi', '1998-07-12', 'Premium', '4000-1018-2018-0018');
INSERT IGNORE INTO `Pelanggan` VALUES ('trahman@mail.com', 'Taufik Rahman', '2003-04-04', 'Basic', '5100-1019-2019-0019');
INSERT IGNORE INTO `Pelanggan` VALUES ('wahyu.setiawan@gmail.com', 'Wahyu Setiawan', '1990-08-22', 'Standard', '3400-1020-2020-0020');
INSERT IGNORE INTO `Pelanggan` VALUES ('yusufmau@yahoo.co.id', 'Yusuf Maulana', '1996-12-01', 'Premium', NULL);
INSERT IGNORE INTO `Pelanggan` VALUES ('zaki_prasetyo@outlook.com', 'Zaki Prasetyo', '1993-05-15', 'Basic', NULL);
INSERT IGNORE INTO `Pelanggan` VALUES ('agus23@hotmail.com', 'Agus Salim', '1999-10-08', 'Standard', '3400-1023-2023-0023');
INSERT IGNORE INTO `Pelanggan` VALUES ('bsaputro@mail.com', 'Bagas Saputro', '1988-03-30', 'Premium', '4000-1024-2024-0024');
INSERT IGNORE INTO `Pelanggan` VALUES ('candra.kusuma@gmail.com', 'Candra Kusuma', '1994-09-19', 'Basic', '5100-1025-2025-0025');
INSERT IGNORE INTO `Pelanggan` VALUES ('dafamah@yahoo.co.id', 'Dafa Mahendra', '2001-01-22', 'Standard', '3400-1026-2026-0026');
INSERT IGNORE INTO `Pelanggan` VALUES ('evan_darmawan@outlook.com', 'Evan Darmawan', '1997-06-14', 'Premium', '4000-1027-2027-0027');
INSERT IGNORE INTO `Pelanggan` VALUES ('feri28@hotmail.com', 'Feri Gunawan', '1992-11-05', 'Basic', '5100-1028-2028-0028');
INSERT IGNORE INTO `Pelanggan` VALUES ('gpurnomo@mail.com', 'Galih Purnomo', '1989-02-18', 'Standard', '3400-1029-2029-0029');
INSERT IGNORE INTO `Pelanggan` VALUES ('hanif.wijaksono@gmail.com', 'Hanif Wijaksono', '2000-07-25', 'Premium', '4000-1030-2030-0030');
INSERT IGNORE INTO `Pelanggan` VALUES ('imamnug@yahoo.co.id', 'Imam Nugraha', '1995-04-10', 'Basic', NULL);
INSERT IGNORE INTO `Pelanggan` VALUES ('jefri_halim@outlook.com', 'Jefri Halim', '1998-08-29', 'Standard', NULL);
INSERT IGNORE INTO `Pelanggan` VALUES ('krisna33@hotmail.com', 'Krisna Murti', '2002-12-09', 'Premium', '4000-1033-2033-0033');
INSERT IGNORE INTO `Pelanggan` VALUES ('lhamdani@mail.com', 'Lutfi Hamdani', '1991-03-03', 'Basic', '5100-1034-2034-0034');
INSERT IGNORE INTO `Pelanggan` VALUES ('nanda.pratama@gmail.com', 'Nanda Pratama', '1996-10-17', 'Standard', '3400-1035-2035-0035');
INSERT IGNORE INTO `Pelanggan` VALUES ('ranggasas@yahoo.co.id', 'Rangga Sasmita', '1987-05-20', 'Premium', '4000-1036-2036-0036');
INSERT IGNORE INTO `Pelanggan` VALUES ('satria_wicaksono@outlook.com', 'Satria Wicaksono', '1993-09-12', 'Basic', '5100-1037-2037-0037');
INSERT IGNORE INTO `Pelanggan` VALUES ('teguh38@hotmail.com', 'Teguh Handoko', '1999-02-05', 'Standard', '3400-1038-2038-0038');
INSERT IGNORE INTO `Pelanggan` VALUES ('yaditama@mail.com', 'Yoga Aditama', '2003-06-28', 'Premium', '4000-1039-2039-0039');
INSERT IGNORE INTO `Pelanggan` VALUES ('arief.budiman@gmail.com', 'Arief Budiman', '1990-11-15', 'Basic', '5100-1040-2040-0040');
INSERT IGNORE INTO `Pelanggan` VALUES ('rizalram@yahoo.co.id', 'Rizal Ramli', '1994-01-08', 'Standard', NULL);
INSERT IGNORE INTO `Pelanggan` VALUES ('denny_sumargo@outlook.com', 'Denny Sumargo', '1988-08-30', 'Premium', NULL);
INSERT IGNORE INTO `Pelanggan` VALUES ('raffi43@hotmail.com', 'Raffi Ahmad', '2001-04-22', 'Basic', '5100-1043-2043-0043');
INSERT IGNORE INTO `Pelanggan` VALUES ('ronsu@mail.com', 'Ruben Onsu', '1997-12-05', 'Standard', '3400-1044-2044-0044');
INSERT IGNORE INTO `Pelanggan` VALUES ('atta.halilintar@gmail.com', 'Atta Halilintar', '1992-05-18', 'Premium', '4000-1045-2045-0045');
INSERT IGNORE INTO `Pelanggan` VALUES ('deddycor@yahoo.co.id', 'Deddy Corbuzier', '1995-09-25', 'Basic', '5100-1046-2046-0046');
INSERT IGNORE INTO `Pelanggan` VALUES ('sule_sutisna@outlook.com', 'Sule Sutisna', '1989-03-14', 'Standard', '3400-1047-2047-0047');
INSERT IGNORE INTO `Pelanggan` VALUES ('andre48@hotmail.com', 'Andre Taulany', '2000-07-29', 'Premium', '4000-1048-2048-0048');
INSERT IGNORE INTO `Pelanggan` VALUES ('rmalik@mail.com', 'Rafathar Malik', '1996-10-10', 'Basic', '5100-1049-2049-0049');
INSERT IGNORE INTO `Pelanggan` VALUES ('azka.mecca@gmail.com', 'Azka Mecca', '2002-02-05', 'Standard', '3400-1050-2050-0050');
INSERT IGNORE INTO `Pelanggan` VALUES ('anisarah@yahoo.co.id', 'Anisa Rahma', '1991-06-09', 'Premium', NULL);
INSERT IGNORE INTO `Pelanggan` VALUES ('bunga_citra@outlook.com', 'Bunga Citra', '1987-11-17', 'Basic', NULL);
INSERT IGNORE INTO `Pelanggan` VALUES ('cinta53@hotmail.com', 'Cinta Dewi', '1993-04-20', 'Standard', '3400-1053-2053-0053');
INSERT IGNORE INTO `Pelanggan` VALUES ('dsastro@mail.com', 'Dian Sastro', '1998-09-28', 'Premium', '4000-1054-2054-0054');
INSERT IGNORE INTO `Pelanggan` VALUES ('eka.putri@gmail.com', 'Eka Putri', '2003-01-12', 'Basic', '5100-1055-2055-0055');
INSERT IGNORE INTO `Pelanggan` VALUES ('fitrihan@yahoo.co.id', 'Fitri Handayani', '1990-05-04', 'Standard', '3400-1056-2056-0056');
INSERT IGNORE INTO `Pelanggan` VALUES ('gita_novaliana@outlook.com', 'Gita Novaliana', '1996-08-22', 'Premium', '4000-1057-2057-0057');
INSERT IGNORE INTO `Pelanggan` VALUES ('hana58@hotmail.com', 'Hana Safira', '1994-12-01', 'Basic', '5100-1058-2058-0058');
INSERT IGNORE INTO `Pelanggan` VALUES ('ipermata@mail.com', 'Indah Permata', '2001-03-15', 'Standard', '3400-1059-2059-0059');
INSERT IGNORE INTO `Pelanggan` VALUES ('jasmine.azzahra@gmail.com', 'Jasmine Azzahra', '1988-10-08', 'Premium', '4000-1060-2060-0060');
INSERT IGNORE INTO `Pelanggan` VALUES ('kartikasar@yahoo.co.id', 'Kartika Sari', '1995-02-30', 'Basic', NULL);
INSERT IGNORE INTO `Pelanggan` VALUES ('larasati_dewi@outlook.com', 'Larasati Dewi', '1997-07-19', 'Standard', NULL);
INSERT IGNORE INTO `Pelanggan` VALUES ('maya63@hotmail.com', 'Maya Anggraini', '1992-11-22', 'Premium', '4000-1063-2063-0063');
INSERT IGNORE INTO `Pelanggan` VALUES ('nkirana@mail.com', 'Nadya Kirana', '1999-04-14', 'Basic', '5100-1064-2064-0064');
INSERT IGNORE INTO `Pelanggan` VALUES ('olivia.wijaya@gmail.com', 'Olivia Wijaya', '1989-09-05', 'Standard', '3400-1065-2065-0065');
INSERT IGNORE INTO `Pelanggan` VALUES ('putrimah@yahoo.co.id', 'Putri Maharani', '2002-12-18', 'Premium', '4000-1066-2066-0066');
INSERT IGNORE INTO `Pelanggan` VALUES ('rani_wulandari@outlook.com', 'Rani Wulandari', '1991-05-25', 'Basic', '5100-1067-2067-0067');
INSERT IGNORE INTO `Pelanggan` VALUES ('sinta68@hotmail.com', 'Sinta Purnama', '1996-08-10', 'Standard', '3400-1068-2068-0068');
INSERT IGNORE INTO `Pelanggan` VALUES ('tandini@mail.com', 'Tiara Andini', '1987-01-29', 'Premium', '4000-1069-2069-0069');
INSERT IGNORE INTO `Pelanggan` VALUES ('winda.kusuma@gmail.com', 'Winda Kusuma', '1993-06-09', 'Basic', '5100-1070-2070-0070');
INSERT IGNORE INTO `Pelanggan` VALUES ('yunisha@yahoo.co.id', 'Yuni Shara', '1998-10-03', 'Standard', NULL);
INSERT IGNORE INTO `Pelanggan` VALUES ('zahra_maulida@outlook.com', 'Zahra Maulida', '2003-03-17', 'Premium', NULL);
INSERT IGNORE INTO `Pelanggan` VALUES ('ayu73@hotmail.com', 'Ayu Lestari', '1990-07-20', 'Basic', '5100-1073-2073-0073');
INSERT IGNORE INTO `Pelanggan` VALUES ('bsafitri@mail.com', 'Bella Safitri', '1994-11-12', 'Standard', '3400-1074-2074-0074');
INSERT IGNORE INTO `Pelanggan` VALUES ('cici.paramita@gmail.com', 'Cici Paramita', '2000-02-28', 'Premium', '4000-1075-2075-0075');
INSERT IGNORE INTO `Pelanggan` VALUES ('dewifor@yahoo.co.id', 'Dewi Fortuna', '1995-05-04', 'Basic', '5100-1076-2076-0076');
INSERT IGNORE INTO `Pelanggan` VALUES ('elsa_pitaloka@outlook.com', 'Elsa Pitaloka', '1989-09-22', 'Standard', '3400-1077-2077-0077');
INSERT IGNORE INTO `Pelanggan` VALUES ('fiona78@hotmail.com', 'Fiona Gabriella', '1997-12-01', 'Premium', '4000-1078-2078-0078');
INSERT IGNORE INTO `Pelanggan` VALUES ('ganastasia@mail.com', 'Gisela Anastasia', '2001-04-15', 'Basic', '5100-1079-2079-0079');
INSERT IGNORE INTO `Pelanggan` VALUES ('intan.nuraini@gmail.com', 'Intan Nuraini', '1992-08-08', 'Standard', '3400-1080-2080-0080');
INSERT IGNORE INTO `Pelanggan` VALUES ('keziaame@yahoo.co.id', 'Kezia Amelia', '1988-01-30', 'Premium', NULL);
INSERT IGNORE INTO `Pelanggan` VALUES ('lina_marlina@outlook.com', 'Lina Marlina', '1996-06-19', 'Basic', NULL);
INSERT IGNORE INTO `Pelanggan` VALUES ('melati83@hotmail.com', 'Melati Kusuma', '1993-11-22', 'Standard', '3400-1083-2083-0083');
INSERT IGNORE INTO `Pelanggan` VALUES ('nsaphira@mail.com', 'Nadia Saphira', '2002-03-14', 'Premium', '4000-1084-2084-0084');
INSERT IGNORE INTO `Pelanggan` VALUES ('prilly.latuconsina@gmail.com', 'Prilly Latuconsina', '1991-07-05', 'Basic', '5100-1085-2085-0085');
INSERT IGNORE INTO `Pelanggan` VALUES ('sherinamun@yahoo.co.id', 'Sherina Munaf', '1999-10-18', 'Standard', '3400-1086-2086-0086');
INSERT IGNORE INTO `Pelanggan` VALUES ('tika_panggabean@outlook.com', 'Tika Panggabean', '1987-02-25', 'Premium', '4000-1087-2087-0087');
INSERT IGNORE INTO `Pelanggan` VALUES ('wulan88@hotmail.com', 'Wulan Guritno', '1994-05-10', 'Basic', '5100-1088-2088-0088');
INSERT IGNORE INTO `Pelanggan` VALUES ('ysari@mail.com', 'Yolanda Sari', '2000-09-29', 'Standard', '3400-1089-2089-0089');
INSERT IGNORE INTO `Pelanggan` VALUES ('amanda.manopo@gmail.com', 'Amanda Manopo', '1995-12-09', 'Premium', '4000-1090-2090-0090');
INSERT IGNORE INTO `Pelanggan` VALUES ('raisaand@yahoo.co.id', 'Raisa Andriana', '1990-04-03', 'Basic', NULL);
INSERT IGNORE INTO `Pelanggan` VALUES ('isyana_sarasvati@outlook.com', 'Isyana Sarasvati', '1998-08-17', 'Standard', NULL);
INSERT IGNORE INTO `Pelanggan` VALUES ('maudy93@hotmail.com', 'Maudy Ayunda', '2003-01-20', 'Premium', '4000-1093-2093-0093');
INSERT IGNORE INTO `Pelanggan` VALUES ('cislan@mail.com', 'Chelsea Islan', '1992-05-12', 'Basic', '5100-1094-2094-0094');
INSERT IGNORE INTO `Pelanggan` VALUES ('pevita.pearce@gmail.com', 'Pevita Pearce', '1989-10-05', 'Standard', '3400-1095-2095-0095');
INSERT IGNORE INTO `Pelanggan` VALUES ('dianpel@yahoo.co.id', 'Dian Pelangi', '1997-02-28', 'Premium', '4000-1096-2096-0096');
INSERT IGNORE INTO `Pelanggan` VALUES ('nagita_slavina@outlook.com', 'Nagita Slavina', '2001-07-15', 'Basic', '5100-1097-2097-0097');
INSERT IGNORE INTO `Pelanggan` VALUES ('luna98@hotmail.com', 'Luna Maya', '1994-11-22', 'Standard', '3400-1098-2098-0098');
INSERT IGNORE INTO `Pelanggan` VALUES ('sdewi@mail.com', 'Sandra Dewi', '1988-03-04', 'Premium', '4000-1099-2099-0099');
INSERT IGNORE INTO `Pelanggan` VALUES ('nikita.willy@gmail.com', 'Nikita Willy', '1996-09-08', 'Basic', '5100-1100-2100-0100');
INSERT IGNORE INTO `Pelanggan` VALUES ('rezarah@yahoo.co.id', 'Reza Rahardian', '1991-12-30', 'Standard', NULL);
INSERT IGNORE INTO `Pelanggan` VALUES ('iqbaal_ramadhan@outlook.com', 'Iqbaal Ramadhan', '2002-04-19', 'Premium', NULL);
INSERT IGNORE INTO `Pelanggan` VALUES ('aliando103@hotmail.com', 'Aliando Syarief', '1993-08-14', 'Basic', '5100-1103-2103-0103');
INSERT IGNORE INTO `Pelanggan` VALUES ('ayasiz@mail.com', 'Arbani Yasiz', '1999-01-05', 'Standard', '3400-1104-2104-0104');
INSERT IGNORE INTO `Pelanggan` VALUES ('bryan.domani@gmail.com', 'Bryan Domani', '1987-06-25', 'Premium', '4000-1105-2105-0105');
INSERT IGNORE INTO `Pelanggan` VALUES ('diktawic@yahoo.co.id', 'Dikta Wicaksono', '1995-10-10', 'Basic', '5100-1106-2106-0106');
INSERT IGNORE INTO `Pelanggan` VALUES ('ericko_lim@outlook.com', 'Ericko Lim', '1990-03-03', 'Standard', '3400-1107-2107-0107');
INSERT IGNORE INTO `Pelanggan` VALUES ('fadil108@hotmail.com', 'Fadil Jaidi', '1998-07-17', 'Premium', '4000-1108-2108-0108');
INSERT IGNORE INTO `Pelanggan` VALUES ('gmarten@mail.com', 'Gading Marten', '2003-11-20', 'Basic', '5100-1109-2109-0109');
INSERT IGNORE INTO `Pelanggan` VALUES ('harris.vriza@gmail.com', 'Harris Vriza', '1992-04-12', 'Standard', '3400-1110-2110-0110');
INSERT IGNORE INTO `Pelanggan` VALUES ('ibnujam@yahoo.co.id', 'Ibnu Jamil', '1989-08-05', 'Premium', NULL);
INSERT IGNORE INTO `Pelanggan` VALUES ('jerome_polin@outlook.com', 'Jerome Polin', '1997-12-28', 'Basic', NULL);
INSERT IGNORE INTO `Pelanggan` VALUES ('keanu113@hotmail.com', 'Keanu Angelo', '2001-05-15', 'Standard', '3400-1113-2113-0113');
INSERT IGNORE INTO `Pelanggan` VALUES ('lhakim@mail.com', 'Lucky Hakim', '1994-09-22', 'Premium', '4000-1114-2114-0114');
INSERT IGNORE INTO `Pelanggan` VALUES ('mischa.chandrawinata@gmail.com', 'Mischa Chandrawinata', '1988-02-08', 'Basic', '5100-1115-2115-0115');
INSERT IGNORE INTO `Pelanggan` VALUES ('nicholassap@yahoo.co.id', 'Nicholas Saputra', '1996-06-30', 'Standard', '3400-1116-2116-0116');
INSERT IGNORE INTO `Pelanggan` VALUES ('omar_daniel@outlook.com', 'Omar Daniel', '1991-11-01', 'Premium', '4000-1117-2117-0117');
INSERT IGNORE INTO `Pelanggan` VALUES ('prambors118@hotmail.com', 'Prambors Andika', '2000-03-19', 'Basic', '5100-1118-2118-0118');
INSERT IGNORE INTO `Pelanggan` VALUES ('rkjaernett@mail.com', 'Rendy Kjaernett', '1993-07-25', 'Standard', '3400-1119-2119-0119');
INSERT IGNORE INTO `Pelanggan` VALUES ('stefan.william@gmail.com', 'Stefan William', '1987-12-14', 'Premium', '4000-1120-2120-0120');
INSERT IGNORE INTO `Pelanggan` VALUES ('torasud@yahoo.co.id', 'Tora Sudiro', '1995-04-05', 'Basic', NULL);
INSERT IGNORE INTO `Pelanggan` VALUES ('vidi_aldiano@outlook.com', 'Vidi Aldiano', '1999-09-10', 'Standard', NULL);
INSERT IGNORE INTO `Pelanggan` VALUES ('willy123@hotmail.com', 'Willy Dozan', '1990-01-29', 'Premium', '4000-1123-2123-0123');
INSERT IGNORE INTO `Pelanggan` VALUES ('xlim@mail.com', 'Xian Lim', '1998-05-22', 'Basic', '5100-1124-2124-0124');
INSERT IGNORE INTO `Pelanggan` VALUES ('yuki.kato@gmail.com', 'Yuki Kato', '2002-10-14', 'Standard', '3400-1125-2125-0125');
INSERT IGNORE INTO `Pelanggan` VALUES ('zivannalet@yahoo.co.id', 'Zivanna Letisha', '1992-02-03', 'Premium', '4000-1126-2126-0126');
INSERT IGNORE INTO `Pelanggan` VALUES ('adinia_wirasti@outlook.com', 'Adinia Wirasti', '1988-07-17', 'Basic', '5100-1127-2127-0127');
INSERT IGNORE INTO `Pelanggan` VALUES ('bambang128@hotmail.com', 'Bambang Pamungkas', '1996-11-20', 'Standard', '3400-1128-2128-0128');
INSERT IGNORE INTO `Pelanggan` VALUES ('ckhan@mail.com', 'Cakra Khan', '1991-04-08', 'Premium', '4000-1129-2129-0129');
INSERT IGNORE INTO `Pelanggan` VALUES ('desta.mahendra@gmail.com', 'Desta Mahendra', '2001-08-30', 'Basic', '5100-1130-2130-0130');
INSERT IGNORE INTO `Pelanggan` VALUES ('ernestpra@yahoo.co.id', 'Ernest Prakasa', '1994-12-12', 'Standard', NULL);
INSERT IGNORE INTO `Pelanggan` VALUES ('fiersa_besari@outlook.com', 'Fiersa Besari', '1989-05-05', 'Premium', NULL);
INSERT IGNORE INTO `Pelanggan` VALUES ('glenn133@hotmail.com', 'Glenn Fredly', '1997-09-18', 'Basic', '5100-1133-2133-0133');
INSERT IGNORE INTO `Pelanggan` VALUES ('hdaud@mail.com', 'Hamish Daud', '2000-01-25', 'Standard', '3400-1134-2134-0134');
INSERT IGNORE INTO `Pelanggan` VALUES ('iko.uwais@gmail.com', 'Iko Uwais', '1993-06-09', 'Premium', '4000-1135-2135-0135');
INSERT IGNORE INTO `Pelanggan` VALUES ('joetas@yahoo.co.id', 'Joe Taslim', '1998-10-22', 'Basic', '5100-1136-2136-0136');
INSERT IGNORE INTO `Pelanggan` VALUES ('kiki_fatmala@outlook.com', 'Kiki Fatmala', '1987-03-14', 'Standard', '3400-1137-2137-0137');
INSERT IGNORE INTO `Pelanggan` VALUES ('lesty138@hotmail.com', 'Lesty Kejora', '1995-07-28', 'Premium', '4000-1138-2138-0138');
INSERT IGNORE INTO `Pelanggan` VALUES ('mgoeslaw@mail.com', 'Melly Goeslaw', '2003-12-01', 'Basic', '5100-1139-2139-0139');
INSERT IGNORE INTO `Pelanggan` VALUES ('nino.fernandez@gmail.com', 'Nino Fernandez', '1991-04-15', 'Standard', '3400-1140-2140-0140');
INSERT IGNORE INTO `Pelanggan` VALUES ('onadioleo@yahoo.co.id', 'Onadio Leonardo', '1999-09-08', 'Premium', NULL);
INSERT IGNORE INTO `Pelanggan` VALUES ('pamela_bowie@outlook.com', 'Pamela Bowie', '1990-01-30', 'Basic', NULL);
INSERT IGNORE INTO `Pelanggan` VALUES ('qory143@hotmail.com', 'Qory Sandioriva', '1996-06-12', 'Standard', '3400-1143-2143-0143');
INSERT IGNORE INTO `Pelanggan` VALUES ('ragus@mail.com', 'Ringgo Agus', '1988-10-25', 'Premium', '4000-1144-2144-0144');
INSERT IGNORE INTO `Pelanggan` VALUES ('soimah.pancawati@gmail.com', 'Soimah Pancawati', '2002-03-05', 'Basic', '5100-1145-2145-0145');
INSERT IGNORE INTO `Pelanggan` VALUES ('tuluspra@yahoo.co.id', 'Tulus Prasetyo', '1994-07-18', 'Standard', '3400-1146-2146-0146');
INSERT IGNORE INTO `Pelanggan` VALUES ('ucok_baba@outlook.com', 'Ucok Baba', '1992-12-10', 'Premium', '4000-1147-2147-0147');
INSERT IGNORE INTO `Pelanggan` VALUES ('vanessa148@hotmail.com', 'Vanessa Angel', '2000-04-20', 'Basic', '5100-1148-2148-0148');
INSERT IGNORE INTO `Pelanggan` VALUES ('wcagur@mail.com', 'Wendy Cagur', '1989-09-03', 'Standard', '3400-1149-2149-0149');
INSERT IGNORE INTO `Pelanggan` VALUES ('yura.yunita@gmail.com', 'Yura Yunita', '1997-01-15', 'Premium', '4000-1150-2150-0150');

-- ============================================================
-- PROFIL
-- ============================================================
INSERT IGNORE INTO `Profil` VALUES ('andipra@yahoo.co.id', 'Andi', 'Anak');
INSERT IGNORE INTO `Profil` VALUES ('budi_santoso@outlook.com', 'Budi', 'Anak');
INSERT IGNORE INTO `Profil` VALUES ('cahyo3@hotmail.com', 'cahyo', 'Remaja');
INSERT IGNORE INTO `Profil` VALUES ('dkurniawan@mail.com', 'Dims', 'Remaja');
INSERT IGNORE INTO `Profil` VALUES ('eko.saputra@gmail.com', 'Ekoo', 'Remaja');
INSERT IGNORE INTO `Profil` VALUES ('fajarnug@yahoo.co.id', 'Fajar', 'Dewasa');
INSERT IGNORE INTO `Profil` VALUES ('gilang_ramadhan@outlook.com', 'gilang', 'Dewasa');
INSERT IGNORE INTO `Profil` VALUES ('hendra8@hotmail.com', 'Hendra', 'Dewasa');
INSERT IGNORE INTO `Profil` VALUES ('ihakim@mail.com', 'Irfan', 'Dewasa');
INSERT IGNORE INTO `Profil` VALUES ('joko.susanto@gmail.com', 'Joko', 'Dewasa');
INSERT IGNORE INTO `Profil` VALUES ('kevinhar@yahoo.co.id', 'Kevn', 'Anak');
INSERT IGNORE INTO `Profil` VALUES ('leo_firmansyah@outlook.com', 'Leo', 'Anak');
INSERT IGNORE INTO `Profil` VALUES ('muhammad13@hotmail.com', 'Muhammad', 'Remaja');
INSERT IGNORE INTO `Profil` VALUES ('nakbar@mail.com', 'naufal', 'Remaja');
INSERT IGNORE INTO `Profil` VALUES ('oscar.permana@gmail.com', 'Oscar', 'Remaja');
INSERT IGNORE INTO `Profil` VALUES ('putraadi@yahoo.co.id', 'Putra', 'Dewasa');
INSERT IGNORE INTO `Profil` VALUES ('rafi_ananda@outlook.com', 'Rafi', 'Dewasa');
INSERT IGNORE INTO `Profil` VALUES ('surya18@hotmail.com', 'Surya', 'Dewasa');
INSERT IGNORE INTO `Profil` VALUES ('trahman@mail.com', 'Taufik', 'Dewasa');
INSERT IGNORE INTO `Profil` VALUES ('wahyu.setiawan@gmail.com', 'Wahyu', 'Dewasa');
INSERT IGNORE INTO `Profil` VALUES ('yusufmau@yahoo.co.id', 'Yusuf', 'Anak');
INSERT IGNORE INTO `Profil` VALUES ('zaki_prasetyo@outlook.com', 'Zaki', 'Anak');
INSERT IGNORE INTO `Profil` VALUES ('agus23@hotmail.com', 'Agus', 'Remaja');
INSERT IGNORE INTO `Profil` VALUES ('bsaputro@mail.com', 'Bagas', 'Remaja');
INSERT IGNORE INTO `Profil` VALUES ('candra.kusuma@gmail.com', 'candra', 'Remaja');
INSERT IGNORE INTO `Profil` VALUES ('dafamah@yahoo.co.id', 'Dafa', 'Dewasa');
INSERT IGNORE INTO `Profil` VALUES ('evan_darmawan@outlook.com', 'evan', 'Dewasa');
INSERT IGNORE INTO `Profil` VALUES ('feri28@hotmail.com', 'Feri', 'Dewasa');
INSERT IGNORE INTO `Profil` VALUES ('gpurnomo@mail.com', 'Galih', 'Dewasa');
INSERT IGNORE INTO `Profil` VALUES ('hanif.wijaksono@gmail.com', 'Hanif', 'Dewasa');
INSERT IGNORE INTO `Profil` VALUES ('imamnug@yahoo.co.id', 'imam', 'Anak');
INSERT IGNORE INTO `Profil` VALUES ('jefri_halim@outlook.com', 'jefri', 'Anak');
INSERT IGNORE INTO `Profil` VALUES ('krisna33@hotmail.com', 'Kria', 'Remaja');
INSERT IGNORE INTO `Profil` VALUES ('lhamdani@mail.com', 'Luti', 'Remaja');
INSERT IGNORE INTO `Profil` VALUES ('nanda.pratama@gmail.com', 'Nanda', 'Remaja');
INSERT IGNORE INTO `Profil` VALUES ('ranggasas@yahoo.co.id', 'Rangga', 'Dewasa');
INSERT IGNORE INTO `Profil` VALUES ('satria_wicaksono@outlook.com', 'satria', 'Dewasa');
INSERT IGNORE INTO `Profil` VALUES ('teguh38@hotmail.com', 'Tegh', 'Dewasa');
INSERT IGNORE INTO `Profil` VALUES ('yaditama@mail.com', 'Yoga', 'Dewasa');
INSERT IGNORE INTO `Profil` VALUES ('arief.budiman@gmail.com', 'arief', 'Dewasa');
INSERT IGNORE INTO `Profil` VALUES ('rizalram@yahoo.co.id', 'Rizl', 'Anak');
INSERT IGNORE INTO `Profil` VALUES ('denny_sumargo@outlook.com', 'denny', 'Anak');
INSERT IGNORE INTO `Profil` VALUES ('raffi43@hotmail.com', 'Raffi', 'Remaja');
INSERT IGNORE INTO `Profil` VALUES ('ronsu@mail.com', 'Ruben', 'Remaja');
INSERT IGNORE INTO `Profil` VALUES ('atta.halilintar@gmail.com', 'Atta', 'Remaja');
INSERT IGNORE INTO `Profil` VALUES ('deddycor@yahoo.co.id', 'deddy', 'Dewasa');
INSERT IGNORE INTO `Profil` VALUES ('sule_sutisna@outlook.com', 'Sule', 'Dewasa');
INSERT IGNORE INTO `Profil` VALUES ('andre48@hotmail.com', 'Andre', 'Dewasa');
INSERT IGNORE INTO `Profil` VALUES ('rmalik@mail.com', 'rafathar', 'Dewasa');
INSERT IGNORE INTO `Profil` VALUES ('azka.mecca@gmail.com', 'azka', 'Dewasa');
INSERT IGNORE INTO `Profil` VALUES ('anisarah@yahoo.co.id', 'Ania', 'Anak');
INSERT IGNORE INTO `Profil` VALUES ('bunga_citra@outlook.com', 'Buna', 'Anak');
INSERT IGNORE INTO `Profil` VALUES ('cinta53@hotmail.com', 'cinta', 'Remaja');
INSERT IGNORE INTO `Profil` VALUES ('dsastro@mail.com', 'Dian', 'Remaja');
INSERT IGNORE INTO `Profil` VALUES ('eka.putri@gmail.com', 'eka', 'Remaja');
INSERT IGNORE INTO `Profil` VALUES ('fitrihan@yahoo.co.id', 'Fitri', 'Dewasa');
INSERT IGNORE INTO `Profil` VALUES ('gita_novaliana@outlook.com', 'gita', 'Dewasa');
INSERT IGNORE INTO `Profil` VALUES ('hana58@hotmail.com', 'Hana', 'Dewasa');
INSERT IGNORE INTO `Profil` VALUES ('ipermata@mail.com', 'indah', 'Dewasa');
INSERT IGNORE INTO `Profil` VALUES ('jasmine.azzahra@gmail.com', 'Jasmine', 'Dewasa');
INSERT IGNORE INTO `Profil` VALUES ('kartikasar@yahoo.co.id', 'Kara', 'Anak');
INSERT IGNORE INTO `Profil` VALUES ('larasati_dewi@outlook.com', 'larasati', 'Anak');
INSERT IGNORE INTO `Profil` VALUES ('maya63@hotmail.com', 'maya', 'Remaja');
INSERT IGNORE INTO `Profil` VALUES ('nkirana@mail.com', 'nadya', 'Remaja');
INSERT IGNORE INTO `Profil` VALUES ('olivia.wijaya@gmail.com', 'Olivia', 'Remaja');
INSERT IGNORE INTO `Profil` VALUES ('putrimah@yahoo.co.id', 'putri', 'Dewasa');
INSERT IGNORE INTO `Profil` VALUES ('rani_wulandari@outlook.com', 'rani', 'Dewasa');
INSERT IGNORE INTO `Profil` VALUES ('sinta68@hotmail.com', 'Sina', 'Dewasa');
INSERT IGNORE INTO `Profil` VALUES ('tandini@mail.com', 'Tiara', 'Dewasa');
INSERT IGNORE INTO `Profil` VALUES ('winda.kusuma@gmail.com', 'Wina', 'Dewasa');
INSERT IGNORE INTO `Profil` VALUES ('yunisha@yahoo.co.id', 'yuni', 'Anak');
INSERT IGNORE INTO `Profil` VALUES ('zahra_maulida@outlook.com', 'zahra', 'Anak');
INSERT IGNORE INTO `Profil` VALUES ('ayu73@hotmail.com', 'Ayuu', 'Remaja');
INSERT IGNORE INTO `Profil` VALUES ('bsafitri@mail.com', 'bella', 'Remaja');
INSERT IGNORE INTO `Profil` VALUES ('cici.paramita@gmail.com', 'cici', 'Remaja');
INSERT IGNORE INTO `Profil` VALUES ('dewifor@yahoo.co.id', 'dewi', 'Dewasa');
INSERT IGNORE INTO `Profil` VALUES ('elsa_pitaloka@outlook.com', 'elsa', 'Dewasa');
INSERT IGNORE INTO `Profil` VALUES ('fiona78@hotmail.com', 'Fioa', 'Dewasa');
INSERT IGNORE INTO `Profil` VALUES ('ganastasia@mail.com', 'Gisa', 'Dewasa');
INSERT IGNORE INTO `Profil` VALUES ('intan.nuraini@gmail.com', 'Intan', 'Dewasa');
INSERT IGNORE INTO `Profil` VALUES ('keziaame@yahoo.co.id', 'kezia', 'Anak');
INSERT IGNORE INTO `Profil` VALUES ('lina_marlina@outlook.com', 'lina', 'Anak');
INSERT IGNORE INTO `Profil` VALUES ('melati83@hotmail.com', 'Meli', 'Remaja');
INSERT IGNORE INTO `Profil` VALUES ('nsaphira@mail.com', 'nadia', 'Remaja');
INSERT IGNORE INTO `Profil` VALUES ('prilly.latuconsina@gmail.com', 'Priy', 'Remaja');
INSERT IGNORE INTO `Profil` VALUES ('sherinamun@yahoo.co.id', 'sherina', 'Dewasa');
INSERT IGNORE INTO `Profil` VALUES ('tika_panggabean@outlook.com', 'tika', 'Dewasa');
INSERT IGNORE INTO `Profil` VALUES ('wulan88@hotmail.com', 'Wuln', 'Dewasa');
INSERT IGNORE INTO `Profil` VALUES ('ysari@mail.com', 'yolanda', 'Dewasa');
INSERT IGNORE INTO `Profil` VALUES ('amanda.manopo@gmail.com', 'Amaa', 'Dewasa');
INSERT IGNORE INTO `Profil` VALUES ('raisaand@yahoo.co.id', 'raisa', 'Anak');
INSERT IGNORE INTO `Profil` VALUES ('isyana_sarasvati@outlook.com', 'Isyana', 'Anak');
INSERT IGNORE INTO `Profil` VALUES ('maudy93@hotmail.com', 'maudy', 'Remaja');
INSERT IGNORE INTO `Profil` VALUES ('cislan@mail.com', 'chelsea', 'Remaja');
INSERT IGNORE INTO `Profil` VALUES ('pevita.pearce@gmail.com', 'Pevita', 'Remaja');
INSERT IGNORE INTO `Profil` VALUES ('dianpel@yahoo.co.id', 'dian', 'Dewasa');
INSERT IGNORE INTO `Profil` VALUES ('nagita_slavina@outlook.com', 'Nagita', 'Dewasa');
INSERT IGNORE INTO `Profil` VALUES ('luna98@hotmail.com', 'Luna', 'Dewasa');
INSERT IGNORE INTO `Profil` VALUES ('sdewi@mail.com', 'Sandra', 'Dewasa');
INSERT IGNORE INTO `Profil` VALUES ('nikita.willy@gmail.com', 'Nikita', 'Dewasa');
INSERT IGNORE INTO `Profil` VALUES ('rezarah@yahoo.co.id', 'Reza', 'Anak');
INSERT IGNORE INTO `Profil` VALUES ('iqbaal_ramadhan@outlook.com', 'iqbaal', 'Anak');
INSERT IGNORE INTO `Profil` VALUES ('aliando103@hotmail.com', 'aliando', 'Remaja');
INSERT IGNORE INTO `Profil` VALUES ('ayasiz@mail.com', 'Arbani', 'Remaja');
INSERT IGNORE INTO `Profil` VALUES ('bryan.domani@gmail.com', 'Bryn', 'Remaja');
INSERT IGNORE INTO `Profil` VALUES ('diktawic@yahoo.co.id', 'Dika', 'Dewasa');
INSERT IGNORE INTO `Profil` VALUES ('ericko_lim@outlook.com', 'Ericko', 'Dewasa');
INSERT IGNORE INTO `Profil` VALUES ('fadil108@hotmail.com', 'Fadl', 'Dewasa');
INSERT IGNORE INTO `Profil` VALUES ('gmarten@mail.com', 'gading', 'Dewasa');
INSERT IGNORE INTO `Profil` VALUES ('harris.vriza@gmail.com', 'Harris', 'Dewasa');
INSERT IGNORE INTO `Profil` VALUES ('ibnujam@yahoo.co.id', 'ibnu', 'Anak');
INSERT IGNORE INTO `Profil` VALUES ('jerome_polin@outlook.com', 'Jerome', 'Anak');
INSERT IGNORE INTO `Profil` VALUES ('keanu113@hotmail.com', 'Keanu', 'Remaja');
INSERT IGNORE INTO `Profil` VALUES ('lhakim@mail.com', 'Lucy', 'Remaja');
INSERT IGNORE INTO `Profil` VALUES ('mischa.chandrawinata@gmail.com', 'mischa', 'Remaja');
INSERT IGNORE INTO `Profil` VALUES ('nicholassap@yahoo.co.id', 'Nics', 'Dewasa');
INSERT IGNORE INTO `Profil` VALUES ('omar_daniel@outlook.com', 'Omar', 'Dewasa');
INSERT IGNORE INTO `Profil` VALUES ('prambors118@hotmail.com', 'Pras', 'Dewasa');
INSERT IGNORE INTO `Profil` VALUES ('rkjaernett@mail.com', 'Reny', 'Dewasa');
INSERT IGNORE INTO `Profil` VALUES ('stefan.william@gmail.com', 'Stefan', 'Dewasa');
INSERT IGNORE INTO `Profil` VALUES ('torasud@yahoo.co.id', 'Tora', 'Anak');
INSERT IGNORE INTO `Profil` VALUES ('vidi_aldiano@outlook.com', 'Vidi', 'Anak');
INSERT IGNORE INTO `Profil` VALUES ('willy123@hotmail.com', 'Willy', 'Remaja');
INSERT IGNORE INTO `Profil` VALUES ('xlim@mail.com', 'Xian', 'Remaja');
INSERT IGNORE INTO `Profil` VALUES ('yuki.kato@gmail.com', 'Yuki', 'Remaja');
INSERT IGNORE INTO `Profil` VALUES ('zivannalet@yahoo.co.id', 'Zivanna', 'Dewasa');
INSERT IGNORE INTO `Profil` VALUES ('adinia_wirasti@outlook.com', 'adinia', 'Dewasa');
INSERT IGNORE INTO `Profil` VALUES ('bambang128@hotmail.com', 'Bambang', 'Dewasa');
INSERT IGNORE INTO `Profil` VALUES ('ckhan@mail.com', 'Cakra', 'Dewasa');
INSERT IGNORE INTO `Profil` VALUES ('desta.mahendra@gmail.com', 'desta', 'Dewasa');
INSERT IGNORE INTO `Profil` VALUES ('ernestpra@yahoo.co.id', 'ernest', 'Anak');
INSERT IGNORE INTO `Profil` VALUES ('fiersa_besari@outlook.com', 'fiersa', 'Anak');
INSERT IGNORE INTO `Profil` VALUES ('glenn133@hotmail.com', 'Glenn', 'Remaja');
INSERT IGNORE INTO `Profil` VALUES ('hdaud@mail.com', 'Hamish', 'Remaja');
INSERT IGNORE INTO `Profil` VALUES ('iko.uwais@gmail.com', 'Ikoo', 'Remaja');
INSERT IGNORE INTO `Profil` VALUES ('joetas@yahoo.co.id', 'Joe', 'Dewasa');
INSERT IGNORE INTO `Profil` VALUES ('kiki_fatmala@outlook.com', 'Kiki', 'Dewasa');
INSERT IGNORE INTO `Profil` VALUES ('lesty138@hotmail.com', 'Lesty', 'Dewasa');
INSERT IGNORE INTO `Profil` VALUES ('mgoeslaw@mail.com', 'Mely', 'Dewasa');
INSERT IGNORE INTO `Profil` VALUES ('nino.fernandez@gmail.com', 'nino', 'Dewasa');
INSERT IGNORE INTO `Profil` VALUES ('onadioleo@yahoo.co.id', 'Onadio', 'Anak');
INSERT IGNORE INTO `Profil` VALUES ('pamela_bowie@outlook.com', 'pamela', 'Anak');
INSERT IGNORE INTO `Profil` VALUES ('qory143@hotmail.com', 'Qory', 'Remaja');
INSERT IGNORE INTO `Profil` VALUES ('ragus@mail.com', 'Rino', 'Remaja');
INSERT IGNORE INTO `Profil` VALUES ('soimah.pancawati@gmail.com', 'Soih', 'Remaja');
INSERT IGNORE INTO `Profil` VALUES ('tuluspra@yahoo.co.id', 'Tulus', 'Dewasa');
INSERT IGNORE INTO `Profil` VALUES ('ucok_baba@outlook.com', 'Ucok', 'Dewasa');
INSERT IGNORE INTO `Profil` VALUES ('vanessa148@hotmail.com', 'vanessa', 'Dewasa');
INSERT IGNORE INTO `Profil` VALUES ('wcagur@mail.com', 'wendy', 'Dewasa');
INSERT IGNORE INTO `Profil` VALUES ('yura.yunita@gmail.com', 'Yura', 'Dewasa');


-- ================= GENRE (15) =================
INSERT IGNORE INTO `Genre` (`genre_id`,`nama_genre`) VALUES (1,'Action');
INSERT IGNORE INTO `Genre` (`genre_id`,`nama_genre`) VALUES (2,'Crime');
INSERT IGNORE INTO `Genre` (`genre_id`,`nama_genre`) VALUES (3,'Thriller');
INSERT IGNORE INTO `Genre` (`genre_id`,`nama_genre`) VALUES (4,'Drama');
INSERT IGNORE INTO `Genre` (`genre_id`,`nama_genre`) VALUES (5,'Comedy');
INSERT IGNORE INTO `Genre` (`genre_id`,`nama_genre`) VALUES (6,'Sci-Fi');
INSERT IGNORE INTO `Genre` (`genre_id`,`nama_genre`) VALUES (7,'Horror');
INSERT IGNORE INTO `Genre` (`genre_id`,`nama_genre`) VALUES (8,'Romance');
INSERT IGNORE INTO `Genre` (`genre_id`,`nama_genre`) VALUES (9,'Adventure');
INSERT IGNORE INTO `Genre` (`genre_id`,`nama_genre`) VALUES (10,'Fantasy');
INSERT IGNORE INTO `Genre` (`genre_id`,`nama_genre`) VALUES (11,'Animation');
INSERT IGNORE INTO `Genre` (`genre_id`,`nama_genre`) VALUES (12,'Mystery');
INSERT IGNORE INTO `Genre` (`genre_id`,`nama_genre`) VALUES (13,'Family');
INSERT IGNORE INTO `Genre` (`genre_id`,`nama_genre`) VALUES (14,'Biography');
INSERT IGNORE INTO `Genre` (`genre_id`,`nama_genre`) VALUES (15,'History');

INSERT IGNORE INTO `Aktor` VALUES ('Gina Carano','1982-04-16','USA');
INSERT IGNORE INTO `Aktor` VALUES ('Rosario Dawson','1979-05-09','USA');
INSERT IGNORE INTO `Aktor` VALUES ('Mads Mikkelsen','1965-11-22','Denmark');
INSERT IGNORE INTO `Aktor` VALUES ('J.K. Simmons','1955-01-09','USA');
-- Additional actors needed for Peran mappings
INSERT IGNORE INTO `Aktor` VALUES ('Gemma Chan','1982-11-29','UK');
INSERT IGNORE INTO `Aktor` VALUES ('Fionn Whitehead','1997-07-18','UK');
INSERT IGNORE INTO `Aktor` VALUES ('Pevita Pearce','1992-10-06','Indonesia');
INSERT IGNORE INTO `Aktor` VALUES ('Tissa Biani','2002-07-25','Indonesia');
INSERT IGNORE INTO `Aktor` VALUES ('Cut Mini','1973-07-30','Indonesia');
INSERT IGNORE INTO `Aktor` VALUES ('Ernest Prakasa','1982-01-29','Indonesia');
INSERT IGNORE INTO `Aktor` VALUES ('Bene Dion','1985-04-05','Indonesia');
INSERT IGNORE INTO `Aktor` VALUES ('Luna Maya','1983-08-26','Indonesia');
INSERT IGNORE INTO `Aktor` VALUES ('Choi Min-sik','1962-05-30','South Korea');
INSERT IGNORE INTO `Aktor` VALUES ('Steven Yeun','1983-12-21','South Korea');
INSERT IGNORE INTO `Aktor` VALUES ('Tang Wei','1979-07-07','China');
INSERT IGNORE INTO `Aktor` VALUES ('Ryu Seung-ryong','1970-11-29','South Korea');
INSERT IGNORE INTO `Aktor` VALUES ('Jo Jung-suk','1980-12-26','South Korea');
INSERT IGNORE INTO `Aktor` VALUES ('Cha Tae-hyun','1976-03-25','South Korea');
INSERT IGNORE INTO `Aktor` VALUES ('Ha Jung-woo','1978-03-11','South Korea');
INSERT IGNORE INTO `Aktor` VALUES ('Kwak Do-won','1973-08-17','South Korea');
INSERT IGNORE INTO `Aktor` VALUES ('Daniel Radcliffe','1989-07-23','UK');
INSERT IGNORE INTO `Aktor` VALUES ('Eddie Redmayne','1982-01-06','UK');
INSERT IGNORE INTO `Aktor` VALUES ('Yuto Uemura','1993-10-23','Japan');
-- === Tambahan aktor dari blok TAMBAHAN SERIAL TV (digabung) ===
INSERT IGNORE INTO `Aktor` VALUES ('Bob Odenkirk','1962-10-22','USA');
INSERT IGNORE INTO `Aktor` VALUES ('Emilia Clarke','1986-10-23','UK');
INSERT IGNORE INTO `Aktor` VALUES ('Emma DArcy','1992-06-27','UK');
INSERT IGNORE INTO `Aktor` VALUES ('Millie Bobby Brown','2004-02-19','Spain');
INSERT IGNORE INTO `Aktor` VALUES ('Henry Cavill','1983-05-05','UK');
INSERT IGNORE INTO `Aktor` VALUES ('Michael C. Hall','1971-02-01','USA');
INSERT IGNORE INTO `Aktor` VALUES ('Claire Danes','1979-04-12','USA');
INSERT IGNORE INTO `Aktor` VALUES ('Evan Rachel Wood','1987-09-07','USA');
INSERT IGNORE INTO `Aktor` VALUES ('Karl Urban','1972-06-07','New Zealand');
INSERT IGNORE INTO `Aktor` VALUES ('Wagner Moura','1976-06-27','Brazil');
INSERT IGNORE INTO `Aktor` VALUES ('Alvaro Morte','1975-02-23','Spain');
INSERT IGNORE INTO `Aktor` VALUES ('Louis Hofmann','1997-06-03','Germany');
INSERT IGNORE INTO `Aktor` VALUES ('Jared Harris','1961-08-24','UK');
INSERT IGNORE INTO `Aktor` VALUES ('Matthew Fox','1966-07-14','USA');
INSERT IGNORE INTO `Aktor` VALUES ('Wentworth Miller','1972-06-02','USA');
INSERT IGNORE INTO `Aktor` VALUES ('Kiefer Sutherland','1966-12-21','UK');
INSERT IGNORE INTO `Aktor` VALUES ('Steve Carell','1962-08-16','USA');
INSERT IGNORE INTO `Aktor` VALUES ('Jennifer Aniston','1969-02-11','USA');
INSERT IGNORE INTO `Aktor` VALUES ('Josh Radnor','1974-07-29','USA');
INSERT IGNORE INTO `Aktor` VALUES ('Jerry Seinfeld','1954-04-29','USA');
INSERT IGNORE INTO `Aktor` VALUES ('Ed ONeill','1946-04-12','USA');
INSERT IGNORE INTO `Aktor` VALUES ('Andy Samberg','1978-08-18','USA');
INSERT IGNORE INTO `Aktor` VALUES ('Amy Poehler','1971-09-16','USA');
INSERT IGNORE INTO `Aktor` VALUES ('Gabriel Macht','1972-01-22','USA');
INSERT IGNORE INTO `Aktor` VALUES ('Hugh Laurie','1959-06-11','UK');
INSERT IGNORE INTO `Aktor` VALUES ('Ellen Pompeo','1969-11-10','USA');
INSERT IGNORE INTO `Aktor` VALUES ('William Petersen','1953-02-21','USA');
INSERT IGNORE INTO `Aktor` VALUES ('Mark Harmon','1951-09-02','USA');
INSERT IGNORE INTO `Aktor` VALUES ('Mandy Patinkin','1952-11-30','USA');
INSERT IGNORE INTO `Aktor` VALUES ('Mariska Hargitay','1964-01-23','USA');
INSERT IGNORE INTO `Aktor` VALUES ('Jensen Ackles','1978-03-01','USA');
INSERT IGNORE INTO `Aktor` VALUES ('Tom Welling','1977-04-26','USA');
INSERT IGNORE INTO `Aktor` VALUES ('Stephen Amell','1981-05-08','Canada');
INSERT IGNORE INTO `Aktor` VALUES ('Grant Gustin','1990-01-14','USA');
INSERT IGNORE INTO `Aktor` VALUES ('Caity Lotz','1986-12-30','USA');
INSERT IGNORE INTO `Aktor` VALUES ('Ben McKenzie','1978-09-12','USA');
INSERT IGNORE INTO `Aktor` VALUES ('Brenton Thwaites','1989-08-10','Australia');
INSERT IGNORE INTO `Aktor` VALUES ('Brendan Fraser','1968-12-03','Canada');
INSERT IGNORE INTO `Aktor` VALUES ('Steven Strait','1986-03-23','USA');
INSERT IGNORE INTO `Aktor` VALUES ('Edward James Olmos','1947-02-24','USA');
INSERT IGNORE INTO `Aktor` VALUES ('Nathan Fillion','1971-03-27','Canada');
INSERT IGNORE INTO `Aktor` VALUES ('Anna Torv','1979-06-07','Australia');
INSERT IGNORE INTO `Aktor` VALUES ('Andrew Lincoln','1973-09-14','UK');
INSERT IGNORE INTO `Aktor` VALUES ('Kim Dickens','1965-06-18','USA');
INSERT IGNORE INTO `Aktor` VALUES ('Travis Fimmel','1979-07-15','Australia');
INSERT IGNORE INTO `Aktor` VALUES ('Sam Corlett','1995-04-24','Australia');
INSERT IGNORE INTO `Aktor` VALUES ('Toby Stephens','1969-04-21','UK');
INSERT IGNORE INTO `Aktor` VALUES ('Kevin McKidd','1973-08-09','UK');
INSERT IGNORE INTO `Aktor` VALUES ('Andy Whitfield','1971-10-17','UK');
INSERT IGNORE INTO `Aktor` VALUES ('Tyler Posey','1991-10-18','USA');
INSERT IGNORE INTO `Aktor` VALUES ('KJ Apa','1997-06-17','New Zealand');
INSERT IGNORE INTO `Aktor` VALUES ('Tom Ellis','1978-11-17','UK');
INSERT IGNORE INTO `Aktor` VALUES ('Bae Doona','1979-10-11','South Korea');
INSERT IGNORE INTO `Aktor` VALUES ('Rami Malek','1981-05-12','USA');
INSERT IGNORE INTO `Aktor` VALUES ('Olivia Colman','1974-01-30','UK');
INSERT IGNORE INTO `Aktor` VALUES ('Elisabeth Moss','1982-07-24','USA');
INSERT IGNORE INTO `Aktor` VALUES ('Kevin Costner','1955-01-18','USA');
INSERT IGNORE INTO `Aktor` VALUES ('Jason Bateman','1969-01-14','USA');
INSERT IGNORE INTO `Aktor` VALUES ('Jon Hamm','1971-03-10','USA');
INSERT IGNORE INTO `Aktor` VALUES ('Steve Buscemi','1957-12-13','USA');
INSERT IGNORE INTO `Aktor` VALUES ('Brian Cox','1946-06-01','UK');
INSERT IGNORE INTO `Aktor` VALUES ('Adam Scott','1973-04-03','USA');
INSERT IGNORE INTO `Aktor` VALUES ('Diego Luna','1979-12-29','Mexico');
INSERT IGNORE INTO `Aktor` VALUES ('Sonequa Martin-Green','1985-03-21','USA');
INSERT IGNORE INTO `Aktor` VALUES ('Freddie Highmore','1992-02-14','UK');
INSERT IGNORE INTO `Aktor` VALUES ('Milo Ventimiglia','1977-07-08','USA');
INSERT IGNORE INTO `Aktor` VALUES ('Simon Baker','1969-07-30','Australia');
INSERT IGNORE INTO `Aktor` VALUES ('Jim Caviezel','1968-09-26','USA');
INSERT IGNORE INTO `Aktor` VALUES ('Jonny Lee Miller','1972-11-15','UK');
INSERT IGNORE INTO `Aktor` VALUES ('Dafne Keen','2005-01-04','Spain');
INSERT IGNORE INTO `Aktor` VALUES ('Tom Sturridge','1985-12-21','UK');
INSERT IGNORE INTO `Aktor` VALUES ('Richard Armitage','1971-08-22','UK');
INSERT IGNORE INTO `Aktor` VALUES ('Jack De Sena','1987-12-06','USA');
INSERT IGNORE INTO `Aktor` VALUES ('Zach Tyler Eisen','1993-09-25','USA');
INSERT IGNORE INTO `Aktor` VALUES ('Janet Varney','1976-02-16','USA');
INSERT IGNORE INTO `Aktor` VALUES ('Ju Ji-hoon','1982-05-16','South Korea');
INSERT IGNORE INTO `Aktor` VALUES ('Hyun Bin','1982-09-25','South Korea');
INSERT IGNORE INTO `Aktor` VALUES ('Park Bo-gum','1993-06-16','South Korea');
INSERT IGNORE INTO `Aktor` VALUES ('Lee Je-hoon','1984-07-04','South Korea');
INSERT IGNORE INTO `Aktor` VALUES ('Park Ji-hu','2003-11-07','South Korea');
INSERT IGNORE INTO `Aktor` VALUES ('Song Kang','1994-04-23','South Korea');
INSERT IGNORE INTO `Aktor` VALUES ('Park Eun-bin','1992-09-04','South Korea');
INSERT IGNORE INTO `Aktor` VALUES ('Yuki Kaji','1985-09-03','Japan');
INSERT IGNORE INTO `Aktor` VALUES ('Junko Takeuchi','1972-04-05','Japan');
INSERT IGNORE INTO `Aktor` VALUES ('Masakazu Morita','1972-10-21','Japan');
INSERT IGNORE INTO `Aktor` VALUES ('Mayumi Tanaka','1955-01-15','Japan');
INSERT IGNORE INTO `Aktor` VALUES ('Natsuki Hanae','1991-06-26','Japan');
INSERT IGNORE INTO `Aktor` VALUES ('Junya Enoki','1992-10-22','Japan');
INSERT IGNORE INTO `Aktor` VALUES ('Daiki Yamashita','1992-09-07','Japan');
INSERT IGNORE INTO `Aktor` VALUES ('Romi Park','1972-01-22','South Korea');
INSERT IGNORE INTO `Aktor` VALUES ('Mamoru Miyano','1983-06-08','Japan');
INSERT IGNORE INTO `Aktor` VALUES ('Megumi Han','1989-06-03','Japan');
INSERT IGNORE INTO `Aktor` VALUES ('Kikunosuke Toya','1998-12-30','Japan');
INSERT IGNORE INTO `Aktor` VALUES ('Yoshitsugu Matsuoka','1986-09-17','Japan');
INSERT IGNORE INTO `Aktor` VALUES ('Gakuto Kajiwara','1994-11-28','Japan');
INSERT IGNORE INTO `Aktor` VALUES ('Tetsuya Kakihara','1982-12-24','Japan');
INSERT IGNORE INTO `Aktor` VALUES ('Ayumu Murase','1988-12-14','Japan');
INSERT IGNORE INTO `Aktor` VALUES ('Kazuki Ura','1996-10-24','Japan');
INSERT IGNORE INTO `Aktor` VALUES ('Takuya Eguchi','1987-05-22','Japan');
INSERT IGNORE INTO `Aktor` VALUES ('Yusuke Kobayashi','1995-03-11','Japan');
INSERT IGNORE INTO `Aktor` VALUES ('Setsuo Ito','1991-03-20','Japan');
INSERT IGNORE INTO `Aktor` VALUES ('Giorgino Abraham','1994-11-30','Indonesia');
INSERT IGNORE INTO `Aktor` VALUES ('Refal Hady','1993-10-03','Indonesia');
INSERT IGNORE INTO `Aktor` VALUES ('Adhisty Zara','2003-06-21','Indonesia');

INSERT IGNORE INTO `Aktor` VALUES ('Cillian Murphy', '1976-05-25', 'Ireland');
INSERT IGNORE INTO `Aktor` VALUES ('Robert Downey Jr.', '1965-04-04', 'USA');
INSERT IGNORE INTO `Aktor` VALUES ('Margot Robbie', '1990-07-02', 'Australia');
INSERT IGNORE INTO `Aktor` VALUES ('Ryan Gosling', '1980-11-12', 'Canada');
INSERT IGNORE INTO `Aktor` VALUES ('Timothe Chalamet', '1995-12-27', 'USA');
INSERT IGNORE INTO `Aktor` VALUES ('Zendaya', '1996-09-01', 'USA');
INSERT IGNORE INTO `Aktor` VALUES ('Shameik Moore', '1995-05-04', 'USA');
INSERT IGNORE INTO `Aktor` VALUES ('Hailee Steinfeld', '1996-12-11', 'USA');
INSERT IGNORE INTO `Aktor` VALUES ('Robert Pattinson', '1986-05-13', 'UK');
INSERT IGNORE INTO `Aktor` VALUES ('Zoe Kravitz', '1988-12-01', 'USA');
INSERT IGNORE INTO `Aktor` VALUES ('Tom Cruise', '1962-07-03', 'USA');
INSERT IGNORE INTO `Aktor` VALUES ('Miles Teller', '1987-02-20', 'USA');
INSERT IGNORE INTO `Aktor` VALUES ('Sam Worthington', '1976-08-02', 'Australia');
INSERT IGNORE INTO `Aktor` VALUES ('Zoe Saldana', '1978-06-19', 'USA');
INSERT IGNORE INTO `Aktor` VALUES ('Chris Pratt', '1979-06-21', 'USA');
INSERT IGNORE INTO `Aktor` VALUES ('Bradley Cooper', '1975-01-05', 'USA');
INSERT IGNORE INTO `Aktor` VALUES ('Letitia Wright', '1993-10-31', 'Guyana');
INSERT IGNORE INTO `Aktor` VALUES ('Tenoch Huerta', '1981-01-29', 'Mexico');
INSERT IGNORE INTO `Aktor` VALUES ('Michelle Yeoh', '1962-08-06', 'Malaysia');
INSERT IGNORE INTO `Aktor` VALUES ('Ke Huy Quan', '1971-08-20', 'Vietnam');
INSERT IGNORE INTO `Aktor` VALUES ('Brendan Fraser', '1968-12-03', 'USA');
INSERT IGNORE INTO `Aktor` VALUES ('Sadie Sink', '2002-04-16', 'USA');
INSERT IGNORE INTO `Aktor` VALUES ('Keanu Reeves', '1964-09-02', 'Canada');
INSERT IGNORE INTO `Aktor` VALUES ('Emma Stone', '1988-11-06', 'USA');
INSERT IGNORE INTO `Aktor` VALUES ('Leonardo DiCaprio', '1974-11-11', 'USA');


-- ================= KONTEN =================
INSERT IGNORE INTO `Konten` (`judul`, `sinopsis`, `tahun_rilis`, `rating_usia`, `type`) VALUES ('Iron Man', 'Billionaire engineer builds a suit of armor.', 2008, '13+', 'Film');
INSERT IGNORE INTO `Konten` (`judul`, `sinopsis`, `tahun_rilis`, `rating_usia`, `type`) VALUES ('Iron Man 2', 'Stark faces pressure to share his tech.', 2010, '13+', 'Film');
INSERT IGNORE INTO `Konten` (`judul`, `sinopsis`, `tahun_rilis`, `rating_usia`, `type`) VALUES ('Iron Man 3', 'Stark faces a terrorist called the Mandarin.', 2013, '13+', 'Film');
INSERT IGNORE INTO `Konten` (`judul`, `sinopsis`, `tahun_rilis`, `rating_usia`, `type`) VALUES ('The Avengers', 'Earths mightiest heroes must come together.', 2012, '13+', 'Film');
INSERT IGNORE INTO `Konten` (`judul`, `sinopsis`, `tahun_rilis`, `rating_usia`, `type`) VALUES ('Avengers: Age of Ultron', 'Tony Stark builds an AI that goes rogue.', 2015, '13+', 'Film');
INSERT IGNORE INTO `Konten` (`judul`, `sinopsis`, `tahun_rilis`, `rating_usia`, `type`) VALUES ('Avengers: Infinity War', 'Thanos attempts to wipe out half the universe.', 2018, '13+', 'Film');
INSERT IGNORE INTO `Konten` (`judul`, `sinopsis`, `tahun_rilis`, `rating_usia`, `type`) VALUES ('Avengers: Endgame', 'Remaining Avengers try to reverse the snap.', 2019, '13+', 'Film');
INSERT IGNORE INTO `Konten` (`judul`, `sinopsis`, `tahun_rilis`, `rating_usia`, `type`) VALUES ('Thor', 'Arrogant god Thor is cast out of Asgard.', 2011, '13+', 'Film');
INSERT IGNORE INTO `Konten` (`judul`, `sinopsis`, `tahun_rilis`, `rating_usia`, `type`) VALUES ('Thor: The Dark World', 'Thor battles the Dark Elves.', 2013, '13+', 'Film');
INSERT IGNORE INTO `Konten` (`judul`, `sinopsis`, `tahun_rilis`, `rating_usia`, `type`) VALUES ('Thor: Ragnarok', 'Thor must escape planet Sakaar.', 2017, '13+', 'Film');
INSERT IGNORE INTO `Konten` (`judul`, `sinopsis`, `tahun_rilis`, `rating_usia`, `type`) VALUES ('Captain America: The First Avenger', 'Steve Rogers becomes Captain America.', 2011, '13+', 'Film');
INSERT IGNORE INTO `Konten` (`judul`, `sinopsis`, `tahun_rilis`, `rating_usia`, `type`) VALUES ('Captain America: The Winter Soldier', 'Cap faces a conspiracy.', 2014, '13+', 'Film');
INSERT IGNORE INTO `Konten` (`judul`, `sinopsis`, `tahun_rilis`, `rating_usia`, `type`) VALUES ('Captain America: Civil War', 'Political interference splits the Avengers.', 2016, '13+', 'Film');
INSERT IGNORE INTO `Konten` (`judul`, `sinopsis`, `tahun_rilis`, `rating_usia`, `type`) VALUES ('Black Panther', 'TChalla returns to Wakanda.', 2018, '13+', 'Film');
INSERT IGNORE INTO `Konten` (`judul`, `sinopsis`, `tahun_rilis`, `rating_usia`, `type`) VALUES ('Doctor Strange', 'Surgeon seeks mystic healing.', 2016, '13+', 'Film');
INSERT IGNORE INTO `Konten` (`judul`, `sinopsis`, `tahun_rilis`, `rating_usia`, `type`) VALUES ('Doctor Strange in the Multiverse of Madness', 'Multiverse chaos ensues.', 2022, '13+', 'Film');
INSERT IGNORE INTO `Konten` (`judul`, `sinopsis`, `tahun_rilis`, `rating_usia`, `type`) VALUES ('Spider-Man: Homecoming', 'Peter balances school and hero life.', 2017, '13+', 'Film');
INSERT IGNORE INTO `Konten` (`judul`, `sinopsis`, `tahun_rilis`, `rating_usia`, `type`) VALUES ('Spider-Man: Far From Home', 'School trip turns dangerous.', 2019, '13+', 'Film');
INSERT IGNORE INTO `Konten` (`judul`, `sinopsis`, `tahun_rilis`, `rating_usia`, `type`) VALUES ('Spider-Man: No Way Home', 'Peter seeks multiverse fix.', 2021, '13+', 'Film');
INSERT IGNORE INTO `Konten` (`judul`, `sinopsis`, `tahun_rilis`, `rating_usia`, `type`) VALUES ('Ant-Man', 'Thief becomes shrinking hero.', 2015, '13+', 'Film');
INSERT IGNORE INTO `Konten` (`judul`, `sinopsis`, `tahun_rilis`, `rating_usia`, `type`) VALUES ('Ant-Man and the Wasp', 'Partners face quantum threat.', 2018, '13+', 'Film');
INSERT IGNORE INTO `Konten` (`judul`, `sinopsis`, `tahun_rilis`, `rating_usia`, `type`) VALUES ('Black Widow', 'Natasha confronts her past.', 2021, '13+', 'Film');
INSERT IGNORE INTO `Konten` (`judul`, `sinopsis`, `tahun_rilis`, `rating_usia`, `type`) VALUES ('Shang-Chi and the Legend of the Ten Rings', 'Shang-Chi faces his father.', 2021, '13+', 'Film');
INSERT IGNORE INTO `Konten` (`judul`, `sinopsis`, `tahun_rilis`, `rating_usia`, `type`) VALUES ('Eternals', 'Immortals reunite to face a threat.', 2021, '13+', 'Film');
INSERT IGNORE INTO `Konten` (`judul`, `sinopsis`, `tahun_rilis`, `rating_usia`, `type`) VALUES ('Inception', 'A thief enters dreams.', 2010, '13+', 'Film');
INSERT IGNORE INTO `Konten` (`judul`, `sinopsis`, `tahun_rilis`, `rating_usia`, `type`) VALUES ('The Dark Knight', 'Batman faces the Joker.', 2008, '13+', 'Film');
INSERT IGNORE INTO `Konten` (`judul`, `sinopsis`, `tahun_rilis`, `rating_usia`, `type`) VALUES ('The Dark Knight Rises', 'Batman returns from exile.', 2012, '13+', 'Film');
INSERT IGNORE INTO `Konten` (`judul`, `sinopsis`, `tahun_rilis`, `rating_usia`, `type`) VALUES ('Batman Begins', 'Bruce becomes Batman.', 2005, '13+', 'Film');
INSERT IGNORE INTO `Konten` (`judul`, `sinopsis`, `tahun_rilis`, `rating_usia`, `type`) VALUES ('Interstellar', 'Explorers traverse a wormhole.', 2014, '13+', 'Film');
INSERT IGNORE INTO `Konten` (`judul`, `sinopsis`, `tahun_rilis`, `rating_usia`, `type`) VALUES ('Dunkirk', 'Soldiers evacuate Dunkirk.', 2017, '13+', 'Film');
INSERT IGNORE INTO `Konten` (`judul`, `sinopsis`, `tahun_rilis`, `rating_usia`, `type`) VALUES ('Tenet', 'Time inversion thriller.', 2020, '13+', 'Film');
INSERT IGNORE INTO `Konten` (`judul`, `sinopsis`, `tahun_rilis`, `rating_usia`, `type`) VALUES ('Oppenheimer', 'Physicist builds the bomb.', 2023, '17+', 'Film');
INSERT IGNORE INTO `Konten` (`judul`, `sinopsis`, `tahun_rilis`, `rating_usia`, `type`) VALUES ('Joker', 'A man descends into madness.', 2019, '17+', 'Film');
INSERT IGNORE INTO `Konten` (`judul`, `sinopsis`, `tahun_rilis`, `rating_usia`, `type`) VALUES ('Titanic', 'Young couple on doomed ship.', 1997, '13+', 'Film');
INSERT IGNORE INTO `Konten` (`judul`, `sinopsis`, `tahun_rilis`, `rating_usia`, `type`) VALUES ('Avatar', 'Marine on alien world.', 2009, '13+', 'Film');
INSERT IGNORE INTO `Konten` (`judul`, `sinopsis`, `tahun_rilis`, `rating_usia`, `type`) VALUES ('Avatar: The Way of Water', 'Family survives Pandora seas.', 2022, '13+', 'Film');
INSERT IGNORE INTO `Konten` (`judul`, `sinopsis`, `tahun_rilis`, `rating_usia`, `type`) VALUES ('The Matrix', 'Hacker learns reality truth.', 1999, '17+', 'Film');
INSERT IGNORE INTO `Konten` (`judul`, `sinopsis`, `tahun_rilis`, `rating_usia`, `type`) VALUES ('The Matrix Reloaded', 'War escalates with machines.', 2003, '17+', 'Film');
INSERT IGNORE INTO `Konten` (`judul`, `sinopsis`, `tahun_rilis`, `rating_usia`, `type`) VALUES ('The Matrix Revolutions', 'Final battle for Zion.', 2003, '17+', 'Film');
INSERT IGNORE INTO `Konten` (`judul`, `sinopsis`, `tahun_rilis`, `rating_usia`, `type`) VALUES ('John Wick', 'Hitman seeks vengeance.', 2014, '17+', 'Film');
INSERT IGNORE INTO `Konten` (`judul`, `sinopsis`, `tahun_rilis`, `rating_usia`, `type`) VALUES ('John Wick: Chapter 2', 'Wick forced back in.', 2017, '17+', 'Film');
INSERT IGNORE INTO `Konten` (`judul`, `sinopsis`, `tahun_rilis`, `rating_usia`, `type`) VALUES ('John Wick: Chapter 3 - Parabellum', 'Wick on global run.', 2019, '17+', 'Film');
INSERT IGNORE INTO `Konten` (`judul`, `sinopsis`, `tahun_rilis`, `rating_usia`, `type`) VALUES ('John Wick: Chapter 4', 'Wick targets High Table.', 2023, '17+', 'Film');
INSERT IGNORE INTO `Konten` (`judul`, `sinopsis`, `tahun_rilis`, `rating_usia`, `type`) VALUES ('Mission: Impossible', 'Agent framed for murder.', 1996, '13+', 'Film');
INSERT IGNORE INTO `Konten` (`judul`, `sinopsis`, `tahun_rilis`, `rating_usia`, `type`) VALUES ('Mission: Impossible - Fallout', 'Race against nuclear disaster.', 2018, '13+', 'Film');
INSERT IGNORE INTO `Konten` (`judul`, `sinopsis`, `tahun_rilis`, `rating_usia`, `type`) VALUES ('Top Gun', 'Pilot seeks to be best.', 1986, '13+', 'Film');
INSERT IGNORE INTO `Konten` (`judul`, `sinopsis`, `tahun_rilis`, `rating_usia`, `type`) VALUES ('Top Gun: Maverick', 'Veteran trains new aviators.', 2022, '13+', 'Film');
INSERT IGNORE INTO `Konten` (`judul`, `sinopsis`, `tahun_rilis`, `rating_usia`, `type`) VALUES ('Gladiator', 'General seeks vengeance.', 2000, '17+', 'Film');
INSERT IGNORE INTO `Konten` (`judul`, `sinopsis`, `tahun_rilis`, `rating_usia`, `type`) VALUES ('The Godfather', 'Crime dynasty shifts power.', 1972, '17+', 'Film');
INSERT IGNORE INTO `Konten` (`judul`, `sinopsis`, `tahun_rilis`, `rating_usia`, `type`) VALUES ('The Godfather Part II', 'Corleone family origins.', 1974, '17+', 'Film');
INSERT IGNORE INTO `Konten` (`judul`, `sinopsis`, `tahun_rilis`, `rating_usia`, `type`) VALUES ('Pulp Fiction', 'Interwoven crime stories.', 1994, '17+', 'Film');
INSERT IGNORE INTO `Konten` (`judul`, `sinopsis`, `tahun_rilis`, `rating_usia`, `type`) VALUES ('Fight Club', 'Man starts underground clubs.', 1999, '17+', 'Film');
INSERT IGNORE INTO `Konten` (`judul`, `sinopsis`, `tahun_rilis`, `rating_usia`, `type`) VALUES ('Forrest Gump', 'Man witnesses historical events.', 1994, '13+', 'Film');
INSERT IGNORE INTO `Konten` (`judul`, `sinopsis`, `tahun_rilis`, `rating_usia`, `type`) VALUES ('The Shawshank Redemption', 'Hope inside prison.', 1994, '17+', 'Film');
INSERT IGNORE INTO `Konten` (`judul`, `sinopsis`, `tahun_rilis`, `rating_usia`, `type`) VALUES ('Parasite', 'Class tension escalates.', 2019, '17+', 'Film');
INSERT IGNORE INTO `Konten` (`judul`, `sinopsis`, `tahun_rilis`, `rating_usia`, `type`) VALUES ('Train to Busan', 'Zombie outbreak on train.', 2016, '17+', 'Film');
INSERT IGNORE INTO `Konten` (`judul`, `sinopsis`, `tahun_rilis`, `rating_usia`, `type`) VALUES ('The Raid', 'SWAT trapped in tower.', 2011, '17+', 'Film');
INSERT IGNORE INTO `Konten` (`judul`, `sinopsis`, `tahun_rilis`, `rating_usia`, `type`) VALUES ('The Raid 2', 'Undercover infiltration.', 2014, '17+', 'Film');
INSERT IGNORE INTO `Konten` (`judul`, `sinopsis`, `tahun_rilis`, `rating_usia`, `type`) VALUES ('Gundala', 'Indonesian lightning hero.', 2019, '13+', 'Film');
INSERT IGNORE INTO `Konten` (`judul`, `sinopsis`, `tahun_rilis`, `rating_usia`, `type`) VALUES ('Sri Asih', 'Warrior discovers heritage.', 2022, '13+', 'Film');
INSERT IGNORE INTO `Konten` (`judul`, `sinopsis`, `tahun_rilis`, `rating_usia`, `type`) VALUES ('Pengabdi Setan', 'Family haunted by mother.', 2017, '13+', 'Film');
INSERT IGNORE INTO `Konten` (`judul`, `sinopsis`, `tahun_rilis`, `rating_usia`, `type`) VALUES ('Pengabdi Setan 2: Communion', 'Terror follows to flats.', 2022, '13+', 'Film');
INSERT IGNORE INTO `Konten` (`judul`, `sinopsis`, `tahun_rilis`, `rating_usia`, `type`) VALUES ('KKN di Desa Penari', 'Students face village entity.', 2022, '13+', 'Film');
INSERT IGNORE INTO `Konten` (`judul`, `sinopsis`, `tahun_rilis`, `rating_usia`, `type`) VALUES ('Laskar Pelangi', 'Children pursue education.', 2008, 'SU', 'Film');
INSERT IGNORE INTO `Konten` (`judul`, `sinopsis`, `tahun_rilis`, `rating_usia`, `type`) VALUES ('Habibie & Ainun', 'Indonesian love story.', 2012, '13+', 'Film');
INSERT IGNORE INTO `Konten` (`judul`, `sinopsis`, `tahun_rilis`, `rating_usia`, `type`) VALUES ('Dilan 1990', 'High school romance begins.', 2018, '13+', 'Film');
INSERT IGNORE INTO `Konten` (`judul`, `sinopsis`, `tahun_rilis`, `rating_usia`, `type`) VALUES ('Dilan 1991', 'Relationship continues.', 2019, '13+', 'Film');
INSERT IGNORE INTO `Konten` (`judul`, `sinopsis`, `tahun_rilis`, `rating_usia`, `type`) VALUES ('Milea: Suara dari Dilan', 'Dilan perspective retold.', 2020, '13+', 'Film');
INSERT IGNORE INTO `Konten` (`judul`, `sinopsis`, `tahun_rilis`, `rating_usia`, `type`) VALUES ('Ada Apa Dengan Cinta?', 'Popular girl meets loner.', 2002, '13+', 'Film');
INSERT IGNORE INTO `Konten` (`judul`, `sinopsis`, `tahun_rilis`, `rating_usia`, `type`) VALUES ('Ada Apa Dengan Cinta? 2', 'Reunion after years.', 2016, '13+', 'Film');
INSERT IGNORE INTO `Konten` (`judul`, `sinopsis`, `tahun_rilis`, `rating_usia`, `type`) VALUES ('Cek Toko Sebelah', 'Son and father shop.', 2016, '13+', 'Film');
INSERT IGNORE INTO `Konten` (`judul`, `sinopsis`, `tahun_rilis`, `rating_usia`, `type`) VALUES ('Ngeri-Ngeri Sedap', 'Parents fake divorce.', 2022, '13+', 'Film');
INSERT IGNORE INTO `Konten` (`judul`, `sinopsis`, `tahun_rilis`, `rating_usia`, `type`) VALUES ('Mencuri Raden Saleh', 'Students plan art heist.', 2022, '13+', 'Film');
INSERT IGNORE INTO `Konten` (`judul`, `sinopsis`, `tahun_rilis`, `rating_usia`, `type`) VALUES ('The Big 4', 'Retired assassins return.', 2022, '17+', 'Film');
INSERT IGNORE INTO `Konten` (`judul`, `sinopsis`, `tahun_rilis`, `rating_usia`, `type`) VALUES ('Perempuan Tanah Jahanam', 'Woman uncovers village curse.', 2019, '17+', 'Film');
INSERT IGNORE INTO `Konten` (`judul`, `sinopsis`, `tahun_rilis`, `rating_usia`, `type`) VALUES ('Satu Suro', 'House with spirit.', 2019, '13+', 'Film');
INSERT IGNORE INTO `Konten` (`judul`, `sinopsis`, `tahun_rilis`, `rating_usia`, `type`) VALUES ('Sebelum Iblis Menjemput', 'Daughter visits eerie villa.', 2018, '17+', 'Film');
INSERT IGNORE INTO `Konten` (`judul`, `sinopsis`, `tahun_rilis`, `rating_usia`, `type`) VALUES ('Ratu Ilmu Hitam', 'Dark past resurfaces.', 2019, '17+', 'Film');
INSERT IGNORE INTO `Konten` (`judul`, `sinopsis`, `tahun_rilis`, `rating_usia`, `type`) VALUES ('Suzanna: Bernapas dalam Kubur', 'Murdered woman returns.', 2018, '17+', 'Film');
INSERT IGNORE INTO `Konten` (`judul`, `sinopsis`, `tahun_rilis`, `rating_usia`, `type`) VALUES ('My Sassy Girl', 'Chaotic romance begins.', 2001, '13+', 'Film');
INSERT IGNORE INTO `Konten` (`judul`, `sinopsis`, `tahun_rilis`, `rating_usia`, `type`) VALUES ('Oldboy', 'Man seeks revenge.', 2003, '17+', 'Film');
INSERT IGNORE INTO `Konten` (`judul`, `sinopsis`, `tahun_rilis`, `rating_usia`, `type`) VALUES ('Memories of Murder', 'Detectives hunt killer.', 2003, '17+', 'Film');
INSERT IGNORE INTO `Konten` (`judul`, `sinopsis`, `tahun_rilis`, `rating_usia`, `type`) VALUES ('Minari', 'Immigrant family farms.', 2020, '13+', 'Film');
INSERT IGNORE INTO `Konten` (`judul`, `sinopsis`, `tahun_rilis`, `rating_usia`, `type`) VALUES ('Decision to Leave', 'Detective meets widow.', 2022, '17+', 'Film');
INSERT IGNORE INTO `Konten` (`judul`, `sinopsis`, `tahun_rilis`, `rating_usia`, `type`) VALUES ('Broker', 'Baby left in box.', 2022, '13+', 'Film');
INSERT IGNORE INTO `Konten` (`judul`, `sinopsis`, `tahun_rilis`, `rating_usia`, `type`) VALUES ('Burning', 'Encounter sparks mystery.', 2018, '17+', 'Film');
INSERT IGNORE INTO `Konten` (`judul`, `sinopsis`, `tahun_rilis`, `rating_usia`, `type`) VALUES ('Extreme Job', 'Cops run chicken joint.', 2019, '13+', 'Film');
INSERT IGNORE INTO `Konten` (`judul`, `sinopsis`, `tahun_rilis`, `rating_usia`, `type`) VALUES ('Exit', 'Climber saves people.', 2019, '13+', 'Film');
INSERT IGNORE INTO `Konten` (`judul`, `sinopsis`, `tahun_rilis`, `rating_usia`, `type`) VALUES ('Along With the Gods: The Two Worlds', 'Firefighter faces afterlife.', 2017, '13+', 'Film');
INSERT IGNORE INTO `Konten` (`judul`, `sinopsis`, `tahun_rilis`, `rating_usia`, `type`) VALUES ('Along With the Gods: The Last 49 Days', 'Guardians continue mission.', 2018, '13+', 'Film');
INSERT IGNORE INTO `Konten` (`judul`, `sinopsis`, `tahun_rilis`, `rating_usia`, `type`) VALUES ('The Wailing', 'Stranger brings sickness.', 2016, '17+', 'Film');
INSERT IGNORE INTO `Konten` (`judul`, `sinopsis`, `tahun_rilis`, `rating_usia`, `type`) VALUES ('I Saw the Devil', 'Agent hunts killer.', 2010, '17+', 'Film');
INSERT IGNORE INTO `Konten` (`judul`, `sinopsis`, `tahun_rilis`, `rating_usia`, `type`) VALUES ('A Taxi Driver', 'Driver aids reporter.', 2017, '13+', 'Film');
INSERT IGNORE INTO `Konten` (`judul`, `sinopsis`, `tahun_rilis`, `rating_usia`, `type`) VALUES ('Miracle in Cell No. 7', 'Wrongfully jailed father.', 2013, '13+', 'Film');
INSERT IGNORE INTO `Konten` (`judul`, `sinopsis`, `tahun_rilis`, `rating_usia`, `type`) VALUES ('Harry Potter and the Sorcerers Stone', 'Boy learns he is wizard.', 2001, 'SU', 'Film');
INSERT IGNORE INTO `Konten` (`judul`, `sinopsis`, `tahun_rilis`, `rating_usia`, `type`) VALUES ('Harry Potter and the Chamber of Secrets', 'Second year danger.', 2002, 'SU', 'Film');
INSERT IGNORE INTO `Konten` (`judul`, `sinopsis`, `tahun_rilis`, `rating_usia`, `type`) VALUES ('Harry Potter and the Prisoner of Azkaban', 'Sirius Black mystery.', 2004, 'SU', 'Film');
INSERT IGNORE INTO `Konten` (`judul`, `sinopsis`, `tahun_rilis`, `rating_usia`, `type`) VALUES ('Harry Potter and the Goblet of Fire', 'Dangerous tournament.', 2005, '13+', 'Film');
INSERT IGNORE INTO `Konten` (`judul`, `sinopsis`, `tahun_rilis`, `rating_usia`, `type`) VALUES ('Harry Potter and the Order of the Phoenix', 'Resistance forms.', 2007, '13+', 'Film');
INSERT IGNORE INTO `Konten` (`judul`, `sinopsis`, `tahun_rilis`, `rating_usia`, `type`) VALUES ('Harry Potter and the Half-Blood Prince', 'Old book secrets.', 2009, '13+', 'Film');
INSERT IGNORE INTO `Konten` (`judul`, `sinopsis`, `tahun_rilis`, `rating_usia`, `type`) VALUES ('Harry Potter and the Deathly Hallows: Part 1', 'Hunt Horcruxes.', 2010, '13+', 'Film');
INSERT IGNORE INTO `Konten` (`judul`, `sinopsis`, `tahun_rilis`, `rating_usia`, `type`) VALUES ('Harry Potter and the Deathly Hallows: Part 2', 'Final battle.', 2011, '13+', 'Film');
INSERT IGNORE INTO `Konten` (`judul`, `sinopsis`, `tahun_rilis`, `rating_usia`, `type`) VALUES ('Fantastic Beasts and Where to Find Them', 'Magizoologist in New York.', 2016, '13+', 'Film');
INSERT IGNORE INTO `Konten` (`judul`, `sinopsis`, `tahun_rilis`, `rating_usia`, `type`) VALUES ('Fantastic Beasts: The Crimes of Grindelwald', 'Dark wizard rises.', 2018, '13+', 'Film');
INSERT IGNORE INTO `Konten` (`judul`, `sinopsis`, `tahun_rilis`, `rating_usia`, `type`) VALUES ('Fantastic Beasts: The Secrets of Dumbledore', 'Mission against Grindelwald.', 2022, '13+', 'Film');
INSERT IGNORE INTO `Konten` (`judul`, `sinopsis`, `tahun_rilis`, `rating_usia`, `type`) VALUES ('The Lord of the Rings: The Fellowship of the Ring', 'Ring bearer begins quest.', 2001, '13+', 'Film');
INSERT IGNORE INTO `Konten` (`judul`, `sinopsis`, `tahun_rilis`, `rating_usia`, `type`) VALUES ('The Lord of the Rings: The Two Towers', 'Journey continues.', 2002, '13+', 'Film');
INSERT IGNORE INTO `Konten` (`judul`, `sinopsis`, `tahun_rilis`, `rating_usia`, `type`) VALUES ('The Lord of the Rings: The Return of the King', 'War for Middle-earth.', 2003, '13+', 'Film');
INSERT IGNORE INTO `Konten` (`judul`, `sinopsis`, `tahun_rilis`, `rating_usia`, `type`) VALUES ('The Hobbit: An Unexpected Journey', 'Bilbo joins dwarves.', 2012, '13+', 'Film');
INSERT IGNORE INTO `Konten` (`judul`, `sinopsis`, `tahun_rilis`, `rating_usia`, `type`) VALUES ('The Hobbit: The Desolation of Smaug', 'Smaug confrontation.', 2013, '13+', 'Film');
INSERT IGNORE INTO `Konten` (`judul`, `sinopsis`, `tahun_rilis`, `rating_usia`, `type`) VALUES ('The Hobbit: The Battle of the Five Armies', 'Armies clash.', 2014, '13+', 'Film');
INSERT IGNORE INTO `Konten` (`judul`, `sinopsis`, `tahun_rilis`, `rating_usia`, `type`) VALUES ('Pirates of the Caribbean: The Curse of the Black Pearl', 'Blacksmith meets pirate.', 2003, '13+', 'Film');
INSERT IGNORE INTO `Konten` (`judul`, `sinopsis`, `tahun_rilis`, `rating_usia`, `type`) VALUES ('Pirates of the Caribbean: Dead Mans Chest', 'Heart of Davy Jones.', 2006, '13+', 'Film');
INSERT IGNORE INTO `Konten` (`judul`, `sinopsis`, `tahun_rilis`, `rating_usia`, `type`) VALUES ('Pirates of the Caribbean: At Worlds End', 'Sail off the map.', 2007, '13+', 'Film');
INSERT IGNORE INTO `Konten` (`judul`, `sinopsis`, `tahun_rilis`, `rating_usia`, `type`) VALUES ('Jurassic Park', 'Theme park experiment.', 1993, '13+', 'Film');
INSERT IGNORE INTO `Konten` (`judul`, `sinopsis`, `tahun_rilis`, `rating_usia`, `type`) VALUES ('Jurassic World', 'New dinosaur park.', 2015, '13+', 'Film');
INSERT IGNORE INTO `Konten` (`judul`, `sinopsis`, `tahun_rilis`, `rating_usia`, `type`) VALUES ('Jurassic World: Fallen Kingdom', 'Rescue operation.', 2018, '13+', 'Film');
INSERT IGNORE INTO `Konten` (`judul`, `sinopsis`, `tahun_rilis`, `rating_usia`, `type`) VALUES ('Jaws', 'Shark terrorizes beach.', 1975, '17+', 'Film');
INSERT IGNORE INTO `Konten` (`judul`, `sinopsis`, `tahun_rilis`, `rating_usia`, `type`) VALUES ('E.T. the Extra-Terrestrial', 'Child befriends alien.', 1982, 'SU', 'Film');
INSERT IGNORE INTO `Konten` (`judul`, `sinopsis`, `tahun_rilis`, `rating_usia`, `type`) VALUES ('Back to the Future', 'Teen travels to past.', 1985, 'SU', 'Film');
INSERT IGNORE INTO `Konten` (`judul`, `sinopsis`, `tahun_rilis`, `rating_usia`, `type`) VALUES ('Back to the Future Part II', 'Visit to future.', 1989, 'SU', 'Film');
INSERT IGNORE INTO `Konten` (`judul`, `sinopsis`, `tahun_rilis`, `rating_usia`, `type`) VALUES ('Back to the Future Part III', 'Adventure in 1885.', 1990, 'SU', 'Film');
INSERT IGNORE INTO `Konten` (`judul`, `sinopsis`, `tahun_rilis`, `rating_usia`, `type`) VALUES ('Star Wars: Episode IV - A New Hope', 'Farm boy joins Rebellion.', 1977, 'SU', 'Film');
INSERT IGNORE INTO `Konten` (`judul`, `sinopsis`, `tahun_rilis`, `rating_usia`, `type`) VALUES ('Star Wars: Episode V - The Empire Strikes Back', 'Rebels suffer setback.', 1980, 'SU', 'Film');
INSERT IGNORE INTO `Konten` (`judul`, `sinopsis`, `tahun_rilis`, `rating_usia`, `type`) VALUES ('Star Wars: Episode VI - Return of the Jedi', 'Final battle empire.', 1983, 'SU', 'Film');
INSERT IGNORE INTO `Konten` (`judul`, `sinopsis`, `tahun_rilis`, `rating_usia`, `type`) VALUES ('Star Wars: Episode I - The Phantom Menace', 'Trade dispute escalates.', 1999, 'SU', 'Film');
INSERT IGNORE INTO `Konten` (`judul`, `sinopsis`, `tahun_rilis`, `rating_usia`, `type`) VALUES ('Star Wars: Episode II - Attack of the Clones', 'Clone army forms.', 2002, 'SU', 'Film');
INSERT IGNORE INTO `Konten` (`judul`, `sinopsis`, `tahun_rilis`, `rating_usia`, `type`) VALUES ('Star Wars: Episode III - Revenge of the Sith', 'Fall of Jedi.', 2005, '13+', 'Film');
INSERT IGNORE INTO `Konten` (`judul`, `sinopsis`, `tahun_rilis`, `rating_usia`, `type`) VALUES ('Captain Marvel', 'Pilot gains powers.', 2019, '13+', 'Film');
INSERT IGNORE INTO `Konten` (`judul`, `sinopsis`, `tahun_rilis`, `rating_usia`, `type`) VALUES ('Guardians of the Galaxy', 'Band of misfits saves.', 2014, '13+', 'Film');
INSERT IGNORE INTO `Konten` (`judul`, `sinopsis`, `tahun_rilis`, `rating_usia`, `type`) VALUES ('Guardians of the Galaxy Vol. 2', 'Family issues test.', 2017, '13+', 'Film');
INSERT IGNORE INTO `Konten` (`judul`, `sinopsis`, `tahun_rilis`, `rating_usia`, `type`) VALUES ('Guardians of the Galaxy Vol. 3', 'Final journey.', 2023, '13+', 'Film');
INSERT IGNORE INTO `Konten` (`judul`, `sinopsis`, `tahun_rilis`, `rating_usia`, `type`) VALUES ('Black Panther: Wakanda Forever', 'Nation mourns & defends.', 2022, '13+', 'Film');

INSERT IGNORE INTO `Konten` (`judul`, `sinopsis`, `tahun_rilis`, `rating_usia`, `type`) VALUES ('Tougen Anki', 'Teen discovers heritage.', 2025, '13+', 'Serial_TV');
INSERT IGNORE INTO `Konten` (`judul`, `sinopsis`, `tahun_rilis`, `rating_usia`, `type`) VALUES ('Loki', 'God of Mischief branches timelines.', 2021, '13+', 'Serial_TV');
INSERT IGNORE INTO `Konten` (`judul`, `sinopsis`, `tahun_rilis`, `rating_usia`, `type`) VALUES ('WandaVision', 'Reality-bending suburban mystery.', 2021, '13+', 'Serial_TV');
INSERT IGNORE INTO `Konten` (`judul`, `sinopsis`, `tahun_rilis`, `rating_usia`, `type`) VALUES ('Hawkeye', 'Archer mentors protg.', 2021, '13+', 'Serial_TV');
INSERT IGNORE INTO `Konten` (`judul`, `sinopsis`, `tahun_rilis`, `rating_usia`, `type`) VALUES ('Moon Knight', 'Vigilante with alters.', 2022, '13+', 'Serial_TV');
INSERT IGNORE INTO `Konten` (`judul`, `sinopsis`, `tahun_rilis`, `rating_usia`, `type`) VALUES ('She-Hulk: Attorney at Law', 'Lawyer gains Hulk powers.', 2022, '13+', 'Serial_TV');
INSERT IGNORE INTO `Konten` (`judul`, `sinopsis`, `tahun_rilis`, `rating_usia`, `type`) VALUES ('The Falcon and the Winter Soldier', 'Partners face new threats.', 2021, '13+', 'Serial_TV');
INSERT IGNORE INTO `Konten` (`judul`, `sinopsis`, `tahun_rilis`, `rating_usia`, `type`) VALUES ('Daredevil', 'Blind lawyer fights crime.', 2015, '17+', 'Serial_TV');
INSERT IGNORE INTO `Konten` (`judul`, `sinopsis`, `tahun_rilis`, `rating_usia`, `type`) VALUES ('Jessica Jones', 'PI with super strength.', 2015, '17+', 'Serial_TV');
INSERT IGNORE INTO `Konten` (`judul`, `sinopsis`, `tahun_rilis`, `rating_usia`, `type`) VALUES ('The Punisher', 'Vigilante seeks justice.', 2017, '17+', 'Serial_TV');
INSERT IGNORE INTO `Konten` (`judul`, `sinopsis`, `tahun_rilis`, `rating_usia`, `type`) VALUES ('Agents of S.H.I.E.L.D.', 'Team handles powered cases.', 2013, '13+', 'Serial_TV');
INSERT IGNORE INTO `Konten` (`judul`, `sinopsis`, `tahun_rilis`, `rating_usia`, `type`) VALUES ('Luke Cage', 'Man with unbreakable skin.', 2016, '17+', 'Serial_TV');
INSERT IGNORE INTO `Konten` (`judul`, `sinopsis`, `tahun_rilis`, `rating_usia`, `type`) VALUES ('Iron Fist', 'Martial artist with chi.', 2017, '13+', 'Serial_TV');
INSERT IGNORE INTO `Konten` (`judul`, `sinopsis`, `tahun_rilis`, `rating_usia`, `type`) VALUES ('Secret Invasion', 'Skrull infiltration unfolds.', 2023, '13+', 'Serial_TV');
INSERT IGNORE INTO `Konten` (`judul`, `sinopsis`, `tahun_rilis`, `rating_usia`, `type`) VALUES ('What If...?', 'Alternate timeline tales.', 2021, '13+', 'Serial_TV');

-- Konten + Serial_TV entries baru 
INSERT IGNORE INTO `Konten` (`judul`, `sinopsis`, `tahun_rilis`, `rating_usia`, `type`) VALUES ('Breaking Bad', 'Teacher turns to meth making.', 2008, '17+', 'Serial_TV');
INSERT IGNORE INTO `Konten` (`judul`, `sinopsis`, `tahun_rilis`, `rating_usia`, `type`) VALUES ('Better Call Saul', 'Lawyer navigates crime world.', 2015, '17+', 'Serial_TV');
INSERT IGNORE INTO `Konten` (`judul`, `sinopsis`, `tahun_rilis`, `rating_usia`, `type`) VALUES ('Game of Thrones', 'Noble houses vie for power.', 2011, '17+', 'Serial_TV');
INSERT IGNORE INTO `Konten` (`judul`, `sinopsis`, `tahun_rilis`, `rating_usia`, `type`) VALUES ('House of the Dragon', 'Targaryen civil war begins.', 2022, '17+', 'Serial_TV');
INSERT IGNORE INTO `Konten` (`judul`, `sinopsis`, `tahun_rilis`, `rating_usia`, `type`) VALUES ('Stranger Things', 'Kids face supernatural threat.', 2016, '13+', 'Serial_TV');
INSERT IGNORE INTO `Konten` (`judul`, `sinopsis`, `tahun_rilis`, `rating_usia`, `type`) VALUES ('The Witcher', 'Monster hunter for hire.', 2019, '17+', 'Serial_TV');
INSERT IGNORE INTO `Konten` (`judul`, `sinopsis`, `tahun_rilis`, `rating_usia`, `type`) VALUES ('The Mandalorian', 'Bounty hunter protects child.', 2019, '13+', 'Serial_TV');
INSERT IGNORE INTO `Konten` (`judul`, `sinopsis`, `tahun_rilis`, `rating_usia`, `type`) VALUES ('The Last of Us', 'Survivors journey through apocalypse.', 2023, '17+', 'Serial_TV');
INSERT IGNORE INTO `Konten` (`judul`, `sinopsis`, `tahun_rilis`, `rating_usia`, `type`) VALUES ('Peaky Blinders', 'Gang rises in Birmingham.', 2013, '17+', 'Serial_TV');
INSERT IGNORE INTO `Konten` (`judul`, `sinopsis`, `tahun_rilis`, `rating_usia`, `type`) VALUES ('Sherlock', 'Detective solves modern cases.', 2010, '13+', 'Serial_TV');
INSERT IGNORE INTO `Konten` (`judul`, `sinopsis`, `tahun_rilis`, `rating_usia`, `type`) VALUES ('Dexter', 'Forensic expert serial killer.', 2006, '17+', 'Serial_TV');
INSERT IGNORE INTO `Konten` (`judul`, `sinopsis`, `tahun_rilis`, `rating_usia`, `type`) VALUES ('Homeland', 'Agent suspects returned POW.', 2011, '17+', 'Serial_TV');
INSERT IGNORE INTO `Konten` (`judul`, `sinopsis`, `tahun_rilis`, `rating_usia`, `type`) VALUES ('Westworld', 'Park hosts rebel androids.', 2016, '17+', 'Serial_TV');
INSERT IGNORE INTO `Konten` (`judul`, `sinopsis`, `tahun_rilis`, `rating_usia`, `type`) VALUES ('True Detective', 'Detectives unravel dark mystery.', 2014, '17+', 'Serial_TV');
INSERT IGNORE INTO `Konten` (`judul`, `sinopsis`, `tahun_rilis`, `rating_usia`, `type`) VALUES ('The Boys', 'Antihero team vs corrupt supers.', 2019, '17+', 'Serial_TV');
INSERT IGNORE INTO `Konten` (`judul`, `sinopsis`, `tahun_rilis`, `rating_usia`, `type`) VALUES ('Invincible', 'Teen superhero learns harsh truths.', 2021, '17+', 'Serial_TV');
INSERT IGNORE INTO `Konten` (`judul`, `sinopsis`, `tahun_rilis`, `rating_usia`, `type`) VALUES ('The Umbrella Academy', 'Adopted siblings prevent apocalypse.', 2019, '13+', 'Serial_TV');
INSERT IGNORE INTO `Konten` (`judul`, `sinopsis`, `tahun_rilis`, `rating_usia`, `type`) VALUES ('Narcos', 'Rise and fall of drug kingpins.', 2015, '17+', 'Serial_TV');
INSERT IGNORE INTO `Konten` (`judul`, `sinopsis`, `tahun_rilis`, `rating_usia`, `type`) VALUES ('Money Heist', 'Thieves execute complex heists.', 2017, '17+', 'Serial_TV');
INSERT IGNORE INTO `Konten` (`judul`, `sinopsis`, `tahun_rilis`, `rating_usia`, `type`) VALUES ('Dark', 'Families entangled in time loops.', 2017, '17+', 'Serial_TV');
INSERT IGNORE INTO `Konten` (`judul`, `sinopsis`, `tahun_rilis`, `rating_usia`, `type`) VALUES ('Chernobyl', 'Nuclear disaster aftermath.', 2019, '17+', 'Serial_TV');
INSERT IGNORE INTO `Konten` (`judul`, `sinopsis`, `tahun_rilis`, `rating_usia`, `type`) VALUES ('Black Mirror', 'Anthology of tech dystopias.', 2011, '17+', 'Serial_TV');
INSERT IGNORE INTO `Konten` (`judul`, `sinopsis`, `tahun_rilis`, `rating_usia`, `type`) VALUES ('Fargo', 'Crime in snowy Midwest.', 2014, '17+', 'Serial_TV');
INSERT IGNORE INTO `Konten` (`judul`, `sinopsis`, `tahun_rilis`, `rating_usia`, `type`) VALUES ('Lost', 'Plane crash survivors on island.', 2004, '13+', 'Serial_TV');
INSERT IGNORE INTO `Konten` (`judul`, `sinopsis`, `tahun_rilis`, `rating_usia`, `type`) VALUES ('Prison Break', 'Man breaks brother from prison.', 2005, '13+', 'Serial_TV');
INSERT IGNORE INTO `Konten` (`judul`, `sinopsis`, `tahun_rilis`, `rating_usia`, `type`) VALUES ('24', 'Agent races against clock.', 2001, '13+', 'Serial_TV');
INSERT IGNORE INTO `Konten` (`judul`, `sinopsis`, `tahun_rilis`, `rating_usia`, `type`) VALUES ('The Office', 'Mockumentary of workplace antics.', 2005, '13+', 'Serial_TV');
INSERT IGNORE INTO `Konten` (`judul`, `sinopsis`, `tahun_rilis`, `rating_usia`, `type`) VALUES ('Friends', 'Group navigates life and love.', 1994, '13+', 'Serial_TV');
INSERT IGNORE INTO `Konten` (`judul`, `sinopsis`, `tahun_rilis`, `rating_usia`, `type`) VALUES ('How I Met Your Mother', 'Father recounts youthful tales.', 2005, '13+', 'Serial_TV');
INSERT IGNORE INTO `Konten` (`judul`, `sinopsis`, `tahun_rilis`, `rating_usia`, `type`) VALUES ('Seinfeld', 'Comedian observes daily absurdities.', 1989, '13+', 'Serial_TV');
INSERT IGNORE INTO `Konten` (`judul`, `sinopsis`, `tahun_rilis`, `rating_usia`, `type`) VALUES ('Modern Family', 'Extended family comedy.', 2009, '13+', 'Serial_TV');
INSERT IGNORE INTO `Konten` (`judul`, `sinopsis`, `tahun_rilis`, `rating_usia`, `type`) VALUES ('Brooklyn Nine-Nine', 'Detectives balance comedy and crime.', 2013, '13+', 'Serial_TV');
INSERT IGNORE INTO `Konten` (`judul`, `sinopsis`, `tahun_rilis`, `rating_usia`, `type`) VALUES ('Parks and Recreation', 'Local government humor.', 2009, '13+', 'Serial_TV');
INSERT IGNORE INTO `Konten` (`judul`, `sinopsis`, `tahun_rilis`, `rating_usia`, `type`) VALUES ('Suits', 'College dropout becomes lawyer.', 2011, '13+', 'Serial_TV');
INSERT IGNORE INTO `Konten` (`judul`, `sinopsis`, `tahun_rilis`, `rating_usia`, `type`) VALUES ('House', 'Doctor solves medical puzzles.', 2004, '13+', 'Serial_TV');
INSERT IGNORE INTO `Konten` (`judul`, `sinopsis`, `tahun_rilis`, `rating_usia`, `type`) VALUES ('Greys Anatomy', 'Surgeons face personal trials.', 2005, '13+', 'Serial_TV');
INSERT IGNORE INTO `Konten` (`judul`, `sinopsis`, `tahun_rilis`, `rating_usia`, `type`) VALUES ('CSI: Crime Scene Investigation', 'Team analyzes forensic evidence.', 2000, '13+', 'Serial_TV');
INSERT IGNORE INTO `Konten` (`judul`, `sinopsis`, `tahun_rilis`, `rating_usia`, `type`) VALUES ('NCIS', 'Team solves naval crimes.', 2003, '13+', 'Serial_TV');
INSERT IGNORE INTO `Konten` (`judul`, `sinopsis`, `tahun_rilis`, `rating_usia`, `type`) VALUES ('Criminal Minds', 'Profilers hunt serial offenders.', 2005, '17+', 'Serial_TV');
INSERT IGNORE INTO `Konten` (`judul`, `sinopsis`, `tahun_rilis`, `rating_usia`, `type`) VALUES ('Law & Order: Special Victims Unit', 'Detectives handle sensitive cases.', 1999, '17+', 'Serial_TV');
INSERT IGNORE INTO `Konten` (`judul`, `sinopsis`, `tahun_rilis`, `rating_usia`, `type`) VALUES ('Supernatural', 'Brothers hunt supernatural beings.', 2005, '13+', 'Serial_TV');
INSERT IGNORE INTO `Konten` (`judul`, `sinopsis`, `tahun_rilis`, `rating_usia`, `type`) VALUES ('Smallville', 'Young Clark Kent discovers powers.', 2001, '13+', 'Serial_TV');
INSERT IGNORE INTO `Konten` (`judul`, `sinopsis`, `tahun_rilis`, `rating_usia`, `type`) VALUES ('Arrow', 'Vigilante archer fights crime.', 2012, '13+', 'Serial_TV');
INSERT IGNORE INTO `Konten` (`judul`, `sinopsis`, `tahun_rilis`, `rating_usia`, `type`) VALUES ('The Flash', 'Speedster hero saves city.', 2014, '13+', 'Serial_TV');
INSERT IGNORE INTO `Konten` (`judul`, `sinopsis`, `tahun_rilis`, `rating_usia`, `type`) VALUES ('DCs Legends of Tomorrow', 'Team travels through time.', 2016, '13+', 'Serial_TV');
INSERT IGNORE INTO `Konten` (`judul`, `sinopsis`, `tahun_rilis`, `rating_usia`, `type`) VALUES ('Gotham', 'Origins of Gotham characters.', 2014, '13+', 'Serial_TV');
INSERT IGNORE INTO `Konten` (`judul`, `sinopsis`, `tahun_rilis`, `rating_usia`, `type`) VALUES ('Titans', 'Young heroes confront threats.', 2018, '17+', 'Serial_TV');
INSERT IGNORE INTO `Konten` (`judul`, `sinopsis`, `tahun_rilis`, `rating_usia`, `type`) VALUES ('Doom Patrol', 'Misfit heroes face bizarre foes.', 2019, '17+', 'Serial_TV');
INSERT IGNORE INTO `Konten` (`judul`, `sinopsis`, `tahun_rilis`, `rating_usia`, `type`) VALUES ('The Expanse', 'Crew uncovers solar conspiracy.', 2015, '13+', 'Serial_TV');
INSERT IGNORE INTO `Konten` (`judul`, `sinopsis`, `tahun_rilis`, `rating_usia`, `type`) VALUES ('Battlestar Galactica', 'Humans flee robotic Cylons.', 2004, '13+', 'Serial_TV');
INSERT IGNORE INTO `Konten` (`judul`, `sinopsis`, `tahun_rilis`, `rating_usia`, `type`) VALUES ('Firefly', 'Crew of ship takes odd jobs.', 2002, '13+', 'Serial_TV');
INSERT IGNORE INTO `Konten` (`judul`, `sinopsis`, `tahun_rilis`, `rating_usia`, `type`) VALUES ('Fringe', 'Team probes fringe science.', 2008, '13+', 'Serial_TV');
INSERT IGNORE INTO `Konten` (`judul`, `sinopsis`, `tahun_rilis`, `rating_usia`, `type`) VALUES ('The Walking Dead', 'Survivors face zombie hordes.', 2010, '17+', 'Serial_TV');
INSERT IGNORE INTO `Konten` (`judul`, `sinopsis`, `tahun_rilis`, `rating_usia`, `type`) VALUES ('Fear the Walking Dead', 'Families face early outbreak.', 2015, '17+', 'Serial_TV');
INSERT IGNORE INTO `Konten` (`judul`, `sinopsis`, `tahun_rilis`, `rating_usia`, `type`) VALUES ('Hannibal', 'Profiler consults secret killer.', 2013, '17+', 'Serial_TV');
INSERT IGNORE INTO `Konten` (`judul`, `sinopsis`, `tahun_rilis`, `rating_usia`, `type`) VALUES ('Vikings', 'Norse warriors seek glory.', 2013, '17+', 'Serial_TV');
INSERT IGNORE INTO `Konten` (`judul`, `sinopsis`, `tahun_rilis`, `rating_usia`, `type`) VALUES ('Vikings: Valhalla', 'New generation continues saga.', 2022, '17+', 'Serial_TV');
INSERT IGNORE INTO `Konten` (`judul`, `sinopsis`, `tahun_rilis`, `rating_usia`, `type`) VALUES ('Black Sails', 'Pirates chase treasure.', 2014, '17+', 'Serial_TV');
INSERT IGNORE INTO `Konten` (`judul`, `sinopsis`, `tahun_rilis`, `rating_usia`, `type`) VALUES ('Rome', 'Power struggles in ancient Rome.', 2005, '17+', 'Serial_TV');
INSERT IGNORE INTO `Konten` (`judul`, `sinopsis`, `tahun_rilis`, `rating_usia`, `type`) VALUES ('Spartacus', 'Gladiator leads rebellion.', 2010, '17+', 'Serial_TV');
INSERT IGNORE INTO `Konten` (`judul`, `sinopsis`, `tahun_rilis`, `rating_usia`, `type`) VALUES ('Teen Wolf', 'Teen gains werewolf curse.', 2011, '13+', 'Serial_TV');
INSERT IGNORE INTO `Konten` (`judul`, `sinopsis`, `tahun_rilis`, `rating_usia`, `type`) VALUES ('Riverdale', 'Teens face dark town secrets.', 2017, '13+', 'Serial_TV');
INSERT IGNORE INTO `Konten` (`judul`, `sinopsis`, `tahun_rilis`, `rating_usia`, `type`) VALUES ('Lucifer', 'Devil helps solve crimes.', 2016, '13+', 'Serial_TV');
INSERT IGNORE INTO `Konten` (`judul`, `sinopsis`, `tahun_rilis`, `rating_usia`, `type`) VALUES ('Sense8', 'Strangers share mental link.', 2015, '17+', 'Serial_TV');
INSERT IGNORE INTO `Konten` (`judul`, `sinopsis`, `tahun_rilis`, `rating_usia`, `type`) VALUES ('Mr. Robot', 'Hacker targets corporations.', 2015, '17+', 'Serial_TV');
INSERT IGNORE INTO `Konten` (`judul`, `sinopsis`, `tahun_rilis`, `rating_usia`, `type`) VALUES ('The Crown', 'Chronicles reign of a queen.', 2016, '13+', 'Serial_TV');
INSERT IGNORE INTO `Konten` (`judul`, `sinopsis`, `tahun_rilis`, `rating_usia`, `type`) VALUES ('The Handmaids Tale', 'Woman resists dystopian regime.', 2017, '17+', 'Serial_TV');
INSERT IGNORE INTO `Konten` (`judul`, `sinopsis`, `tahun_rilis`, `rating_usia`, `type`) VALUES ('Yellowstone', 'Ranch defends its territory.', 2018, '17+', 'Serial_TV');
INSERT IGNORE INTO `Konten` (`judul`, `sinopsis`, `tahun_rilis`, `rating_usia`, `type`) VALUES ('Ozark', 'Family launders cartel money.', 2017, '17+', 'Serial_TV');
INSERT IGNORE INTO `Konten` (`judul`, `sinopsis`, `tahun_rilis`, `rating_usia`, `type`) VALUES ('Mad Men', 'Ad executive navigates 1960s.', 2007, '13+', 'Serial_TV');
INSERT IGNORE INTO `Konten` (`judul`, `sinopsis`, `tahun_rilis`, `rating_usia`, `type`) VALUES ('Boardwalk Empire', 'Prohibition crime politics.', 2010, '17+', 'Serial_TV');
INSERT IGNORE INTO `Konten` (`judul`, `sinopsis`, `tahun_rilis`, `rating_usia`, `type`) VALUES ('Mare of Easttown', 'Detective solves local murder.', 2021, '17+', 'Serial_TV');
INSERT IGNORE INTO `Konten` (`judul`, `sinopsis`, `tahun_rilis`, `rating_usia`, `type`) VALUES ('Succession', 'Family battles for company.', 2018, '17+', 'Serial_TV');
INSERT IGNORE INTO `Konten` (`judul`, `sinopsis`, `tahun_rilis`, `rating_usia`, `type`) VALUES ('Severance', 'Employees split memories.', 2022, '17+', 'Serial_TV');
INSERT IGNORE INTO `Konten` (`judul`, `sinopsis`, `tahun_rilis`, `rating_usia`, `type`) VALUES ('Andor', 'Spy aids rebellion growth.', 2022, '13+', 'Serial_TV');
INSERT IGNORE INTO `Konten` (`judul`, `sinopsis`, `tahun_rilis`, `rating_usia`, `type`) VALUES ('Obi-Wan Kenobi', 'Jedi protects young target.', 2022, '13+', 'Serial_TV');
INSERT IGNORE INTO `Konten` (`judul`, `sinopsis`, `tahun_rilis`, `rating_usia`, `type`) VALUES ('Ahsoka', 'Former Jedi hunts threats.', 2023, '13+', 'Serial_TV');
INSERT IGNORE INTO `Konten` (`judul`, `sinopsis`, `tahun_rilis`, `rating_usia`, `type`) VALUES ('Star Trek: Discovery', 'Crew explores strange phenomena.', 2017, '13+', 'Serial_TV');
INSERT IGNORE INTO `Konten` (`judul`, `sinopsis`, `tahun_rilis`, `rating_usia`, `type`) VALUES ('Star Trek: Picard', 'Retired captain faces new crisis.', 2020, '13+', 'Serial_TV');
INSERT IGNORE INTO `Konten` (`judul`, `sinopsis`, `tahun_rilis`, `rating_usia`, `type`) VALUES ('The Good Doctor', 'Autistic surgeon proves skill.', 2017, '13+', 'Serial_TV');
INSERT IGNORE INTO `Konten` (`judul`, `sinopsis`, `tahun_rilis`, `rating_usia`, `type`) VALUES ('This Is Us', 'Family experiences life chapters.', 2016, '13+', 'Serial_TV');
INSERT IGNORE INTO `Konten` (`judul`, `sinopsis`, `tahun_rilis`, `rating_usia`, `type`) VALUES ('The Mentalist', 'Consultant solves tricky cases.', 2008, '13+', 'Serial_TV');
INSERT IGNORE INTO `Konten` (`judul`, `sinopsis`, `tahun_rilis`, `rating_usia`, `type`) VALUES ('Person of Interest', 'AI predicts violent crimes.', 2011, '13+', 'Serial_TV');
INSERT IGNORE INTO `Konten` (`judul`, `sinopsis`, `tahun_rilis`, `rating_usia`, `type`) VALUES ('Elementary', 'Modern retelling of Holmes.', 2012, '13+', 'Serial_TV');
INSERT IGNORE INTO `Konten` (`judul`, `sinopsis`, `tahun_rilis`, `rating_usia`, `type`) VALUES ('His Dark Materials', 'Girl uncovers cosmic secrets.', 2019, '13+', 'Serial_TV');
INSERT IGNORE INTO `Konten` (`judul`, `sinopsis`, `tahun_rilis`, `rating_usia`, `type`) VALUES ('The Sandman', 'Dream lord restores realm.', 2022, '17+', 'Serial_TV');
INSERT IGNORE INTO `Konten` (`judul`, `sinopsis`, `tahun_rilis`, `rating_usia`, `type`) VALUES ('Love, Death & Robots', 'Animated sci-fi anthology.', 2019, '17+', 'Serial_TV');
INSERT IGNORE INTO `Konten` (`judul`, `sinopsis`, `tahun_rilis`, `rating_usia`, `type`) VALUES ('Arcane', 'City tension sparks conflict.', 2021, '17+', 'Serial_TV');
INSERT IGNORE INTO `Konten` (`judul`, `sinopsis`, `tahun_rilis`, `rating_usia`, `type`) VALUES ('Castlevania', 'Hunters battle dark forces.', 2017, '17+', 'Serial_TV');
INSERT IGNORE INTO `Konten` (`judul`, `sinopsis`, `tahun_rilis`, `rating_usia`, `type`) VALUES ('The Dragon Prince', 'Siblings seek dragon egg.', 2018, '13+', 'Serial_TV');
INSERT IGNORE INTO `Konten` (`judul`, `sinopsis`, `tahun_rilis`, `rating_usia`, `type`) VALUES ('Avatar: The Last Airbender', 'Boy must master elements.', 2005, 'SU', 'Serial_TV');
INSERT IGNORE INTO `Konten` (`judul`, `sinopsis`, `tahun_rilis`, `rating_usia`, `type`) VALUES ('The Legend of Korra', 'Avatar faces modern threats.', 2012, '13+', 'Serial_TV');
INSERT IGNORE INTO `Konten` (`judul`, `sinopsis`, `tahun_rilis`, `rating_usia`, `type`) VALUES ('Squid Game', 'Deadly survival competition.', 2021, '17+', 'Serial_TV');
INSERT IGNORE INTO `Konten` (`judul`, `sinopsis`, `tahun_rilis`, `rating_usia`, `type`) VALUES ('Kingdom', 'Plague spreads through Joseon.', 2019, '17+', 'Serial_TV');
INSERT IGNORE INTO `Konten` (`judul`, `sinopsis`, `tahun_rilis`, `rating_usia`, `type`) VALUES ('Crash Landing on You', 'Heiress lands in enemy land.', 2019, '13+', 'Serial_TV');
INSERT IGNORE INTO `Konten` (`judul`, `sinopsis`, `tahun_rilis`, `rating_usia`, `type`) VALUES ('Goblin', 'Immortal seeks his bride.', 2016, '13+', 'Serial_TV');
INSERT IGNORE INTO `Konten` (`judul`, `sinopsis`, `tahun_rilis`, `rating_usia`, `type`) VALUES ('Descendants of the Sun', 'Soldier and doctor romance.', 2016, '13+', 'Serial_TV');
INSERT IGNORE INTO `Konten` (`judul`, `sinopsis`, `tahun_rilis`, `rating_usia`, `type`) VALUES ('Itaewon Class', 'Man builds restaurant empire.', 2020, '13+', 'Serial_TV');
INSERT IGNORE INTO `Konten` (`judul`, `sinopsis`, `tahun_rilis`, `rating_usia`, `type`) VALUES ('Vincenzo', 'Consigliere seeks justice.', 2021, '13+', 'Serial_TV');
INSERT IGNORE INTO `Konten` (`judul`, `sinopsis`, `tahun_rilis`, `rating_usia`, `type`) VALUES ('Reply 1988', 'Neighbors share daily life.', 2015, '13+', 'Serial_TV');
INSERT IGNORE INTO `Konten` (`judul`, `sinopsis`, `tahun_rilis`, `rating_usia`, `type`) VALUES ('Signal', 'Detectives communicate across time.', 2016, '13+', 'Serial_TV');
INSERT IGNORE INTO `Konten` (`judul`, `sinopsis`, `tahun_rilis`, `rating_usia`, `type`) VALUES ('Hospital Playlist', 'Doctors share friendship & music.', 2020, '13+', 'Serial_TV');
INSERT IGNORE INTO `Konten` (`judul`, `sinopsis`, `tahun_rilis`, `rating_usia`, `type`) VALUES ('My Mister', 'Man forms healing bond.', 2018, '13+', 'Serial_TV');
INSERT IGNORE INTO `Konten` (`judul`, `sinopsis`, `tahun_rilis`, `rating_usia`, `type`) VALUES ('All of Us Are Dead', 'Students trapped during outbreak.', 2022, '17+', 'Serial_TV');
INSERT IGNORE INTO `Konten` (`judul`, `sinopsis`, `tahun_rilis`, `rating_usia`, `type`) VALUES ('Sweet Home', 'Residents face monstrous changes.', 2020, '17+', 'Serial_TV');
INSERT IGNORE INTO `Konten` (`judul`, `sinopsis`, `tahun_rilis`, `rating_usia`, `type`) VALUES ('Extraordinary Attorney Woo', 'Autistic lawyer excels.', 2022, '13+', 'Serial_TV');
INSERT IGNORE INTO `Konten` (`judul`, `sinopsis`, `tahun_rilis`, `rating_usia`, `type`) VALUES ('Hellbound', 'Angels herald doom.', 2021, '17+', 'Serial_TV');
INSERT IGNORE INTO `Konten` (`judul`, `sinopsis`, `tahun_rilis`, `rating_usia`, `type`) VALUES ('Attack on Titan', 'Humanity fights giant Titans.', 2013, '17+', 'Serial_TV');
INSERT IGNORE INTO `Konten` (`judul`, `sinopsis`, `tahun_rilis`, `rating_usia`, `type`) VALUES ('Naruto', 'Ninja seeks recognition.', 2002, '13+', 'Serial_TV');
INSERT IGNORE INTO `Konten` (`judul`, `sinopsis`, `tahun_rilis`, `rating_usia`, `type`) VALUES ('Naruto Shippuden', 'Ninja grows through battles.', 2007, '13+', 'Serial_TV');
INSERT IGNORE INTO `Konten` (`judul`, `sinopsis`, `tahun_rilis`, `rating_usia`, `type`) VALUES ('Bleach', 'Teen gains soul reaper powers.', 2004, '13+', 'Serial_TV');
INSERT IGNORE INTO `Konten` (`judul`, `sinopsis`, `tahun_rilis`, `rating_usia`, `type`) VALUES ('One Piece', 'Crew seeks legendary treasure.', 1999, '13+', 'Serial_TV');
INSERT IGNORE INTO `Konten` (`judul`, `sinopsis`, `tahun_rilis`, `rating_usia`, `type`) VALUES ('Demon Slayer', 'Boy hunts demons to cure sister.', 2019, '13+', 'Serial_TV');
INSERT IGNORE INTO `Konten` (`judul`, `sinopsis`, `tahun_rilis`, `rating_usia`, `type`) VALUES ('Jujutsu Kaisen', 'Student fights cursed spirits.', 2020, '13+', 'Serial_TV');
INSERT IGNORE INTO `Konten` (`judul`, `sinopsis`, `tahun_rilis`, `rating_usia`, `type`) VALUES ('My Hero Academia', 'Boy attends hero academy.', 2016, '13+', 'Serial_TV');
INSERT IGNORE INTO `Konten` (`judul`, `sinopsis`, `tahun_rilis`, `rating_usia`, `type`) VALUES ('Fullmetal Alchemist: Brotherhood', 'Brothers seek philosophers stone.', 2009, '13+', 'Serial_TV');
INSERT IGNORE INTO `Konten` (`judul`, `sinopsis`, `tahun_rilis`, `rating_usia`, `type`) VALUES ('Death Note', 'Notebook grants lethal power.', 2006, '13+', 'Serial_TV');
INSERT IGNORE INTO `Konten` (`judul`, `sinopsis`, `tahun_rilis`, `rating_usia`, `type`) VALUES ('Hunter x Hunter', 'Boy searches for his father.', 2011, '13+', 'Serial_TV');
INSERT IGNORE INTO `Konten` (`judul`, `sinopsis`, `tahun_rilis`, `rating_usia`, `type`) VALUES ('Chainsaw Man', 'Youth merges with chainsaw devil.', 2022, '17+', 'Serial_TV');
INSERT IGNORE INTO `Konten` (`judul`, `sinopsis`, `tahun_rilis`, `rating_usia`, `type`) VALUES ('Tokyo Ghoul', 'Student becomes half-ghoul.', 2014, '17+', 'Serial_TV');
INSERT IGNORE INTO `Konten` (`judul`, `sinopsis`, `tahun_rilis`, `rating_usia`, `type`) VALUES ('Sword Art Online', 'Players trapped in VR world.', 2012, '13+', 'Serial_TV');
INSERT IGNORE INTO `Konten` (`judul`, `sinopsis`, `tahun_rilis`, `rating_usia`, `type`) VALUES ('Black Clover', 'Boy aims to be Wizard King.', 2017, '13+', 'Serial_TV');
INSERT IGNORE INTO `Konten` (`judul`, `sinopsis`, `tahun_rilis`, `rating_usia`, `type`) VALUES ('Fairy Tail', 'Mages undertake guild quests.', 2009, '13+', 'Serial_TV');
INSERT IGNORE INTO `Konten` (`judul`, `sinopsis`, `tahun_rilis`, `rating_usia`, `type`) VALUES ('Haikyuu!!', 'Team pursues volleyball glory.', 2014, '13+', 'Serial_TV');
INSERT IGNORE INTO `Konten` (`judul`, `sinopsis`, `tahun_rilis`, `rating_usia`, `type`) VALUES ('Blue Lock', 'Strikers compete for spotlight.', 2022, '13+', 'Serial_TV');
INSERT IGNORE INTO `Konten` (`judul`, `sinopsis`, `tahun_rilis`, `rating_usia`, `type`) VALUES ('Spy x Family', 'Spy forms fake family.', 2022, '13+', 'Serial_TV');
INSERT IGNORE INTO `Konten` (`judul`, `sinopsis`, `tahun_rilis`, `rating_usia`, `type`) VALUES ('Dr. Stone', 'Genius rebuilds civilization.', 2019, '13+', 'Serial_TV');
INSERT IGNORE INTO `Konten` (`judul`, `sinopsis`, `tahun_rilis`, `rating_usia`, `type`) VALUES ('Mob Psycho 100', 'Boy with psychic powers seeks normal life.', 2016, '13+', 'Serial_TV');
INSERT IGNORE INTO `Konten` (`judul`, `sinopsis`, `tahun_rilis`, `rating_usia`, `type`) VALUES ('Vinland Saga', 'Young warrior seeks true meaning.', 2019, '17+', 'Serial_TV');
INSERT IGNORE INTO `Konten` (`judul`, `sinopsis`, `tahun_rilis`, `rating_usia`, `type`) VALUES ('Layangan Putus', 'Marriage faces infidelity.', 2021, '13+', 'Serial_TV');
INSERT IGNORE INTO `Konten` (`judul`, `sinopsis`, `tahun_rilis`, `rating_usia`, `type`) VALUES ('Gadis Kretek', 'Family and clove industry saga.', 2023, '13+', 'Serial_TV');
INSERT IGNORE INTO `Konten` (`judul`, `sinopsis`, `tahun_rilis`, `rating_usia`, `type`) VALUES ('Tira', 'Heroine joins vigilante network.', 2023, '13+', 'Serial_TV');
INSERT IGNORE INTO `Konten` (`judul`, `sinopsis`, `tahun_rilis`, `rating_usia`, `type`) VALUES ('Turn On', 'Young man explores relationships.', 2020, '17+', 'Serial_TV');
INSERT IGNORE INTO `Konten` (`judul`, `sinopsis`, `tahun_rilis`, `rating_usia`, `type`) VALUES ('Wedding Agreement The Series', 'Couple navigates contract marriage.', 2022, '13+', 'Serial_TV');
INSERT IGNORE INTO `Konten` (`judul`, `sinopsis`, `tahun_rilis`, `rating_usia`, `type`) VALUES ('Virgin The Series', 'Teens confront social issues.', 2022, '13+', 'Serial_TV');

-- ============================================================
-- SERIAL TV & EPISODE
-- ============================================================
INSERT IGNORE INTO `Konten` (`judul`, `sinopsis`, `tahun_rilis`, `rating_usia`, `type`) VALUES ('Avatar: The Last Airbender', 'Aang sang Avatar menguasai elemen.', 2005, 'TV-Y7', 'Serial_TV');
INSERT IGNORE INTO `Serial_TV` VALUES ('Avatar: The Last Airbender', 3);

INSERT IGNORE INTO `Konten` (`judul`, `sinopsis`, `tahun_rilis`, `rating_usia`, `type`) VALUES ('Breaking Bad', 'Guru kimia jadi raja narkoba.', 2008, 'TV-MA', 'Serial_TV');
INSERT IGNORE INTO `Serial_TV` VALUES ('Breaking Bad', 5);

INSERT IGNORE INTO `Konten` (`judul`, `sinopsis`, `tahun_rilis`, `rating_usia`, `type`) VALUES ('Stranger Things', 'Misteri supranatural di Hawkins.', 2016, 'TV-14', 'Serial_TV');
INSERT IGNORE INTO `Serial_TV` VALUES ('Stranger Things', 4);

INSERT IGNORE INTO `Konten` (`judul`, `sinopsis`, `tahun_rilis`, `rating_usia`, `type`) VALUES ('Interstellar', 'Tim penjelajah melintasi lubang cacing di luar angkasa.', 2014, 'PG-13', 'Film');
INSERT IGNORE INTO `Film` (`judul`, `durasi`, `sutradara`) VALUES ('Interstellar', 169, 'Christopher Nolan');

INSERT IGNORE INTO `Konten` (`judul`, `sinopsis`, `tahun_rilis`, `rating_usia`, `type`) VALUES ('Inception', 'Pencuri yang mencuri rahasia perusahaan melalui mimpi.', 2010, 'PG-13', 'Film');
INSERT IGNORE INTO `Film` (`judul`, `durasi`, `sutradara`) VALUES ('Inception', 148, 'Christopher Nolan');

INSERT IGNORE INTO `Konten` (`judul`, `sinopsis`, `tahun_rilis`, `rating_usia`, `type`) VALUES ('Parasite', 'Diskriminasi keserakahan dan kelas mengancam hubungan simbiosis.', 2019, 'R', 'Film');
INSERT IGNORE INTO `Film` (`judul`, `durasi`, `sutradara`) VALUES ('Parasite', 132, 'Bong Joon Ho');

-- ============================================================
-- KONTEN & FILM BARU 
-- ============================================================
INSERT IGNORE INTO `Konten` (`judul`, `sinopsis`, `tahun_rilis`, `rating_usia`, `type`) VALUES ('Oppenheimer', 'Kisah J. Robert Oppenheimer.', 2023, 'R', 'Film');
INSERT IGNORE INTO `Film` VALUES ('Oppenheimer', 180, 'Christopher Nolan');

INSERT IGNORE INTO `Konten` (`judul`, `sinopsis`, `tahun_rilis`, `rating_usia`, `type`) VALUES ('Barbie', 'Barbie mengalami krisis eksistensial.', 2023, 'PG-13', 'Film');
INSERT IGNORE INTO `Film` VALUES ('Barbie', 114, 'Greta Gerwig');

INSERT IGNORE INTO `Konten` (`judul`, `sinopsis`, `tahun_rilis`, `rating_usia`, `type`) VALUES ('Dune: Part Two', 'Paul Atreides membalas dendam.', 2024, 'PG-13', 'Film');
INSERT IGNORE INTO `Film` VALUES ('Dune: Part Two', 166, 'Denis Villeneuve');

INSERT IGNORE INTO `Konten` (`judul`, `sinopsis`, `tahun_rilis`, `rating_usia`, `type`) VALUES ('Spider-Man: Across the Spider-Verse', 'Miles Morales melintasi multiverse.', 2023, 'PG', 'Film');
INSERT IGNORE INTO `Film` VALUES ('Spider-Man: Across the Spider-Verse', 140, 'Joaquim Dos Santos');

INSERT IGNORE INTO `Konten` (`judul`, `sinopsis`, `tahun_rilis`, `rating_usia`, `type`) VALUES ('The Batman', 'Batman mengungkap korupsi di Gotham.', 2022, 'PG-13', 'Film');
INSERT IGNORE INTO `Film` VALUES ('The Batman', 176, 'Matt Reeves');

INSERT IGNORE INTO `Konten` (`judul`, `sinopsis`, `tahun_rilis`, `rating_usia`, `type`) VALUES ('Top Gun: Maverick', 'Maverick kembali sebagai instruktur.', 2022, 'PG-13', 'Film');
INSERT IGNORE INTO `Film` VALUES ('Top Gun: Maverick', 130, 'Joseph Kosinski');

INSERT IGNORE INTO `Konten` (`judul`, `sinopsis`, `tahun_rilis`, `rating_usia`, `type`) VALUES ('Avatar: The Way of Water', 'Jake Sully melindungi keluarga barunya.', 2022, 'PG-13', 'Film');
INSERT IGNORE INTO `Film` VALUES ('Avatar: The Way of Water', 192, 'James Cameron');

INSERT IGNORE INTO `Konten` (`judul`, `sinopsis`, `tahun_rilis`, `rating_usia`, `type`) VALUES ('Guardians of the Galaxy Vol. 3', 'Misi terakhir para penjaga galaksi.', 2023, 'PG-13', 'Film');
INSERT IGNORE INTO `Film` VALUES ('Guardians of the Galaxy Vol. 3', 150, 'James Gunn');

INSERT IGNORE INTO `Konten` (`judul`, `sinopsis`, `tahun_rilis`, `rating_usia`, `type`) VALUES ('Black Panther: Wakanda Forever', 'Wakanda berjuang tanpa rajanya.', 2022, 'PG-13', 'Film');
INSERT IGNORE INTO `Film` VALUES ('Black Panther: Wakanda Forever', 161, 'Ryan Coogler');

INSERT IGNORE INTO `Konten` (`judul`, `sinopsis`, `tahun_rilis`, `rating_usia`, `type`) VALUES ('Everything Everywhere All At Once', 'Petualangan gila di multiverse.', 2022, 'R', 'Film');
INSERT IGNORE INTO `Film` VALUES ('Everything Everywhere All At Once', 139, 'Daniel Kwan');

INSERT IGNORE INTO `Konten` (`judul`, `sinopsis`, `tahun_rilis`, `rating_usia`, `type`) VALUES ('The Whale', 'Seorang guru mencoba berdamai dengan anaknya.', 2022, 'R', 'Film');
INSERT IGNORE INTO `Film` VALUES ('The Whale', 117, 'Darren Aronofsky');

INSERT IGNORE INTO `Konten` (`judul`, `sinopsis`, `tahun_rilis`, `rating_usia`, `type`) VALUES ('John Wick: Chapter 4', 'John Wick melawan High Table.', 2023, 'R', 'Film');
INSERT IGNORE INTO `Film` VALUES ('John Wick: Chapter 4', 169, 'Chad Stahelski');

INSERT IGNORE INTO `Konten` (`judul`, `sinopsis`, `tahun_rilis`, `rating_usia`, `type`) VALUES ('Mission: Impossible - Dead Reckoning', 'Ethan Hunt menghadapi AI berbahaya.', 2023, 'PG-13', 'Film');
INSERT IGNORE INTO `Film` VALUES ('Mission: Impossible - Dead Reckoning', 163, 'Christopher McQuarrie');

INSERT IGNORE INTO `Konten` (`judul`, `sinopsis`, `tahun_rilis`, `rating_usia`, `type`) VALUES ('Poor Things', 'Evolusi fantastis Bella Baxter.', 2023, 'R', 'Film');
INSERT IGNORE INTO `Film` VALUES ('Poor Things', 141, 'Yorgos Lanthimos');

INSERT IGNORE INTO `Konten` (`judul`, `sinopsis`, `tahun_rilis`, `rating_usia`, `type`) VALUES ('Killers of the Flower Moon', 'Pembunuhan suku Osage.', 2023, 'R', 'Film');
INSERT IGNORE INTO `Film` VALUES ('Killers of the Flower Moon', 206, 'Martin Scorsese');

INSERT IGNORE INTO `Konten` (`judul`, `sinopsis`, `tahun_rilis`, `rating_usia`, `type`) VALUES ('Godzilla Minus One', 'Jepang pascaperang diserang Godzilla.', 2023, 'PG-13', 'Film');
INSERT IGNORE INTO `Film` VALUES ('Godzilla Minus One', 125, 'Takashi Yamazaki');

INSERT IGNORE INTO `Konten` (`judul`, `sinopsis`, `tahun_rilis`, `rating_usia`, `type`) VALUES ('Past Lives', 'Dua teman masa kecil bertemu kembali.', 2023, 'PG-13', 'Film');
INSERT IGNORE INTO `Film` VALUES ('Past Lives', 105, 'Celine Song');

INSERT IGNORE INTO `Konten` (`judul`, `sinopsis`, `tahun_rilis`, `rating_usia`, `type`) VALUES ('Anatomy of a Fall', 'Istri dituduh membunuh suaminya.', 2023, 'R', 'Film');
INSERT IGNORE INTO `Film` VALUES ('Anatomy of a Fall', 151, 'Justine Triet');

INSERT IGNORE INTO `Konten` (`judul`, `sinopsis`, `tahun_rilis`, `rating_usia`, `type`) VALUES ('The Zone of Interest', 'Kehidupan komandan Auschwitz.', 2023, 'PG-13', 'Film');
INSERT IGNORE INTO `Film` VALUES ('The Zone of Interest', 105, 'Jonathan Glazer');

INSERT IGNORE INTO `Konten` (`judul`, `sinopsis`, `tahun_rilis`, `rating_usia`, `type`) VALUES ('Civil War', 'Perang saudara di Amerika masa depan.', 2024, 'R', 'Film');
INSERT IGNORE INTO `Film` VALUES ('Civil War', 109, 'Alex Garland');


-- ================= FILM spesialisasi =================
-- MARVEL CINEMATIC UNIVERSE & SUPERHEROES
INSERT IGNORE INTO `Film` VALUES ('Iron Man', 126, 'Jon Favreau');
INSERT IGNORE INTO `Film` VALUES ('Iron Man 2', 124, 'Jon Favreau');
INSERT IGNORE INTO `Film` VALUES ('Iron Man 3', 130, 'Shane Black');
INSERT IGNORE INTO `Film` VALUES ('The Avengers', 143, 'Joss Whedon');
INSERT IGNORE INTO `Film` VALUES ('Avengers: Age of Ultron', 141, 'Joss Whedon');
INSERT IGNORE INTO `Film` VALUES ('Avengers: Infinity War', 149, 'Anthony Russo, Joe Russo');
INSERT IGNORE INTO `Film` VALUES ('Avengers: Endgame', 181, 'Anthony Russo, Joe Russo');
INSERT IGNORE INTO `Film` VALUES ('Thor', 115, 'Kenneth Branagh');
INSERT IGNORE INTO `Film` VALUES ('Thor: The Dark World', 112, 'Alan Taylor');
INSERT IGNORE INTO `Film` VALUES ('Thor: Ragnarok', 130, 'Taika Waititi');
INSERT IGNORE INTO `Film` VALUES ('Captain America: The First Avenger', 124, 'Joe Johnston');
INSERT IGNORE INTO `Film` VALUES ('Captain America: The Winter Soldier', 136, 'Anthony Russo, Joe Russo');
INSERT IGNORE INTO `Film` VALUES ('Captain America: Civil War', 147, 'Anthony Russo, Joe Russo');
INSERT IGNORE INTO `Film` VALUES ('Black Panther', 134, 'Ryan Coogler');
INSERT IGNORE INTO `Film` VALUES ('Doctor Strange', 115, 'Scott Derrickson');
INSERT IGNORE INTO `Film` VALUES ('Doctor Strange in the Multiverse of Madness', 126, 'Sam Raimi');
INSERT IGNORE INTO `Film` VALUES ('Spider-Man: Homecoming', 133, 'Jon Watts');
INSERT IGNORE INTO `Film` VALUES ('Spider-Man: Far From Home', 129, 'Jon Watts');
INSERT IGNORE INTO `Film` VALUES ('Spider-Man: No Way Home', 148, 'Jon Watts');
INSERT IGNORE INTO `Film` VALUES ('Ant-Man', 117, 'Peyton Reed');
INSERT IGNORE INTO `Film` VALUES ('Ant-Man and the Wasp', 118, 'Peyton Reed');
INSERT IGNORE INTO `Film` VALUES ('Black Widow', 134, 'Cate Shortland');
INSERT IGNORE INTO `Film` VALUES ('Shang-Chi and the Legend of the Ten Rings', 132, 'Destin Daniel Cretton');
INSERT IGNORE INTO `Film` VALUES ('Eternals', 156, 'Chlo Zhao');
INSERT IGNORE INTO `Film` VALUES ('Captain Marvel', 123, 'Anna Boden, Ryan Fleck');
INSERT IGNORE INTO `Film` VALUES ('Guardians of the Galaxy', 121, 'James Gunn');
INSERT IGNORE INTO `Film` VALUES ('Guardians of the Galaxy Vol. 2', 136, 'James Gunn');
INSERT IGNORE INTO `Film` VALUES ('Guardians of the Galaxy Vol. 3', 150, 'James Gunn');
INSERT IGNORE INTO `Film` VALUES ('Black Panther: Wakanda Forever', 161, 'Ryan Coogler');

-- CHRISTOPHER NOLAN & HIGH PROFILE DRAMA/ACTION
INSERT IGNORE INTO `Film` VALUES ('Inception', 148, 'Christopher Nolan');
INSERT IGNORE INTO `Film` VALUES ('The Dark Knight', 152, 'Christopher Nolan');
INSERT IGNORE INTO `Film` VALUES ('The Dark Knight Rises', 164, 'Christopher Nolan');
INSERT IGNORE INTO `Film` VALUES ('Batman Begins', 140, 'Christopher Nolan');
INSERT IGNORE INTO `Film` VALUES ('Interstellar', 169, 'Christopher Nolan');
INSERT IGNORE INTO `Film` VALUES ('Dunkirk', 106, 'Christopher Nolan');
INSERT IGNORE INTO `Film` VALUES ('Tenet', 150, 'Christopher Nolan');
INSERT IGNORE INTO `Film` VALUES ('Oppenheimer', 180, 'Christopher Nolan');
INSERT IGNORE INTO `Film` VALUES ('Joker', 122, 'Todd Phillips');
INSERT IGNORE INTO `Film` VALUES ('Titanic', 195, 'James Cameron');
INSERT IGNORE INTO `Film` VALUES ('Avatar', 162, 'James Cameron');
INSERT IGNORE INTO `Film` VALUES ('Avatar: The Way of Water', 192, 'James Cameron');

-- ACTION FRANCHISES (MATRIX, JOHN WICK, MISSION IMPOSSIBLE)
INSERT IGNORE INTO `Film` VALUES ('The Matrix', 136, 'The Wachowskis');
INSERT IGNORE INTO `Film` VALUES ('The Matrix Reloaded', 138, 'The Wachowskis');
INSERT IGNORE INTO `Film` VALUES ('The Matrix Revolutions', 129, 'The Wachowskis');
INSERT IGNORE INTO `Film` VALUES ('John Wick', 101, 'Chad Stahelski');
INSERT IGNORE INTO `Film` VALUES ('John Wick: Chapter 2', 122, 'Chad Stahelski');
INSERT IGNORE INTO `Film` VALUES ('John Wick: Chapter 3 - Parabellum', 130, 'Chad Stahelski');
INSERT IGNORE INTO `Film` VALUES ('John Wick: Chapter 4', 169, 'Chad Stahelski');
INSERT IGNORE INTO `Film` VALUES ('Mission: Impossible', 110, 'Brian De Palma');
INSERT IGNORE INTO `Film` VALUES ('Mission: Impossible - Fallout', 147, 'Christopher McQuarrie');
INSERT IGNORE INTO `Film` VALUES ('Top Gun', 110, 'Tony Scott');
INSERT IGNORE INTO `Film` VALUES ('Top Gun: Maverick', 130, 'Joseph Kosinski');
INSERT IGNORE INTO `Film` VALUES ('Gladiator', 155, 'Ridley Scott');

-- HOLLYWOOD CLASSICS & CULT
INSERT IGNORE INTO `Film` VALUES ('The Godfather', 175, 'Francis Ford Coppola');
INSERT IGNORE INTO `Film` VALUES ('The Godfather Part II', 202, 'Francis Ford Coppola');
INSERT IGNORE INTO `Film` VALUES ('Pulp Fiction', 154, 'Quentin Tarantino');
INSERT IGNORE INTO `Film` VALUES ('Fight Club', 139, 'David Fincher');
INSERT IGNORE INTO `Film` VALUES ('Forrest Gump', 142, 'Robert Zemeckis');
INSERT IGNORE INTO `Film` VALUES ('The Shawshank Redemption', 142, 'Frank Darabont');

-- INDONESIAN MOVIES
INSERT IGNORE INTO `Film` VALUES ('The Raid', 101, 'Gareth Evans');
INSERT IGNORE INTO `Film` VALUES ('The Raid 2', 150, 'Gareth Evans');
INSERT IGNORE INTO `Film` VALUES ('Gundala', 123, 'Joko Anwar');
INSERT IGNORE INTO `Film` VALUES ('Sri Asih', 135, 'Upi Avianto');
INSERT IGNORE INTO `Film` VALUES ('Pengabdi Setan', 114, 'Joko Anwar');
INSERT IGNORE INTO `Film` VALUES ('Pengabdi Setan 2: Communion', 119, 'Joko Anwar');
INSERT IGNORE INTO `Film` VALUES ('KKN di Desa Penari', 121, 'Awi Suryadi');
INSERT IGNORE INTO `Film` VALUES ('Laskar Pelangi', 125, 'Riri Riza');
INSERT IGNORE INTO `Film` VALUES ('Habibie & Ainun', 121, 'Faozan Rizal');
INSERT IGNORE INTO `Film` VALUES ('Dilan 1990', 110, 'Fajar Bustomi, Pidi Baiq');
INSERT IGNORE INTO `Film` VALUES ('Dilan 1991', 121, 'Fajar Bustomi, Pidi Baiq');
INSERT IGNORE INTO `Film` VALUES ('Milea: Suara dari Dilan', 102, 'Fajar Bustomi, Pidi Baiq');
INSERT IGNORE INTO `Film` VALUES ('Ada Apa Dengan Cinta?', 112, 'Rudy Soedjarwo');
INSERT IGNORE INTO `Film` VALUES ('Ada Apa Dengan Cinta? 2', 123, 'Riri Riza');
INSERT IGNORE INTO `Film` VALUES ('Cek Toko Sebelah', 104, 'Ernest Prakasa');
INSERT IGNORE INTO `Film` VALUES ('Ngeri-Ngeri Sedap', 114, 'Bene Dion Rajagukguk');
INSERT IGNORE INTO `Film` VALUES ('Mencuri Raden Saleh', 154, 'Angga Dwimas Sasongko');
INSERT IGNORE INTO `Film` VALUES ('The Big 4', 141, 'Timo Tjahjanto');
INSERT IGNORE INTO `Film` VALUES ('Perempuan Tanah Jahanam', 106, 'Joko Anwar');
INSERT IGNORE INTO `Film` VALUES ('Satu Suro', 94, 'Anggy Umbara');
INSERT IGNORE INTO `Film` VALUES ('Sebelum Iblis Menjemput', 110, 'Timo Tjahjanto');
INSERT IGNORE INTO `Film` VALUES ('Ratu Ilmu Hitam', 99, 'Kimo Stamboel');
INSERT IGNORE INTO `Film` VALUES ('Suzanna: Bernapas dalam Kubur', 125, 'Rocky Soraya, Anggy Umbara');

-- KOREAN CINEMA
INSERT IGNORE INTO `Film` VALUES ('Parasite', 132, 'Bong Joon-ho');
INSERT IGNORE INTO `Film` VALUES ('Train to Busan', 118, 'Yeon Sang-ho');
INSERT IGNORE INTO `Film` VALUES ('My Sassy Girl', 123, 'Kwak Jae-yong');
INSERT IGNORE INTO `Film` VALUES ('Oldboy', 120, 'Park Chan-wook');
INSERT IGNORE INTO `Film` VALUES ('Memories of Murder', 131, 'Bong Joon-ho');
INSERT IGNORE INTO `Film` VALUES ('Minari', 115, 'Lee Isaac Chung');
INSERT IGNORE INTO `Film` VALUES ('Decision to Leave', 138, 'Park Chan-wook');
INSERT IGNORE INTO `Film` VALUES ('Broker', 129, 'Hirokazu Kore-eda');
INSERT IGNORE INTO `Film` VALUES ('Burning', 148, 'Lee Chang-dong');
INSERT IGNORE INTO `Film` VALUES ('Extreme Job', 111, 'Lee Byeong-heon');
INSERT IGNORE INTO `Film` VALUES ('Exit', 103, 'Lee Sang-geun');
INSERT IGNORE INTO `Film` VALUES ('Along With the Gods: The Two Worlds', 139, 'Kim Yong-hwa');
INSERT IGNORE INTO `Film` VALUES ('Along With the Gods: The Last 49 Days', 141, 'Kim Yong-hwa');
INSERT IGNORE INTO `Film` VALUES ('The Wailing', 156, 'Na Hong-jin');
INSERT IGNORE INTO `Film` VALUES ('I Saw the Devil', 141, 'Kim Jee-woon');
INSERT IGNORE INTO `Film` VALUES ('A Taxi Driver', 137, 'Jang Hoon');
INSERT IGNORE INTO `Film` VALUES ('Miracle in Cell No. 7', 127, 'Lee Hwan-kyung');

-- HARRY POTTER & FANTASY WORLD
INSERT IGNORE INTO `Film` VALUES ('Harry Potter and the Sorcerers Stone', 152, 'Chris Columbus');
INSERT IGNORE INTO `Film` VALUES ('Harry Potter and the Chamber of Secrets', 161, 'Chris Columbus');
INSERT IGNORE INTO `Film` VALUES ('Harry Potter and the Prisoner of Azkaban', 142, 'Alfonso Cuarn');
INSERT IGNORE INTO `Film` VALUES ('Harry Potter and the Goblet of Fire', 157, 'Mike Newell');
INSERT IGNORE INTO `Film` VALUES ('Harry Potter and the Order of the Phoenix', 138, 'David Yates');
INSERT IGNORE INTO `Film` VALUES ('Harry Potter and the Half-Blood Prince', 153, 'David Yates');
INSERT IGNORE INTO `Film` VALUES ('Harry Potter and the Deathly Hallows: Part 1', 146, 'David Yates');
INSERT IGNORE INTO `Film` VALUES ('Harry Potter and the Deathly Hallows: Part 2', 130, 'David Yates');
INSERT IGNORE INTO `Film` VALUES ('Fantastic Beasts and Where to Find Them', 132, 'David Yates');
INSERT IGNORE INTO `Film` VALUES ('Fantastic Beasts: The Crimes of Grindelwald', 134, 'David Yates');
INSERT IGNORE INTO `Film` VALUES ('Fantastic Beasts: The Secrets of Dumbledore', 142, 'David Yates');
INSERT IGNORE INTO `Film` VALUES ('The Lord of the Rings: The Fellowship of the Ring', 178, 'Peter Jackson');
INSERT IGNORE INTO `Film` VALUES ('The Lord of the Rings: The Two Towers', 179, 'Peter Jackson');
INSERT IGNORE INTO `Film` VALUES ('The Lord of the Rings: The Return of the King', 201, 'Peter Jackson');
INSERT IGNORE INTO `Film` VALUES ('The Hobbit: An Unexpected Journey', 169, 'Peter Jackson');
INSERT IGNORE INTO `Film` VALUES ('The Hobbit: The Desolation of Smaug', 161, 'Peter Jackson');
INSERT IGNORE INTO `Film` VALUES ('The Hobbit: The Battle of the Five Armies', 144, 'Peter Jackson');
INSERT IGNORE INTO `Film` VALUES ('Pirates of the Caribbean: The Curse of the Black Pearl', 143, 'Gore Verbinski');
INSERT IGNORE INTO `Film` VALUES ('Pirates of the Caribbean: Dead Mans Chest', 151, 'Gore Verbinski');
INSERT IGNORE INTO `Film` VALUES ('Pirates of the Caribbean: At Worlds End', 169, 'Gore Verbinski');

-- SCI-FI & ADVENTURE CLASSICS
INSERT IGNORE INTO `Film` VALUES ('Jurassic Park', 127, 'Steven Spielberg');
INSERT IGNORE INTO `Film` VALUES ('Jurassic World', 124, 'Colin Trevorrow');
INSERT IGNORE INTO `Film` VALUES ('Jurassic World: Fallen Kingdom', 128, 'J.A. Bayona');
INSERT IGNORE INTO `Film` VALUES ('Jaws', 124, 'Steven Spielberg');
INSERT IGNORE INTO `Film` VALUES ('E.T. the Extra-Terrestrial', 115, 'Steven Spielberg');
INSERT IGNORE INTO `Film` VALUES ('Back to the Future', 116, 'Robert Zemeckis');
INSERT IGNORE INTO `Film` VALUES ('Back to the Future Part II', 108, 'Robert Zemeckis');
INSERT IGNORE INTO `Film` VALUES ('Back to the Future Part III', 118, 'Robert Zemeckis');
INSERT IGNORE INTO `Film` VALUES ('Star Wars: Episode IV - A New Hope', 121, 'George Lucas');
INSERT IGNORE INTO `Film` VALUES ('Star Wars: Episode V - The Empire Strikes Back', 124, 'Irvin Kershner');
INSERT IGNORE INTO `Film` VALUES ('Star Wars: Episode VI - Return of the Jedi', 131, 'Richard Marquand');
INSERT IGNORE INTO `Film` VALUES ('Star Wars: Episode I - The Phantom Menace', 136, 'George Lucas');
INSERT IGNORE INTO `Film` VALUES ('Star Wars: Episode II - Attack of the Clones', 142, 'George Lucas');
INSERT IGNORE INTO `Film` VALUES ('Star Wars: Episode III - Revenge of the Sith', 140, 'George Lucas');

-- ================= SERIAL_TV spesialisasi =================
INSERT IGNORE INTO `Serial_TV` VALUES ('Tougen Anki',1),
('Loki',1),('WandaVision',1),('Hawkeye',1),('Moon Knight',1),('She-Hulk: Attorney at Law',1),('The Falcon and the Winter Soldier',1),('Daredevil',1),('Jessica Jones',1),('The Punisher',1),('Agents of S.H.I.E.L.D.',1),('Luke Cage',1),('Iron Fist',1),('Secret Invasion',1),('What If...?',1),
('Breaking Bad',1),('Better Call Saul',1),('Game of Thrones',1),('House of the Dragon',1),('Stranger Things',1),('The Witcher',1),('The Mandalorian',1),('The Last of Us',1),('Peaky Blinders',1),('Sherlock',1),('Dexter',1),('Homeland',1),('Westworld',1),('True Detective',1),('The Boys',1),('Invincible',1),('The Umbrella Academy',1),('Narcos',1),('Money Heist',1),('Dark',1),('Chernobyl',1),('Black Mirror',1),('Fargo',1),('Lost',1),('Prison Break',1),('24',1),('The Office',1),('Friends',1),('How I Met Your Mother',1),('Seinfeld',1),('Modern Family',1),('Brooklyn Nine-Nine',1),('Parks and Recreation',1),('Suits',1),('House',1),('Greys Anatomy',1),('CSI: Crime Scene Investigation',1),('NCIS',1),('Criminal Minds',1),('Law & Order: Special Victims Unit',1),('Supernatural',1),('Smallville',1),('Arrow',1),('The Flash',1),('DCs Legends of Tomorrow',1),('Gotham',1),('Titans',1),('Doom Patrol',1),('The Expanse',1),('Battlestar Galactica',1),('Firefly',1),('Fringe',1),('The Walking Dead',1),('Fear the Walking Dead',1),('Hannibal',1),('Vikings',1),('Vikings: Valhalla',1),('Black Sails',1),('Rome',1),('Spartacus',1),('Teen Wolf',1),('Riverdale',1),('Lucifer',1),('Sense8',1),('Mr. Robot',1),('The Crown',1),('The Handmaids Tale',1),('Yellowstone',1),('Ozark',1),('Mad Men',1),('Boardwalk Empire',1),('Mare of Easttown',1),('Succession',1),('Severance',1),('Andor',1),('Obi-Wan Kenobi',1),('Ahsoka',1),('Star Trek: Discovery',1),('Star Trek: Picard',1),('The Good Doctor',1),('This Is Us',1),('The Mentalist',1),('Person of Interest',1),('Elementary',1),('His Dark Materials',1),('The Sandman',1),('Love, Death & Robots',1),('Arcane',1),('Castlevania',1),('The Dragon Prince',1),('Avatar: The Last Airbender',1),('The Legend of Korra',1),('Squid Game',1),('Kingdom',1),('Crash Landing on You',1),('Goblin',1),('Descendants of the Sun',1),('Itaewon Class',1),('Vincenzo',1),('Reply 1988',1),('Signal',1),('Hospital Playlist',1),('My Mister',1),('All of Us Are Dead',1),('Sweet Home',1),('Extraordinary Attorney Woo',1),('Hellbound',1),('Attack on Titan',1),('Naruto',1),('Naruto Shippuden',1),('Bleach',1),('One Piece',1),('Demon Slayer',1),('Jujutsu Kaisen',1),('My Hero Academia',1),('Fullmetal Alchemist: Brotherhood',1),('Death Note',1),('Hunter x Hunter',1),('Chainsaw Man',1),('Tokyo Ghoul',1),('Sword Art Online',1),('Black Clover',1),('Fairy Tail',1),('Haikyuu!!',1),('Blue Lock',1),('Spy x Family',1),('Dr. Stone',1),('Mob Psycho 100',1),('Vinland Saga',1),('Layangan Putus',1),('Gadis Kretek',1),('Tira',1),('Turn On',1),('Wedding Agreement The Series',1),('Virgin The Series',1);

-- ================= GENRE_KONTEN =================
INSERT IGNORE INTO `Genre_Konten` VALUES ('Iron Man',1);
INSERT IGNORE INTO `Genre_Konten` VALUES ('Iron Man',6);
INSERT IGNORE INTO `Genre_Konten` VALUES ('Iron Man 2',1);
INSERT IGNORE INTO `Genre_Konten` VALUES ('Iron Man 3',1);
INSERT IGNORE INTO `Genre_Konten` VALUES ('The Avengers',1);
INSERT IGNORE INTO `Genre_Konten` VALUES ('The Avengers',6);
INSERT IGNORE INTO `Genre_Konten` VALUES ('Avengers: Age of Ultron',1);
INSERT IGNORE INTO `Genre_Konten` VALUES ('Avengers: Infinity War',1);
INSERT IGNORE INTO `Genre_Konten` VALUES ('Avengers: Endgame',1);
INSERT IGNORE INTO `Genre_Konten` VALUES ('Thor',1);
INSERT IGNORE INTO `Genre_Konten` VALUES ('Thor',10);
INSERT IGNORE INTO `Genre_Konten` VALUES ('Thor: Ragnarok',1);
INSERT IGNORE INTO `Genre_Konten` VALUES ('Captain America: The First Avenger',1);
INSERT IGNORE INTO `Genre_Konten` VALUES ('Captain America: The Winter Soldier',1);
INSERT IGNORE INTO `Genre_Konten` VALUES ('Captain America: Civil War',1);
INSERT IGNORE INTO `Genre_Konten` VALUES ('Black Panther',1);
INSERT IGNORE INTO `Genre_Konten` VALUES ('Doctor Strange',6);
INSERT IGNORE INTO `Genre_Konten` VALUES ('Doctor Strange in the Multiverse of Madness',6);
INSERT IGNORE INTO `Genre_Konten` VALUES ('Spider-Man: Homecoming',1);
INSERT IGNORE INTO `Genre_Konten` VALUES ('Spider-Man: Far From Home',1);
INSERT IGNORE INTO `Genre_Konten` VALUES ('Spider-Man: No Way Home',1);
INSERT IGNORE INTO `Genre_Konten` VALUES ('Ant-Man',1);
INSERT IGNORE INTO `Genre_Konten` VALUES ('Ant-Man and the Wasp',1);
INSERT IGNORE INTO `Genre_Konten` VALUES ('Black Widow',1);
INSERT IGNORE INTO `Genre_Konten` VALUES ('Shang-Chi and the Legend of the Ten Rings',1);
INSERT IGNORE INTO `Genre_Konten` VALUES ('Eternals',6);
INSERT IGNORE INTO `Genre_Konten` VALUES ('Inception',6);
INSERT IGNORE INTO `Genre_Konten` VALUES ('The Dark Knight',2);
INSERT IGNORE INTO `Genre_Konten` VALUES ('The Dark Knight Rises',2);
INSERT IGNORE INTO `Genre_Konten` VALUES ('Batman Begins',2);
INSERT IGNORE INTO `Genre_Konten` VALUES ('Interstellar',6);
INSERT IGNORE INTO `Genre_Konten` VALUES ('Dunkirk',4);
INSERT IGNORE INTO `Genre_Konten` VALUES ('Tenet',6);
INSERT IGNORE INTO `Genre_Konten` VALUES ('Oppenheimer',14);
INSERT IGNORE INTO `Genre_Konten` VALUES ('Joker',4);
INSERT IGNORE INTO `Genre_Konten` VALUES ('Titanic',8);
INSERT IGNORE INTO `Genre_Konten` VALUES ('Avatar',9);
INSERT IGNORE INTO `Genre_Konten` VALUES ('Avatar: The Way of Water',9);
INSERT IGNORE INTO `Genre_Konten` VALUES ('The Matrix',6);
INSERT IGNORE INTO `Genre_Konten` VALUES ('The Matrix Reloaded',6);
INSERT IGNORE INTO `Genre_Konten` VALUES ('The Matrix Revolutions',6);
INSERT IGNORE INTO `Genre_Konten` VALUES ('John Wick',3);
INSERT IGNORE INTO `Genre_Konten` VALUES ('John Wick: Chapter 2',3);
INSERT IGNORE INTO `Genre_Konten` VALUES ('John Wick: Chapter 3 - Parabellum',3);
INSERT IGNORE INTO `Genre_Konten` VALUES ('John Wick: Chapter 4',3);
INSERT IGNORE INTO `Genre_Konten` VALUES ('Mission: Impossible',1);
INSERT IGNORE INTO `Genre_Konten` VALUES ('Mission: Impossible - Fallout',1);
INSERT IGNORE INTO `Genre_Konten` VALUES ('Top Gun',1);
INSERT IGNORE INTO `Genre_Konten` VALUES ('Top Gun: Maverick',1);
INSERT IGNORE INTO `Genre_Konten` VALUES ('Gladiator',15);
INSERT IGNORE INTO `Genre_Konten` VALUES ('The Godfather',2);
INSERT IGNORE INTO `Genre_Konten` VALUES ('The Godfather Part II',2);
INSERT IGNORE INTO `Genre_Konten` VALUES ('Pulp Fiction',2);
INSERT IGNORE INTO `Genre_Konten` VALUES ('Fight Club',4);
INSERT IGNORE INTO `Genre_Konten` VALUES ('Forrest Gump',4);
INSERT IGNORE INTO `Genre_Konten` VALUES ('The Shawshank Redemption',4);
INSERT IGNORE INTO `Genre_Konten` VALUES ('Parasite',3);
INSERT IGNORE INTO `Genre_Konten` VALUES ('Train to Busan',7);
INSERT IGNORE INTO `Genre_Konten` VALUES ('The Raid',1);
INSERT IGNORE INTO `Genre_Konten` VALUES ('The Raid 2',1);
INSERT IGNORE INTO `Genre_Konten` VALUES ('Gundala',1);
INSERT IGNORE INTO `Genre_Konten` VALUES ('Sri Asih',1);
INSERT IGNORE INTO `Genre_Konten` VALUES ('Pengabdi Setan',7);
INSERT IGNORE INTO `Genre_Konten` VALUES ('Pengabdi Setan 2: Communion',7);
INSERT IGNORE INTO `Genre_Konten` VALUES ('KKN di Desa Penari',7);
INSERT IGNORE INTO `Genre_Konten` VALUES ('Laskar Pelangi',13);
INSERT IGNORE INTO `Genre_Konten` VALUES ('Habibie & Ainun',8);
INSERT IGNORE INTO `Genre_Konten` VALUES ('Dilan 1990',8);
INSERT IGNORE INTO `Genre_Konten` VALUES ('Dilan 1991',8);
INSERT IGNORE INTO `Genre_Konten` VALUES ('Milea: Suara dari Dilan',8);
INSERT IGNORE INTO `Genre_Konten` VALUES ('Ada Apa Dengan Cinta?',8);
INSERT IGNORE INTO `Genre_Konten` VALUES ('Ada Apa Dengan Cinta? 2',8);
INSERT IGNORE INTO `Genre_Konten` VALUES ('Cek Toko Sebelah',5);
INSERT IGNORE INTO `Genre_Konten` VALUES ('Ngeri-Ngeri Sedap',5);
INSERT IGNORE INTO `Genre_Konten` VALUES ('Mencuri Raden Saleh',2);
INSERT IGNORE INTO `Genre_Konten` VALUES ('The Big 4',1);
INSERT IGNORE INTO `Genre_Konten` VALUES ('Perempuan Tanah Jahanam',7);
INSERT IGNORE INTO `Genre_Konten` VALUES ('Satu Suro',7);
INSERT IGNORE INTO `Genre_Konten` VALUES ('Sebelum Iblis Menjemput',7);
INSERT IGNORE INTO `Genre_Konten` VALUES ('Ratu Ilmu Hitam',7);
INSERT IGNORE INTO `Genre_Konten` VALUES ('Suzanna: Bernapas dalam Kubur',7);
INSERT IGNORE INTO `Genre_Konten` VALUES ('My Sassy Girl',8);
INSERT IGNORE INTO `Genre_Konten` VALUES ('Oldboy',3);
INSERT IGNORE INTO `Genre_Konten` VALUES ('Memories of Murder',12);
INSERT IGNORE INTO `Genre_Konten` VALUES ('Minari',4);
INSERT IGNORE INTO `Genre_Konten` VALUES ('Decision to Leave',12);
INSERT IGNORE INTO `Genre_Konten` VALUES ('Broker',4);
INSERT IGNORE INTO `Genre_Konten` VALUES ('Burning',3);
INSERT IGNORE INTO `Genre_Konten` VALUES ('Extreme Job',5);
INSERT IGNORE INTO `Genre_Konten` VALUES ('Exit',1);
INSERT IGNORE INTO `Genre_Konten` VALUES ('Along With the Gods: The Two Worlds',10);
INSERT IGNORE INTO `Genre_Konten` VALUES ('Along With the Gods: The Last 49 Days',10);
INSERT IGNORE INTO `Genre_Konten` VALUES ('The Wailing',7);
INSERT IGNORE INTO `Genre_Konten` VALUES ('I Saw the Devil',3);
INSERT IGNORE INTO `Genre_Konten` VALUES ('A Taxi Driver',4);
INSERT IGNORE INTO `Genre_Konten` VALUES ('Miracle in Cell No. 7',4);
INSERT IGNORE INTO `Genre_Konten` VALUES ('Harry Potter and the Sorcerers Stone',10);
INSERT IGNORE INTO `Genre_Konten` VALUES ('Harry Potter and the Chamber of Secrets',10);
INSERT IGNORE INTO `Genre_Konten` VALUES ('Harry Potter and the Prisoner of Azkaban',10);
INSERT IGNORE INTO `Genre_Konten` VALUES ('Harry Potter and the Goblet of Fire',10);
INSERT IGNORE INTO `Genre_Konten` VALUES ('Harry Potter and the Order of the Phoenix',10);
INSERT IGNORE INTO `Genre_Konten` VALUES ('Harry Potter and the Half-Blood Prince',10);
INSERT IGNORE INTO `Genre_Konten` VALUES ('Harry Potter and the Deathly Hallows: Part 1',10);
INSERT IGNORE INTO `Genre_Konten` VALUES ('Harry Potter and the Deathly Hallows: Part 2',10);
INSERT IGNORE INTO `Genre_Konten` VALUES ('Fantastic Beasts and Where to Find Them',10);
INSERT IGNORE INTO `Genre_Konten` VALUES ('Fantastic Beasts: The Crimes of Grindelwald',10);
INSERT IGNORE INTO `Genre_Konten` VALUES ('Fantastic Beasts: The Secrets of Dumbledore',10);
INSERT IGNORE INTO `Genre_Konten` VALUES ('The Lord of the Rings: The Fellowship of the Ring',10);
INSERT IGNORE INTO `Genre_Konten` VALUES ('The Lord of the Rings: The Two Towers',10);
INSERT IGNORE INTO `Genre_Konten` VALUES ('The Lord of the Rings: The Return of the King',10);
INSERT IGNORE INTO `Genre_Konten` VALUES ('The Hobbit: An Unexpected Journey',10);
INSERT IGNORE INTO `Genre_Konten` VALUES ('The Hobbit: The Desolation of Smaug',10);
INSERT IGNORE INTO `Genre_Konten` VALUES ('The Hobbit: The Battle of the Five Armies',10);
INSERT IGNORE INTO `Genre_Konten` VALUES ('Pirates of the Caribbean: The Curse of the Black Pearl',9);
INSERT IGNORE INTO `Genre_Konten` VALUES ('Pirates of the Caribbean: Dead Mans Chest',9);
INSERT IGNORE INTO `Genre_Konten` VALUES ('Pirates of the Caribbean: At Worlds End',9);
INSERT IGNORE INTO `Genre_Konten` VALUES ('Jurassic Park',9);
INSERT IGNORE INTO `Genre_Konten` VALUES ('Jurassic World',9);
INSERT IGNORE INTO `Genre_Konten` VALUES ('Jurassic World: Fallen Kingdom',9);
INSERT IGNORE INTO `Genre_Konten` VALUES ('Jaws',3);
INSERT IGNORE INTO `Genre_Konten` VALUES ('E.T. the Extra-Terrestrial',6);
INSERT IGNORE INTO `Genre_Konten` VALUES ('Back to the Future',6);
INSERT IGNORE INTO `Genre_Konten` VALUES ('Back to the Future Part II',6);
INSERT IGNORE INTO `Genre_Konten` VALUES ('Back to the Future Part III',6);
INSERT IGNORE INTO `Genre_Konten` VALUES ('Star Wars: Episode IV - A New Hope',6);
INSERT IGNORE INTO `Genre_Konten` VALUES ('Star Wars: Episode V - The Empire Strikes Back',6);
INSERT IGNORE INTO `Genre_Konten` VALUES ('Star Wars: Episode VI - Return of the Jedi',6);
INSERT IGNORE INTO `Genre_Konten` VALUES ('Star Wars: Episode I - The Phantom Menace',6);
INSERT IGNORE INTO `Genre_Konten` VALUES ('Star Wars: Episode II - Attack of the Clones',6);
INSERT IGNORE INTO `Genre_Konten` VALUES ('Star Wars: Episode III - Revenge of the Sith',6);
INSERT IGNORE INTO `Genre_Konten` VALUES ('Captain Marvel',1);
INSERT IGNORE INTO `Genre_Konten` VALUES ('Guardians of the Galaxy',6);
INSERT IGNORE INTO `Genre_Konten` VALUES ('Guardians of the Galaxy Vol. 2',6);
INSERT IGNORE INTO `Genre_Konten` VALUES ('Guardians of the Galaxy Vol. 3',6);
INSERT IGNORE INTO `Genre_Konten` VALUES ('Black Panther: Wakanda Forever',1);
INSERT IGNORE INTO `Genre_Konten` VALUES ('Tougen Anki',10);
INSERT IGNORE INTO `Genre_Konten` VALUES ('Loki',10);
INSERT IGNORE INTO `Genre_Konten` VALUES ('WandaVision',6);
INSERT IGNORE INTO `Genre_Konten` VALUES ('Hawkeye',1);
INSERT IGNORE INTO `Genre_Konten` VALUES ('Moon Knight',1);
INSERT IGNORE INTO `Genre_Konten` VALUES ('She-Hulk: Attorney at Law',5);
INSERT IGNORE INTO `Genre_Konten` VALUES ('The Falcon and the Winter Soldier',1);
INSERT IGNORE INTO `Genre_Konten` VALUES ('Daredevil',2);
INSERT IGNORE INTO `Genre_Konten` VALUES ('Jessica Jones',3);
INSERT IGNORE INTO `Genre_Konten` VALUES ('The Punisher',1);
INSERT IGNORE INTO `Genre_Konten` VALUES ('Agents of S.H.I.E.L.D.',1);
INSERT IGNORE INTO `Genre_Konten` VALUES ('Luke Cage',1);
INSERT IGNORE INTO `Genre_Konten` VALUES ('Iron Fist',1);
INSERT IGNORE INTO `Genre_Konten` VALUES ('Secret Invasion',6);
INSERT IGNORE INTO `Genre_Konten` VALUES ('What If...?',11);

-- Genre_Konten 
INSERT IGNORE INTO `Genre_Konten` VALUES ('Breaking Bad',2);
INSERT IGNORE INTO `Genre_Konten` VALUES ('Better Call Saul',2);
INSERT IGNORE INTO `Genre_Konten` VALUES ('Game of Thrones',10);
INSERT IGNORE INTO `Genre_Konten` VALUES ('House of the Dragon',10);
INSERT IGNORE INTO `Genre_Konten` VALUES ('Stranger Things',6);
INSERT IGNORE INTO `Genre_Konten` VALUES ('The Witcher',10);
INSERT IGNORE INTO `Genre_Konten` VALUES ('The Mandalorian',9);
INSERT IGNORE INTO `Genre_Konten` VALUES ('The Last of Us',7);
INSERT IGNORE INTO `Genre_Konten` VALUES ('Peaky Blinders',2);
INSERT IGNORE INTO `Genre_Konten` VALUES ('Sherlock',12);
INSERT IGNORE INTO `Genre_Konten` VALUES ('Dexter',3);
INSERT IGNORE INTO `Genre_Konten` VALUES ('Homeland',3);
INSERT IGNORE INTO `Genre_Konten` VALUES ('Westworld',6);
INSERT IGNORE INTO `Genre_Konten` VALUES ('True Detective',3);
INSERT IGNORE INTO `Genre_Konten` VALUES ('The Boys',1);
INSERT IGNORE INTO `Genre_Konten` VALUES ('Invincible',11);
INSERT IGNORE INTO `Genre_Konten` VALUES ('The Umbrella Academy',10);
INSERT IGNORE INTO `Genre_Konten` VALUES ('Narcos',2);
INSERT IGNORE INTO `Genre_Konten` VALUES ('Money Heist',2);
INSERT IGNORE INTO `Genre_Konten` VALUES ('Dark',12);
INSERT IGNORE INTO `Genre_Konten` VALUES ('Chernobyl',14);
INSERT IGNORE INTO `Genre_Konten` VALUES ('Black Mirror',6);
INSERT IGNORE INTO `Genre_Konten` VALUES ('Fargo',3);
INSERT IGNORE INTO `Genre_Konten` VALUES ('Lost',9);
INSERT IGNORE INTO `Genre_Konten` VALUES ('Prison Break',3);
INSERT IGNORE INTO `Genre_Konten` VALUES ('24',3);
INSERT IGNORE INTO `Genre_Konten` VALUES ('The Office',5);
INSERT IGNORE INTO `Genre_Konten` VALUES ('Friends',5);
INSERT IGNORE INTO `Genre_Konten` VALUES ('How I Met Your Mother',5);
INSERT IGNORE INTO `Genre_Konten` VALUES ('Seinfeld',5);
INSERT IGNORE INTO `Genre_Konten` VALUES ('Modern Family',5);
INSERT IGNORE INTO `Genre_Konten` VALUES ('Brooklyn Nine-Nine',5);
INSERT IGNORE INTO `Genre_Konten` VALUES ('Parks and Recreation',5);
INSERT IGNORE INTO `Genre_Konten` VALUES ('Suits',4);
INSERT IGNORE INTO `Genre_Konten` VALUES ('House',4);
INSERT IGNORE INTO `Genre_Konten` VALUES ('Greys Anatomy',4);
INSERT IGNORE INTO `Genre_Konten` VALUES ('CSI: Crime Scene Investigation',12);
INSERT IGNORE INTO `Genre_Konten` VALUES ('NCIS',12);
INSERT IGNORE INTO `Genre_Konten` VALUES ('Criminal Minds',12);
INSERT IGNORE INTO `Genre_Konten` VALUES ('Law & Order: Special Victims Unit',12);
INSERT IGNORE INTO `Genre_Konten` VALUES ('Supernatural',10);
INSERT IGNORE INTO `Genre_Konten` VALUES ('Smallville',10);
INSERT IGNORE INTO `Genre_Konten` VALUES ('Arrow',1);
INSERT IGNORE INTO `Genre_Konten` VALUES ('The Flash',1);
INSERT IGNORE INTO `Genre_Konten` VALUES ('DCs Legends of Tomorrow',1);
INSERT IGNORE INTO `Genre_Konten` VALUES ('Gotham',2);
INSERT IGNORE INTO `Genre_Konten` VALUES ('Titans',1);
INSERT IGNORE INTO `Genre_Konten` VALUES ('Doom Patrol',6);
INSERT IGNORE INTO `Genre_Konten` VALUES ('The Expanse',6);
INSERT IGNORE INTO `Genre_Konten` VALUES ('Battlestar Galactica',6);
INSERT IGNORE INTO `Genre_Konten` VALUES ('Firefly',9);
INSERT IGNORE INTO `Genre_Konten` VALUES ('Fringe',6);
INSERT IGNORE INTO `Genre_Konten` VALUES ('The Walking Dead',7);
INSERT IGNORE INTO `Genre_Konten` VALUES ('Fear the Walking Dead',7);
INSERT IGNORE INTO `Genre_Konten` VALUES ('Hannibal',3);
INSERT IGNORE INTO `Genre_Konten` VALUES ('Vikings',15);
INSERT IGNORE INTO `Genre_Konten` VALUES ('Vikings: Valhalla',15);
INSERT IGNORE INTO `Genre_Konten` VALUES ('Black Sails',9);
INSERT IGNORE INTO `Genre_Konten` VALUES ('Rome',15);
INSERT IGNORE INTO `Genre_Konten` VALUES ('Spartacus',15);
INSERT IGNORE INTO `Genre_Konten` VALUES ('Teen Wolf',10);
INSERT IGNORE INTO `Genre_Konten` VALUES ('Riverdale',3);
INSERT IGNORE INTO `Genre_Konten` VALUES ('Lucifer',10);
INSERT IGNORE INTO `Genre_Konten` VALUES ('Sense8',4);
INSERT IGNORE INTO `Genre_Konten` VALUES ('Mr. Robot',3);
INSERT IGNORE INTO `Genre_Konten` VALUES ('The Crown',14);
INSERT IGNORE INTO `Genre_Konten` VALUES ('The Handmaids Tale',4);
INSERT IGNORE INTO `Genre_Konten` VALUES ('Yellowstone',15);
INSERT IGNORE INTO `Genre_Konten` VALUES ('Ozark',3);
INSERT IGNORE INTO `Genre_Konten` VALUES ('Mad Men',4);
INSERT IGNORE INTO `Genre_Konten` VALUES ('Boardwalk Empire',2);
INSERT IGNORE INTO `Genre_Konten` VALUES ('Mare of Easttown',12);
INSERT IGNORE INTO `Genre_Konten` VALUES ('Succession',4);
INSERT IGNORE INTO `Genre_Konten` VALUES ('Severance',6);
INSERT IGNORE INTO `Genre_Konten` VALUES ('Andor',9);
INSERT IGNORE INTO `Genre_Konten` VALUES ('Obi-Wan Kenobi',9);
INSERT IGNORE INTO `Genre_Konten` VALUES ('Ahsoka',9);
INSERT IGNORE INTO `Genre_Konten` VALUES ('Star Trek: Discovery',6);
INSERT IGNORE INTO `Genre_Konten` VALUES ('Star Trek: Picard',6);
INSERT IGNORE INTO `Genre_Konten` VALUES ('The Good Doctor',4);
INSERT IGNORE INTO `Genre_Konten` VALUES ('This Is Us',4);
INSERT IGNORE INTO `Genre_Konten` VALUES ('The Mentalist',12);
INSERT IGNORE INTO `Genre_Konten` VALUES ('Person of Interest',6);
INSERT IGNORE INTO `Genre_Konten` VALUES ('Elementary',12);
INSERT IGNORE INTO `Genre_Konten` VALUES ('His Dark Materials',10);
INSERT IGNORE INTO `Genre_Konten` VALUES ('The Sandman',10);
INSERT IGNORE INTO `Genre_Konten` VALUES ('Love, Death & Robots',6);
INSERT IGNORE INTO `Genre_Konten` VALUES ('Arcane',11);
INSERT IGNORE INTO `Genre_Konten` VALUES ('Castlevania',11);
INSERT IGNORE INTO `Genre_Konten` VALUES ('The Dragon Prince',11);
INSERT IGNORE INTO `Genre_Konten` VALUES ('Avatar: The Last Airbender',10);
INSERT IGNORE INTO `Genre_Konten` VALUES ('The Legend of Korra',10);
INSERT IGNORE INTO `Genre_Konten` VALUES ('Squid Game',3);
INSERT IGNORE INTO `Genre_Konten` VALUES ('Kingdom',7);
INSERT IGNORE INTO `Genre_Konten` VALUES ('Crash Landing on You',8);
INSERT IGNORE INTO `Genre_Konten` VALUES ('Goblin',10);
INSERT IGNORE INTO `Genre_Konten` VALUES ('Descendants of the Sun',4);
INSERT IGNORE INTO `Genre_Konten` VALUES ('Itaewon Class',4);
INSERT IGNORE INTO `Genre_Konten` VALUES ('Vincenzo',2);
INSERT IGNORE INTO `Genre_Konten` VALUES ('Reply 1988',4);
INSERT IGNORE INTO `Genre_Konten` VALUES ('Signal',12);
INSERT IGNORE INTO `Genre_Konten` VALUES ('Hospital Playlist',4);
INSERT IGNORE INTO `Genre_Konten` VALUES ('My Mister',4);
INSERT IGNORE INTO `Genre_Konten` VALUES ('All of Us Are Dead',7);
INSERT IGNORE INTO `Genre_Konten` VALUES ('Sweet Home',7);
INSERT IGNORE INTO `Genre_Konten` VALUES ('Extraordinary Attorney Woo',4);
INSERT IGNORE INTO `Genre_Konten` VALUES ('Hellbound',7);
INSERT IGNORE INTO `Genre_Konten` VALUES ('Attack on Titan',11);
INSERT IGNORE INTO `Genre_Konten` VALUES ('Naruto',11);
INSERT IGNORE INTO `Genre_Konten` VALUES ('Naruto Shippuden',11);
INSERT IGNORE INTO `Genre_Konten` VALUES ('Bleach',11);
INSERT IGNORE INTO `Genre_Konten` VALUES ('One Piece',11);
INSERT IGNORE INTO `Genre_Konten` VALUES ('Demon Slayer',11);
INSERT IGNORE INTO `Genre_Konten` VALUES ('Jujutsu Kaisen',11);
INSERT IGNORE INTO `Genre_Konten` VALUES ('My Hero Academia',11);
INSERT IGNORE INTO `Genre_Konten` VALUES ('Fullmetal Alchemist: Brotherhood',11);
INSERT IGNORE INTO `Genre_Konten` VALUES ('Death Note',11);
INSERT IGNORE INTO `Genre_Konten` VALUES ('Hunter x Hunter',11);
INSERT IGNORE INTO `Genre_Konten` VALUES ('Chainsaw Man',11);
INSERT IGNORE INTO `Genre_Konten` VALUES ('Tokyo Ghoul',11);
INSERT IGNORE INTO `Genre_Konten` VALUES ('Sword Art Online',11);
INSERT IGNORE INTO `Genre_Konten` VALUES ('Black Clover',11);
INSERT IGNORE INTO `Genre_Konten` VALUES ('Fairy Tail',11);
INSERT IGNORE INTO `Genre_Konten` VALUES ('Haikyuu!!',11);
INSERT IGNORE INTO `Genre_Konten` VALUES ('Blue Lock',11);
INSERT IGNORE INTO `Genre_Konten` VALUES ('Spy x Family',11);
INSERT IGNORE INTO `Genre_Konten` VALUES ('Dr. Stone',11);
INSERT IGNORE INTO `Genre_Konten` VALUES ('Mob Psycho 100',11);
INSERT IGNORE INTO `Genre_Konten` VALUES ('Vinland Saga',11);
INSERT IGNORE INTO `Genre_Konten` VALUES ('Layangan Putus',4);
INSERT IGNORE INTO `Genre_Konten` VALUES ('Gadis Kretek',4);
INSERT IGNORE INTO `Genre_Konten` VALUES ('Tira',1);
INSERT IGNORE INTO `Genre_Konten` VALUES ('Turn On',8);
INSERT IGNORE INTO `Genre_Konten` VALUES ('Wedding Agreement The Series',8);
INSERT IGNORE INTO `Genre_Konten` VALUES ('Virgin The Series',4);



-- ================= PERAN =================
INSERT IGNORE INTO `Peran` VALUES ('Robert Downey Jr.','Iron Man','Lead');
INSERT IGNORE INTO `Peran` VALUES ('Robert Downey Jr.','Iron Man 2','Lead');
INSERT IGNORE INTO `Peran` VALUES ('Robert Downey Jr.','Iron Man 3','Lead');
INSERT IGNORE INTO `Peran` VALUES ('Robert Downey Jr.','The Avengers','Lead');
INSERT IGNORE INTO `Peran` VALUES ('Chris Evans','Avengers: Age of Ultron','Ensemble');
INSERT IGNORE INTO `Peran` VALUES ('Chris Hemsworth','Avengers: Infinity War','Ensemble');
INSERT IGNORE INTO `Peran` VALUES ('Mark Ruffalo','Avengers: Endgame','Ensemble');
INSERT IGNORE INTO `Peran` VALUES ('Chris Hemsworth','Thor','Lead');
INSERT IGNORE INTO `Peran` VALUES ('Chris Hemsworth','Thor: The Dark World','Lead');
INSERT IGNORE INTO `Peran` VALUES ('Chris Hemsworth','Thor: Ragnarok','Lead');
INSERT IGNORE INTO `Peran` VALUES ('Chris Evans','Captain America: The First Avenger','Lead');
INSERT IGNORE INTO `Peran` VALUES ('Chris Evans','Captain America: The Winter Soldier','Lead');
INSERT IGNORE INTO `Peran` VALUES ('Chris Evans','Captain America: Civil War','Lead');
INSERT IGNORE INTO `Peran` VALUES ('Chadwick Boseman','Black Panther','Lead');
INSERT IGNORE INTO `Peran` VALUES ('Benedict Cumberbatch','Doctor Strange','Lead');
INSERT IGNORE INTO `Peran` VALUES ('Benedict Cumberbatch','Doctor Strange in the Multiverse of Madness','Lead');
INSERT IGNORE INTO `Peran` VALUES ('Tom Holland','Spider-Man: Homecoming','Lead');
INSERT IGNORE INTO `Peran` VALUES ('Tom Holland','Spider-Man: Far From Home','Lead');
INSERT IGNORE INTO `Peran` VALUES ('Tom Holland','Spider-Man: No Way Home','Lead');
INSERT IGNORE INTO `Peran` VALUES ('Paul Rudd','Ant-Man','Lead');
INSERT IGNORE INTO `Peran` VALUES ('Paul Rudd','Ant-Man and the Wasp','Lead');
INSERT IGNORE INTO `Peran` VALUES ('Scarlett Johansson','Black Widow','Lead');
INSERT IGNORE INTO `Peran` VALUES ('Simu Liu','Shang-Chi and the Legend of the Ten Rings','Lead');
INSERT IGNORE INTO `Peran` VALUES ('Gemma Chan','Eternals','Co-Lead');
INSERT IGNORE INTO `Peran` VALUES ('Leonardo DiCaprio','Inception','Lead');
INSERT IGNORE INTO `Peran` VALUES ('Christian Bale','The Dark Knight','Lead');
INSERT IGNORE INTO `Peran` VALUES ('Christian Bale','The Dark Knight Rises','Lead');
INSERT IGNORE INTO `Peran` VALUES ('Christian Bale','Batman Begins','Lead');
INSERT IGNORE INTO `Peran` VALUES ('Matthew McConaughey','Interstellar','Lead');
INSERT IGNORE INTO `Peran` VALUES ('Fionn Whitehead','Dunkirk','Co-Lead');
INSERT IGNORE INTO `Peran` VALUES ('John David Washington','Tenet','Lead');
INSERT IGNORE INTO `Peran` VALUES ('Cillian Murphy','Oppenheimer','Lead');
INSERT IGNORE INTO `Peran` VALUES ('Joaquin Phoenix','Joker','Lead');
INSERT IGNORE INTO `Peran` VALUES ('Leonardo DiCaprio','Titanic','Lead');
INSERT IGNORE INTO `Peran` VALUES ('Sam Worthington','Avatar','Lead');
INSERT IGNORE INTO `Peran` VALUES ('Sam Worthington','Avatar: The Way of Water','Lead');
INSERT IGNORE INTO `Peran` VALUES ('Keanu Reeves','The Matrix','Lead');
INSERT IGNORE INTO `Peran` VALUES ('Keanu Reeves','The Matrix Reloaded','Lead');
INSERT IGNORE INTO `Peran` VALUES ('Keanu Reeves','The Matrix Revolutions','Lead');
INSERT IGNORE INTO `Peran` VALUES ('Keanu Reeves','John Wick','Lead');
INSERT IGNORE INTO `Peran` VALUES ('Keanu Reeves','John Wick: Chapter 2','Lead');
INSERT IGNORE INTO `Peran` VALUES ('Keanu Reeves','John Wick: Chapter 3 - Parabellum','Lead');
INSERT IGNORE INTO `Peran` VALUES ('Keanu Reeves','John Wick: Chapter 4','Lead');
INSERT IGNORE INTO `Peran` VALUES ('Tom Cruise','Mission: Impossible','Lead');
INSERT IGNORE INTO `Peran` VALUES ('Tom Cruise','Mission: Impossible - Fallout','Lead');
INSERT IGNORE INTO `Peran` VALUES ('Tom Cruise','Top Gun','Lead');
INSERT IGNORE INTO `Peran` VALUES ('Tom Cruise','Top Gun: Maverick','Lead');
INSERT IGNORE INTO `Peran` VALUES ('Russell Crowe','Gladiator','Lead');
INSERT IGNORE INTO `Peran` VALUES ('Al Pacino','The Godfather','Lead');
INSERT IGNORE INTO `Peran` VALUES ('Al Pacino','The Godfather Part II','Lead');
INSERT IGNORE INTO `Peran` VALUES ('John Travolta','Pulp Fiction','Co-Lead');
INSERT IGNORE INTO `Peran` VALUES ('Brad Pitt','Fight Club','Co-Lead');
INSERT IGNORE INTO `Peran` VALUES ('Tom Hanks','Forrest Gump','Lead');
INSERT IGNORE INTO `Peran` VALUES ('Tim Robbins','The Shawshank Redemption','Lead');
INSERT IGNORE INTO `Peran` VALUES ('Song Kang-ho','Parasite','Ensemble');
INSERT IGNORE INTO `Peran` VALUES ('Gong Yoo','Train to Busan','Lead');
INSERT IGNORE INTO `Peran` VALUES ('Iko Uwais','The Raid','Lead');
INSERT IGNORE INTO `Peran` VALUES ('Iko Uwais','The Raid 2','Lead');
INSERT IGNORE INTO `Peran` VALUES ('Abimana Aryasatya','Gundala','Lead');
INSERT IGNORE INTO `Peran` VALUES ('Pevita Pearce','Sri Asih','Lead');
INSERT IGNORE INTO `Peran` VALUES ('Tara Basro','Pengabdi Setan','Lead');
INSERT IGNORE INTO `Peran` VALUES ('Tara Basro','Pengabdi Setan 2: Communion','Lead');
INSERT IGNORE INTO `Peran` VALUES ('Tissa Biani','KKN di Desa Penari','Lead');
INSERT IGNORE INTO `Peran` VALUES ('Cut Mini','Laskar Pelangi','Supporting');
INSERT IGNORE INTO `Peran` VALUES ('Reza Rahadian','Habibie & Ainun','Lead');
INSERT IGNORE INTO `Peran` VALUES ('Iqbaal Ramadhan','Dilan 1990','Lead');
INSERT IGNORE INTO `Peran` VALUES ('Iqbaal Ramadhan','Dilan 1991','Lead');
INSERT IGNORE INTO `Peran` VALUES ('Iqbaal Ramadhan','Milea: Suara dari Dilan','Lead');
INSERT IGNORE INTO `Peran` VALUES ('Dian Sastrowardoyo','Ada Apa Dengan Cinta?','Lead');
INSERT IGNORE INTO `Peran` VALUES ('Dian Sastrowardoyo','Ada Apa Dengan Cinta? 2','Lead');
INSERT IGNORE INTO `Peran` VALUES ('Ernest Prakasa','Cek Toko Sebelah','Lead');
INSERT IGNORE INTO `Peran` VALUES ('Bene Dion','Ngeri-Ngeri Sedap','Lead');
INSERT IGNORE INTO `Peran` VALUES ('Iqbaal Ramadhan','Mencuri Raden Saleh','Lead');
INSERT IGNORE INTO `Peran` VALUES ('Abimana Aryasatya','The Big 4','Lead');
INSERT IGNORE INTO `Peran` VALUES ('Tara Basro','Perempuan Tanah Jahanam','Lead');
INSERT IGNORE INTO `Peran` VALUES ('Rio Dewanto','Satu Suro','Lead');
INSERT IGNORE INTO `Peran` VALUES ('Chelsea Islan','Sebelum Iblis Menjemput','Lead');
INSERT IGNORE INTO `Peran` VALUES ('Ario Bayu','Ratu Ilmu Hitam','Lead');
INSERT IGNORE INTO `Peran` VALUES ('Luna Maya','Suzanna: Bernapas dalam Kubur','Lead');
INSERT IGNORE INTO `Peran` VALUES ('Jun Ji-hyun','My Sassy Girl','Lead');
INSERT IGNORE INTO `Peran` VALUES ('Choi Min-sik','Oldboy','Lead');
INSERT IGNORE INTO `Peran` VALUES ('Song Kang-ho','Memories of Murder','Lead');
INSERT IGNORE INTO `Peran` VALUES ('Steven Yeun','Minari','Lead');
INSERT IGNORE INTO `Peran` VALUES ('Tang Wei','Decision to Leave','Co-Lead');
INSERT IGNORE INTO `Peran` VALUES ('Song Kang-ho','Broker','Co-Lead');
INSERT IGNORE INTO `Peran` VALUES ('Yoo Ah-in','Burning','Lead');
INSERT IGNORE INTO `Peran` VALUES ('Ryu Seung-ryong','Extreme Job','Lead');
INSERT IGNORE INTO `Peran` VALUES ('Jo Jung-suk','Exit','Lead');
INSERT IGNORE INTO `Peran` VALUES ('Cha Tae-hyun','Along With the Gods: The Two Worlds','Lead');
INSERT IGNORE INTO `Peran` VALUES ('Ha Jung-woo','Along With the Gods: The Last 49 Days','Lead');
INSERT IGNORE INTO `Peran` VALUES ('Kwak Do-won','The Wailing','Lead');
INSERT IGNORE INTO `Peran` VALUES ('Lee Byung-hun','I Saw the Devil','Antagonist');
INSERT IGNORE INTO `Peran` VALUES ('Song Kang-ho','A Taxi Driver','Lead');
INSERT IGNORE INTO `Peran` VALUES ('Ryu Seung-ryong','Miracle in Cell No. 7','Lead');
INSERT IGNORE INTO `Peran` VALUES ('Daniel Radcliffe','Harry Potter and the Sorcerers Stone','Lead');
INSERT IGNORE INTO `Peran` VALUES ('Daniel Radcliffe','Harry Potter and the Chamber of Secrets','Lead');
INSERT IGNORE INTO `Peran` VALUES ('Daniel Radcliffe','Harry Potter and the Prisoner of Azkaban','Lead');
INSERT IGNORE INTO `Peran` VALUES ('Daniel Radcliffe','Harry Potter and the Goblet of Fire','Lead');
INSERT IGNORE INTO `Peran` VALUES ('Daniel Radcliffe','Harry Potter and the Order of the Phoenix','Lead');
INSERT IGNORE INTO `Peran` VALUES ('Daniel Radcliffe','Harry Potter and the Half-Blood Prince','Lead');
INSERT IGNORE INTO `Peran` VALUES ('Daniel Radcliffe','Harry Potter and the Deathly Hallows: Part 1','Lead');
INSERT IGNORE INTO `Peran` VALUES ('Daniel Radcliffe','Harry Potter and the Deathly Hallows: Part 2','Lead');
INSERT IGNORE INTO `Peran` VALUES ('Eddie Redmayne','Fantastic Beasts and Where to Find Them','Lead');
INSERT IGNORE INTO `Peran` VALUES ('Eddie Redmayne','Fantastic Beasts: The Crimes of Grindelwald','Lead');
INSERT IGNORE INTO `Peran` VALUES ('Eddie Redmayne','Fantastic Beasts: The Secrets of Dumbledore','Lead');
INSERT IGNORE INTO `Peran` VALUES ('Elijah Wood','The Lord of the Rings: The Fellowship of the Ring','Lead');
INSERT IGNORE INTO `Peran` VALUES ('Elijah Wood','The Lord of the Rings: The Two Towers','Lead');
INSERT IGNORE INTO `Peran` VALUES ('Elijah Wood','The Lord of the Rings: The Return of the King','Lead');
INSERT IGNORE INTO `Peran` VALUES ('Martin Freeman','The Hobbit: An Unexpected Journey','Lead');
INSERT IGNORE INTO `Peran` VALUES ('Martin Freeman','The Hobbit: The Desolation of Smaug','Lead');
INSERT IGNORE INTO `Peran` VALUES ('Martin Freeman','The Hobbit: The Battle of the Five Armies','Lead');
INSERT IGNORE INTO `Peran` VALUES ('Johnny Depp','Pirates of the Caribbean: The Curse of the Black Pearl','Lead');
INSERT IGNORE INTO `Peran` VALUES ('Johnny Depp','Pirates of the Caribbean: Dead Mans Chest','Lead');
INSERT IGNORE INTO `Peran` VALUES ('Johnny Depp','Pirates of the Caribbean: At Worlds End','Lead');
INSERT IGNORE INTO `Peran` VALUES ('Sam Neill','Jurassic Park','Lead');
INSERT IGNORE INTO `Peran` VALUES ('Chris Pratt','Jurassic World','Lead');
INSERT IGNORE INTO `Peran` VALUES ('Chris Pratt','Jurassic World: Fallen Kingdom','Lead');
INSERT IGNORE INTO `Peran` VALUES ('Roy Scheider','Jaws','Lead');
INSERT IGNORE INTO `Peran` VALUES ('Henry Thomas','E.T. the Extra-Terrestrial','Lead');
INSERT IGNORE INTO `Peran` VALUES ('Michael J. Fox','Back to the Future','Lead');
INSERT IGNORE INTO `Peran` VALUES ('Michael J. Fox','Back to the Future Part II','Lead');
INSERT IGNORE INTO `Peran` VALUES ('Michael J. Fox','Back to the Future Part III','Lead');
INSERT IGNORE INTO `Peran` VALUES ('Mark Hamill','Star Wars: Episode IV - A New Hope','Lead');
INSERT IGNORE INTO `Peran` VALUES ('Mark Hamill','Star Wars: Episode V - The Empire Strikes Back','Lead');
INSERT IGNORE INTO `Peran` VALUES ('Mark Hamill','Star Wars: Episode VI - Return of the Jedi','Lead');
INSERT IGNORE INTO `Peran` VALUES ('Ewan McGregor','Star Wars: Episode I - The Phantom Menace','Lead');
INSERT IGNORE INTO `Peran` VALUES ('Hayden Christensen','Star Wars: Episode II - Attack of the Clones','Lead');
INSERT IGNORE INTO `Peran` VALUES ('Hayden Christensen','Star Wars: Episode III - Revenge of the Sith','Lead');
INSERT IGNORE INTO `Peran` VALUES ('Brie Larson','Captain Marvel','Lead');
INSERT IGNORE INTO `Peran` VALUES ('Chris Pratt','Guardians of the Galaxy','Lead');
INSERT IGNORE INTO `Peran` VALUES ('Chris Pratt','Guardians of the Galaxy Vol. 2','Lead');
INSERT IGNORE INTO `Peran` VALUES ('Chris Pratt','Guardians of the Galaxy Vol. 3','Lead');
INSERT IGNORE INTO `Peran` VALUES ('Letitia Wright','Black Panther: Wakanda Forever','Lead');
INSERT IGNORE INTO `Peran` VALUES ('Yuto Uemura','Tougen Anki','Lead');
INSERT IGNORE INTO `Peran` VALUES ('Tom Hiddleston','Loki','Lead');
INSERT IGNORE INTO `Peran` VALUES ('Elizabeth Olsen','WandaVision','Lead');
INSERT IGNORE INTO `Peran` VALUES ('Jeremy Renner','Hawkeye','Lead');
INSERT IGNORE INTO `Peran` VALUES ('Oscar Isaac','Moon Knight','Lead');
INSERT IGNORE INTO `Peran` VALUES ('Tatiana Maslany','She-Hulk: Attorney at Law','Lead');
INSERT IGNORE INTO `Peran` VALUES ('Anthony Mackie','The Falcon and the Winter Soldier','Lead');
INSERT IGNORE INTO `Peran` VALUES ('Charlie Cox','Daredevil','Lead');
INSERT IGNORE INTO `Peran` VALUES ('Krysten Ritter','Jessica Jones','Lead');
INSERT IGNORE INTO `Peran` VALUES ('Jon Bernthal','The Punisher','Lead');
INSERT IGNORE INTO `Peran` VALUES ('Clark Gregg','Agents of S.H.I.E.L.D.','Lead');
INSERT IGNORE INTO `Peran` VALUES ('Mike Colter','Luke Cage','Lead');
INSERT IGNORE INTO `Peran` VALUES ('Finn Jones','Iron Fist','Lead');
INSERT IGNORE INTO `Peran` VALUES ('Samuel L. Jackson','Secret Invasion','Lead');
INSERT IGNORE INTO `Peran` VALUES ('Jeff Goldblum','What If...?','Cameo');

-- Peran mapping lead untuk setiap serial baru
INSERT IGNORE INTO `Peran` VALUES ('Bryan Cranston','Breaking Bad','Lead');
INSERT IGNORE INTO `Peran` VALUES ('Bob Odenkirk','Better Call Saul','Lead');
INSERT IGNORE INTO `Peran` VALUES ('Emilia Clarke','Game of Thrones','Lead');
INSERT IGNORE INTO `Peran` VALUES ('Emma DArcy','House of the Dragon','Lead');
INSERT IGNORE INTO `Peran` VALUES ('Millie Bobby Brown','Stranger Things','Lead');
INSERT IGNORE INTO `Peran` VALUES ('Henry Cavill','The Witcher','Lead');
INSERT IGNORE INTO `Peran` VALUES ('Pedro Pascal','The Mandalorian','Lead');
INSERT IGNORE INTO `Peran` VALUES ('Pedro Pascal','The Last of Us','Lead');
INSERT IGNORE INTO `Peran` VALUES ('Cillian Murphy','Peaky Blinders','Lead');
INSERT IGNORE INTO `Peran` VALUES ('Benedict Cumberbatch','Sherlock','Lead');
INSERT IGNORE INTO `Peran` VALUES ('Michael C. Hall','Dexter','Lead');
INSERT IGNORE INTO `Peran` VALUES ('Claire Danes','Homeland','Lead');
INSERT IGNORE INTO `Peran` VALUES ('Evan Rachel Wood','Westworld','Lead');
INSERT IGNORE INTO `Peran` VALUES ('Matthew McConaughey','True Detective','Lead');
INSERT IGNORE INTO `Peran` VALUES ('Karl Urban','The Boys','Lead');
INSERT IGNORE INTO `Peran` VALUES ('Steven Yeun','Invincible','Lead');
INSERT IGNORE INTO `Peran` VALUES ('Elliot Page','The Umbrella Academy','Lead');
INSERT IGNORE INTO `Peran` VALUES ('Wagner Moura','Narcos','Lead');
INSERT IGNORE INTO `Peran` VALUES ('Alvaro Morte','Money Heist','Lead');
INSERT IGNORE INTO `Peran` VALUES ('Louis Hofmann','Dark','Lead');
INSERT IGNORE INTO `Peran` VALUES ('Jared Harris','Chernobyl','Lead');
INSERT IGNORE INTO `Peran` VALUES ('Aaron Paul','Black Mirror','Co-Lead');
INSERT IGNORE INTO `Peran` VALUES ('Martin Freeman','Fargo','Lead');
INSERT IGNORE INTO `Peran` VALUES ('Matthew Fox','Lost','Lead');
INSERT IGNORE INTO `Peran` VALUES ('Wentworth Miller','Prison Break','Lead');
INSERT IGNORE INTO `Peran` VALUES ('Kiefer Sutherland','24','Lead');
INSERT IGNORE INTO `Peran` VALUES ('Steve Carell','The Office','Lead');
INSERT IGNORE INTO `Peran` VALUES ('Jennifer Aniston','Friends','Lead');
INSERT IGNORE INTO `Peran` VALUES ('Josh Radnor','How I Met Your Mother','Lead');
INSERT IGNORE INTO `Peran` VALUES ('Jerry Seinfeld','Seinfeld','Lead');
INSERT IGNORE INTO `Peran` VALUES ('Ed ONeill','Modern Family','Ensemble');
INSERT IGNORE INTO `Peran` VALUES ('Andy Samberg','Brooklyn Nine-Nine','Lead');
INSERT IGNORE INTO `Peran` VALUES ('Amy Poehler','Parks and Recreation','Lead');
INSERT IGNORE INTO `Peran` VALUES ('Gabriel Macht','Suits','Lead');
INSERT IGNORE INTO `Peran` VALUES ('Hugh Laurie','House','Lead');
INSERT IGNORE INTO `Peran` VALUES ('Ellen Pompeo','Greys Anatomy','Lead');
INSERT IGNORE INTO `Peran` VALUES ('William Petersen','CSI: Crime Scene Investigation','Lead');
INSERT IGNORE INTO `Peran` VALUES ('Mark Harmon','NCIS','Lead');
INSERT IGNORE INTO `Peran` VALUES ('Mandy Patinkin','Criminal Minds','Lead');
INSERT IGNORE INTO `Peran` VALUES ('Mariska Hargitay','Law & Order: Special Victims Unit','Lead');
INSERT IGNORE INTO `Peran` VALUES ('Jensen Ackles','Supernatural','Lead');
INSERT IGNORE INTO `Peran` VALUES ('Tom Welling','Smallville','Lead');
INSERT IGNORE INTO `Peran` VALUES ('Stephen Amell','Arrow','Lead');
INSERT IGNORE INTO `Peran` VALUES ('Grant Gustin','The Flash','Lead');
INSERT IGNORE INTO `Peran` VALUES ('Caity Lotz','DCs Legends of Tomorrow','Lead');
INSERT IGNORE INTO `Peran` VALUES ('Ben McKenzie','Gotham','Lead');
INSERT IGNORE INTO `Peran` VALUES ('Brenton Thwaites','Titans','Lead');
INSERT IGNORE INTO `Peran` VALUES ('Brendan Fraser','Doom Patrol','Lead');
INSERT IGNORE INTO `Peran` VALUES ('Steven Strait','The Expanse','Lead');
INSERT IGNORE INTO `Peran` VALUES ('Edward James Olmos','Battlestar Galactica','Lead');
INSERT IGNORE INTO `Peran` VALUES ('Nathan Fillion','Firefly','Lead');
INSERT IGNORE INTO `Peran` VALUES ('Anna Torv','Fringe','Lead');
INSERT IGNORE INTO `Peran` VALUES ('Andrew Lincoln','The Walking Dead','Lead');
INSERT IGNORE INTO `Peran` VALUES ('Kim Dickens','Fear the Walking Dead','Lead');
INSERT IGNORE INTO `Peran` VALUES ('Mads Mikkelsen','Hannibal','Antagonist');
INSERT IGNORE INTO `Peran` VALUES ('Travis Fimmel','Vikings','Lead');
INSERT IGNORE INTO `Peran` VALUES ('Sam Corlett','Vikings: Valhalla','Lead');
INSERT IGNORE INTO `Peran` VALUES ('Toby Stephens','Black Sails','Lead');
INSERT IGNORE INTO `Peran` VALUES ('Kevin McKidd','Rome','Lead');
INSERT IGNORE INTO `Peran` VALUES ('Andy Whitfield','Spartacus','Lead');
INSERT IGNORE INTO `Peran` VALUES ('Tyler Posey','Teen Wolf','Lead');
INSERT IGNORE INTO `Peran` VALUES ('KJ Apa','Riverdale','Lead');
INSERT IGNORE INTO `Peran` VALUES ('Tom Ellis','Lucifer','Lead');
INSERT IGNORE INTO `Peran` VALUES ('Bae Doona','Sense8','Lead');
INSERT IGNORE INTO `Peran` VALUES ('Rami Malek','Mr. Robot','Lead');
INSERT IGNORE INTO `Peran` VALUES ('Olivia Colman','The Crown','Lead');
INSERT IGNORE INTO `Peran` VALUES ('Elisabeth Moss','The Handmaids Tale','Lead');
INSERT IGNORE INTO `Peran` VALUES ('Kevin Costner','Yellowstone','Lead');
INSERT IGNORE INTO `Peran` VALUES ('Jason Bateman','Ozark','Lead');
INSERT IGNORE INTO `Peran` VALUES ('Jon Hamm','Mad Men','Lead');
INSERT IGNORE INTO `Peran` VALUES ('Steve Buscemi','Boardwalk Empire','Lead');
INSERT IGNORE INTO `Peran` VALUES ('Kate Winslet','Mare of Easttown','Lead');
INSERT IGNORE INTO `Peran` VALUES ('Brian Cox','Succession','Lead');
INSERT IGNORE INTO `Peran` VALUES ('Adam Scott','Severance','Lead');
INSERT IGNORE INTO `Peran` VALUES ('Diego Luna','Andor','Lead');
INSERT IGNORE INTO `Peran` VALUES ('Ewan McGregor','Obi-Wan Kenobi','Lead');
INSERT IGNORE INTO `Peran` VALUES ('Rosario Dawson','Ahsoka','Lead');
INSERT IGNORE INTO `Peran` VALUES ('Sonequa Martin-Green','Star Trek: Discovery','Lead');
INSERT IGNORE INTO `Peran` VALUES ('Patrick Stewart','Star Trek: Picard','Lead');
INSERT IGNORE INTO `Peran` VALUES ('Freddie Highmore','The Good Doctor','Lead');
INSERT IGNORE INTO `Peran` VALUES ('Milo Ventimiglia','This Is Us','Co-Lead');
INSERT IGNORE INTO `Peran` VALUES ('Simon Baker','The Mentalist','Lead');
INSERT IGNORE INTO `Peran` VALUES ('Jim Caviezel','Person of Interest','Lead');
INSERT IGNORE INTO `Peran` VALUES ('Jonny Lee Miller','Elementary','Lead');
INSERT IGNORE INTO `Peran` VALUES ('Dafne Keen','His Dark Materials','Lead');
INSERT IGNORE INTO `Peran` VALUES ('Tom Sturridge','The Sandman','Lead');
INSERT IGNORE INTO `Peran` VALUES ('Anthony Mackie','Love, Death & Robots','Cameo');
INSERT IGNORE INTO `Peran` VALUES ('Hailee Steinfeld','Arcane','Lead');
INSERT IGNORE INTO `Peran` VALUES ('Richard Armitage','Castlevania','Lead');
INSERT IGNORE INTO `Peran` VALUES ('Jack De Sena','The Dragon Prince','Lead');
INSERT IGNORE INTO `Peran` VALUES ('Zach Tyler Eisen','Avatar: The Last Airbender','Lead');
INSERT IGNORE INTO `Peran` VALUES ('Janet Varney','The Legend of Korra','Lead');
INSERT IGNORE INTO `Peran` VALUES ('Lee Jung-jae','Squid Game','Lead');
INSERT IGNORE INTO `Peran` VALUES ('Ju Ji-hoon','Kingdom','Lead');
INSERT IGNORE INTO `Peran` VALUES ('Hyun Bin','Crash Landing on You','Lead');
INSERT IGNORE INTO `Peran` VALUES ('Gong Yoo','Goblin','Lead');
INSERT IGNORE INTO `Peran` VALUES ('Song Joong-ki','Descendants of the Sun','Lead');
INSERT IGNORE INTO `Peran` VALUES ('Park Seo-joon','Itaewon Class','Lead');
INSERT IGNORE INTO `Peran` VALUES ('Song Joong-ki','Vincenzo','Lead');
INSERT IGNORE INTO `Peran` VALUES ('Park Bo-gum','Reply 1988','Ensemble');
INSERT IGNORE INTO `Peran` VALUES ('Lee Je-hoon','Signal','Lead');
INSERT IGNORE INTO `Peran` VALUES ('Jo Jung-suk','Hospital Playlist','Ensemble');
INSERT IGNORE INTO `Peran` VALUES ('Lee Sun-kyun','My Mister','Lead');
INSERT IGNORE INTO `Peran` VALUES ('Park Ji-hu','All of Us Are Dead','Co-Lead');
INSERT IGNORE INTO `Peran` VALUES ('Song Kang','Sweet Home','Lead');
INSERT IGNORE INTO `Peran` VALUES ('Park Eun-bin','Extraordinary Attorney Woo','Lead');
INSERT IGNORE INTO `Peran` VALUES ('Yoo Ah-in','Hellbound','Lead');
INSERT IGNORE INTO `Peran` VALUES ('Yuki Kaji','Attack on Titan','Lead');
INSERT IGNORE INTO `Peran` VALUES ('Junko Takeuchi','Naruto','Lead');
INSERT IGNORE INTO `Peran` VALUES ('Junko Takeuchi','Naruto Shippuden','Lead');
INSERT IGNORE INTO `Peran` VALUES ('Masakazu Morita','Bleach','Lead');
INSERT IGNORE INTO `Peran` VALUES ('Mayumi Tanaka','One Piece','Lead');
INSERT IGNORE INTO `Peran` VALUES ('Natsuki Hanae','Demon Slayer','Lead');
INSERT IGNORE INTO `Peran` VALUES ('Junya Enoki','Jujutsu Kaisen','Lead');
INSERT IGNORE INTO `Peran` VALUES ('Daiki Yamashita','My Hero Academia','Lead');
INSERT IGNORE INTO `Peran` VALUES ('Romi Park','Fullmetal Alchemist: Brotherhood','Lead');
INSERT IGNORE INTO `Peran` VALUES ('Mamoru Miyano','Death Note','Antagonist');
INSERT IGNORE INTO `Peran` VALUES ('Megumi Han','Hunter x Hunter','Lead');
INSERT IGNORE INTO `Peran` VALUES ('Kikunosuke Toya','Chainsaw Man','Lead');
INSERT IGNORE INTO `Peran` VALUES ('Natsuki Hanae','Tokyo Ghoul','Lead');
INSERT IGNORE INTO `Peran` VALUES ('Yoshitsugu Matsuoka','Sword Art Online','Lead');
INSERT IGNORE INTO `Peran` VALUES ('Gakuto Kajiwara','Black Clover','Lead');
INSERT IGNORE INTO `Peran` VALUES ('Tetsuya Kakihara','Fairy Tail','Lead');
INSERT IGNORE INTO `Peran` VALUES ('Ayumu Murase','Haikyuu!!','Lead');
INSERT IGNORE INTO `Peran` VALUES ('Kazuki Ura','Blue Lock','Lead');
INSERT IGNORE INTO `Peran` VALUES ('Takuya Eguchi','Spy x Family','Lead');
INSERT IGNORE INTO `Peran` VALUES ('Yusuke Kobayashi','Dr. Stone','Lead');
INSERT IGNORE INTO `Peran` VALUES ('Setsuo Ito','Mob Psycho 100','Lead');
INSERT IGNORE INTO `Peran` VALUES ('Yuto Uemura','Vinland Saga','Lead');
INSERT IGNORE INTO `Peran` VALUES ('Reza Rahadian','Layangan Putus','Lead');
INSERT IGNORE INTO `Peran` VALUES ('Dian Sastrowardoyo','Gadis Kretek','Lead');
INSERT IGNORE INTO `Peran` VALUES ('Chelsea Islan','Tira','Lead');
INSERT IGNORE INTO `Peran` VALUES ('Giorgino Abraham','Turn On','Lead');
INSERT IGNORE INTO `Peran` VALUES ('Refal Hady','Wedding Agreement The Series','Lead');
INSERT IGNORE INTO `Peran` VALUES ('Adhisty Zara','Virgin The Series','Lead');

INSERT IGNORE INTO `Peran` VALUES ('Cillian Murphy','Oppenheimer','Lead');
INSERT IGNORE INTO `Peran` VALUES ('Robert Downey Jr.','Oppenheimer','Supporting');
INSERT IGNORE INTO `Peran` VALUES ('Margot Robbie','Barbie','Lead');
INSERT IGNORE INTO `Peran` VALUES ('Ryan Gosling','Barbie','Co-Lead');
INSERT IGNORE INTO `Peran` VALUES ('Timothe Chalamet','Dune: Part Two','Lead');
INSERT IGNORE INTO `Peran` VALUES ('Zendaya','Dune: Part Two','Co-Lead');
INSERT IGNORE INTO `Peran` VALUES ('Robert Pattinson','The Batman','Lead');
INSERT IGNORE INTO `Peran` VALUES ('Tom Cruise','Top Gun: Maverick','Lead');
INSERT IGNORE INTO `Peran` VALUES ('Sam Worthington','Avatar: The Way of Water','Lead');
INSERT IGNORE INTO `Peran` VALUES ('Michelle Yeoh','Everything Everywhere All At Once','Lead');
INSERT IGNORE INTO `Peran` VALUES ('Brendan Fraser','The Whale','Lead');
INSERT IGNORE INTO `Peran` VALUES ('Keanu Reeves','John Wick: Chapter 4','Lead');
INSERT IGNORE INTO `Peran` VALUES ('Emma Stone','Poor Things','Lead');
INSERT IGNORE INTO `Peran` VALUES ('Leonardo DiCaprio','Killers of the Flower Moon','Lead');

-- Avatar Season 1
INSERT IGNORE INTO `Episode` VALUES ('Avatar: The Last Airbender', 'Book 1: Ch 1', 1, 1, 'The Boy in the Iceberg', 24);
INSERT IGNORE INTO `Episode` VALUES ('Avatar: The Last Airbender', 'Book 1: Ch 2', 1, 2, 'The Avatar Returns', 24);
INSERT IGNORE INTO `Episode` VALUES ('Avatar: The Last Airbender', 'Book 1: Ch 3', 1, 3, 'The Southern Air Temple', 24);
INSERT IGNORE INTO `Episode` VALUES ('Avatar: The Last Airbender', 'Book 1: Ch 4', 1, 4, 'The Warriors of Kyoshi', 24);
INSERT IGNORE INTO `Episode` VALUES ('Avatar: The Last Airbender', 'Book 1: Ch 5', 1, 5, 'The King of Omashu', 24);
INSERT IGNORE INTO `Episode` VALUES ('Avatar: The Last Airbender', 'Book 1: Ch 6', 1, 6, 'Imprisoned', 24);
INSERT IGNORE INTO `Episode` VALUES ('Avatar: The Last Airbender', 'Book 1: Ch 7', 1, 7, 'The Spirit World: Winter Solstice, Part 1', 24);
INSERT IGNORE INTO `Episode` VALUES ('Avatar: The Last Airbender', 'Book 1: Ch 8', 1, 8, 'Avatar Roku: Winter Solstice, Part 2', 24);
INSERT IGNORE INTO `Episode` VALUES ('Avatar: The Last Airbender', 'Book 1: Ch 9', 1, 9, 'The Waterbending Scroll', 24);
INSERT IGNORE INTO `Episode` VALUES ('Avatar: The Last Airbender', 'Book 1: Ch 10', 1, 10, 'Jet', 24);
INSERT IGNORE INTO `Episode` VALUES ('Avatar: The Last Airbender', 'Book 1: Ch 11', 1, 11, 'The Great Divide', 24);
INSERT IGNORE INTO `Episode` VALUES ('Avatar: The Last Airbender', 'Book 1: Ch 12', 1, 12, 'The Storm', 24);
INSERT IGNORE INTO `Episode` VALUES ('Avatar: The Last Airbender', 'Book 1: Ch 13', 1, 13, 'The Blue Spirit', 24);
INSERT IGNORE INTO `Episode` VALUES ('Avatar: The Last Airbender', 'Book 1: Ch 14', 1, 14, 'The Fortuneteller', 24);
INSERT IGNORE INTO `Episode` VALUES ('Avatar: The Last Airbender', 'Book 1: Ch 15', 1, 15, 'Bato of the Water Tribe', 24);
INSERT IGNORE INTO `Episode` VALUES ('Avatar: The Last Airbender', 'Book 1: Ch 16', 1, 16, 'The Deserter', 24);
INSERT IGNORE INTO `Episode` VALUES ('Avatar: The Last Airbender', 'Book 1: Ch 17', 1, 17, 'The Northern Air Temple', 24);
INSERT IGNORE INTO `Episode` VALUES ('Avatar: The Last Airbender', 'Book 1: Ch 18', 1, 18, 'The Waterbending Master', 24);
INSERT IGNORE INTO `Episode` VALUES ('Avatar: The Last Airbender', 'Book 1: Ch 19', 1, 19, 'The Siege of the North, Part 1', 24);
INSERT IGNORE INTO `Episode` VALUES ('Avatar: The Last Airbender', 'Book 1: Ch 20', 1, 20, 'The Siege of the North, Part 2', 24);
-- Avatar Season 2
INSERT IGNORE INTO `Episode` VALUES ('Avatar: The Last Airbender', 'Book 2: Ch 1', 2, 1, 'The Avatar State', 24);
INSERT IGNORE INTO `Episode` VALUES ('Avatar: The Last Airbender', 'Book 2: Ch 2', 2, 2, 'The Cave of Two Lovers', 24);
INSERT IGNORE INTO `Episode` VALUES ('Avatar: The Last Airbender', 'Book 2: Ch 3', 2, 3, 'Return to Omashu', 24);
INSERT IGNORE INTO `Episode` VALUES ('Avatar: The Last Airbender', 'Book 2: Ch 4', 2, 4, 'The Swamp', 24);
INSERT IGNORE INTO `Episode` VALUES ('Avatar: The Last Airbender', 'Book 2: Ch 5', 2, 5, 'Avatar Day', 24);
INSERT IGNORE INTO `Episode` VALUES ('Avatar: The Last Airbender', 'Book 2: Ch 6', 2, 6, 'The Blind Bandit', 24);
INSERT IGNORE INTO `Episode` VALUES ('Avatar: The Last Airbender', 'Book 2: Ch 7', 2, 7, 'Zuko Alone', 24);
INSERT IGNORE INTO `Episode` VALUES ('Avatar: The Last Airbender', 'Book 2: Ch 8', 2, 8, 'The Chase', 24);
INSERT IGNORE INTO `Episode` VALUES ('Avatar: The Last Airbender', 'Book 2: Ch 9', 2, 9, 'Bitter Work', 24);
INSERT IGNORE INTO `Episode` VALUES ('Avatar: The Last Airbender', 'Book 2: Ch 10', 2, 10, 'The Library', 24);
INSERT IGNORE INTO `Episode` VALUES ('Avatar: The Last Airbender', 'Book 2: Ch 11', 2, 11, 'The Desert', 24);
INSERT IGNORE INTO `Episode` VALUES ('Avatar: The Last Airbender', 'Book 2: Ch 12', 2, 12, 'The Serpents Pass', 24);
INSERT IGNORE INTO `Episode` VALUES ('Avatar: The Last Airbender', 'Book 2: Ch 13', 2, 13, 'The Drill', 24);
INSERT IGNORE INTO `Episode` VALUES ('Avatar: The Last Airbender', 'Book 2: Ch 14', 2, 14, 'City of Walls and Secrets', 24);
INSERT IGNORE INTO `Episode` VALUES ('Avatar: The Last Airbender', 'Book 2: Ch 15', 2, 15, 'Tales of Ba Sing Se', 24);
INSERT IGNORE INTO `Episode` VALUES ('Avatar: The Last Airbender', 'Book 2: Ch 16', 2, 16, 'Appas Lost Days', 24);
INSERT IGNORE INTO `Episode` VALUES ('Avatar: The Last Airbender', 'Book 2: Ch 17', 2, 17, 'Lake Laogai', 24);
INSERT IGNORE INTO `Episode` VALUES ('Avatar: The Last Airbender', 'Book 2: Ch 18', 2, 18, 'The Earth King', 24);
INSERT IGNORE INTO `Episode` VALUES ('Avatar: The Last Airbender', 'Book 2: Ch 19', 2, 19, 'The Guru', 24);
INSERT IGNORE INTO `Episode` VALUES ('Avatar: The Last Airbender', 'Book 2: Ch 20', 2, 20, 'The Crossroads of Destiny', 24);
-- Avatar Season 3
INSERT IGNORE INTO `Episode` VALUES ('Avatar: The Last Airbender', 'Book 3: Ch 1', 3, 1, 'The Awakening', 24);
INSERT IGNORE INTO `Episode` VALUES ('Avatar: The Last Airbender', 'Book 3: Ch 2', 3, 2, 'The Headband', 24);
INSERT IGNORE INTO `Episode` VALUES ('Avatar: The Last Airbender', 'Book 3: Ch 3', 3, 3, 'The Painted Lady', 24);
INSERT IGNORE INTO `Episode` VALUES ('Avatar: The Last Airbender', 'Book 3: Ch 4', 3, 4, 'Sokkas Master', 24);
INSERT IGNORE INTO `Episode` VALUES ('Avatar: The Last Airbender', 'Book 3: Ch 5', 3, 5, 'The Beach', 24);
INSERT IGNORE INTO `Episode` VALUES ('Avatar: The Last Airbender', 'Book 3: Ch 6', 3, 6, 'The Avatar and the Fire Lord', 24);
INSERT IGNORE INTO `Episode` VALUES ('Avatar: The Last Airbender', 'Book 3: Ch 7', 3, 7, 'The Runaway', 24);
INSERT IGNORE INTO `Episode` VALUES ('Avatar: The Last Airbender', 'Book 3: Ch 8', 3, 8, 'The Puppetmaster', 24);
INSERT IGNORE INTO `Episode` VALUES ('Avatar: The Last Airbender', 'Book 3: Ch 9', 3, 9, 'Nightmares and Daydreams', 24);
INSERT IGNORE INTO `Episode` VALUES ('Avatar: The Last Airbender', 'Book 3: Ch 10', 3, 10, 'The Day of Black Sun, Part 1', 24);
INSERT IGNORE INTO `Episode` VALUES ('Avatar: The Last Airbender', 'Book 3: Ch 11', 3, 11, 'The Day of Black Sun, Part 2', 24);
INSERT IGNORE INTO `Episode` VALUES ('Avatar: The Last Airbender', 'Book 3: Ch 12', 3, 12, 'The Western Air Temple', 24);
INSERT IGNORE INTO `Episode` VALUES ('Avatar: The Last Airbender', 'Book 3: Ch 13', 3, 13, 'The Firebending Masters', 24);
INSERT IGNORE INTO `Episode` VALUES ('Avatar: The Last Airbender', 'Book 3: Ch 14', 3, 14, 'The Boiling Rock, Part 1', 24);
INSERT IGNORE INTO `Episode` VALUES ('Avatar: The Last Airbender', 'Book 3: Ch 15', 3, 15, 'The Boiling Rock, Part 2', 24);
INSERT IGNORE INTO `Episode` VALUES ('Avatar: The Last Airbender', 'Book 3: Ch 16', 3, 16, 'The Southern Raiders', 24);
INSERT IGNORE INTO `Episode` VALUES ('Avatar: The Last Airbender', 'Book 3: Ch 17', 3, 17, 'The Ember Island Players', 24);
INSERT IGNORE INTO `Episode` VALUES ('Avatar: The Last Airbender', 'Book 3: Ch 18', 3, 18, 'Sozins Comet, Part 1', 24);
INSERT IGNORE INTO `Episode` VALUES ('Avatar: The Last Airbender', 'Book 3: Ch 19', 3, 19, 'Sozins Comet, Part 2', 24);
INSERT IGNORE INTO `Episode` VALUES ('Avatar: The Last Airbender', 'Book 3: Ch 20', 3, 20, 'Sozins Comet, Part 3', 24);
INSERT IGNORE INTO `Episode` VALUES ('Avatar: The Last Airbender', 'Book 3: Ch 21', 3, 21, 'Sozins Comet, Part 4', 24);

-- Breaking Bad
INSERT IGNORE INTO `Episode` VALUES ('Breaking Bad', 'BB S1E1', 1, 1, 'Pilot', 58);
INSERT IGNORE INTO `Episode` VALUES ('Breaking Bad', 'BB S1E2', 1, 2, 'Cat\'s in the Bag...', 48);
INSERT IGNORE INTO `Episode` VALUES ('Breaking Bad', 'BB S1E3', 1, 3, '...And the Bag\'s in the River', 48);
INSERT IGNORE INTO `Episode` VALUES ('Breaking Bad', 'BB S1E4', 1, 4, 'Cancer Man', 48);
INSERT IGNORE INTO `Episode` VALUES ('Breaking Bad', 'BB S1E5', 1, 5, 'Gray Matter', 48);
INSERT IGNORE INTO `Episode` VALUES ('Breaking Bad', 'BB S1E6', 1, 6, 'Crazy Handful of Nothin\'', 48);
INSERT IGNORE INTO `Episode` VALUES ('Breaking Bad', 'BB S1E7', 1, 7, 'A No-Rough-Stuff-Type Deal', 48);
INSERT IGNORE INTO `Episode` VALUES ('Breaking Bad', 'BB S2E1', 2, 1, 'Seven Thirty-Seven', 47);
INSERT IGNORE INTO `Episode` VALUES ('Breaking Bad', 'BB S2E2', 2, 2, 'Grilled', 48);
INSERT IGNORE INTO `Episode` VALUES ('Breaking Bad', 'BB S2E3', 2, 3, 'Bit by a Dead Bee', 47);
INSERT IGNORE INTO `Episode` VALUES ('Breaking Bad', 'BB S2E4', 2, 4, 'Down', 47);
INSERT IGNORE INTO `Episode` VALUES ('Breaking Bad', 'BB S2E5', 2, 5, 'Breakage', 47);
INSERT IGNORE INTO `Episode` VALUES ('Breaking Bad', 'BB S2E6', 2, 6, 'Peekaboo', 47);
INSERT IGNORE INTO `Episode` VALUES ('Breaking Bad', 'BB S2E7', 2, 7, 'Negro y Azul', 47);
INSERT IGNORE INTO `Episode` VALUES ('Breaking Bad', 'BB S2E8', 2, 8, 'Better Call Saul', 47);
INSERT IGNORE INTO `Episode` VALUES ('Breaking Bad', 'BB S2E9', 2, 9, '4 Days Out', 47);
INSERT IGNORE INTO `Episode` VALUES ('Breaking Bad', 'BB S2E10', 2, 10, 'Over', 47);
INSERT IGNORE INTO `Episode` VALUES ('Breaking Bad', 'BB S2E11', 2, 11, 'Mandala', 47);
INSERT IGNORE INTO `Episode` VALUES ('Breaking Bad', 'BB S2E12', 2, 12, 'Phoenix', 47);
INSERT IGNORE INTO `Episode` VALUES ('Breaking Bad', 'BB S2E13', 2, 13, 'ABQ', 47);
INSERT IGNORE INTO `Episode` VALUES ('Breaking Bad', 'BB S3E1', 3, 1, 'No Ms', 47);
INSERT IGNORE INTO `Episode` VALUES ('Breaking Bad', 'BB S3E2', 3, 2, 'Caballo sin Nombre', 47);
INSERT IGNORE INTO `Episode` VALUES ('Breaking Bad', 'BB S3E3', 3, 3, 'I.F.T.', 47);
INSERT IGNORE INTO `Episode` VALUES ('Breaking Bad', 'BB S3E4', 3, 4, 'Green Light', 47);
INSERT IGNORE INTO `Episode` VALUES ('Breaking Bad', 'BB S3E5', 3, 5, 'Ms', 47);
INSERT IGNORE INTO `Episode` VALUES ('Breaking Bad', 'BB S3E6', 3, 6, 'Sunset', 47);
INSERT IGNORE INTO `Episode` VALUES ('Breaking Bad', 'BB S3E7', 3, 7, 'One Minute', 47);
INSERT IGNORE INTO `Episode` VALUES ('Breaking Bad', 'BB S3E8', 3, 8, 'I See You', 47);
INSERT IGNORE INTO `Episode` VALUES ('Breaking Bad', 'BB S3E9', 3, 9, 'Kafkaesque', 47);
INSERT IGNORE INTO `Episode` VALUES ('Breaking Bad', 'BB S3E10', 3, 10, 'Fly', 47);
INSERT IGNORE INTO `Episode` VALUES ('Breaking Bad', 'BB S3E11', 3, 11, 'Abiquiu', 47);
INSERT IGNORE INTO `Episode` VALUES ('Breaking Bad', 'BB S3E12', 3, 12, 'Half Measures', 47);
INSERT IGNORE INTO `Episode` VALUES ('Breaking Bad', 'BB S3E13', 3, 13, 'Full Measure', 47);
INSERT IGNORE INTO `Episode` VALUES ('Breaking Bad', 'BB S4E1', 4, 1, 'Box Cutter', 47);
INSERT IGNORE INTO `Episode` VALUES ('Breaking Bad', 'BB S4E2', 4, 2, 'Thirty-Eight Snub', 47);
INSERT IGNORE INTO `Episode` VALUES ('Breaking Bad', 'BB S4E3', 4, 3, 'Open House', 47);
INSERT IGNORE INTO `Episode` VALUES ('Breaking Bad', 'BB S4E4', 4, 4, 'Bullet Points', 47);
INSERT IGNORE INTO `Episode` VALUES ('Breaking Bad', 'BB S4E5', 4, 5, 'Shotgun', 47);
INSERT IGNORE INTO `Episode` VALUES ('Breaking Bad', 'BB S4E6', 4, 6, 'Cornered', 47);
INSERT IGNORE INTO `Episode` VALUES ('Breaking Bad', 'BB S4E7', 4, 7, 'Problem Dog', 47);
INSERT IGNORE INTO `Episode` VALUES ('Breaking Bad', 'BB S4E8', 4, 8, 'Hermanos', 47);
INSERT IGNORE INTO `Episode` VALUES ('Breaking Bad', 'BB S4E9', 4, 9, 'Bug', 47);
INSERT IGNORE INTO `Episode` VALUES ('Breaking Bad', 'BB S4E10', 4, 10, 'Salud', 47);
INSERT IGNORE INTO `Episode` VALUES ('Breaking Bad', 'BB S4E11', 4, 11, 'Crawl Space', 47);
INSERT IGNORE INTO `Episode` VALUES ('Breaking Bad', 'BB S4E12', 4, 12, 'End Times', 47);
INSERT IGNORE INTO `Episode` VALUES ('Breaking Bad', 'BB S4E13', 4, 13, 'Face Off', 50);
INSERT IGNORE INTO `Episode` VALUES ('Breaking Bad', 'BB S5E1', 5, 1, 'Live Free or Die', 47);
INSERT IGNORE INTO `Episode` VALUES ('Breaking Bad', 'BB S5E2', 5, 2, 'Madrigal', 47);
INSERT IGNORE INTO `Episode` VALUES ('Breaking Bad', 'BB S5E3', 5, 3, 'Hazard Pay', 47);
INSERT IGNORE INTO `Episode` VALUES ('Breaking Bad', 'BB S5E4', 5, 4, 'Fifty-One', 47);
INSERT IGNORE INTO `Episode` VALUES ('Breaking Bad', 'BB S5E5', 5, 5, 'Dead Freight', 47);
INSERT IGNORE INTO `Episode` VALUES ('Breaking Bad', 'BB S5E6', 5, 6, 'Buyout', 47);
INSERT IGNORE INTO `Episode` VALUES ('Breaking Bad', 'BB S5E7', 5, 7, 'Say My Name', 47);
INSERT IGNORE INTO `Episode` VALUES ('Breaking Bad', 'BB S5E8', 5, 8, 'Gliding Over All', 47);
INSERT IGNORE INTO `Episode` VALUES ('Breaking Bad', 'BB S5E9', 5, 9, 'Blood Money', 47);
INSERT IGNORE INTO `Episode` VALUES ('Breaking Bad', 'BB S5E10', 5, 10, 'Buried', 47);
INSERT IGNORE INTO `Episode` VALUES ('Breaking Bad', 'BB S5E11', 5, 11, 'Confessions', 47);
INSERT IGNORE INTO `Episode` VALUES ('Breaking Bad', 'BB S5E12', 5, 12, 'Rabid Dog', 47);
INSERT IGNORE INTO `Episode` VALUES ('Breaking Bad', 'BB S5E13', 5, 13, 'To\'hajiilee', 47);
INSERT IGNORE INTO `Episode` VALUES ('Breaking Bad', 'BB S5E14', 5, 14, 'Ozymandias', 47);
INSERT IGNORE INTO `Episode` VALUES ('Breaking Bad', 'BB S5E15', 5, 15, 'Granite State', 55);
INSERT IGNORE INTO `Episode` VALUES ('Breaking Bad', 'BB S5E16', 5, 16, 'Felina', 55);

-- Stranger Things
INSERT IGNORE INTO `Episode` VALUES ('Stranger Things', 'ST Chapter 1', 1, 1, 'The Vanishing of Will Byers', 50);
INSERT IGNORE INTO `Episode` VALUES ('Stranger Things', 'ST Chapter 2', 1, 2, 'The Weirdo on Maple Street', 50);
INSERT IGNORE INTO `Episode` VALUES ('Stranger Things', 'ST Chapter 3', 1, 3, 'Holly, Jolly', 50);
INSERT IGNORE INTO `Episode` VALUES ('Stranger Things', 'ST Chapter 4', 1, 4, 'The Body', 50);
INSERT IGNORE INTO `Episode` VALUES ('Stranger Things', 'ST Chapter 5', 1, 5, 'The Flea and the Acrobat', 50);
INSERT IGNORE INTO `Episode` VALUES ('Stranger Things', 'ST Chapter 6', 1, 6, 'The Monster', 50);
INSERT IGNORE INTO `Episode` VALUES ('Stranger Things', 'ST Chapter 7', 1, 7, 'The Bathtub', 50);
INSERT IGNORE INTO `Episode` VALUES ('Stranger Things', 'ST Chapter 8', 1, 8, 'The Upside Down', 50);
INSERT IGNORE INTO `Episode` VALUES ('Stranger Things', 'ST Chapter 9', 2, 1, 'MADMAX', 50);
INSERT IGNORE INTO `Episode` VALUES ('Stranger Things', 'ST Chapter 10', 2, 2, 'Trick or Treat, Freak', 50);
INSERT IGNORE INTO `Episode` VALUES ('Stranger Things', 'ST Chapter 11', 2, 3, 'The Pollywog', 50);
INSERT IGNORE INTO `Episode` VALUES ('Stranger Things', 'ST Chapter 12', 2, 4, 'Will the Wise', 50);
INSERT IGNORE INTO `Episode` VALUES ('Stranger Things', 'ST Chapter 13', 2, 5, 'Dig Dug', 50);
INSERT IGNORE INTO `Episode` VALUES ('Stranger Things', 'ST Chapter 14', 2, 6, 'The Spy', 50);
INSERT IGNORE INTO `Episode` VALUES ('Stranger Things', 'ST Chapter 15', 2, 7, 'The Lost Sister', 50);
INSERT IGNORE INTO `Episode` VALUES ('Stranger Things', 'ST Chapter 16', 2, 8, 'The Mind Flayer', 50);
INSERT IGNORE INTO `Episode` VALUES ('Stranger Things', 'ST Chapter 17', 2, 9, 'The Gate', 50);
INSERT IGNORE INTO `Episode` VALUES ('Stranger Things', 'ST Chapter 18', 3, 1, 'Suzie, Do You Copy?', 50);
INSERT IGNORE INTO `Episode` VALUES ('Stranger Things', 'ST Chapter 19', 3, 2, 'The Mall Rats', 50);
INSERT IGNORE INTO `Episode` VALUES ('Stranger Things', 'ST Chapter 20', 3, 3, 'The Case of the Missing Lifeguard', 50);
INSERT IGNORE INTO `Episode` VALUES ('Stranger Things', 'ST Chapter 21', 3, 4, 'The Sauna Test', 50);
INSERT IGNORE INTO `Episode` VALUES ('Stranger Things', 'ST Chapter 22', 3, 5, 'The Flayed', 50);
INSERT IGNORE INTO `Episode` VALUES ('Stranger Things', 'ST Chapter 23', 3, 6, 'E Pluribus Unum', 50);
INSERT IGNORE INTO `Episode` VALUES ('Stranger Things', 'ST Chapter 24', 3, 7, 'The Bite', 50);
INSERT IGNORE INTO `Episode` VALUES ('Stranger Things', 'ST Chapter 25', 3, 8, 'The Battle of Starcourt', 50);
INSERT IGNORE INTO `Episode` VALUES ('Stranger Things', 'ST Chapter 26', 4, 1, 'The Hellfire Club', 70);
INSERT IGNORE INTO `Episode` VALUES ('Stranger Things', 'ST Chapter 27', 4, 2, 'Vecna\'s Curse', 75);
INSERT IGNORE INTO `Episode` VALUES ('Stranger Things', 'ST Chapter 28', 4, 3, 'The Monster and the Superhero', 63);
INSERT IGNORE INTO `Episode` VALUES ('Stranger Things', 'ST Chapter 29', 4, 4, 'Dear Billy', 77);
INSERT IGNORE INTO `Episode` VALUES ('Stranger Things', 'ST Chapter 30', 4, 5, 'The Nina Project', 74);
INSERT IGNORE INTO `Episode` VALUES ('Stranger Things', 'ST Chapter 31', 4, 6, 'The Dive', 73);
INSERT IGNORE INTO `Episode` VALUES ('Stranger Things', 'ST Chapter 32', 4, 7, 'The Massacre at Hawkins Lab', 98);
INSERT IGNORE INTO `Episode` VALUES ('Stranger Things', 'ST Chapter 33', 4, 8, 'Papa', 85);
INSERT IGNORE INTO `Episode` VALUES ('Stranger Things', 'ST Chapter 34', 4, 9, 'The Piggyback', 139);


INSERT IGNORE INTO `Menonton` VALUES ('andipra@yahoo.co.id', 'Andi', 'Oppenheimer', NOW(), 30);
INSERT IGNORE INTO `Menonton` VALUES ('budi_santoso@outlook.com', 'Budi', 'Barbie', NOW(), 45);
INSERT IGNORE INTO `Menonton` VALUES ('cahyo3@hotmail.com', 'cahyo', 'Dune: Part Two', NOW(), 100);
INSERT IGNORE INTO `Menonton` VALUES ('dkurniawan@mail.com', 'Dims', 'Spider-Man: Across the Spider-Verse', NOW(), 20);
INSERT IGNORE INTO `Menonton` VALUES ('eko.saputra@gmail.com', 'Ekoo', 'The Batman', NOW(), 120);
INSERT IGNORE INTO `Menonton` VALUES ('fajarnug@yahoo.co.id', 'Fajar', 'Top Gun: Maverick', NOW(), 55);
INSERT IGNORE INTO `Menonton` VALUES ('gilang_ramadhan@outlook.com', 'gilang', 'Avatar: The Way of Water', NOW(), 15);
INSERT IGNORE INTO `Menonton` VALUES ('hendra8@hotmail.com', 'Hendra', 'Guardians of the Galaxy Vol. 3', NOW(), 90);
INSERT IGNORE INTO `Menonton` VALUES ('ihakim@mail.com', 'Irfan', 'Black Panther: Wakanda Forever', NOW(), 60);
INSERT IGNORE INTO `Menonton` VALUES ('joko.susanto@gmail.com', 'Joko', 'Everything Everywhere All At Once', NOW(), 10);
INSERT IGNORE INTO `Menonton` VALUES ('kevinhar@yahoo.co.id', 'Kevn', 'Oppenheimer', NOW(), 30);
INSERT IGNORE INTO `Menonton` VALUES ('leo_firmansyah@outlook.com', 'Leo', 'Barbie', NOW(), 45);
INSERT IGNORE INTO `Menonton` VALUES ('muhammad13@hotmail.com', 'Muhammad', 'Dune: Part Two', NOW(), 100);
INSERT IGNORE INTO `Menonton` VALUES ('nakbar@mail.com', 'naufal', 'Spider-Man: Across the Spider-Verse', NOW(), 20);
INSERT IGNORE INTO `Menonton` VALUES ('oscar.permana@gmail.com', 'Oscar', 'The Batman', NOW(), 120);
INSERT IGNORE INTO `Menonton` VALUES ('putraadi@yahoo.co.id', 'Putra', 'Top Gun: Maverick', NOW(), 55);
INSERT IGNORE INTO `Menonton` VALUES ('rafi_ananda@outlook.com', 'Rafi', 'Avatar: The Way of Water', NOW(), 15);
INSERT IGNORE INTO `Menonton` VALUES ('surya18@hotmail.com', 'Surya', 'Guardians of the Galaxy Vol. 3', NOW(), 90);
INSERT IGNORE INTO `Menonton` VALUES ('trahman@mail.com', 'Taufik', 'Black Panther: Wakanda Forever', NOW(), 60);
INSERT IGNORE INTO `Menonton` VALUES ('wahyu.setiawan@gmail.com', 'Wahyu', 'Everything Everywhere All At Once', NOW(), 10);
INSERT IGNORE INTO `Menonton` VALUES ('yusufmau@yahoo.co.id', 'Yusuf', 'Oppenheimer', NOW(), 30);
INSERT IGNORE INTO `Menonton` VALUES ('zaki_prasetyo@outlook.com', 'Zaki', 'Barbie', NOW(), 45);
INSERT IGNORE INTO `Menonton` VALUES ('agus23@hotmail.com', 'Agus', 'Dune: Part Two', NOW(), 100);
INSERT IGNORE INTO `Menonton` VALUES ('bsaputro@mail.com', 'Bagas', 'Spider-Man: Across the Spider-Verse', NOW(), 20);
INSERT IGNORE INTO `Menonton` VALUES ('candra.kusuma@gmail.com', 'candra', 'The Batman', NOW(), 120);
INSERT IGNORE INTO `Menonton` VALUES ('dafamah@yahoo.co.id', 'Dafa', 'Top Gun: Maverick', NOW(), 55);
INSERT IGNORE INTO `Menonton` VALUES ('evan_darmawan@outlook.com', 'evan', 'Avatar: The Way of Water', NOW(), 15);
INSERT IGNORE INTO `Menonton` VALUES ('feri28@hotmail.com', 'Feri', 'Guardians of the Galaxy Vol. 3', NOW(), 90);
INSERT IGNORE INTO `Menonton` VALUES ('gpurnomo@mail.com', 'Galih', 'Black Panther: Wakanda Forever', NOW(), 60);
INSERT IGNORE INTO `Menonton` VALUES ('hanif.wijaksono@gmail.com', 'Hanif', 'Everything Everywhere All At Once', NOW(), 10);
INSERT IGNORE INTO `Menonton` VALUES ('imamnug@yahoo.co.id', 'imam', 'Oppenheimer', NOW(), 30);
INSERT IGNORE INTO `Menonton` VALUES ('jefri_halim@outlook.com', 'jefri', 'Barbie', NOW(), 45);
INSERT IGNORE INTO `Menonton` VALUES ('krisna33@hotmail.com', 'Kria', 'Dune: Part Two', NOW(), 100);
INSERT IGNORE INTO `Menonton` VALUES ('lhamdani@mail.com', 'Luti', 'Spider-Man: Across the Spider-Verse', NOW(), 20);
INSERT IGNORE INTO `Menonton` VALUES ('nanda.pratama@gmail.com', 'Nanda', 'The Batman', NOW(), 120);
INSERT IGNORE INTO `Menonton` VALUES ('ranggasas@yahoo.co.id', 'Rangga', 'Top Gun: Maverick', NOW(), 55);
INSERT IGNORE INTO `Menonton` VALUES ('satria_wicaksono@outlook.com', 'satria', 'Avatar: The Way of Water', NOW(), 15);
INSERT IGNORE INTO `Menonton` VALUES ('teguh38@hotmail.com', 'Tegh', 'Guardians of the Galaxy Vol. 3', NOW(), 90);
INSERT IGNORE INTO `Menonton` VALUES ('yaditama@mail.com', 'Yoga', 'Black Panther: Wakanda Forever', NOW(), 60);
INSERT IGNORE INTO `Menonton` VALUES ('arief.budiman@gmail.com', 'arief', 'Everything Everywhere All At Once', NOW(), 10);
INSERT IGNORE INTO `Menonton` VALUES ('rizalram@yahoo.co.id', 'Rizl', 'Oppenheimer', NOW(), 30);
INSERT IGNORE INTO `Menonton` VALUES ('denny_sumargo@outlook.com', 'denny', 'Barbie', NOW(), 45);
INSERT IGNORE INTO `Menonton` VALUES ('raffi43@hotmail.com', 'Raffi', 'Dune: Part Two', NOW(), 100);
INSERT IGNORE INTO `Menonton` VALUES ('ronsu@mail.com', 'Ruben', 'Spider-Man: Across the Spider-Verse', NOW(), 20);
INSERT IGNORE INTO `Menonton` VALUES ('atta.halilintar@gmail.com', 'Atta', 'The Batman', NOW(), 120);
INSERT IGNORE INTO `Menonton` VALUES ('deddycor@yahoo.co.id', 'deddy', 'Top Gun: Maverick', NOW(), 55);
INSERT IGNORE INTO `Menonton` VALUES ('sule_sutisna@outlook.com', 'Sule', 'Avatar: The Way of Water', NOW(), 15);
INSERT IGNORE INTO `Menonton` VALUES ('andre48@hotmail.com', 'Andre', 'Guardians of the Galaxy Vol. 3', NOW(), 90);
INSERT IGNORE INTO `Menonton` VALUES ('rmalik@mail.com', 'rafathar', 'Black Panther: Wakanda Forever', NOW(), 60);
INSERT IGNORE INTO `Menonton` VALUES ('azka.mecca@gmail.com', 'azka', 'Everything Everywhere All At Once', NOW(), 10);
INSERT IGNORE INTO `Menonton` VALUES ('anisarah@yahoo.co.id', 'Ania', 'Oppenheimer', NOW(), 30);
INSERT IGNORE INTO `Menonton` VALUES ('bunga_citra@outlook.com', 'Buna', 'Barbie', NOW(), 45);
INSERT IGNORE INTO `Menonton` VALUES ('cinta53@hotmail.com', 'cinta', 'Dune: Part Two', NOW(), 100);
INSERT IGNORE INTO `Menonton` VALUES ('dsastro@mail.com', 'Dian', 'Spider-Man: Across the Spider-Verse', NOW(), 20);
INSERT IGNORE INTO `Menonton` VALUES ('eka.putri@gmail.com', 'eka', 'The Batman', NOW(), 120);
INSERT IGNORE INTO `Menonton` VALUES ('fitrihan@yahoo.co.id', 'Fitri', 'Top Gun: Maverick', NOW(), 55);
INSERT IGNORE INTO `Menonton` VALUES ('gita_novaliana@outlook.com', 'gita', 'Avatar: The Way of Water', NOW(), 15);
INSERT IGNORE INTO `Menonton` VALUES ('hana58@hotmail.com', 'Hana', 'Guardians of the Galaxy Vol. 3', NOW(), 90);
INSERT IGNORE INTO `Menonton` VALUES ('ipermata@mail.com', 'indah', 'Black Panther: Wakanda Forever', NOW(), 60);
INSERT IGNORE INTO `Menonton` VALUES ('jasmine.azzahra@gmail.com', 'Jasmine', 'Everything Everywhere All At Once', NOW(), 10);
INSERT IGNORE INTO `Menonton` VALUES ('kartikasar@yahoo.co.id', 'Kara', 'Oppenheimer', NOW(), 30);
INSERT IGNORE INTO `Menonton` VALUES ('larasati_dewi@outlook.com', 'larasati', 'Barbie', NOW(), 45);
INSERT IGNORE INTO `Menonton` VALUES ('maya63@hotmail.com', 'maya', 'Dune: Part Two', NOW(), 100);
INSERT IGNORE INTO `Menonton` VALUES ('nkirana@mail.com', 'nadya', 'Spider-Man: Across the Spider-Verse', NOW(), 20);
INSERT IGNORE INTO `Menonton` VALUES ('olivia.wijaya@gmail.com', 'Olivia', 'The Batman', NOW(), 120);
INSERT IGNORE INTO `Menonton` VALUES ('putrimah@yahoo.co.id', 'putri', 'Top Gun: Maverick', NOW(), 55);
INSERT IGNORE INTO `Menonton` VALUES ('rani_wulandari@outlook.com', 'rani', 'Avatar: The Way of Water', NOW(), 15);
INSERT IGNORE INTO `Menonton` VALUES ('sinta68@hotmail.com', 'Sina', 'Guardians of the Galaxy Vol. 3', NOW(), 90);
INSERT IGNORE INTO `Menonton` VALUES ('tandini@mail.com', 'Tiara', 'Black Panther: Wakanda Forever', NOW(), 60);
INSERT IGNORE INTO `Menonton` VALUES ('winda.kusuma@gmail.com', 'Wina', 'Everything Everywhere All At Once', NOW(), 10);
INSERT IGNORE INTO `Menonton` VALUES ('yunisha@yahoo.co.id', 'yuni', 'Oppenheimer', NOW(), 30);
INSERT IGNORE INTO `Menonton` VALUES ('zahra_maulida@outlook.com', 'zahra', 'Barbie', NOW(), 45);
INSERT IGNORE INTO `Menonton` VALUES ('ayu73@hotmail.com', 'Ayuu', 'Dune: Part Two', NOW(), 100);
INSERT IGNORE INTO `Menonton` VALUES ('bsafitri@mail.com', 'bella', 'Spider-Man: Across the Spider-Verse', NOW(), 20);
INSERT IGNORE INTO `Menonton` VALUES ('cici.paramita@gmail.com', 'cici', 'The Batman', NOW(), 120);
INSERT IGNORE INTO `Menonton` VALUES ('dewifor@yahoo.co.id', 'dewi', 'Top Gun: Maverick', NOW(), 55);
INSERT IGNORE INTO `Menonton` VALUES ('elsa_pitaloka@outlook.com', 'elsa', 'Avatar: The Way of Water', NOW(), 15);
INSERT IGNORE INTO `Menonton` VALUES ('fiona78@hotmail.com', 'Fioa', 'Guardians of the Galaxy Vol. 3', NOW(), 90);
INSERT IGNORE INTO `Menonton` VALUES ('ganastasia@mail.com', 'Gisa', 'Black Panther: Wakanda Forever', NOW(), 60);
INSERT IGNORE INTO `Menonton` VALUES ('intan.nuraini@gmail.com', 'Intan', 'Everything Everywhere All At Once', NOW(), 10);
INSERT IGNORE INTO `Menonton` VALUES ('keziaame@yahoo.co.id', 'kezia', 'Oppenheimer', NOW(), 30);
INSERT IGNORE INTO `Menonton` VALUES ('lina_marlina@outlook.com', 'lina', 'Barbie', NOW(), 45);
INSERT IGNORE INTO `Menonton` VALUES ('melati83@hotmail.com', 'Meli', 'Dune: Part Two', NOW(), 100);
INSERT IGNORE INTO `Menonton` VALUES ('nsaphira@mail.com', 'nadia', 'Spider-Man: Across the Spider-Verse', NOW(), 20);
INSERT IGNORE INTO `Menonton` VALUES ('prilly.latuconsina@gmail.com', 'Priy', 'The Batman', NOW(), 120);
INSERT IGNORE INTO `Menonton` VALUES ('sherinamun@yahoo.co.id', 'sherina', 'Top Gun: Maverick', NOW(), 55);
INSERT IGNORE INTO `Menonton` VALUES ('tika_panggabean@outlook.com', 'tika', 'Avatar: The Way of Water', NOW(), 15);
INSERT IGNORE INTO `Menonton` VALUES ('wulan88@hotmail.com', 'Wuln', 'Guardians of the Galaxy Vol. 3', NOW(), 90);
INSERT IGNORE INTO `Menonton` VALUES ('ysari@mail.com', 'yolanda', 'Black Panther: Wakanda Forever', NOW(), 60);
INSERT IGNORE INTO `Menonton` VALUES ('amanda.manopo@gmail.com', 'Amaa', 'Everything Everywhere All At Once', NOW(), 10);
INSERT IGNORE INTO `Menonton` VALUES ('raisaand@yahoo.co.id', 'raisa', 'Oppenheimer', NOW(), 30);
INSERT IGNORE INTO `Menonton` VALUES ('isyana_sarasvati@outlook.com', 'Isyana', 'Barbie', NOW(), 45);
INSERT IGNORE INTO `Menonton` VALUES ('maudy93@hotmail.com', 'maudy', 'Dune: Part Two', NOW(), 100);
INSERT IGNORE INTO `Menonton` VALUES ('cislan@mail.com', 'chelsea', 'Spider-Man: Across the Spider-Verse', NOW(), 20);
INSERT IGNORE INTO `Menonton` VALUES ('pevita.pearce@gmail.com', 'Pevita', 'The Batman', NOW(), 120);
INSERT IGNORE INTO `Menonton` VALUES ('dianpel@yahoo.co.id', 'dian', 'Top Gun: Maverick', NOW(), 55);
INSERT IGNORE INTO `Menonton` VALUES ('nagita_slavina@outlook.com', 'Nagita', 'Avatar: The Way of Water', NOW(), 15);
INSERT IGNORE INTO `Menonton` VALUES ('luna98@hotmail.com', 'Luna', 'Guardians of the Galaxy Vol. 3', NOW(), 90);
INSERT IGNORE INTO `Menonton` VALUES ('sdewi@mail.com', 'Sandra', 'Black Panther: Wakanda Forever', NOW(), 60);
INSERT IGNORE INTO `Menonton` VALUES ('nikita.willy@gmail.com', 'Nikita', 'Everything Everywhere All At Once', NOW(), 10);
INSERT IGNORE INTO `Menonton` VALUES ('rezarah@yahoo.co.id', 'Reza', 'Oppenheimer', NOW(), 30);
INSERT IGNORE INTO `Menonton` VALUES ('iqbaal_ramadhan@outlook.com', 'iqbaal', 'Barbie', NOW(), 45);
INSERT IGNORE INTO `Menonton` VALUES ('aliando103@hotmail.com', 'aliando', 'Dune: Part Two', NOW(), 100);
INSERT IGNORE INTO `Menonton` VALUES ('ayasiz@mail.com', 'Arbani', 'Spider-Man: Across the Spider-Verse', NOW(), 20);
INSERT IGNORE INTO `Menonton` VALUES ('bryan.domani@gmail.com', 'Bryn', 'The Batman', NOW(), 120);
INSERT IGNORE INTO `Menonton` VALUES ('diktawic@yahoo.co.id', 'Dika', 'Top Gun: Maverick', NOW(), 55);
INSERT IGNORE INTO `Menonton` VALUES ('ericko_lim@outlook.com', 'Ericko', 'Avatar: The Way of Water', NOW(), 15);
INSERT IGNORE INTO `Menonton` VALUES ('fadil108@hotmail.com', 'Fadl', 'Guardians of the Galaxy Vol. 3', NOW(), 90);
INSERT IGNORE INTO `Menonton` VALUES ('gmarten@mail.com', 'gading', 'Black Panther: Wakanda Forever', NOW(), 60);
INSERT IGNORE INTO `Menonton` VALUES ('harris.vriza@gmail.com', 'Harris', 'Everything Everywhere All At Once', NOW(), 10);
INSERT IGNORE INTO `Menonton` VALUES ('ibnujam@yahoo.co.id', 'ibnu', 'Oppenheimer', NOW(), 30);
INSERT IGNORE INTO `Menonton` VALUES ('jerome_polin@outlook.com', 'Jerome', 'Barbie', NOW(), 45);
INSERT IGNORE INTO `Menonton` VALUES ('keanu113@hotmail.com', 'Keanu', 'Dune: Part Two', NOW(), 100);
INSERT IGNORE INTO `Menonton` VALUES ('lhakim@mail.com', 'Lucy', 'Spider-Man: Across the Spider-Verse', NOW(), 20);
INSERT IGNORE INTO `Menonton` VALUES ('mischa.chandrawinata@gmail.com', 'mischa', 'The Batman', NOW(), 120);
INSERT IGNORE INTO `Menonton` VALUES ('nicholassap@yahoo.co.id', 'Nics', 'Top Gun: Maverick', NOW(), 55);
INSERT IGNORE INTO `Menonton` VALUES ('omar_daniel@outlook.com', 'Omar', 'Avatar: The Way of Water', NOW(), 15);
INSERT IGNORE INTO `Menonton` VALUES ('prambors118@hotmail.com', 'Pras', 'Guardians of the Galaxy Vol. 3', NOW(), 90);
INSERT IGNORE INTO `Menonton` VALUES ('rkjaernett@mail.com', 'Reny', 'Black Panther: Wakanda Forever', NOW(), 60);
INSERT IGNORE INTO `Menonton` VALUES ('stefan.william@gmail.com', 'Stefan', 'Everything Everywhere All At Once', NOW(), 10);
INSERT IGNORE INTO `Menonton` VALUES ('torasud@yahoo.co.id', 'Tora', 'Oppenheimer', NOW(), 30);
INSERT IGNORE INTO `Menonton` VALUES ('vidi_aldiano@outlook.com', 'Vidi', 'Barbie', NOW(), 45);
INSERT IGNORE INTO `Menonton` VALUES ('willy123@hotmail.com', 'Willy', 'Dune: Part Two', NOW(), 100);
INSERT IGNORE INTO `Menonton` VALUES ('xlim@mail.com', 'Xian', 'Spider-Man: Across the Spider-Verse', NOW(), 20);
INSERT IGNORE INTO `Menonton` VALUES ('yuki.kato@gmail.com', 'Yuki', 'The Batman', NOW(), 120);
INSERT IGNORE INTO `Menonton` VALUES ('zivannalet@yahoo.co.id', 'Zivanna', 'Top Gun: Maverick', NOW(), 55);
INSERT IGNORE INTO `Menonton` VALUES ('adinia_wirasti@outlook.com', 'adinia', 'Avatar: The Way of Water', NOW(), 15);
INSERT IGNORE INTO `Menonton` VALUES ('bambang128@hotmail.com', 'Bambang', 'Guardians of the Galaxy Vol. 3', NOW(), 90);
INSERT IGNORE INTO `Menonton` VALUES ('ckhan@mail.com', 'Cakra', 'Black Panther: Wakanda Forever', NOW(), 60);
INSERT IGNORE INTO `Menonton` VALUES ('desta.mahendra@gmail.com', 'desta', 'Everything Everywhere All At Once', NOW(), 10);
INSERT IGNORE INTO `Menonton` VALUES ('ernestpra@yahoo.co.id', 'ernest', 'Oppenheimer', NOW(), 30);
INSERT IGNORE INTO `Menonton` VALUES ('fiersa_besari@outlook.com', 'fiersa', 'Barbie', NOW(), 45);
INSERT IGNORE INTO `Menonton` VALUES ('glenn133@hotmail.com', 'Glenn', 'Dune: Part Two', NOW(), 100);
INSERT IGNORE INTO `Menonton` VALUES ('hdaud@mail.com', 'Hamish', 'Spider-Man: Across the Spider-Verse', NOW(), 20);
INSERT IGNORE INTO `Menonton` VALUES ('iko.uwais@gmail.com', 'Ikoo', 'The Batman', NOW(), 120);
INSERT IGNORE INTO `Menonton` VALUES ('joetas@yahoo.co.id', 'Joe', 'Top Gun: Maverick', NOW(), 55);
INSERT IGNORE INTO `Menonton` VALUES ('kiki_fatmala@outlook.com', 'Kiki', 'Avatar: The Way of Water', NOW(), 15);
INSERT IGNORE INTO `Menonton` VALUES ('lesty138@hotmail.com', 'Lesty', 'Guardians of the Galaxy Vol. 3', NOW(), 90);
INSERT IGNORE INTO `Menonton` VALUES ('mgoeslaw@mail.com', 'Mely', 'Black Panther: Wakanda Forever', NOW(), 60);
INSERT IGNORE INTO `Menonton` VALUES ('nino.fernandez@gmail.com', 'nino', 'Everything Everywhere All At Once', NOW(), 10);
INSERT IGNORE INTO `Menonton` VALUES ('onadioleo@yahoo.co.id', 'Onadio', 'Oppenheimer', NOW(), 30);
INSERT IGNORE INTO `Menonton` VALUES ('pamela_bowie@outlook.com', 'pamela', 'Barbie', NOW(), 45);
INSERT IGNORE INTO `Menonton` VALUES ('qory143@hotmail.com', 'Qory', 'Dune: Part Two', NOW(), 100);
INSERT IGNORE INTO `Menonton` VALUES ('ragus@mail.com', 'Rino', 'Spider-Man: Across the Spider-Verse', NOW(), 20);
INSERT IGNORE INTO `Menonton` VALUES ('soimah.pancawati@gmail.com', 'Soih', 'The Batman', NOW(), 120);
INSERT IGNORE INTO `Menonton` VALUES ('tuluspra@yahoo.co.id', 'Tulus', 'Top Gun: Maverick', NOW(), 55);
INSERT IGNORE INTO `Menonton` VALUES ('ucok_baba@outlook.com', 'Ucok', 'Avatar: The Way of Water', NOW(), 15);
INSERT IGNORE INTO `Menonton` VALUES ('vanessa148@hotmail.com', 'vanessa', 'Guardians of the Galaxy Vol. 3', NOW(), 90);
INSERT IGNORE INTO `Menonton` VALUES ('wcagur@mail.com', 'wendy', 'Black Panther: Wakanda Forever', NOW(), 60);
INSERT IGNORE INTO `Menonton` VALUES ('yura.yunita@gmail.com', 'Yura', 'Everything Everywhere All At Once', NOW(), 10);

-- ============================================================
-- SUBTITLE
-- ============================================================
-- Oppenheimer
INSERT IGNORE INTO `Subtitle` VALUES ('Oppenheimer', 'English');
INSERT IGNORE INTO `Subtitle` VALUES ('Oppenheimer', 'Indonesia');
INSERT IGNORE INTO `Subtitle` VALUES ('Oppenheimer', 'Spanish');
INSERT IGNORE INTO `Subtitle` VALUES ('Oppenheimer', 'French');
INSERT IGNORE INTO `Subtitle` VALUES ('Oppenheimer', 'German');
INSERT IGNORE INTO `Subtitle` VALUES ('Oppenheimer', 'Japanese');
INSERT IGNORE INTO `Subtitle` VALUES ('Oppenheimer', 'Korean');

-- Barbie
INSERT IGNORE INTO `Subtitle` VALUES ('Barbie', 'English');
INSERT IGNORE INTO `Subtitle` VALUES ('Barbie', 'Indonesia');
INSERT IGNORE INTO `Subtitle` VALUES ('Barbie', 'Spanish');
INSERT IGNORE INTO `Subtitle` VALUES ('Barbie', 'French');
INSERT IGNORE INTO `Subtitle` VALUES ('Barbie', 'German');
INSERT IGNORE INTO `Subtitle` VALUES ('Barbie', 'Japanese');
INSERT IGNORE INTO `Subtitle` VALUES ('Barbie', 'Korean');

-- Dune: Part Two
INSERT IGNORE INTO `Subtitle` VALUES ('Dune: Part Two', 'English');
INSERT IGNORE INTO `Subtitle` VALUES ('Dune: Part Two', 'Indonesia');
INSERT IGNORE INTO `Subtitle` VALUES ('Dune: Part Two', 'Spanish');
INSERT IGNORE INTO `Subtitle` VALUES ('Dune: Part Two', 'French');
INSERT IGNORE INTO `Subtitle` VALUES ('Dune: Part Two', 'German');
INSERT IGNORE INTO `Subtitle` VALUES ('Dune: Part Two', 'Japanese');
INSERT IGNORE INTO `Subtitle` VALUES ('Dune: Part Two', 'Korean');

-- Spider-Man: Across the Spider-Verse
INSERT IGNORE INTO `Subtitle` VALUES ('Spider-Man: Across the Spider-Verse', 'English');
INSERT IGNORE INTO `Subtitle` VALUES ('Spider-Man: Across the Spider-Verse', 'Indonesia');
INSERT IGNORE INTO `Subtitle` VALUES ('Spider-Man: Across the Spider-Verse', 'Spanish');
INSERT IGNORE INTO `Subtitle` VALUES ('Spider-Man: Across the Spider-Verse', 'French');
INSERT IGNORE INTO `Subtitle` VALUES ('Spider-Man: Across the Spider-Verse', 'German');
INSERT IGNORE INTO `Subtitle` VALUES ('Spider-Man: Across the Spider-Verse', 'Japanese');
INSERT IGNORE INTO `Subtitle` VALUES ('Spider-Man: Across the Spider-Verse', 'Korean');

-- The Batman
INSERT IGNORE INTO `Subtitle` VALUES ('The Batman', 'English');
INSERT IGNORE INTO `Subtitle` VALUES ('The Batman', 'Indonesia');
INSERT IGNORE INTO `Subtitle` VALUES ('The Batman', 'Spanish');
INSERT IGNORE INTO `Subtitle` VALUES ('The Batman', 'French');
INSERT IGNORE INTO `Subtitle` VALUES ('The Batman', 'German');
INSERT IGNORE INTO `Subtitle` VALUES ('The Batman', 'Japanese');
INSERT IGNORE INTO `Subtitle` VALUES ('The Batman', 'Korean');

-- Top Gun: Maverick
INSERT IGNORE INTO `Subtitle` VALUES ('Top Gun: Maverick', 'English');
INSERT IGNORE INTO `Subtitle` VALUES ('Top Gun: Maverick', 'Indonesia');
INSERT IGNORE INTO `Subtitle` VALUES ('Top Gun: Maverick', 'Spanish');
INSERT IGNORE INTO `Subtitle` VALUES ('Top Gun: Maverick', 'French');
INSERT IGNORE INTO `Subtitle` VALUES ('Top Gun: Maverick', 'German');
INSERT IGNORE INTO `Subtitle` VALUES ('Top Gun: Maverick', 'Japanese');
INSERT IGNORE INTO `Subtitle` VALUES ('Top Gun: Maverick', 'Korean');

-- Avatar: The Way of Water
INSERT IGNORE INTO `Subtitle` VALUES ('Avatar: The Way of Water', 'English');
INSERT IGNORE INTO `Subtitle` VALUES ('Avatar: The Way of Water', 'Indonesia');
INSERT IGNORE INTO `Subtitle` VALUES ('Avatar: The Way of Water', 'Spanish');
INSERT IGNORE INTO `Subtitle` VALUES ('Avatar: The Way of Water', 'French');
INSERT IGNORE INTO `Subtitle` VALUES ('Avatar: The Way of Water', 'German');
INSERT IGNORE INTO `Subtitle` VALUES ('Avatar: The Way of Water', 'Japanese');
INSERT IGNORE INTO `Subtitle` VALUES ('Avatar: The Way of Water', 'Korean');

-- Guardians of the Galaxy Vol. 3
INSERT IGNORE INTO `Subtitle` VALUES ('Guardians of the Galaxy Vol. 3', 'English');
INSERT IGNORE INTO `Subtitle` VALUES ('Guardians of the Galaxy Vol. 3', 'Indonesia');
INSERT IGNORE INTO `Subtitle` VALUES ('Guardians of the Galaxy Vol. 3', 'Spanish');
INSERT IGNORE INTO `Subtitle` VALUES ('Guardians of the Galaxy Vol. 3', 'French');
INSERT IGNORE INTO `Subtitle` VALUES ('Guardians of the Galaxy Vol. 3', 'German');
INSERT IGNORE INTO `Subtitle` VALUES ('Guardians of the Galaxy Vol. 3', 'Japanese');
INSERT IGNORE INTO `Subtitle` VALUES ('Guardians of the Galaxy Vol. 3', 'Korean');

-- Black Panther: Wakanda Forever
INSERT IGNORE INTO `Subtitle` VALUES ('Black Panther: Wakanda Forever', 'English');
INSERT IGNORE INTO `Subtitle` VALUES ('Black Panther: Wakanda Forever', 'Indonesia');
INSERT IGNORE INTO `Subtitle` VALUES ('Black Panther: Wakanda Forever', 'Spanish');
INSERT IGNORE INTO `Subtitle` VALUES ('Black Panther: Wakanda Forever', 'French');
INSERT IGNORE INTO `Subtitle` VALUES ('Black Panther: Wakanda Forever', 'German');
INSERT IGNORE INTO `Subtitle` VALUES ('Black Panther: Wakanda Forever', 'Japanese');
INSERT IGNORE INTO `Subtitle` VALUES ('Black Panther: Wakanda Forever', 'Korean');

-- Everything Everywhere All At Once
INSERT IGNORE INTO `Subtitle` VALUES ('Everything Everywhere All At Once', 'English');
INSERT IGNORE INTO `Subtitle` VALUES ('Everything Everywhere All At Once', 'Indonesia');
INSERT IGNORE INTO `Subtitle` VALUES ('Everything Everywhere All At Once', 'Mandarin');
INSERT IGNORE INTO `Subtitle` VALUES ('Everything Everywhere All At Once', 'French');
INSERT IGNORE INTO `Subtitle` VALUES ('Everything Everywhere All At Once', 'German');
INSERT IGNORE INTO `Subtitle` VALUES ('Everything Everywhere All At Once', 'Japanese');
INSERT IGNORE INTO `Subtitle` VALUES ('Everything Everywhere All At Once', 'Cantonese');

-- The Whale
INSERT IGNORE INTO `Subtitle` VALUES ('The Whale', 'English');
INSERT IGNORE INTO `Subtitle` VALUES ('The Whale', 'Indonesia');
INSERT IGNORE INTO `Subtitle` VALUES ('The Whale', 'Spanish');
INSERT IGNORE INTO `Subtitle` VALUES ('The Whale', 'French');
INSERT IGNORE INTO `Subtitle` VALUES ('The Whale', 'German');
INSERT IGNORE INTO `Subtitle` VALUES ('The Whale', 'Japanese');
INSERT IGNORE INTO `Subtitle` VALUES ('The Whale', 'Korean');

-- John Wick: Chapter 4
INSERT IGNORE INTO `Subtitle` VALUES ('John Wick: Chapter 4', 'English');
INSERT IGNORE INTO `Subtitle` VALUES ('John Wick: Chapter 4', 'Indonesia');
INSERT IGNORE INTO `Subtitle` VALUES ('John Wick: Chapter 4', 'Spanish');
INSERT IGNORE INTO `Subtitle` VALUES ('John Wick: Chapter 4', 'French');
INSERT IGNORE INTO `Subtitle` VALUES ('John Wick: Chapter 4', 'German');
INSERT IGNORE INTO `Subtitle` VALUES ('John Wick: Chapter 4', 'Japanese');
INSERT IGNORE INTO `Subtitle` VALUES ('John Wick: Chapter 4', 'Korean');

-- Mission: Impossible - Dead Reckoning
INSERT IGNORE INTO `Subtitle` VALUES ('Mission: Impossible - Dead Reckoning', 'English');
INSERT IGNORE INTO `Subtitle` VALUES ('Mission: Impossible - Dead Reckoning', 'Indonesia');
INSERT IGNORE INTO `Subtitle` VALUES ('Mission: Impossible - Dead Reckoning', 'Spanish');
INSERT IGNORE INTO `Subtitle` VALUES ('Mission: Impossible - Dead Reckoning', 'French');
INSERT IGNORE INTO `Subtitle` VALUES ('Mission: Impossible - Dead Reckoning', 'German');
INSERT IGNORE INTO `Subtitle` VALUES ('Mission: Impossible - Dead Reckoning', 'Japanese');
INSERT IGNORE INTO `Subtitle` VALUES ('Mission: Impossible - Dead Reckoning', 'Korean');

-- Poor Things
INSERT IGNORE INTO `Subtitle` VALUES ('Poor Things', 'English');
INSERT IGNORE INTO `Subtitle` VALUES ('Poor Things', 'Indonesia');
INSERT IGNORE INTO `Subtitle` VALUES ('Poor Things', 'Spanish');
INSERT IGNORE INTO `Subtitle` VALUES ('Poor Things', 'French');
INSERT IGNORE INTO `Subtitle` VALUES ('Poor Things', 'German');
INSERT IGNORE INTO `Subtitle` VALUES ('Poor Things', 'Japanese');
INSERT IGNORE INTO `Subtitle` VALUES ('Poor Things', 'Korean');

-- Killers of the Flower Moon
INSERT IGNORE INTO `Subtitle` VALUES ('Killers of the Flower Moon', 'English');
INSERT IGNORE INTO `Subtitle` VALUES ('Killers of the Flower Moon', 'Indonesia');
INSERT IGNORE INTO `Subtitle` VALUES ('Killers of the Flower Moon', 'Spanish');
INSERT IGNORE INTO `Subtitle` VALUES ('Killers of the Flower Moon', 'French');
INSERT IGNORE INTO `Subtitle` VALUES ('Killers of the Flower Moon', 'German');
INSERT IGNORE INTO `Subtitle` VALUES ('Killers of the Flower Moon', 'Japanese');
INSERT IGNORE INTO `Subtitle` VALUES ('Killers of the Flower Moon', 'Korean');

-- Godzilla Minus One
INSERT IGNORE INTO `Subtitle` VALUES ('Godzilla Minus One', 'English');
INSERT IGNORE INTO `Subtitle` VALUES ('Godzilla Minus One', 'Indonesia');
INSERT IGNORE INTO `Subtitle` VALUES ('Godzilla Minus One', 'Spanish');
INSERT IGNORE INTO `Subtitle` VALUES ('Godzilla Minus One', 'French');
INSERT IGNORE INTO `Subtitle` VALUES ('Godzilla Minus One', 'German');
INSERT IGNORE INTO `Subtitle` VALUES ('Godzilla Minus One', 'Japanese');
INSERT IGNORE INTO `Subtitle` VALUES ('Godzilla Minus One', 'Korean');

-- Past Lives
INSERT IGNORE INTO `Subtitle` VALUES ('Past Lives', 'English');
INSERT IGNORE INTO `Subtitle` VALUES ('Past Lives', 'Indonesia');
INSERT IGNORE INTO `Subtitle` VALUES ('Past Lives', 'Spanish');
INSERT IGNORE INTO `Subtitle` VALUES ('Past Lives', 'French');
INSERT IGNORE INTO `Subtitle` VALUES ('Past Lives', 'German');
INSERT IGNORE INTO `Subtitle` VALUES ('Past Lives', 'Japanese');
INSERT IGNORE INTO `Subtitle` VALUES ('Past Lives', 'Korean');

-- Anatomy of a Fall
INSERT IGNORE INTO `Subtitle` VALUES ('Anatomy of a Fall', 'English');
INSERT IGNORE INTO `Subtitle` VALUES ('Anatomy of a Fall', 'Indonesia');
INSERT IGNORE INTO `Subtitle` VALUES ('Anatomy of a Fall', 'Spanish');
INSERT IGNORE INTO `Subtitle` VALUES ('Anatomy of a Fall', 'French');
INSERT IGNORE INTO `Subtitle` VALUES ('Anatomy of a Fall', 'German');
INSERT IGNORE INTO `Subtitle` VALUES ('Anatomy of a Fall', 'Japanese');
INSERT IGNORE INTO `Subtitle` VALUES ('Anatomy of a Fall', 'Korean');

-- The Zone of Interest
INSERT IGNORE INTO `Subtitle` VALUES ('The Zone of Interest', 'English');
INSERT IGNORE INTO `Subtitle` VALUES ('The Zone of Interest', 'Indonesia');
INSERT IGNORE INTO `Subtitle` VALUES ('The Zone of Interest', 'Spanish');
INSERT IGNORE INTO `Subtitle` VALUES ('The Zone of Interest', 'French');
INSERT IGNORE INTO `Subtitle` VALUES ('The Zone of Interest', 'German');
INSERT IGNORE INTO `Subtitle` VALUES ('The Zone of Interest', 'Japanese');
INSERT IGNORE INTO `Subtitle` VALUES ('The Zone of Interest', 'Korean');

-- Civil War
INSERT IGNORE INTO `Subtitle` VALUES ('Civil War', 'English');
INSERT IGNORE INTO `Subtitle` VALUES ('Civil War', 'Indonesia');
INSERT IGNORE INTO `Subtitle` VALUES ('Civil War', 'Spanish');
INSERT IGNORE INTO `Subtitle` VALUES ('Civil War', 'French');
INSERT IGNORE INTO `Subtitle` VALUES ('Civil War', 'German');
INSERT IGNORE INTO `Subtitle` VALUES ('Civil War', 'Japanese');
INSERT IGNORE INTO `Subtitle` VALUES ('Civil War', 'Korean');

-- Avatar: The Last Airbender
INSERT IGNORE INTO `Subtitle` VALUES ('Avatar: The Last Airbender', 'English');
INSERT IGNORE INTO `Subtitle` VALUES ('Avatar: The Last Airbender', 'Indonesia');
INSERT IGNORE INTO `Subtitle` VALUES ('Avatar: The Last Airbender', 'Spanish');
INSERT IGNORE INTO `Subtitle` VALUES ('Avatar: The Last Airbender', 'French');
INSERT IGNORE INTO `Subtitle` VALUES ('Avatar: The Last Airbender', 'German');
INSERT IGNORE INTO `Subtitle` VALUES ('Avatar: The Last Airbender', 'Japanese');
INSERT IGNORE INTO `Subtitle` VALUES ('Avatar: The Last Airbender', 'Korean');

-- Breaking Bad
INSERT IGNORE INTO `Subtitle` VALUES ('Breaking Bad', 'English');
INSERT IGNORE INTO `Subtitle` VALUES ('Breaking Bad', 'Indonesia');
INSERT IGNORE INTO `Subtitle` VALUES ('Breaking Bad', 'Spanish');
INSERT IGNORE INTO `Subtitle` VALUES ('Breaking Bad', 'French');
INSERT IGNORE INTO `Subtitle` VALUES ('Breaking Bad', 'German');
INSERT IGNORE INTO `Subtitle` VALUES ('Breaking Bad', 'Japanese');
INSERT IGNORE INTO `Subtitle` VALUES ('Breaking Bad', 'Korean');

-- Stranger Things
INSERT IGNORE INTO `Subtitle` VALUES ('Stranger Things', 'English');
INSERT IGNORE INTO `Subtitle` VALUES ('Stranger Things', 'Indonesia');
INSERT IGNORE INTO `Subtitle` VALUES ('Stranger Things', 'Spanish');
INSERT IGNORE INTO `Subtitle` VALUES ('Stranger Things', 'French');
INSERT IGNORE INTO `Subtitle` VALUES ('Stranger Things', 'German');
INSERT IGNORE INTO `Subtitle` VALUES ('Stranger Things', 'Japanese');
INSERT IGNORE INTO `Subtitle` VALUES ('Stranger Things', 'Korean');

-- Interstellar
INSERT IGNORE INTO `Subtitle` VALUES ('Interstellar', 'English');
INSERT IGNORE INTO `Subtitle` VALUES ('Interstellar', 'Indonesia');
INSERT IGNORE INTO `Subtitle` VALUES ('Interstellar', 'Spanish');
INSERT IGNORE INTO `Subtitle` VALUES ('Interstellar', 'French');
INSERT IGNORE INTO `Subtitle` VALUES ('Interstellar', 'German');
INSERT IGNORE INTO `Subtitle` VALUES ('Interstellar', 'Japanese');
INSERT IGNORE INTO `Subtitle` VALUES ('Interstellar', 'Korean');

-- ============================================================
-- AUDIO 
-- ============================================================
-- Oppenheimer
INSERT IGNORE INTO `Audio` VALUES ('Oppenheimer', 'English');
INSERT IGNORE INTO `Audio` VALUES ('Oppenheimer', 'Indonesia');
INSERT IGNORE INTO `Audio` VALUES ('Oppenheimer', 'Spanish');
INSERT IGNORE INTO `Audio` VALUES ('Oppenheimer', 'French');
INSERT IGNORE INTO `Audio` VALUES ('Oppenheimer', 'German');
INSERT IGNORE INTO `Audio` VALUES ('Oppenheimer', 'Japanese');
INSERT IGNORE INTO `Audio` VALUES ('Oppenheimer', 'Korean');

-- Barbie
INSERT IGNORE INTO `Audio` VALUES ('Barbie', 'English');
INSERT IGNORE INTO `Audio` VALUES ('Barbie', 'Indonesia');
INSERT IGNORE INTO `Audio` VALUES ('Barbie', 'Spanish');
INSERT IGNORE INTO `Audio` VALUES ('Barbie', 'French');
INSERT IGNORE INTO `Audio` VALUES ('Barbie', 'German');
INSERT IGNORE INTO `Audio` VALUES ('Barbie', 'Japanese');
INSERT IGNORE INTO `Audio` VALUES ('Barbie', 'Korean');

-- Dune: Part Two
INSERT IGNORE INTO `Audio` VALUES ('Dune: Part Two', 'English');
INSERT IGNORE INTO `Audio` VALUES ('Dune: Part Two', 'Indonesia');
INSERT IGNORE INTO `Audio` VALUES ('Dune: Part Two', 'Spanish');
INSERT IGNORE INTO `Audio` VALUES ('Dune: Part Two', 'French');
INSERT IGNORE INTO `Audio` VALUES ('Dune: Part Two', 'German');
INSERT IGNORE INTO `Audio` VALUES ('Dune: Part Two', 'Japanese');
INSERT IGNORE INTO `Audio` VALUES ('Dune: Part Two', 'Korean');

-- Spider-Man: Across the Spider-Verse
INSERT IGNORE INTO `Audio` VALUES ('Spider-Man: Across the Spider-Verse', 'English');
INSERT IGNORE INTO `Audio` VALUES ('Spider-Man: Across the Spider-Verse', 'Indonesia');
INSERT IGNORE INTO `Audio` VALUES ('Spider-Man: Across the Spider-Verse', 'Spanish');
INSERT IGNORE INTO `Audio` VALUES ('Spider-Man: Across the Spider-Verse', 'French');
INSERT IGNORE INTO `Audio` VALUES ('Spider-Man: Across the Spider-Verse', 'German');
INSERT IGNORE INTO `Audio` VALUES ('Spider-Man: Across the Spider-Verse', 'Japanese');
INSERT IGNORE INTO `Audio` VALUES ('Spider-Man: Across the Spider-Verse', 'Korean');

-- The Batman
INSERT IGNORE INTO `Audio` VALUES ('The Batman', 'English');
INSERT IGNORE INTO `Audio` VALUES ('The Batman', 'Indonesia');
INSERT IGNORE INTO `Audio` VALUES ('The Batman', 'Spanish');
INSERT IGNORE INTO `Audio` VALUES ('The Batman', 'French');
INSERT IGNORE INTO `Audio` VALUES ('The Batman', 'German');
INSERT IGNORE INTO `Audio` VALUES ('The Batman', 'Japanese');
INSERT IGNORE INTO `Audio` VALUES ('The Batman', 'Korean');

-- Top Gun: Maverick
INSERT IGNORE INTO `Audio` VALUES ('Top Gun: Maverick', 'English');
INSERT IGNORE INTO `Audio` VALUES ('Top Gun: Maverick', 'Indonesia');
INSERT IGNORE INTO `Audio` VALUES ('Top Gun: Maverick', 'Spanish');
INSERT IGNORE INTO `Audio` VALUES ('Top Gun: Maverick', 'French');
INSERT IGNORE INTO `Audio` VALUES ('Top Gun: Maverick', 'German');
INSERT IGNORE INTO `Audio` VALUES ('Top Gun: Maverick', 'Japanese');
INSERT IGNORE INTO `Audio` VALUES ('Top Gun: Maverick', 'Korean');

-- Avatar: The Way of Water
INSERT IGNORE INTO `Audio` VALUES ('Avatar: The Way of Water', 'English');
INSERT IGNORE INTO `Audio` VALUES ('Avatar: The Way of Water', 'Indonesia');
INSERT IGNORE INTO `Audio` VALUES ('Avatar: The Way of Water', 'Spanish');
INSERT IGNORE INTO `Audio` VALUES ('Avatar: The Way of Water', 'French');
INSERT IGNORE INTO `Audio` VALUES ('Avatar: The Way of Water', 'German');
INSERT IGNORE INTO `Audio` VALUES ('Avatar: The Way of Water', 'Japanese');
INSERT IGNORE INTO `Audio` VALUES ('Avatar: The Way of Water', 'Korean');

-- Guardians of the Galaxy Vol. 3
INSERT IGNORE INTO `Audio` VALUES ('Guardians of the Galaxy Vol. 3', 'English');
INSERT IGNORE INTO `Audio` VALUES ('Guardians of the Galaxy Vol. 3', 'Indonesia');
INSERT IGNORE INTO `Audio` VALUES ('Guardians of the Galaxy Vol. 3', 'Spanish');
INSERT IGNORE INTO `Audio` VALUES ('Guardians of the Galaxy Vol. 3', 'French');
INSERT IGNORE INTO `Audio` VALUES ('Guardians of the Galaxy Vol. 3', 'German');
INSERT IGNORE INTO `Audio` VALUES ('Guardians of the Galaxy Vol. 3', 'Japanese');
INSERT IGNORE INTO `Audio` VALUES ('Guardians of the Galaxy Vol. 3', 'Korean');

-- Black Panther: Wakanda Forever
INSERT IGNORE INTO `Audio` VALUES ('Black Panther: Wakanda Forever', 'English');
INSERT IGNORE INTO `Audio` VALUES ('Black Panther: Wakanda Forever', 'Indonesia');
INSERT IGNORE INTO `Audio` VALUES ('Black Panther: Wakanda Forever', 'Spanish');
INSERT IGNORE INTO `Audio` VALUES ('Black Panther: Wakanda Forever', 'French');
INSERT IGNORE INTO `Audio` VALUES ('Black Panther: Wakanda Forever', 'German');
INSERT IGNORE INTO `Audio` VALUES ('Black Panther: Wakanda Forever', 'Japanese');
INSERT IGNORE INTO `Audio` VALUES ('Black Panther: Wakanda Forever', 'Korean');

-- Everything Everywhere All At Once
INSERT IGNORE INTO `Audio` VALUES ('Everything Everywhere All At Once', 'English');
INSERT IGNORE INTO `Audio` VALUES ('Everything Everywhere All At Once', 'Indonesia');
INSERT IGNORE INTO `Audio` VALUES ('Everything Everywhere All At Once', 'Mandarin');
INSERT IGNORE INTO `Audio` VALUES ('Everything Everywhere All At Once', 'French');
INSERT IGNORE INTO `Audio` VALUES ('Everything Everywhere All At Once', 'German');
INSERT IGNORE INTO `Audio` VALUES ('Everything Everywhere All At Once', 'Japanese');
INSERT IGNORE INTO `Audio` VALUES ('Everything Everywhere All At Once', 'Cantonese');

-- The Whale
INSERT IGNORE INTO `Audio` VALUES ('The Whale', 'English');
INSERT IGNORE INTO `Audio` VALUES ('The Whale', 'Indonesia');
INSERT IGNORE INTO `Audio` VALUES ('The Whale', 'Spanish');
INSERT IGNORE INTO `Audio` VALUES ('The Whale', 'French');
INSERT IGNORE INTO `Audio` VALUES ('The Whale', 'German');
INSERT IGNORE INTO `Audio` VALUES ('The Whale', 'Japanese');
INSERT IGNORE INTO `Audio` VALUES ('The Whale', 'Korean');

-- John Wick: Chapter 4
INSERT IGNORE INTO `Audio` VALUES ('John Wick: Chapter 4', 'English');
INSERT IGNORE INTO `Audio` VALUES ('John Wick: Chapter 4', 'Indonesia');
INSERT IGNORE INTO `Audio` VALUES ('John Wick: Chapter 4', 'Spanish');
INSERT IGNORE INTO `Audio` VALUES ('John Wick: Chapter 4', 'French');
INSERT IGNORE INTO `Audio` VALUES ('John Wick: Chapter 4', 'German');
INSERT IGNORE INTO `Audio` VALUES ('John Wick: Chapter 4', 'Japanese');
INSERT IGNORE INTO `Audio` VALUES ('John Wick: Chapter 4', 'Korean');

-- Mission: Impossible - Dead Reckoning
INSERT IGNORE INTO `Audio` VALUES ('Mission: Impossible - Dead Reckoning', 'English');
INSERT IGNORE INTO `Audio` VALUES ('Mission: Impossible - Dead Reckoning', 'Indonesia');
INSERT IGNORE INTO `Audio` VALUES ('Mission: Impossible - Dead Reckoning', 'Spanish');
INSERT IGNORE INTO `Audio` VALUES ('Mission: Impossible - Dead Reckoning', 'French');
INSERT IGNORE INTO `Audio` VALUES ('Mission: Impossible - Dead Reckoning', 'German');
INSERT IGNORE INTO `Audio` VALUES ('Mission: Impossible - Dead Reckoning', 'Japanese');
INSERT IGNORE INTO `Audio` VALUES ('Mission: Impossible - Dead Reckoning', 'Korean');

-- Poor Things
INSERT IGNORE INTO `Audio` VALUES ('Poor Things', 'English');
INSERT IGNORE INTO `Audio` VALUES ('Poor Things', 'Indonesia');
INSERT IGNORE INTO `Audio` VALUES ('Poor Things', 'Spanish');
INSERT IGNORE INTO `Audio` VALUES ('Poor Things', 'French');
INSERT IGNORE INTO `Audio` VALUES ('Poor Things', 'German');
INSERT IGNORE INTO `Audio` VALUES ('Poor Things', 'Japanese');
INSERT IGNORE INTO `Audio` VALUES ('Poor Things', 'Korean');

-- Killers of the Flower Moon
INSERT IGNORE INTO `Audio` VALUES ('Killers of the Flower Moon', 'English');
INSERT IGNORE INTO `Audio` VALUES ('Killers of the Flower Moon', 'Indonesia');
INSERT IGNORE INTO `Audio` VALUES ('Killers of the Flower Moon', 'Spanish');
INSERT IGNORE INTO `Audio` VALUES ('Killers of the Flower Moon', 'French');
INSERT IGNORE INTO `Audio` VALUES ('Killers of the Flower Moon', 'German');
INSERT IGNORE INTO `Audio` VALUES ('Killers of the Flower Moon', 'Japanese');
INSERT IGNORE INTO `Audio` VALUES ('Killers of the Flower Moon', 'Korean');

-- Godzilla Minus One
INSERT IGNORE INTO `Audio` VALUES ('Godzilla Minus One', 'English');
INSERT IGNORE INTO `Audio` VALUES ('Godzilla Minus One', 'Indonesia');
INSERT IGNORE INTO `Audio` VALUES ('Godzilla Minus One', 'Spanish');
INSERT IGNORE INTO `Audio` VALUES ('Godzilla Minus One', 'French');
INSERT IGNORE INTO `Audio` VALUES ('Godzilla Minus One', 'German');
INSERT IGNORE INTO `Audio` VALUES ('Godzilla Minus One', 'Japanese');
INSERT IGNORE INTO `Audio` VALUES ('Godzilla Minus One', 'Korean');

-- Past Lives
INSERT IGNORE INTO `Audio` VALUES ('Past Lives', 'English');
INSERT IGNORE INTO `Audio` VALUES ('Past Lives', 'Indonesia');
INSERT IGNORE INTO `Audio` VALUES ('Past Lives', 'Spanish');
INSERT IGNORE INTO `Audio` VALUES ('Past Lives', 'French');
INSERT IGNORE INTO `Audio` VALUES ('Past Lives', 'German');
INSERT IGNORE INTO `Audio` VALUES ('Past Lives', 'Japanese');
INSERT IGNORE INTO `Audio` VALUES ('Past Lives', 'Korean');

-- Anatomy of a Fall
INSERT IGNORE INTO `Audio` VALUES ('Anatomy of a Fall', 'English');
INSERT IGNORE INTO `Audio` VALUES ('Anatomy of a Fall', 'Indonesia');
INSERT IGNORE INTO `Audio` VALUES ('Anatomy of a Fall', 'Spanish');
INSERT IGNORE INTO `Audio` VALUES ('Anatomy of a Fall', 'French');
INSERT IGNORE INTO `Audio` VALUES ('Anatomy of a Fall', 'German');
INSERT IGNORE INTO `Audio` VALUES ('Anatomy of a Fall', 'Japanese');
INSERT IGNORE INTO `Audio` VALUES ('Anatomy of a Fall', 'Korean');

-- The Zone of Interest
INSERT IGNORE INTO `Audio` VALUES ('The Zone of Interest', 'English');
INSERT IGNORE INTO `Audio` VALUES ('The Zone of Interest', 'Indonesia');
INSERT IGNORE INTO `Audio` VALUES ('The Zone of Interest', 'Spanish');
INSERT IGNORE INTO `Audio` VALUES ('The Zone of Interest', 'French');
INSERT IGNORE INTO `Audio` VALUES ('The Zone of Interest', 'German');
INSERT IGNORE INTO `Audio` VALUES ('The Zone of Interest', 'Japanese');
INSERT IGNORE INTO `Audio` VALUES ('The Zone of Interest', 'Korean');

-- Civil War
INSERT IGNORE INTO `Audio` VALUES ('Civil War', 'English');
INSERT IGNORE INTO `Audio` VALUES ('Civil War', 'Indonesia');
INSERT IGNORE INTO `Audio` VALUES ('Civil War', 'Spanish');
INSERT IGNORE INTO `Audio` VALUES ('Civil War', 'French');
INSERT IGNORE INTO `Audio` VALUES ('Civil War', 'German');
INSERT IGNORE INTO `Audio` VALUES ('Civil War', 'Japanese');
INSERT IGNORE INTO `Audio` VALUES ('Civil War', 'Korean');

-- Avatar: The Last Airbender
INSERT IGNORE INTO `Audio` VALUES ('Avatar: The Last Airbender', 'English');
INSERT IGNORE INTO `Audio` VALUES ('Avatar: The Last Airbender', 'Indonesia');
INSERT IGNORE INTO `Audio` VALUES ('Avatar: The Last Airbender', 'Spanish');
INSERT IGNORE INTO `Audio` VALUES ('Avatar: The Last Airbender', 'French');
INSERT IGNORE INTO `Audio` VALUES ('Avatar: The Last Airbender', 'German');
INSERT IGNORE INTO `Audio` VALUES ('Avatar: The Last Airbender', 'Japanese');
INSERT IGNORE INTO `Audio` VALUES ('Avatar: The Last Airbender', 'Korean');

-- Breaking Bad
INSERT IGNORE INTO `Audio` VALUES ('Breaking Bad', 'English');
INSERT IGNORE INTO `Audio` VALUES ('Breaking Bad', 'Indonesia');
INSERT IGNORE INTO `Audio` VALUES ('Breaking Bad', 'Spanish');
INSERT IGNORE INTO `Audio` VALUES ('Breaking Bad', 'French');
INSERT IGNORE INTO `Audio` VALUES ('Breaking Bad', 'German');
INSERT IGNORE INTO `Audio` VALUES ('Breaking Bad', 'Japanese');
INSERT IGNORE INTO `Audio` VALUES ('Breaking Bad', 'Korean');

-- Stranger Things
INSERT IGNORE INTO `Audio` VALUES ('Stranger Things', 'English');
INSERT IGNORE INTO `Audio` VALUES ('Stranger Things', 'Indonesia');
INSERT IGNORE INTO `Audio` VALUES ('Stranger Things', 'Spanish');
INSERT IGNORE INTO `Audio` VALUES ('Stranger Things', 'French');
INSERT IGNORE INTO `Audio` VALUES ('Stranger Things', 'German');
INSERT IGNORE INTO `Audio` VALUES ('Stranger Things', 'Japanese');
INSERT IGNORE INTO `Audio` VALUES ('Stranger Things', 'Korean');

-- Interstellar (New)
INSERT IGNORE INTO `Audio` VALUES ('Interstellar', 'English');
INSERT IGNORE INTO `Audio` VALUES ('Interstellar', 'Indonesia');
INSERT IGNORE INTO `Audio` VALUES ('Interstellar', 'Spanish');
INSERT IGNORE INTO `Audio` VALUES ('Interstellar', 'French');
INSERT IGNORE INTO `Audio` VALUES ('Interstellar', 'German');
INSERT IGNORE INTO `Audio` VALUES ('Interstellar', 'Japanese');
INSERT IGNORE INTO `Audio` VALUES ('Interstellar', 'Korean');

-- ============================================================
-- TRANSAKSI 
-- ============================================================
INSERT IGNORE INTO `Transaksi` (`tanggal_pembayaran`, `biaya_tagihan`, `status`, `email_pelanggan`) VALUES ('2024-01-01', 65000, 'Berhasil', 'andipra@yahoo.co.id');
INSERT IGNORE INTO `Transaksi` (`tanggal_pembayaran`, `biaya_tagihan`, `status`, `email_pelanggan`) VALUES ('2024-01-02', 120000, 'Menunggu', 'budi_santoso@outlook.com');
INSERT IGNORE INTO `Transaksi` (`tanggal_pembayaran`, `biaya_tagihan`, `status`, `email_pelanggan`) VALUES ('2024-01-03', 186000, 'Gagal', 'cahyo3@hotmail.com');
INSERT IGNORE INTO `Transaksi` (`tanggal_pembayaran`, `biaya_tagihan`, `status`, `email_pelanggan`) VALUES ('2024-01-04', 65000, 'Berhasil', 'dkurniawan@mail.com');
INSERT IGNORE INTO `Transaksi` (`tanggal_pembayaran`, `biaya_tagihan`, `status`, `email_pelanggan`) VALUES ('2024-01-05', 120000, 'Menunggu', 'eko.saputra@gmail.com');
INSERT IGNORE INTO `Transaksi` (`tanggal_pembayaran`, `biaya_tagihan`, `status`, `email_pelanggan`) VALUES ('2024-01-06', 186000, 'Gagal', 'fajarnug@yahoo.co.id');
INSERT IGNORE INTO `Transaksi` (`tanggal_pembayaran`, `biaya_tagihan`, `status`, `email_pelanggan`) VALUES ('2024-01-07', 65000, 'Berhasil', 'gilang_ramadhan@outlook.com');
INSERT IGNORE INTO `Transaksi` (`tanggal_pembayaran`, `biaya_tagihan`, `status`, `email_pelanggan`) VALUES ('2024-01-08', 120000, 'Menunggu', 'hendra8@hotmail.com');
INSERT IGNORE INTO `Transaksi` (`tanggal_pembayaran`, `biaya_tagihan`, `status`, `email_pelanggan`) VALUES ('2024-01-09', 186000, 'Gagal', 'ihakim@mail.com');
INSERT IGNORE INTO `Transaksi` (`tanggal_pembayaran`, `biaya_tagihan`, `status`, `email_pelanggan`) VALUES ('2024-01-10', 65000, 'Berhasil', 'joko.susanto@gmail.com');
INSERT IGNORE INTO `Transaksi` (`tanggal_pembayaran`, `biaya_tagihan`, `status`, `email_pelanggan`) VALUES ('2024-01-11', 120000, 'Menunggu', 'kevinhar@yahoo.co.id');
INSERT IGNORE INTO `Transaksi` (`tanggal_pembayaran`, `biaya_tagihan`, `status`, `email_pelanggan`) VALUES ('2024-01-12', 186000, 'Gagal', 'leo_firmansyah@outlook.com');
INSERT IGNORE INTO `Transaksi` (`tanggal_pembayaran`, `biaya_tagihan`, `status`, `email_pelanggan`) VALUES ('2024-01-13', 65000, 'Berhasil', 'muhammad13@hotmail.com');
INSERT IGNORE INTO `Transaksi` (`tanggal_pembayaran`, `biaya_tagihan`, `status`, `email_pelanggan`) VALUES ('2024-01-14', 120000, 'Menunggu', 'nakbar@mail.com');
INSERT IGNORE INTO `Transaksi` (`tanggal_pembayaran`, `biaya_tagihan`, `status`, `email_pelanggan`) VALUES ('2024-01-15', 186000, 'Gagal', 'oscar.permana@gmail.com');
INSERT IGNORE INTO `Transaksi` (`tanggal_pembayaran`, `biaya_tagihan`, `status`, `email_pelanggan`) VALUES ('2024-01-16', 65000, 'Berhasil', 'putraadi@yahoo.co.id');
INSERT IGNORE INTO `Transaksi` (`tanggal_pembayaran`, `biaya_tagihan`, `status`, `email_pelanggan`) VALUES ('2024-01-17', 120000, 'Menunggu', 'rafi_ananda@outlook.com');
INSERT IGNORE INTO `Transaksi` (`tanggal_pembayaran`, `biaya_tagihan`, `status`, `email_pelanggan`) VALUES ('2024-01-18', 186000, 'Gagal', 'surya18@hotmail.com');
INSERT IGNORE INTO `Transaksi` (`tanggal_pembayaran`, `biaya_tagihan`, `status`, `email_pelanggan`) VALUES ('2024-01-19', 65000, 'Berhasil', 'trahman@mail.com');
INSERT IGNORE INTO `Transaksi` (`tanggal_pembayaran`, `biaya_tagihan`, `status`, `email_pelanggan`) VALUES ('2024-01-20', 120000, 'Menunggu', 'wahyu.setiawan@gmail.com');
INSERT IGNORE INTO `Transaksi` (`tanggal_pembayaran`, `biaya_tagihan`, `status`, `email_pelanggan`) VALUES ('2024-01-21', 186000, 'Gagal', 'yusufmau@yahoo.co.id');
INSERT IGNORE INTO `Transaksi` (`tanggal_pembayaran`, `biaya_tagihan`, `status`, `email_pelanggan`) VALUES ('2024-01-22', 65000, 'Berhasil', 'zaki_prasetyo@outlook.com');
INSERT IGNORE INTO `Transaksi` (`tanggal_pembayaran`, `biaya_tagihan`, `status`, `email_pelanggan`) VALUES ('2024-01-23', 120000, 'Menunggu', 'agus23@hotmail.com');
INSERT IGNORE INTO `Transaksi` (`tanggal_pembayaran`, `biaya_tagihan`, `status`, `email_pelanggan`) VALUES ('2024-01-24', 186000, 'Gagal', 'bsaputro@mail.com');
INSERT IGNORE INTO `Transaksi` (`tanggal_pembayaran`, `biaya_tagihan`, `status`, `email_pelanggan`) VALUES ('2024-01-25', 65000, 'Berhasil', 'candra.kusuma@gmail.com');
INSERT IGNORE INTO `Transaksi` (`tanggal_pembayaran`, `biaya_tagihan`, `status`, `email_pelanggan`) VALUES ('2024-01-26', 120000, 'Menunggu', 'dafamah@yahoo.co.id');
INSERT IGNORE INTO `Transaksi` (`tanggal_pembayaran`, `biaya_tagihan`, `status`, `email_pelanggan`) VALUES ('2024-01-27', 186000, 'Gagal', 'evan_darmawan@outlook.com');
INSERT IGNORE INTO `Transaksi` (`tanggal_pembayaran`, `biaya_tagihan`, `status`, `email_pelanggan`) VALUES ('2024-01-28', 65000, 'Berhasil', 'feri28@hotmail.com');
INSERT IGNORE INTO `Transaksi` (`tanggal_pembayaran`, `biaya_tagihan`, `status`, `email_pelanggan`) VALUES ('2024-01-29', 120000, 'Menunggu', 'gpurnomo@mail.com');
INSERT IGNORE INTO `Transaksi` (`tanggal_pembayaran`, `biaya_tagihan`, `status`, `email_pelanggan`) VALUES ('2024-01-30', 186000, 'Gagal', 'hanif.wijaksono@gmail.com');
INSERT IGNORE INTO `Transaksi` (`tanggal_pembayaran`, `biaya_tagihan`, `status`, `email_pelanggan`) VALUES ('2024-02-01', 65000, 'Berhasil', 'imamnug@yahoo.co.id');
INSERT IGNORE INTO `Transaksi` (`tanggal_pembayaran`, `biaya_tagihan`, `status`, `email_pelanggan`) VALUES ('2024-02-02', 120000, 'Menunggu', 'jefri_halim@outlook.com');
INSERT IGNORE INTO `Transaksi` (`tanggal_pembayaran`, `biaya_tagihan`, `status`, `email_pelanggan`) VALUES ('2024-02-03', 186000, 'Gagal', 'krisna33@hotmail.com');
INSERT IGNORE INTO `Transaksi` (`tanggal_pembayaran`, `biaya_tagihan`, `status`, `email_pelanggan`) VALUES ('2024-02-04', 65000, 'Berhasil', 'lhamdani@mail.com');
INSERT IGNORE INTO `Transaksi` (`tanggal_pembayaran`, `biaya_tagihan`, `status`, `email_pelanggan`) VALUES ('2024-02-05', 120000, 'Menunggu', 'nanda.pratama@gmail.com');
INSERT IGNORE INTO `Transaksi` (`tanggal_pembayaran`, `biaya_tagihan`, `status`, `email_pelanggan`) VALUES ('2024-02-06', 186000, 'Gagal', 'ranggasas@yahoo.co.id');
INSERT IGNORE INTO `Transaksi` (`tanggal_pembayaran`, `biaya_tagihan`, `status`, `email_pelanggan`) VALUES ('2024-02-07', 65000, 'Berhasil', 'satria_wicaksono@outlook.com');
INSERT IGNORE INTO `Transaksi` (`tanggal_pembayaran`, `biaya_tagihan`, `status`, `email_pelanggan`) VALUES ('2024-02-08', 120000, 'Menunggu', 'teguh38@hotmail.com');
INSERT IGNORE INTO `Transaksi` (`tanggal_pembayaran`, `biaya_tagihan`, `status`, `email_pelanggan`) VALUES ('2024-02-09', 186000, 'Gagal', 'yaditama@mail.com');
INSERT IGNORE INTO `Transaksi` (`tanggal_pembayaran`, `biaya_tagihan`, `status`, `email_pelanggan`) VALUES ('2024-02-10', 65000, 'Berhasil', 'arief.budiman@gmail.com');
INSERT IGNORE INTO `Transaksi` (`tanggal_pembayaran`, `biaya_tagihan`, `status`, `email_pelanggan`) VALUES ('2024-02-11', 120000, 'Menunggu', 'rizalram@yahoo.co.id');
INSERT IGNORE INTO `Transaksi` (`tanggal_pembayaran`, `biaya_tagihan`, `status`, `email_pelanggan`) VALUES ('2024-02-12', 186000, 'Gagal', 'denny_sumargo@outlook.com');
INSERT IGNORE INTO `Transaksi` (`tanggal_pembayaran`, `biaya_tagihan`, `status`, `email_pelanggan`) VALUES ('2024-02-13', 65000, 'Berhasil', 'raffi43@hotmail.com');
INSERT IGNORE INTO `Transaksi` (`tanggal_pembayaran`, `biaya_tagihan`, `status`, `email_pelanggan`) VALUES ('2024-02-14', 120000, 'Menunggu', 'ronsu@mail.com');
INSERT IGNORE INTO `Transaksi` (`tanggal_pembayaran`, `biaya_tagihan`, `status`, `email_pelanggan`) VALUES ('2024-02-15', 186000, 'Gagal', 'atta.halilintar@gmail.com');
INSERT IGNORE INTO `Transaksi` (`tanggal_pembayaran`, `biaya_tagihan`, `status`, `email_pelanggan`) VALUES ('2024-02-16', 65000, 'Berhasil', 'deddycor@yahoo.co.id');
INSERT IGNORE INTO `Transaksi` (`tanggal_pembayaran`, `biaya_tagihan`, `status`, `email_pelanggan`) VALUES ('2024-02-17', 120000, 'Menunggu', 'sule_sutisna@outlook.com');
INSERT IGNORE INTO `Transaksi` (`tanggal_pembayaran`, `biaya_tagihan`, `status`, `email_pelanggan`) VALUES ('2024-02-18', 186000, 'Gagal', 'andre48@hotmail.com');
INSERT IGNORE INTO `Transaksi` (`tanggal_pembayaran`, `biaya_tagihan`, `status`, `email_pelanggan`) VALUES ('2024-02-19', 65000, 'Berhasil', 'rmalik@mail.com');
INSERT IGNORE INTO `Transaksi` (`tanggal_pembayaran`, `biaya_tagihan`, `status`, `email_pelanggan`) VALUES ('2024-02-20', 120000, 'Menunggu', 'azka.mecca@gmail.com');
INSERT IGNORE INTO `Transaksi` (`tanggal_pembayaran`, `biaya_tagihan`, `status`, `email_pelanggan`) VALUES ('2024-02-21', 186000, 'Gagal', 'anisarah@yahoo.co.id');
INSERT IGNORE INTO `Transaksi` (`tanggal_pembayaran`, `biaya_tagihan`, `status`, `email_pelanggan`) VALUES ('2024-02-22', 65000, 'Berhasil', 'bunga_citra@outlook.com');
INSERT IGNORE INTO `Transaksi` (`tanggal_pembayaran`, `biaya_tagihan`, `status`, `email_pelanggan`) VALUES ('2024-02-23', 120000, 'Menunggu', 'cinta53@hotmail.com');
INSERT IGNORE INTO `Transaksi` (`tanggal_pembayaran`, `biaya_tagihan`, `status`, `email_pelanggan`) VALUES ('2024-02-24', 186000, 'Gagal', 'dsastro@mail.com');
INSERT IGNORE INTO `Transaksi` (`tanggal_pembayaran`, `biaya_tagihan`, `status`, `email_pelanggan`) VALUES ('2024-02-25', 65000, 'Berhasil', 'eka.putri@gmail.com');
INSERT IGNORE INTO `Transaksi` (`tanggal_pembayaran`, `biaya_tagihan`, `status`, `email_pelanggan`) VALUES ('2024-02-26', 120000, 'Menunggu', 'fitrihan@yahoo.co.id');
INSERT IGNORE INTO `Transaksi` (`tanggal_pembayaran`, `biaya_tagihan`, `status`, `email_pelanggan`) VALUES ('2024-02-27', 186000, 'Gagal', 'gita_novaliana@outlook.com');
INSERT IGNORE INTO `Transaksi` (`tanggal_pembayaran`, `biaya_tagihan`, `status`, `email_pelanggan`) VALUES ('2024-02-28', 65000, 'Berhasil', 'hana58@hotmail.com');
INSERT IGNORE INTO `Transaksi` (`tanggal_pembayaran`, `biaya_tagihan`, `status`, `email_pelanggan`) VALUES ('2024-02-29', 120000, 'Menunggu', 'ipermata@mail.com');
INSERT IGNORE INTO `Transaksi` (`tanggal_pembayaran`, `biaya_tagihan`, `status`, `email_pelanggan`) VALUES ('2024-03-01', 186000, 'Gagal', 'jasmine.azzahra@gmail.com');
INSERT IGNORE INTO `Transaksi` (`tanggal_pembayaran`, `biaya_tagihan`, `status`, `email_pelanggan`) VALUES ('2024-03-02', 65000, 'Berhasil', 'kartikasar@yahoo.co.id');
INSERT IGNORE INTO `Transaksi` (`tanggal_pembayaran`, `biaya_tagihan`, `status`, `email_pelanggan`) VALUES ('2024-03-03', 120000, 'Menunggu', 'larasati_dewi@outlook.com');
INSERT IGNORE INTO `Transaksi` (`tanggal_pembayaran`, `biaya_tagihan`, `status`, `email_pelanggan`) VALUES ('2024-03-04', 186000, 'Gagal', 'maya63@hotmail.com');
INSERT IGNORE INTO `Transaksi` (`tanggal_pembayaran`, `biaya_tagihan`, `status`, `email_pelanggan`) VALUES ('2024-03-05', 65000, 'Berhasil', 'nkirana@mail.com');
INSERT IGNORE INTO `Transaksi` (`tanggal_pembayaran`, `biaya_tagihan`, `status`, `email_pelanggan`) VALUES ('2024-03-06', 120000, 'Menunggu', 'olivia.wijaya@gmail.com');
INSERT IGNORE INTO `Transaksi` (`tanggal_pembayaran`, `biaya_tagihan`, `status`, `email_pelanggan`) VALUES ('2024-03-07', 186000, 'Gagal', 'putrimah@yahoo.co.id');
INSERT IGNORE INTO `Transaksi` (`tanggal_pembayaran`, `biaya_tagihan`, `status`, `email_pelanggan`) VALUES ('2024-03-08', 65000, 'Berhasil', 'rani_wulandari@outlook.com');
INSERT IGNORE INTO `Transaksi` (`tanggal_pembayaran`, `biaya_tagihan`, `status`, `email_pelanggan`) VALUES ('2024-03-09', 120000, 'Menunggu', 'sinta68@hotmail.com');
INSERT IGNORE INTO `Transaksi` (`tanggal_pembayaran`, `biaya_tagihan`, `status`, `email_pelanggan`) VALUES ('2024-03-10', 186000, 'Gagal', 'tandini@mail.com');
INSERT IGNORE INTO `Transaksi` (`tanggal_pembayaran`, `biaya_tagihan`, `status`, `email_pelanggan`) VALUES ('2024-03-11', 65000, 'Berhasil', 'winda.kusuma@gmail.com');
INSERT IGNORE INTO `Transaksi` (`tanggal_pembayaran`, `biaya_tagihan`, `status`, `email_pelanggan`) VALUES ('2024-03-12', 120000, 'Menunggu', 'yunisha@yahoo.co.id');
INSERT IGNORE INTO `Transaksi` (`tanggal_pembayaran`, `biaya_tagihan`, `status`, `email_pelanggan`) VALUES ('2024-03-13', 186000, 'Gagal', 'zahra_maulida@outlook.com');
INSERT IGNORE INTO `Transaksi` (`tanggal_pembayaran`, `biaya_tagihan`, `status`, `email_pelanggan`) VALUES ('2024-03-14', 65000, 'Berhasil', 'ayu73@hotmail.com');
INSERT IGNORE INTO `Transaksi` (`tanggal_pembayaran`, `biaya_tagihan`, `status`, `email_pelanggan`) VALUES ('2024-03-15', 120000, 'Menunggu', 'bsafitri@mail.com');
INSERT IGNORE INTO `Transaksi` (`tanggal_pembayaran`, `biaya_tagihan`, `status`, `email_pelanggan`) VALUES ('2024-03-16', 186000, 'Gagal', 'cici.paramita@gmail.com');
INSERT IGNORE INTO `Transaksi` (`tanggal_pembayaran`, `biaya_tagihan`, `status`, `email_pelanggan`) VALUES ('2024-03-17', 65000, 'Berhasil', 'dewifor@yahoo.co.id');
INSERT IGNORE INTO `Transaksi` (`tanggal_pembayaran`, `biaya_tagihan`, `status`, `email_pelanggan`) VALUES ('2024-03-18', 120000, 'Menunggu', 'elsa_pitaloka@outlook.com');
INSERT IGNORE INTO `Transaksi` (`tanggal_pembayaran`, `biaya_tagihan`, `status`, `email_pelanggan`) VALUES ('2024-03-19', 186000, 'Gagal', 'fiona78@hotmail.com');
INSERT IGNORE INTO `Transaksi` (`tanggal_pembayaran`, `biaya_tagihan`, `status`, `email_pelanggan`) VALUES ('2024-03-20', 65000, 'Berhasil', 'ganastasia@mail.com');
INSERT IGNORE INTO `Transaksi` (`tanggal_pembayaran`, `biaya_tagihan`, `status`, `email_pelanggan`) VALUES ('2024-03-21', 120000, 'Menunggu', 'intan.nuraini@gmail.com');
INSERT IGNORE INTO `Transaksi` (`tanggal_pembayaran`, `biaya_tagihan`, `status`, `email_pelanggan`) VALUES ('2024-03-22', 186000, 'Gagal', 'keziaame@yahoo.co.id');
INSERT IGNORE INTO `Transaksi` (`tanggal_pembayaran`, `biaya_tagihan`, `status`, `email_pelanggan`) VALUES ('2024-03-23', 65000, 'Berhasil', 'lina_marlina@outlook.com');
INSERT IGNORE INTO `Transaksi` (`tanggal_pembayaran`, `biaya_tagihan`, `status`, `email_pelanggan`) VALUES ('2024-03-24', 120000, 'Menunggu', 'melati83@hotmail.com');
INSERT IGNORE INTO `Transaksi` (`tanggal_pembayaran`, `biaya_tagihan`, `status`, `email_pelanggan`) VALUES ('2024-03-25', 186000, 'Gagal', 'nsaphira@mail.com');
INSERT IGNORE INTO `Transaksi` (`tanggal_pembayaran`, `biaya_tagihan`, `status`, `email_pelanggan`) VALUES ('2024-03-26', 65000, 'Berhasil', 'prilly.latuconsina@gmail.com');
INSERT IGNORE INTO `Transaksi` (`tanggal_pembayaran`, `biaya_tagihan`, `status`, `email_pelanggan`) VALUES ('2024-03-27', 120000, 'Menunggu', 'sherinamun@yahoo.co.id');
INSERT IGNORE INTO `Transaksi` (`tanggal_pembayaran`, `biaya_tagihan`, `status`, `email_pelanggan`) VALUES ('2024-03-28', 186000, 'Gagal', 'tika_panggabean@outlook.com');
INSERT IGNORE INTO `Transaksi` (`tanggal_pembayaran`, `biaya_tagihan`, `status`, `email_pelanggan`) VALUES ('2024-03-29', 65000, 'Berhasil', 'wulan88@hotmail.com');
INSERT IGNORE INTO `Transaksi` (`tanggal_pembayaran`, `biaya_tagihan`, `status`, `email_pelanggan`) VALUES ('2024-03-30', 120000, 'Menunggu', 'ysari@mail.com');
INSERT IGNORE INTO `Transaksi` (`tanggal_pembayaran`, `biaya_tagihan`, `status`, `email_pelanggan`) VALUES ('2024-04-01', 186000, 'Gagal', 'amanda.manopo@gmail.com');
INSERT IGNORE INTO `Transaksi` (`tanggal_pembayaran`, `biaya_tagihan`, `status`, `email_pelanggan`) VALUES ('2024-04-02', 65000, 'Berhasil', 'raisaand@yahoo.co.id');
INSERT IGNORE INTO `Transaksi` (`tanggal_pembayaran`, `biaya_tagihan`, `status`, `email_pelanggan`) VALUES ('2024-04-03', 120000, 'Menunggu', 'isyana_sarasvati@outlook.com');
INSERT IGNORE INTO `Transaksi` (`tanggal_pembayaran`, `biaya_tagihan`, `status`, `email_pelanggan`) VALUES ('2024-04-04', 186000, 'Gagal', 'maudy93@hotmail.com');
INSERT IGNORE INTO `Transaksi` (`tanggal_pembayaran`, `biaya_tagihan`, `status`, `email_pelanggan`) VALUES ('2024-04-05', 65000, 'Berhasil', 'cislan@mail.com');
INSERT IGNORE INTO `Transaksi` (`tanggal_pembayaran`, `biaya_tagihan`, `status`, `email_pelanggan`) VALUES ('2024-04-06', 120000, 'Menunggu', 'pevita.pearce@gmail.com');
INSERT IGNORE INTO `Transaksi` (`tanggal_pembayaran`, `biaya_tagihan`, `status`, `email_pelanggan`) VALUES ('2024-04-07', 186000, 'Gagal', 'dianpel@yahoo.co.id');
INSERT IGNORE INTO `Transaksi` (`tanggal_pembayaran`, `biaya_tagihan`, `status`, `email_pelanggan`) VALUES ('2024-04-08', 65000, 'Berhasil', 'nagita_slavina@outlook.com');
INSERT IGNORE INTO `Transaksi` (`tanggal_pembayaran`, `biaya_tagihan`, `status`, `email_pelanggan`) VALUES ('2024-04-09', 120000, 'Menunggu', 'luna98@hotmail.com');
INSERT IGNORE INTO `Transaksi` (`tanggal_pembayaran`, `biaya_tagihan`, `status`, `email_pelanggan`) VALUES ('2024-04-10', 186000, 'Gagal', 'sdewi@mail.com');
INSERT IGNORE INTO `Transaksi` (`tanggal_pembayaran`, `biaya_tagihan`, `status`, `email_pelanggan`) VALUES ('2024-04-11', 65000, 'Berhasil', 'nikita.willy@gmail.com');
INSERT IGNORE INTO `Transaksi` (`tanggal_pembayaran`, `biaya_tagihan`, `status`, `email_pelanggan`) VALUES ('2024-04-12', 120000, 'Menunggu', 'rezarah@yahoo.co.id');
INSERT IGNORE INTO `Transaksi` (`tanggal_pembayaran`, `biaya_tagihan`, `status`, `email_pelanggan`) VALUES ('2024-04-13', 186000, 'Gagal', 'iqbaal_ramadhan@outlook.com');
INSERT IGNORE INTO `Transaksi` (`tanggal_pembayaran`, `biaya_tagihan`, `status`, `email_pelanggan`) VALUES ('2024-04-14', 65000, 'Berhasil', 'aliando103@hotmail.com');
INSERT IGNORE INTO `Transaksi` (`tanggal_pembayaran`, `biaya_tagihan`, `status`, `email_pelanggan`) VALUES ('2024-04-15', 120000, 'Menunggu', 'ayasiz@mail.com');
INSERT IGNORE INTO `Transaksi` (`tanggal_pembayaran`, `biaya_tagihan`, `status`, `email_pelanggan`) VALUES ('2024-04-16', 186000, 'Gagal', 'bryan.domani@gmail.com');
INSERT IGNORE INTO `Transaksi` (`tanggal_pembayaran`, `biaya_tagihan`, `status`, `email_pelanggan`) VALUES ('2024-04-17', 65000, 'Berhasil', 'diktawic@yahoo.co.id');
INSERT IGNORE INTO `Transaksi` (`tanggal_pembayaran`, `biaya_tagihan`, `status`, `email_pelanggan`) VALUES ('2024-04-18', 120000, 'Menunggu', 'ericko_lim@outlook.com');
INSERT IGNORE INTO `Transaksi` (`tanggal_pembayaran`, `biaya_tagihan`, `status`, `email_pelanggan`) VALUES ('2024-04-19', 186000, 'Gagal', 'fadil108@hotmail.com');
INSERT IGNORE INTO `Transaksi` (`tanggal_pembayaran`, `biaya_tagihan`, `status`, `email_pelanggan`) VALUES ('2024-04-20', 65000, 'Berhasil', 'gmarten@mail.com');
INSERT IGNORE INTO `Transaksi` (`tanggal_pembayaran`, `biaya_tagihan`, `status`, `email_pelanggan`) VALUES ('2024-04-21', 120000, 'Menunggu', 'harris.vriza@gmail.com');
INSERT IGNORE INTO `Transaksi` (`tanggal_pembayaran`, `biaya_tagihan`, `status`, `email_pelanggan`) VALUES ('2024-04-22', 186000, 'Gagal', 'ibnujam@yahoo.co.id');
INSERT IGNORE INTO `Transaksi` (`tanggal_pembayaran`, `biaya_tagihan`, `status`, `email_pelanggan`) VALUES ('2024-04-23', 65000, 'Berhasil', 'jerome_polin@outlook.com');
INSERT IGNORE INTO `Transaksi` (`tanggal_pembayaran`, `biaya_tagihan`, `status`, `email_pelanggan`) VALUES ('2024-04-24', 120000, 'Menunggu', 'keanu113@hotmail.com');
INSERT IGNORE INTO `Transaksi` (`tanggal_pembayaran`, `biaya_tagihan`, `status`, `email_pelanggan`) VALUES ('2024-04-25', 186000, 'Gagal', 'lhakim@mail.com');
INSERT IGNORE INTO `Transaksi` (`tanggal_pembayaran`, `biaya_tagihan`, `status`, `email_pelanggan`) VALUES ('2024-04-26', 65000, 'Berhasil', 'mischa.chandrawinata@gmail.com');
INSERT IGNORE INTO `Transaksi` (`tanggal_pembayaran`, `biaya_tagihan`, `status`, `email_pelanggan`) VALUES ('2024-04-27', 120000, 'Menunggu', 'nicholassap@yahoo.co.id');
INSERT IGNORE INTO `Transaksi` (`tanggal_pembayaran`, `biaya_tagihan`, `status`, `email_pelanggan`) VALUES ('2024-04-28', 186000, 'Gagal', 'omar_daniel@outlook.com');
INSERT IGNORE INTO `Transaksi` (`tanggal_pembayaran`, `biaya_tagihan`, `status`, `email_pelanggan`) VALUES ('2024-04-29', 65000, 'Berhasil', 'prambors118@hotmail.com');
INSERT IGNORE INTO `Transaksi` (`tanggal_pembayaran`, `biaya_tagihan`, `status`, `email_pelanggan`) VALUES ('2024-04-30', 120000, 'Menunggu', 'rkjaernett@mail.com');
INSERT IGNORE INTO `Transaksi` (`tanggal_pembayaran`, `biaya_tagihan`, `status`, `email_pelanggan`) VALUES ('2024-05-01', 186000, 'Gagal', 'stefan.william@gmail.com');
INSERT IGNORE INTO `Transaksi` (`tanggal_pembayaran`, `biaya_tagihan`, `status`, `email_pelanggan`) VALUES ('2024-05-02', 65000, 'Berhasil', 'torasud@yahoo.co.id');
INSERT IGNORE INTO `Transaksi` (`tanggal_pembayaran`, `biaya_tagihan`, `status`, `email_pelanggan`) VALUES ('2024-05-03', 120000, 'Menunggu', 'vidi_aldiano@outlook.com');
INSERT IGNORE INTO `Transaksi` (`tanggal_pembayaran`, `biaya_tagihan`, `status`, `email_pelanggan`) VALUES ('2024-05-04', 186000, 'Gagal', 'willy123@hotmail.com');
INSERT IGNORE INTO `Transaksi` (`tanggal_pembayaran`, `biaya_tagihan`, `status`, `email_pelanggan`) VALUES ('2024-05-05', 65000, 'Berhasil', 'xlim@mail.com');
INSERT IGNORE INTO `Transaksi` (`tanggal_pembayaran`, `biaya_tagihan`, `status`, `email_pelanggan`) VALUES ('2024-05-06', 120000, 'Menunggu', 'yuki.kato@gmail.com');
INSERT IGNORE INTO `Transaksi` (`tanggal_pembayaran`, `biaya_tagihan`, `status`, `email_pelanggan`) VALUES ('2024-05-07', 186000, 'Gagal', 'zivannalet@yahoo.co.id');
INSERT IGNORE INTO `Transaksi` (`tanggal_pembayaran`, `biaya_tagihan`, `status`, `email_pelanggan`) VALUES ('2024-05-08', 65000, 'Berhasil', 'adinia_wirasti@outlook.com');
INSERT IGNORE INTO `Transaksi` (`tanggal_pembayaran`, `biaya_tagihan`, `status`, `email_pelanggan`) VALUES ('2024-05-09', 120000, 'Menunggu', 'bambang128@hotmail.com');
INSERT IGNORE INTO `Transaksi` (`tanggal_pembayaran`, `biaya_tagihan`, `status`, `email_pelanggan`) VALUES ('2024-05-10', 186000, 'Gagal', 'ckhan@mail.com');
INSERT IGNORE INTO `Transaksi` (`tanggal_pembayaran`, `biaya_tagihan`, `status`, `email_pelanggan`) VALUES ('2024-05-11', 65000, 'Berhasil', 'desta.mahendra@gmail.com');
INSERT IGNORE INTO `Transaksi` (`tanggal_pembayaran`, `biaya_tagihan`, `status`, `email_pelanggan`) VALUES ('2024-05-12', 120000, 'Menunggu', 'ernestpra@yahoo.co.id');
INSERT IGNORE INTO `Transaksi` (`tanggal_pembayaran`, `biaya_tagihan`, `status`, `email_pelanggan`) VALUES ('2024-05-13', 186000, 'Gagal', 'fiersa_besari@outlook.com');
INSERT IGNORE INTO `Transaksi` (`tanggal_pembayaran`, `biaya_tagihan`, `status`, `email_pelanggan`) VALUES ('2024-05-14', 65000, 'Berhasil', 'glenn133@hotmail.com');
INSERT IGNORE INTO `Transaksi` (`tanggal_pembayaran`, `biaya_tagihan`, `status`, `email_pelanggan`) VALUES ('2024-05-15', 120000, 'Menunggu', 'hdaud@mail.com');
INSERT IGNORE INTO `Transaksi` (`tanggal_pembayaran`, `biaya_tagihan`, `status`, `email_pelanggan`) VALUES ('2024-05-16', 186000, 'Gagal', 'iko.uwais@gmail.com');
INSERT IGNORE INTO `Transaksi` (`tanggal_pembayaran`, `biaya_tagihan`, `status`, `email_pelanggan`) VALUES ('2024-05-17', 65000, 'Berhasil', 'joetas@yahoo.co.id');
INSERT IGNORE INTO `Transaksi` (`tanggal_pembayaran`, `biaya_tagihan`, `status`, `email_pelanggan`) VALUES ('2024-05-18', 120000, 'Menunggu', 'kiki_fatmala@outlook.com');
INSERT IGNORE INTO `Transaksi` (`tanggal_pembayaran`, `biaya_tagihan`, `status`, `email_pelanggan`) VALUES ('2024-05-19', 186000, 'Gagal', 'lesty138@hotmail.com');
INSERT IGNORE INTO `Transaksi` (`tanggal_pembayaran`, `biaya_tagihan`, `status`, `email_pelanggan`) VALUES ('2024-05-20', 65000, 'Berhasil', 'mgoeslaw@mail.com');
INSERT IGNORE INTO `Transaksi` (`tanggal_pembayaran`, `biaya_tagihan`, `status`, `email_pelanggan`) VALUES ('2024-05-21', 120000, 'Menunggu', 'nino.fernandez@gmail.com');
INSERT IGNORE INTO `Transaksi` (`tanggal_pembayaran`, `biaya_tagihan`, `status`, `email_pelanggan`) VALUES ('2024-05-22', 186000, 'Gagal', 'onadioleo@yahoo.co.id');
INSERT IGNORE INTO `Transaksi` (`tanggal_pembayaran`, `biaya_tagihan`, `status`, `email_pelanggan`) VALUES ('2024-05-23', 65000, 'Berhasil', 'pamela_bowie@outlook.com');
INSERT IGNORE INTO `Transaksi` (`tanggal_pembayaran`, `biaya_tagihan`, `status`, `email_pelanggan`) VALUES ('2024-05-24', 120000, 'Menunggu', 'qory143@hotmail.com');
INSERT IGNORE INTO `Transaksi` (`tanggal_pembayaran`, `biaya_tagihan`, `status`, `email_pelanggan`) VALUES ('2024-05-25', 186000, 'Gagal', 'ragus@mail.com');
INSERT IGNORE INTO `Transaksi` (`tanggal_pembayaran`, `biaya_tagihan`, `status`, `email_pelanggan`) VALUES ('2024-05-26', 65000, 'Berhasil', 'soimah.pancawati@gmail.com');
INSERT IGNORE INTO `Transaksi` (`tanggal_pembayaran`, `biaya_tagihan`, `status`, `email_pelanggan`) VALUES ('2024-05-27', 120000, 'Menunggu', 'tuluspra@yahoo.co.id');
INSERT IGNORE INTO `Transaksi` (`tanggal_pembayaran`, `biaya_tagihan`, `status`, `email_pelanggan`) VALUES ('2024-05-28', 186000, 'Gagal', 'ucok_baba@outlook.com');
INSERT IGNORE INTO `Transaksi` (`tanggal_pembayaran`, `biaya_tagihan`, `status`, `email_pelanggan`) VALUES ('2024-05-29', 65000, 'Berhasil', 'vanessa148@hotmail.com');
INSERT IGNORE INTO `Transaksi` (`tanggal_pembayaran`, `biaya_tagihan`, `status`, `email_pelanggan`) VALUES ('2024-05-30', 120000, 'Menunggu', 'wcagur@mail.com');
INSERT IGNORE INTO `Transaksi` (`tanggal_pembayaran`, `biaya_tagihan`, `status`, `email_pelanggan`) VALUES ('2024-05-31', 186000, 'Gagal', 'yura.yunita@gmail.com');

-- ============================================================
-- DATA RATING
-- ============================================================
-- Batch 1: Oppenheimer (User 1-15)
INSERT IGNORE INTO `Rating` VALUES ('andipra@yahoo.co.id', 'Andi', 'Oppenheimer', 5, 'Masterpiece, Nolan jenius!');
INSERT IGNORE INTO `Rating` VALUES ('budi_santoso@outlook.com', 'Budi', 'Oppenheimer', 5, 'Visualnya gila banget.');
INSERT IGNORE INTO `Rating` VALUES ('cahyo3@hotmail.com', 'cahyo', 'Oppenheimer', 4, 'Agak membingungkan tapi bagus.');
INSERT IGNORE INTO `Rating` VALUES ('dkurniawan@mail.com', 'Dims', 'Oppenheimer', 5, 'Acting Cillian Murphy juara.');
INSERT IGNORE INTO `Rating` VALUES ('eko.saputra@gmail.com', 'Ekoo', 'Oppenheimer', 3, 'Terlalu banyak dialog.');
INSERT IGNORE INTO `Rating` VALUES ('fajarnug@yahoo.co.id', 'Fajar', 'Oppenheimer', 5, 'Sound effect ledakannya nyata banget.');
INSERT IGNORE INTO `Rating` VALUES ('gilang_ramadhan@outlook.com', 'gilang', 'Oppenheimer', 4, 'Durasi terlalu panjang.');
INSERT IGNORE INTO `Rating` VALUES ('hendra8@hotmail.com', 'Hendra', 'Oppenheimer', 5, 'Film biografi terbaik tahun ini.');
INSERT IGNORE INTO `Rating` VALUES ('ihakim@mail.com', 'Irfan', 'Oppenheimer', 4, 'Sangat intens.');
INSERT IGNORE INTO `Rating` VALUES ('joko.susanto@gmail.com', 'Joko', 'Oppenheimer', 5, 'Wajib nonton di IMAX.');
INSERT IGNORE INTO `Rating` VALUES ('kevinhar@yahoo.co.id', 'Kevn', 'Oppenheimer', 5, 'Cerita sejarah yang dikemas epik.');
INSERT IGNORE INTO `Rating` VALUES ('leo_firmansyah@outlook.com', 'Leo', 'Oppenheimer', 4, 'RDJ mainnya bagus banget.');
INSERT IGNORE INTO `Rating` VALUES ('muhammad13@hotmail.com', 'Muhammad', 'Oppenheimer', 3, 'Bikin ngantuk di tengah.');
INSERT IGNORE INTO `Rating` VALUES ('nakbar@mail.com', 'naufal', 'Oppenheimer', 5, 'Endingnya merinding.');
INSERT IGNORE INTO `Rating` VALUES ('oscar.permana@gmail.com', 'Oscar', 'Oppenheimer', 4, 'Sinematografi kelas atas.');

-- Batch 2: Barbie (User 16-30)
INSERT IGNORE INTO `Rating` VALUES ('putraadi@yahoo.co.id', 'Putra', 'Barbie', 4, 'Sangat menghibur dan lucu.');
INSERT IGNORE INTO `Rating` VALUES ('rafi_ananda@outlook.com', 'Rafi', 'Barbie', 5, 'Ryan Gosling mencuri perhatian.');
INSERT IGNORE INTO `Rating` VALUES ('surya18@hotmail.com', 'Surya', 'Barbie', 3, 'Ceritanya agak klise.');
INSERT IGNORE INTO `Rating` VALUES ('trahman@mail.com', 'Taufik', 'Barbie', 4, 'Set desainnya warna-warni banget.');
INSERT IGNORE INTO `Rating` VALUES ('wahyu.setiawan@gmail.com', 'Wahyu', 'Barbie', 5, 'Pesan moralnya kena banget.');
INSERT IGNORE INTO `Rating` VALUES ('yusufmau@yahoo.co.id', 'Yusuf', 'Barbie', 2, 'Bukan selera saya.');
INSERT IGNORE INTO `Rating` VALUES ('zaki_prasetyo@outlook.com', 'Zaki', 'Barbie', 4, 'Margot Robbie pas banget jadi Barbie.');
INSERT IGNORE INTO `Rating` VALUES ('agus23@hotmail.com', 'Agus', 'Barbie', 5, 'Soundtracknya enak didengar.');
INSERT IGNORE INTO `Rating` VALUES ('bsaputro@mail.com', 'Bagas', 'Barbie', 4, 'Lebih dalam dari yang dikira.');
INSERT IGNORE INTO `Rating` VALUES ('candra.kusuma@gmail.com', 'candra', 'Barbie', 3, 'Endingnya agak aneh.');
INSERT IGNORE INTO `Rating` VALUES ('dafamah@yahoo.co.id', 'Dafa', 'Barbie', 5, 'I am Kenough!');
INSERT IGNORE INTO `Rating` VALUES ('evan_darmawan@outlook.com', 'evan', 'Barbie', 4, 'Komedi satir yang cerdas.');
INSERT IGNORE INTO `Rating` VALUES ('feri28@hotmail.com', 'Feri', 'Barbie', 5, 'Kostumnya keren abis.');
INSERT IGNORE INTO `Rating` VALUES ('gpurnomo@mail.com', 'Galih', 'Barbie', 4, 'Cocok ditonton bareng teman.');
INSERT IGNORE INTO `Rating` VALUES ('hanif.wijaksono@gmail.com', 'Hanif', 'Barbie', 3, 'Hype doang yang gede.');

-- Batch 3: Dune: Part Two (User 31-45)
INSERT IGNORE INTO `Rating` VALUES ('imamnug@yahoo.co.id', 'imam', 'Dune: Part Two', 5, 'Sci-fi terbaik dekade ini.');
INSERT IGNORE INTO `Rating` VALUES ('jefri_halim@outlook.com', 'jefri', 'Dune: Part Two', 5, 'Visualnya memanjakan mata.');
INSERT IGNORE INTO `Rating` VALUES ('krisna33@hotmail.com', 'Kria', 'Dune: Part Two', 4, 'Lebih seru dari part 1.');
INSERT IGNORE INTO `Rating` VALUES ('lhamdani@mail.com', 'Luti', 'Dune: Part Two', 5, 'Austin Butler ngeri banget.');
INSERT IGNORE INTO `Rating` VALUES ('nanda.pratama@gmail.com', 'Nanda', 'Dune: Part Two', 5, 'Skala filmnya sangat besar.');
INSERT IGNORE INTO `Rating` VALUES ('ranggasas@yahoo.co.id', 'Rangga', 'Dune: Part Two', 4, 'Musik Hans Zimmer tidak pernah gagal.');
INSERT IGNORE INTO `Rating` VALUES ('satria_wicaksono@outlook.com', 'satria', 'Dune: Part Two', 3, 'Temponya agak lambat.');
INSERT IGNORE INTO `Rating` VALUES ('teguh38@hotmail.com', 'Tegh', 'Dune: Part Two', 5, 'Lisan al Gaib!');
INSERT IGNORE INTO `Rating` VALUES ('yaditama@mail.com', 'Yoga', 'Dune: Part Two', 4, 'Zendaya aktingnya bagus.');
INSERT IGNORE INTO `Rating` VALUES ('arief.budiman@gmail.com', 'arief', 'Dune: Part Two', 5, 'Adegan perang cacing pasir epik.');
INSERT IGNORE INTO `Rating` VALUES ('rizalram@yahoo.co.id', 'Rizl', 'Dune: Part Two', 4, 'Plot politiknya menarik.');
INSERT IGNORE INTO `Rating` VALUES ('denny_sumargo@outlook.com', 'denny', 'Dune: Part Two', 5, 'Wajib nonton di layar lebar.');
INSERT IGNORE INTO `Rating` VALUES ('raffi43@hotmail.com', 'Raffi', 'Dune: Part Two', 3, 'Susah dimengerti kalau belum baca buku.');
INSERT IGNORE INTO `Rating` VALUES ('ronsu@mail.com', 'Ruben', 'Dune: Part Two', 5, 'Sinematografi level dewa.');
INSERT IGNORE INTO `Rating` VALUES ('atta.halilintar@gmail.com', 'Atta', 'Dune: Part Two', 4, 'Ending gantung, butuh part 3.');

-- Batch 4: The Batman (User 46-60)
INSERT IGNORE INTO `Rating` VALUES ('deddycor@yahoo.co.id', 'deddy', 'The Batman', 5, 'Batman versi detektif terbaik.');
INSERT IGNORE INTO `Rating` VALUES ('sule_sutisna@outlook.com', 'Sule', 'The Batman', 4, 'Nuansa Gotham sangat kelam.');
INSERT IGNORE INTO `Rating` VALUES ('andre48@hotmail.com', 'Andre', 'The Batman', 5, 'Robert Pattinson membuktikan diri.');
INSERT IGNORE INTO `Rating` VALUES ('rmalik@mail.com', 'rafathar', 'The Batman', 4, 'Musiknya bikin tegang.');
INSERT IGNORE INTO `Rating` VALUES ('azka.mecca@gmail.com', 'azka', 'The Batman', 3, 'Terlalu gelap gambarnya.');
INSERT IGNORE INTO `Rating` VALUES ('anisarah@yahoo.co.id', 'Ania', 'The Batman', 5, 'Villain Riddler sangat creepy.');
INSERT IGNORE INTO `Rating` VALUES ('bunga_citra@outlook.com', 'Buna', 'The Batman', 4, 'Durasi 3 jam terasa cepat.');
INSERT IGNORE INTO `Rating` VALUES ('cinta53@hotmail.com', 'cinta', 'The Batman', 5, 'Adegan kejar-kejaran mobil keren.');
INSERT IGNORE INTO `Rating` VALUES ('dsastro@mail.com', 'Dian', 'The Batman', 4, 'Chemistry Catwoman dan Batman dapet.');
INSERT IGNORE INTO `Rating` VALUES ('eka.putri@gmail.com', 'eka', 'The Batman', 3, 'Kurang aksi, kebanyakan mikir.');
INSERT IGNORE INTO `Rating` VALUES ('fitrihan@yahoo.co.id', 'Fitri', 'The Batman', 5, 'Awal yang bagus untuk trilogi baru.');
INSERT IGNORE INTO `Rating` VALUES ('gita_novaliana@outlook.com', 'gita', 'The Batman', 4, 'Realistis dan gritty.');
INSERT IGNORE INTO `Rating` VALUES ('hana58@hotmail.com', 'Hana', 'The Batman', 5, 'Suka banget sama visualnya.');
INSERT IGNORE INTO `Rating` VALUES ('ipermata@mail.com', 'indah', 'The Batman', 4, 'Plot twistnya lumayan.');
INSERT IGNORE INTO `Rating` VALUES ('jasmine.azzahra@gmail.com', 'Jasmine', 'The Batman', 3, 'Agak bosan di pertengahan.');

-- Batch 5: Top Gun: Maverick (User 61-75)
INSERT IGNORE INTO `Rating` VALUES ('kartikasar@yahoo.co.id', 'Kara', 'Top Gun: Maverick', 5, 'Aksi pesawat tempur terbaik!');
INSERT IGNORE INTO `Rating` VALUES ('larasati_dewi@outlook.com', 'larasati', 'Top Gun: Maverick', 5, 'Tom Cruise gak ada obat.');
INSERT IGNORE INTO `Rating` VALUES ('maya63@hotmail.com', 'maya', 'Top Gun: Maverick', 4, 'Nostalgia yang pas.');
INSERT IGNORE INTO `Rating` VALUES ('nkirana@mail.com', 'nadya', 'Top Gun: Maverick', 5, 'Sound effect jetnya menggelegar.');
INSERT IGNORE INTO `Rating` VALUES ('olivia.wijaya@gmail.com', 'Olivia', 'Top Gun: Maverick', 4, 'Cerita sederhana tapi eksekusi mantap.');
INSERT IGNORE INTO `Rating` VALUES ('putrimah@yahoo.co.id', 'putri', 'Top Gun: Maverick', 5, 'Tegang dari awal sampai akhir.');
INSERT IGNORE INTO `Rating` VALUES ('rani_wulandari@outlook.com', 'rani', 'Top Gun: Maverick', 3, 'Plotnya mudah ditebak.');
INSERT IGNORE INTO `Rating` VALUES ('sinta68@hotmail.com', 'Sina', 'Top Gun: Maverick', 5, 'Pengalaman bioskop yang luar biasa.');
INSERT IGNORE INTO `Rating` VALUES ('tandini@mail.com', 'Tiara', 'Top Gun: Maverick', 4, 'Emosional di bagian Iceman.');
INSERT IGNORE INTO `Rating` VALUES ('winda.kusuma@gmail.com', 'Wina', 'Top Gun: Maverick', 5, 'Gak nyangka bakal sebagus ini.');
INSERT IGNORE INTO `Rating` VALUES ('yunisha@yahoo.co.id', 'yuni', 'Top Gun: Maverick', 4, 'Dogfight-nya realistis.');
INSERT IGNORE INTO `Rating` VALUES ('zahra_maulida@outlook.com', 'zahra', 'Top Gun: Maverick', 5, 'Blockbuster musim panas sejati.');
INSERT IGNORE INTO `Rating` VALUES ('ayu73@hotmail.com', 'Ayuu', 'Top Gun: Maverick', 3, 'Karakter pendukung kurang dalam.');
INSERT IGNORE INTO `Rating` VALUES ('bsafitri@mail.com', 'bella', 'Top Gun: Maverick', 5, 'Adrenalin rush!');
INSERT IGNORE INTO `Rating` VALUES ('cici.paramita@gmail.com', 'cici', 'Top Gun: Maverick', 4, 'Ending yang memuaskan.');

-- Batch 6: Breaking Bad (User 76-90)
INSERT IGNORE INTO `Rating` VALUES ('dewifor@yahoo.co.id', 'dewi', 'Breaking Bad', 5, 'Serial TV terbaik sepanjang masa.');
INSERT IGNORE INTO `Rating` VALUES ('elsa_pitaloka@outlook.com', 'elsa', 'Breaking Bad', 5, 'Perkembangan karakter Walter White gila.');
INSERT IGNORE INTO `Rating` VALUES ('fiona78@hotmail.com', 'Fioa', 'Breaking Bad', 4, 'Season awal agak lambat.');
INSERT IGNORE INTO `Rating` VALUES ('ganastasia@mail.com', 'Gisa', 'Breaking Bad', 5, 'Jesse Pinkman sangat kasihan.');
INSERT IGNORE INTO `Rating` VALUES ('intan.nuraini@gmail.com', 'Intan', 'Breaking Bad', 5, 'Penulisan naskah yang jenius.');
INSERT IGNORE INTO `Rating` VALUES ('keziaame@yahoo.co.id', 'kezia', 'Breaking Bad', 4, 'Sangat menegangkan.');
INSERT IGNORE INTO `Rating` VALUES ('lina_marlina@outlook.com', 'lina', 'Breaking Bad', 5, 'Ozymandias adalah episode terbaik.');
INSERT IGNORE INTO `Rating` VALUES ('melati83@hotmail.com', 'Meli', 'Breaking Bad', 3, 'Terlalu dark buat saya.');
INSERT IGNORE INTO `Rating` VALUES ('nsaphira@mail.com', 'nadia', 'Breaking Bad', 5, 'Bryan Cranston aktingnya top.');
INSERT IGNORE INTO `Rating` VALUES ('prilly.latuconsina@gmail.com', 'Priy', 'Breaking Bad', 4, 'Gus Fring villain yang karismatik.');
INSERT IGNORE INTO `Rating` VALUES ('sherinamun@yahoo.co.id', 'sherina', 'Breaking Bad', 5, 'Ending yang sempurna.');
INSERT IGNORE INTO `Rating` VALUES ('tika_panggabean@outlook.com', 'tika', 'Breaking Bad', 4, 'Visual Gurun New Mexico ikonik.');
INSERT IGNORE INTO `Rating` VALUES ('wulan88@hotmail.com', 'Wuln', 'Breaking Bad', 5, 'Science Bitch!');
INSERT IGNORE INTO `Rating` VALUES ('ysari@mail.com', 'yolanda', 'Breaking Bad', 4, 'Banyak momen shocking.');
INSERT IGNORE INTO `Rating` VALUES ('amanda.manopo@gmail.com', 'Amaa', 'Breaking Bad', 5, 'Masterpiece pertelevisian.');

-- Batch 7: Stranger Things (User 91-105)
INSERT IGNORE INTO `Rating` VALUES ('raisaand@yahoo.co.id', 'raisa', 'Stranger Things', 4, 'Nostalgia 80an yang kental.');
INSERT IGNORE INTO `Rating` VALUES ('isyana_sarasvati@outlook.com', 'Isyana', 'Stranger Things', 5, 'Season 4 sangat menyeramkan.');
INSERT IGNORE INTO `Rating` VALUES ('maudy93@hotmail.com', 'maudy', 'Stranger Things', 3, 'Ceritanya mulai berulang.');
INSERT IGNORE INTO `Rating` VALUES ('cislan@mail.com', 'chelsea', 'Stranger Things', 4, 'Anak-anaknya aktingnya jago.');
INSERT IGNORE INTO `Rating` VALUES ('pevita.pearce@gmail.com', 'Pevita', 'Stranger Things', 5, 'Vecna musuh yang keren.');
INSERT IGNORE INTO `Rating` VALUES ('dianpel@yahoo.co.id', 'dian', 'Stranger Things', 4, 'Efek visualnya bagus.');
INSERT IGNORE INTO `Rating` VALUES ('nagita_slavina@outlook.com', 'Nagita', 'Stranger Things', 5, 'Suka banget sama Eleven.');
INSERT IGNORE INTO `Rating` VALUES ('luna98@hotmail.com', 'Luna', 'Stranger Things', 4, 'Soundtracknya enak-enak.');
INSERT IGNORE INTO `Rating` VALUES ('sdewi@mail.com', 'Sandra', 'Stranger Things', 3, 'Durasi per episode kepanjangan.');
INSERT IGNORE INTO `Rating` VALUES ('nikita.willy@gmail.com', 'Nikita', 'Stranger Things', 5, 'Running Up That Hill!');
INSERT IGNORE INTO `Rating` VALUES ('rezarah@yahoo.co.id', 'Reza', 'Stranger Things', 4, 'Hopper karakter favorit saya.');
INSERT IGNORE INTO `Rating` VALUES ('iqbaal_ramadhan@outlook.com', 'iqbaal', 'Stranger Things', 5, 'Gabungan horor dan sci-fi yang pas.');
INSERT IGNORE INTO `Rating` VALUES ('aliando103@hotmail.com', 'aliando', 'Stranger Things', 3, 'Kebanyakan karakter baru.');
INSERT IGNORE INTO `Rating` VALUES ('ayasiz@mail.com', 'Arbani', 'Stranger Things', 4, 'Seru buat binge watching.');
INSERT IGNORE INTO `Rating` VALUES ('bryan.domani@gmail.com', 'Bryn', 'Stranger Things', 5, 'Gak sabar season terakhir.');

-- Batch 8: Interstellar (User 106-120)
INSERT IGNORE INTO `Rating` VALUES ('diktawic@yahoo.co.id', 'Dika', 'Interstellar', 5, 'Film luar angkasa terbaik.');
INSERT IGNORE INTO `Rating` VALUES ('ericko_lim@outlook.com', 'Ericko', 'Interstellar', 5, 'Endingnya bikin nangis.');
INSERT IGNORE INTO `Rating` VALUES ('fadil108@hotmail.com', 'Fadl', 'Interstellar', 4, 'Teori fisikanya berat.');
INSERT IGNORE INTO `Rating` VALUES ('gmarten@mail.com', 'gading', 'Interstellar', 5, 'Musik Hans Zimmer magis.');
INSERT IGNORE INTO `Rating` VALUES ('harris.vriza@gmail.com', 'Harris', 'Interstellar', 3, 'Suaranya kadang terlalu kencang.');
INSERT IGNORE INTO `Rating` VALUES ('ibnujam@yahoo.co.id', 'ibnu', 'Interstellar', 5, 'Visual black hole-nya indah.');
INSERT IGNORE INTO `Rating` VALUES ('jerome_polin@outlook.com', 'Jerome', 'Interstellar', 4, 'Hubungan ayah dan anak yang menyentuh.');
INSERT IGNORE INTO `Rating` VALUES ('keanu113@hotmail.com', 'Keanu', 'Interstellar', 5, 'Adegan docking sangat intens.');
INSERT IGNORE INTO `Rating` VALUES ('lhakim@mail.com', 'Lucy', 'Interstellar', 4, 'McConaughey aktingnya totalitas.');
INSERT IGNORE INTO `Rating` VALUES ('mischa.chandrawinata@gmail.com', 'mischa', 'Interstellar', 5, 'Mind blowing banget.');
INSERT IGNORE INTO `Rating` VALUES ('nicholassap@yahoo.co.id', 'Nics', 'Interstellar', 4, 'Perlu nonton dua kali biar paham.');
INSERT IGNORE INTO `Rating` VALUES ('omar_daniel@outlook.com', 'Omar', 'Interstellar', 5, 'Sci-fi yang emosional.');
INSERT IGNORE INTO `Rating` VALUES ('prambors118@hotmail.com', 'Pras', 'Interstellar', 3, 'Agak lambat di awal.');
INSERT IGNORE INTO `Rating` VALUES ('rkjaernett@mail.com', 'Reny', 'Interstellar', 5, 'Murph!!!');
INSERT IGNORE INTO `Rating` VALUES ('stefan.william@gmail.com', 'Stefan', 'Interstellar', 4, 'Sangat ambisius.');

-- Batch 9: Parasite (User 121-135)
INSERT IGNORE INTO `Rating` VALUES ('torasud@yahoo.co.id', 'Tora', 'Parasite', 5, 'Film Asia terbaik.');
INSERT IGNORE INTO `Rating` VALUES ('vidi_aldiano@outlook.com', 'Vidi', 'Parasite', 5, 'Plot twist di tengah bikin kaget.');
INSERT IGNORE INTO `Rating` VALUES ('willy123@hotmail.com', 'Willy', 'Parasite', 4, 'Kritik sosial yang tajam.');
INSERT IGNORE INTO `Rating` VALUES ('xlim@mail.com', 'Xian', 'Parasite', 5, 'Sangat menegangkan dan lucu.');
INSERT IGNORE INTO `Rating` VALUES ('yuki.kato@gmail.com', 'Yuki', 'Parasite', 4, 'Set rumahnya keren.');
INSERT IGNORE INTO `Rating` VALUES ('zivannalet@yahoo.co.id', 'Zivanna', 'Parasite', 5, 'Layak dapat Oscar.');
INSERT IGNORE INTO `Rating` VALUES ('adinia_wirasti@outlook.com', 'adinia', 'Parasite', 3, 'Agak disturbing endingnya.');
INSERT IGNORE INTO `Rating` VALUES ('bambang128@hotmail.com', 'Bambang', 'Parasite', 5, 'Sutradara Bong Joon Ho jenius.');
INSERT IGNORE INTO `Rating` VALUES ('ckhan@mail.com', 'Cakra', 'Parasite', 4, 'Akting para pemain natural.');
INSERT IGNORE INTO `Rating` VALUES ('desta.mahendra@gmail.com', 'desta', 'Parasite', 5, 'Metafora tangga dan bau sangat kuat.');
INSERT IGNORE INTO `Rating` VALUES ('ernestpra@yahoo.co.id', 'ernest', 'Parasite', 4, 'Sinematografinya rapi.');
INSERT IGNORE INTO `Rating` VALUES ('fiersa_besari@outlook.com', 'fiersa', 'Parasite', 5, 'Thriller komedi yang gelap.');
INSERT IGNORE INTO `Rating` VALUES ('glenn133@hotmail.com', 'Glenn', 'Parasite', 4, 'Sangat relatable.');
INSERT IGNORE INTO `Rating` VALUES ('hdaud@mail.com', 'Hamish', 'Parasite', 5, 'Jessica Illingois Chicago.');
INSERT IGNORE INTO `Rating` VALUES ('iko.uwais@gmail.com', 'Ikoo', 'Parasite', 3, 'Terlalu sadis di akhir.');

-- Batch 10: Inception (User 136-150)
INSERT IGNORE INTO `Rating` VALUES ('joetas@yahoo.co.id', 'Joe', 'Inception', 5, 'Konsep mimpi dalam mimpi keren.');
INSERT IGNORE INTO `Rating` VALUES ('kiki_fatmala@outlook.com', 'Kiki', 'Inception', 5, 'Actionnya seru banget.');
INSERT IGNORE INTO `Rating` VALUES ('lesty138@hotmail.com', 'Lesty', 'Inception', 4, 'Harus fokus nontonnya.');
INSERT IGNORE INTO `Rating` VALUES ('mgoeslaw@mail.com', 'Mely', 'Inception', 5, 'Efek visual kota terbalik ikonik.');
INSERT IGNORE INTO `Rating` VALUES ('nino.fernandez@gmail.com', 'nino', 'Inception', 4, 'Endingnya bikin penasaran.');
INSERT IGNORE INTO `Rating` VALUES ('onadioleo@yahoo.co.id', 'Onadio', 'Inception', 5, 'Hans Zimmer musiknya dahsyat.');
INSERT IGNORE INTO `Rating` VALUES ('pamela_bowie@outlook.com', 'pamela', 'Inception', 4, 'Leonardo DiCaprio main bagus.');
INSERT IGNORE INTO `Rating` VALUES ('qory143@hotmail.com', 'Qory', 'Inception', 5, 'Sangat orisinal.');
INSERT IGNORE INTO `Rating` VALUES ('ragus@mail.com', 'Rino', 'Inception', 3, 'Pusing mikirin plotnya.');
INSERT IGNORE INTO `Rating` VALUES ('soimah.pancawati@gmail.com', 'Soih', 'Inception', 5, 'Film action pintar.');
INSERT IGNORE INTO `Rating` VALUES ('tuluspra@yahoo.co.id', 'Tulus', 'Inception', 4, 'Tom Hardy karismatik.');
INSERT IGNORE INTO `Rating` VALUES ('ucok_baba@outlook.com', 'Ucok', 'Inception', 5, 'Adegan koridor tanpa gravitasi keren.');
INSERT IGNORE INTO `Rating` VALUES ('vanessa148@hotmail.com', 'vanessa', 'Inception', 4, 'Tempo filmnya cepat.');
INSERT IGNORE INTO `Rating` VALUES ('wcagur@mail.com', 'wendy', 'Inception', 5, 'Salah satu film terbaik Nolan.');
INSERT IGNORE INTO `Rating` VALUES ('yura.yunita@gmail.com', 'Yura', 'Inception', 4, 'Gasingnya berhenti gak ya?');

COMMIT;
SET FOREIGN_KEY_CHECKS=1;