USE `basdat_movie`;
SET FOREIGN_KEY_CHECKS=0;
START TRANSACTION;

-- ================= PAKET LANGGANAN =================

INSERT IGNORE INTO `Paket_Langganan` (`nama_paket`, `harga_bulanan`, `maks_resolusi`, `maks_perangkat`) VALUES ('Basic', 65000, '720p', 1);
INSERT IGNORE INTO `Paket_Langganan` (`nama_paket`, `harga_bulanan`, `maks_resolusi`, `maks_perangkat`) VALUES ('Standard', 120000, '1080p', 2);
INSERT IGNORE INTO `Paket_Langganan` (`nama_paket`, `harga_bulanan`, `maks_resolusi`, `maks_perangkat`) VALUES ('Premium', 186000, '4K+HDR', 4);
INSERT IGNORE INTO `Kartu_Kredit` (`nomor_kartu`, `jenis`, `empat_digit_nomor`, `tanggal_kadaluarsa`) VALUES ('4000-1234-5678-9010', 'Visa', '9010', '2028-12-31');
-- ================= PELANGGAN (150) =================

INSERT IGNORE INTO `Pelanggan` VALUES ('user1@mail.com', 'Pengguna 1', '1995-05-20', 'Basic', NULL);
INSERT IGNORE INTO `Pelanggan` VALUES ('user2@mail.com', 'Pengguna 2', '1998-11-12', 'Standard', NULL);
INSERT IGNORE INTO `Pelanggan` VALUES ('user3@mail.com', 'Pengguna 3', '2001-02-15', 'Premium', NULL);
INSERT IGNORE INTO `Pelanggan` VALUES ('user4@mail.com', 'Pengguna 4', '1993-07-08', 'Basic', NULL);
INSERT IGNORE INTO `Pelanggan` VALUES ('user5@mail.com', 'Pengguna 5', '1990-09-30', 'Standard', NULL);
INSERT IGNORE INTO `Pelanggan` VALUES ('user6@mail.com', 'Pengguna 6', '1988-04-22', 'Premium', NULL);
INSERT IGNORE INTO `Pelanggan` VALUES ('user7@mail.com', 'Pengguna 7', '1999-01-05', 'Basic', NULL);
INSERT IGNORE INTO `Pelanggan` VALUES ('user8@mail.com', 'Pengguna 8', '1996-06-18', 'Standard', NULL);
INSERT IGNORE INTO `Pelanggan` VALUES ('user9@mail.com', 'Pengguna 9', '2000-12-25', 'Premium', NULL);
INSERT IGNORE INTO `Pelanggan` VALUES ('user10@mail.com', 'Pengguna 10', '1992-08-14', 'Basic', NULL);
INSERT IGNORE INTO `Pelanggan` VALUES ('user11@mail.com', 'Pengguna 11', '1994-03-29', 'Standard', NULL);
INSERT IGNORE INTO `Pelanggan` VALUES ('user12@mail.com', 'Pengguna 12', '1989-10-10', 'Premium', NULL);
INSERT IGNORE INTO `Pelanggan` VALUES ('user13@mail.com', 'Pengguna 13', '1997-05-05', 'Basic', NULL);
INSERT IGNORE INTO `Pelanggan` VALUES ('user14@mail.com', 'Pengguna 14', '2002-09-09', 'Standard', NULL);
INSERT IGNORE INTO `Pelanggan` VALUES ('user15@mail.com', 'Pengguna 15', '1991-01-17', 'Premium', NULL);
INSERT IGNORE INTO `Pelanggan` VALUES ('user16@mail.com', 'Pengguna 16', '1987-11-20', 'Basic', NULL);
INSERT IGNORE INTO `Pelanggan` VALUES ('user17@mail.com', 'Pengguna 17', '1995-02-28', 'Standard', NULL);
INSERT IGNORE INTO `Pelanggan` VALUES ('user18@mail.com', 'Pengguna 18', '1998-07-12', 'Premium', NULL);
INSERT IGNORE INTO `Pelanggan` VALUES ('user19@mail.com', 'Pengguna 19', '2003-04-04', 'Basic', NULL);
INSERT IGNORE INTO `Pelanggan` VALUES ('user20@mail.com', 'Pengguna 20', '1990-08-22', 'Standard', NULL);
INSERT IGNORE INTO `Pelanggan` VALUES ('user21@mail.com', 'Pengguna 21', '1996-12-01', 'Premium', NULL);
INSERT IGNORE INTO `Pelanggan` VALUES ('user22@mail.com', 'Pengguna 22', '1993-05-15', 'Basic', NULL);
INSERT IGNORE INTO `Pelanggan` VALUES ('user23@mail.com', 'Pengguna 23', '1999-10-08', 'Standard', NULL);
INSERT IGNORE INTO `Pelanggan` VALUES ('user24@mail.com', 'Pengguna 24', '1988-03-30', 'Premium', NULL);
INSERT IGNORE INTO `Pelanggan` VALUES ('user25@mail.com', 'Pengguna 25', '1994-09-19', 'Basic', NULL);
INSERT IGNORE INTO `Pelanggan` VALUES ('user26@mail.com', 'Pengguna 26', '2001-01-22', 'Standard', NULL);
INSERT IGNORE INTO `Pelanggan` VALUES ('user27@mail.com', 'Pengguna 27', '1997-06-14', 'Premium', NULL);
INSERT IGNORE INTO `Pelanggan` VALUES ('user28@mail.com', 'Pengguna 28', '1992-11-05', 'Basic', NULL);
INSERT IGNORE INTO `Pelanggan` VALUES ('user29@mail.com', 'Pengguna 29', '1989-02-18', 'Standard', NULL);
INSERT IGNORE INTO `Pelanggan` VALUES ('user30@mail.com', 'Pengguna 30', '2000-07-25', 'Premium', NULL);
INSERT IGNORE INTO `Pelanggan` VALUES ('user31@mail.com', 'Pengguna 31', '1995-04-10', 'Basic', NULL);
INSERT IGNORE INTO `Pelanggan` VALUES ('user32@mail.com', 'Pengguna 32', '1998-08-29', 'Standard', NULL);
INSERT IGNORE INTO `Pelanggan` VALUES ('user33@mail.com', 'Pengguna 33', '2002-12-09', 'Premium', NULL);
INSERT IGNORE INTO `Pelanggan` VALUES ('user34@mail.com', 'Pengguna 34', '1991-03-03', 'Basic', NULL);
INSERT IGNORE INTO `Pelanggan` VALUES ('user35@mail.com', 'Pengguna 35', '1996-10-17', 'Standard', NULL);
INSERT IGNORE INTO `Pelanggan` VALUES ('user36@mail.com', 'Pengguna 36', '1987-05-20', 'Premium', NULL);
INSERT IGNORE INTO `Pelanggan` VALUES ('user37@mail.com', 'Pengguna 37', '1993-09-12', 'Basic', NULL);
INSERT IGNORE INTO `Pelanggan` VALUES ('user38@mail.com', 'Pengguna 38', '1999-02-05', 'Standard', NULL);
INSERT IGNORE INTO `Pelanggan` VALUES ('user39@mail.com', 'Pengguna 39', '2003-06-28', 'Premium', NULL);
INSERT IGNORE INTO `Pelanggan` VALUES ('user40@mail.com', 'Pengguna 40', '1990-11-15', 'Basic', NULL);
INSERT IGNORE INTO `Pelanggan` VALUES ('user41@mail.com', 'Pengguna 41', '1994-01-08', 'Standard', NULL);
INSERT IGNORE INTO `Pelanggan` VALUES ('user42@mail.com', 'Pengguna 42', '1988-08-30', 'Premium', NULL);
INSERT IGNORE INTO `Pelanggan` VALUES ('user43@mail.com', 'Pengguna 43', '2001-04-22', 'Basic', NULL);
INSERT IGNORE INTO `Pelanggan` VALUES ('user44@mail.com', 'Pengguna 44', '1997-12-05', 'Standard', NULL);
INSERT IGNORE INTO `Pelanggan` VALUES ('user45@mail.com', 'Pengguna 45', '1992-05-18', 'Premium', NULL);
INSERT IGNORE INTO `Pelanggan` VALUES ('user46@mail.com', 'Pengguna 46', '1995-09-25', 'Basic', NULL);
INSERT IGNORE INTO `Pelanggan` VALUES ('user47@mail.com', 'Pengguna 47', '1989-03-14', 'Standard', NULL);
INSERT IGNORE INTO `Pelanggan` VALUES ('user48@mail.com', 'Pengguna 48', '2000-07-29', 'Premium', NULL);
INSERT IGNORE INTO `Pelanggan` VALUES ('user49@mail.com', 'Pengguna 49', '1996-10-10', 'Basic', NULL);
INSERT IGNORE INTO `Pelanggan` VALUES ('user50@mail.com', 'Pengguna 50', '2002-02-05', 'Standard', NULL);
INSERT IGNORE INTO `Pelanggan` VALUES ('user51@mail.com', 'Pengguna 51', '1991-06-09', 'Premium', NULL);
INSERT IGNORE INTO `Pelanggan` VALUES ('user52@mail.com', 'Pengguna 52', '1987-11-17', 'Basic', NULL);
INSERT IGNORE INTO `Pelanggan` VALUES ('user53@mail.com', 'Pengguna 53', '1993-04-20', 'Standard', NULL);
INSERT IGNORE INTO `Pelanggan` VALUES ('user54@mail.com', 'Pengguna 54', '1998-09-28', 'Premium', NULL);
INSERT IGNORE INTO `Pelanggan` VALUES ('user55@mail.com', 'Pengguna 55', '2003-01-12', 'Basic', NULL);
INSERT IGNORE INTO `Pelanggan` VALUES ('user56@mail.com', 'Pengguna 56', '1990-05-04', 'Standard', NULL);
INSERT IGNORE INTO `Pelanggan` VALUES ('user57@mail.com', 'Pengguna 57', '1996-08-22', 'Premium', NULL);
INSERT IGNORE INTO `Pelanggan` VALUES ('user58@mail.com', 'Pengguna 58', '1994-12-01', 'Basic', NULL);
INSERT IGNORE INTO `Pelanggan` VALUES ('user59@mail.com', 'Pengguna 59', '2001-03-15', 'Standard', NULL);
INSERT IGNORE INTO `Pelanggan` VALUES ('user60@mail.com', 'Pengguna 60', '1988-10-08', 'Premium', NULL);
INSERT IGNORE INTO `Pelanggan` VALUES ('user61@mail.com', 'Pengguna 61', '1995-02-30', 'Basic', NULL);
INSERT IGNORE INTO `Pelanggan` VALUES ('user62@mail.com', 'Pengguna 62', '1997-07-19', 'Standard', NULL);
INSERT IGNORE INTO `Pelanggan` VALUES ('user63@mail.com', 'Pengguna 63', '1992-11-22', 'Premium', NULL);
INSERT IGNORE INTO `Pelanggan` VALUES ('user64@mail.com', 'Pengguna 64', '1999-04-14', 'Basic', NULL);
INSERT IGNORE INTO `Pelanggan` VALUES ('user65@mail.com', 'Pengguna 65', '1989-09-05', 'Standard', NULL);
INSERT IGNORE INTO `Pelanggan` VALUES ('user66@mail.com', 'Pengguna 66', '2002-12-18', 'Premium', NULL);
INSERT IGNORE INTO `Pelanggan` VALUES ('user67@mail.com', 'Pengguna 67', '1991-05-25', 'Basic', NULL);
INSERT IGNORE INTO `Pelanggan` VALUES ('user68@mail.com', 'Pengguna 68', '1996-08-10', 'Standard', NULL);
INSERT IGNORE INTO `Pelanggan` VALUES ('user69@mail.com', 'Pengguna 69', '1987-01-29', 'Premium', NULL);
INSERT IGNORE INTO `Pelanggan` VALUES ('user70@mail.com', 'Pengguna 70', '1993-06-09', 'Basic', NULL);
INSERT IGNORE INTO `Pelanggan` VALUES ('user71@mail.com', 'Pengguna 71', '1998-10-03', 'Standard', NULL);
INSERT IGNORE INTO `Pelanggan` VALUES ('user72@mail.com', 'Pengguna 72', '2003-03-17', 'Premium', NULL);
INSERT IGNORE INTO `Pelanggan` VALUES ('user73@mail.com', 'Pengguna 73', '1990-07-20', 'Basic', NULL);
INSERT IGNORE INTO `Pelanggan` VALUES ('user74@mail.com', 'Pengguna 74', '1994-11-12', 'Standard', NULL);
INSERT IGNORE INTO `Pelanggan` VALUES ('user75@mail.com', 'Pengguna 75', '2000-02-28', 'Premium', NULL);
INSERT IGNORE INTO `Pelanggan` VALUES ('user76@mail.com', 'Pengguna 76', '1995-05-04', 'Basic', NULL);
INSERT IGNORE INTO `Pelanggan` VALUES ('user77@mail.com', 'Pengguna 77', '1989-09-22', 'Standard', NULL);
INSERT IGNORE INTO `Pelanggan` VALUES ('user78@mail.com', 'Pengguna 78', '1997-12-01', 'Premium', NULL);
INSERT IGNORE INTO `Pelanggan` VALUES ('user79@mail.com', 'Pengguna 79', '2001-04-15', 'Basic', NULL);
INSERT IGNORE INTO `Pelanggan` VALUES ('user80@mail.com', 'Pengguna 80', '1992-08-08', 'Standard', NULL);
INSERT IGNORE INTO `Pelanggan` VALUES ('user81@mail.com', 'Pengguna 81', '1988-01-30', 'Premium', NULL);
INSERT IGNORE INTO `Pelanggan` VALUES ('user82@mail.com', 'Pengguna 82', '1996-06-19', 'Basic', NULL);
INSERT IGNORE INTO `Pelanggan` VALUES ('user83@mail.com', 'Pengguna 83', '1993-11-22', 'Standard', NULL);
INSERT IGNORE INTO `Pelanggan` VALUES ('user84@mail.com', 'Pengguna 84', '2002-03-14', 'Premium', NULL);
INSERT IGNORE INTO `Pelanggan` VALUES ('user85@mail.com', 'Pengguna 85', '1991-07-05', 'Basic', NULL);
INSERT IGNORE INTO `Pelanggan` VALUES ('user86@mail.com', 'Pengguna 86', '1999-10-18', 'Standard', NULL);
INSERT IGNORE INTO `Pelanggan` VALUES ('user87@mail.com', 'Pengguna 87', '1987-02-25', 'Premium', NULL);
INSERT IGNORE INTO `Pelanggan` VALUES ('user88@mail.com', 'Pengguna 88', '1994-05-10', 'Basic', NULL);
INSERT IGNORE INTO `Pelanggan` VALUES ('user89@mail.com', 'Pengguna 89', '2000-09-29', 'Standard', NULL);
INSERT IGNORE INTO `Pelanggan` VALUES ('user90@mail.com', 'Pengguna 90', '1995-12-09', 'Premium', NULL);
INSERT IGNORE INTO `Pelanggan` VALUES ('user91@mail.com', 'Pengguna 91', '1990-04-03', 'Basic', NULL);
INSERT IGNORE INTO `Pelanggan` VALUES ('user92@mail.com', 'Pengguna 92', '1998-08-17', 'Standard', NULL);
INSERT IGNORE INTO `Pelanggan` VALUES ('user93@mail.com', 'Pengguna 93', '2003-01-20', 'Premium', NULL);
INSERT IGNORE INTO `Pelanggan` VALUES ('user94@mail.com', 'Pengguna 94', '1992-05-12', 'Basic', NULL);
INSERT IGNORE INTO `Pelanggan` VALUES ('user95@mail.com', 'Pengguna 95', '1989-10-05', 'Standard', NULL);
INSERT IGNORE INTO `Pelanggan` VALUES ('user96@mail.com', 'Pengguna 96', '1997-02-28', 'Premium', NULL);
INSERT IGNORE INTO `Pelanggan` VALUES ('user97@mail.com', 'Pengguna 97', '2001-07-15', 'Basic', NULL);
INSERT IGNORE INTO `Pelanggan` VALUES ('user98@mail.com', 'Pengguna 98', '1994-11-22', 'Standard', NULL);
INSERT IGNORE INTO `Pelanggan` VALUES ('user99@mail.com', 'Pengguna 99', '1988-03-04', 'Premium', NULL);
INSERT IGNORE INTO `Pelanggan` VALUES ('user100@mail.com', 'Pengguna 100', '1996-09-08', 'Basic', NULL);
INSERT IGNORE INTO `Pelanggan` VALUES ('user101@mail.com', 'Pengguna 101', '1991-12-30', 'Standard', NULL);
INSERT IGNORE INTO `Pelanggan` VALUES ('user102@mail.com', 'Pengguna 102', '2002-04-19', 'Premium', NULL);
INSERT IGNORE INTO `Pelanggan` VALUES ('user103@mail.com', 'Pengguna 103', '1993-08-14', 'Basic', NULL);
INSERT IGNORE INTO `Pelanggan` VALUES ('user104@mail.com', 'Pengguna 104', '1999-01-05', 'Standard', NULL);
INSERT IGNORE INTO `Pelanggan` VALUES ('user105@mail.com', 'Pengguna 105', '1987-06-25', 'Premium', NULL);
INSERT IGNORE INTO `Pelanggan` VALUES ('user106@mail.com', 'Pengguna 106', '1995-10-10', 'Basic', NULL);
INSERT IGNORE INTO `Pelanggan` VALUES ('user107@mail.com', 'Pengguna 107', '1990-03-03', 'Standard', NULL);
INSERT IGNORE INTO `Pelanggan` VALUES ('user108@mail.com', 'Pengguna 108', '1998-07-17', 'Premium', NULL);
INSERT IGNORE INTO `Pelanggan` VALUES ('user109@mail.com', 'Pengguna 109', '2003-11-20', 'Basic', NULL);
INSERT IGNORE INTO `Pelanggan` VALUES ('user110@mail.com', 'Pengguna 110', '1992-04-12', 'Standard', NULL);
INSERT IGNORE INTO `Pelanggan` VALUES ('user111@mail.com', 'Pengguna 111', '1989-08-05', 'Premium', NULL);
INSERT IGNORE INTO `Pelanggan` VALUES ('user112@mail.com', 'Pengguna 112', '1997-12-28', 'Basic', NULL);
INSERT IGNORE INTO `Pelanggan` VALUES ('user113@mail.com', 'Pengguna 113', '2001-05-15', 'Standard', NULL);
INSERT IGNORE INTO `Pelanggan` VALUES ('user114@mail.com', 'Pengguna 114', '1994-09-22', 'Premium', NULL);
INSERT IGNORE INTO `Pelanggan` VALUES ('user115@mail.com', 'Pengguna 115', '1988-02-08', 'Basic', NULL);
INSERT IGNORE INTO `Pelanggan` VALUES ('user116@mail.com', 'Pengguna 116', '1996-06-30', 'Standard', NULL);
INSERT IGNORE INTO `Pelanggan` VALUES ('user117@mail.com', 'Pengguna 117', '1991-11-01', 'Premium', NULL);
INSERT IGNORE INTO `Pelanggan` VALUES ('user118@mail.com', 'Pengguna 118', '2000-03-19', 'Basic', NULL);
INSERT IGNORE INTO `Pelanggan` VALUES ('user119@mail.com', 'Pengguna 119', '1993-07-25', 'Standard', NULL);
INSERT IGNORE INTO `Pelanggan` VALUES ('user120@mail.com', 'Pengguna 120', '1987-12-14', 'Premium', NULL);
INSERT IGNORE INTO `Pelanggan` VALUES ('user121@mail.com', 'Pengguna 121', '1995-04-05', 'Basic', NULL);
INSERT IGNORE INTO `Pelanggan` VALUES ('user122@mail.com', 'Pengguna 122', '1999-09-10', 'Standard', NULL);
INSERT IGNORE INTO `Pelanggan` VALUES ('user123@mail.com', 'Pengguna 123', '1990-01-29', 'Premium', NULL);
INSERT IGNORE INTO `Pelanggan` VALUES ('user124@mail.com', 'Pengguna 124', '1998-05-22', 'Basic', NULL);
INSERT IGNORE INTO `Pelanggan` VALUES ('user125@mail.com', 'Pengguna 125', '2002-10-14', 'Standard', NULL);
INSERT IGNORE INTO `Pelanggan` VALUES ('user126@mail.com', 'Pengguna 126', '1992-02-03', 'Premium', NULL);
INSERT IGNORE INTO `Pelanggan` VALUES ('user127@mail.com', 'Pengguna 127', '1988-07-17', 'Basic', NULL);
INSERT IGNORE INTO `Pelanggan` VALUES ('user128@mail.com', 'Pengguna 128', '1996-11-20', 'Standard', NULL);
INSERT IGNORE INTO `Pelanggan` VALUES ('user129@mail.com', 'Pengguna 129', '1991-04-08', 'Premium', NULL);
INSERT IGNORE INTO `Pelanggan` VALUES ('user130@mail.com', 'Pengguna 130', '2001-08-30', 'Basic', NULL);
INSERT IGNORE INTO `Pelanggan` VALUES ('user131@mail.com', 'Pengguna 131', '1994-12-12', 'Standard', NULL);
INSERT IGNORE INTO `Pelanggan` VALUES ('user132@mail.com', 'Pengguna 132', '1989-05-05', 'Premium', NULL);
INSERT IGNORE INTO `Pelanggan` VALUES ('user133@mail.com', 'Pengguna 133', '1997-09-18', 'Basic', NULL);
INSERT IGNORE INTO `Pelanggan` VALUES ('user134@mail.com', 'Pengguna 134', '2000-01-25', 'Standard', NULL);
INSERT IGNORE INTO `Pelanggan` VALUES ('user135@mail.com', 'Pengguna 135', '1993-06-09', 'Premium', NULL);
INSERT IGNORE INTO `Pelanggan` VALUES ('user136@mail.com', 'Pengguna 136', '1998-10-22', 'Basic', NULL);
INSERT IGNORE INTO `Pelanggan` VALUES ('user137@mail.com', 'Pengguna 137', '1987-03-14', 'Standard', NULL);
INSERT IGNORE INTO `Pelanggan` VALUES ('user138@mail.com', 'Pengguna 138', '1995-07-28', 'Premium', NULL);
INSERT IGNORE INTO `Pelanggan` VALUES ('user139@mail.com', 'Pengguna 139', '2003-12-01', 'Basic', NULL);
INSERT IGNORE INTO `Pelanggan` VALUES ('user140@mail.com', 'Pengguna 140', '1991-04-15', 'Standard', NULL);
INSERT IGNORE INTO `Pelanggan` VALUES ('user141@mail.com', 'Pengguna 141', '1999-09-08', 'Premium', NULL);
INSERT IGNORE INTO `Pelanggan` VALUES ('user142@mail.com', 'Pengguna 142', '1990-01-30', 'Basic', NULL);
INSERT IGNORE INTO `Pelanggan` VALUES ('user143@mail.com', 'Pengguna 143', '1996-06-12', 'Standard', NULL);
INSERT IGNORE INTO `Pelanggan` VALUES ('user144@mail.com', 'Pengguna 144', '1988-10-25', 'Premium', NULL);
INSERT IGNORE INTO `Pelanggan` VALUES ('user145@mail.com', 'Pengguna 145', '2002-03-05', 'Basic', NULL);
INSERT IGNORE INTO `Pelanggan` VALUES ('user146@mail.com', 'Pengguna 146', '1994-07-18', 'Standard', NULL);
INSERT IGNORE INTO `Pelanggan` VALUES ('user147@mail.com', 'Pengguna 147', '1992-12-10', 'Premium', NULL);
INSERT IGNORE INTO `Pelanggan` VALUES ('user148@mail.com', 'Pengguna 148', '2000-04-20', 'Basic', NULL);
INSERT IGNORE INTO `Pelanggan` VALUES ('user149@mail.com', 'Pengguna 149', '1989-09-03', 'Standard', NULL);
INSERT IGNORE INTO `Pelanggan` VALUES ('user150@mail.com', 'Pengguna 150', '1997-01-15', 'Premium', NULL);

-- ============================================================
-- PROFIL
-- ============================================================
INSERT IGNORE INTO `Profil` VALUES ('user1@mail.com', 'Profil Utama', 'Dewasa');
INSERT IGNORE INTO `Profil` VALUES ('user2@mail.com', 'Profil Utama', 'Dewasa');
INSERT IGNORE INTO `Profil` VALUES ('user3@mail.com', 'Profil Utama', 'Dewasa');
INSERT IGNORE INTO `Profil` VALUES ('user4@mail.com', 'Profil Utama', 'Dewasa');
INSERT IGNORE INTO `Profil` VALUES ('user5@mail.com', 'Profil Utama', 'Dewasa');
INSERT IGNORE INTO `Profil` VALUES ('user6@mail.com', 'Profil Utama', 'Dewasa');
INSERT IGNORE INTO `Profil` VALUES ('user7@mail.com', 'Profil Utama', 'Dewasa');
INSERT IGNORE INTO `Profil` VALUES ('user8@mail.com', 'Profil Utama', 'Dewasa');
INSERT IGNORE INTO `Profil` VALUES ('user9@mail.com', 'Profil Utama', 'Dewasa');
INSERT IGNORE INTO `Profil` VALUES ('user10@mail.com', 'Profil Utama', 'Dewasa');
INSERT IGNORE INTO `Profil` VALUES ('user11@mail.com', 'Profil Utama', 'Dewasa');
INSERT IGNORE INTO `Profil` VALUES ('user12@mail.com', 'Profil Utama', 'Dewasa');
INSERT IGNORE INTO `Profil` VALUES ('user13@mail.com', 'Profil Utama', 'Dewasa');
INSERT IGNORE INTO `Profil` VALUES ('user14@mail.com', 'Profil Utama', 'Dewasa');
INSERT IGNORE INTO `Profil` VALUES ('user15@mail.com', 'Profil Utama', 'Dewasa');
INSERT IGNORE INTO `Profil` VALUES ('user16@mail.com', 'Profil Utama', 'Dewasa');
INSERT IGNORE INTO `Profil` VALUES ('user17@mail.com', 'Profil Utama', 'Dewasa');
INSERT IGNORE INTO `Profil` VALUES ('user18@mail.com', 'Profil Utama', 'Dewasa');
INSERT IGNORE INTO `Profil` VALUES ('user19@mail.com', 'Profil Utama', 'Dewasa');
INSERT IGNORE INTO `Profil` VALUES ('user20@mail.com', 'Profil Utama', 'Dewasa');
INSERT IGNORE INTO `Profil` VALUES ('user21@mail.com', 'Profil Utama', 'Dewasa');
INSERT IGNORE INTO `Profil` VALUES ('user22@mail.com', 'Profil Utama', 'Dewasa');
INSERT IGNORE INTO `Profil` VALUES ('user23@mail.com', 'Profil Utama', 'Dewasa');
INSERT IGNORE INTO `Profil` VALUES ('user24@mail.com', 'Profil Utama', 'Dewasa');
INSERT IGNORE INTO `Profil` VALUES ('user25@mail.com', 'Profil Utama', 'Dewasa');
INSERT IGNORE INTO `Profil` VALUES ('user26@mail.com', 'Profil Utama', 'Dewasa');
INSERT IGNORE INTO `Profil` VALUES ('user27@mail.com', 'Profil Utama', 'Dewasa');
INSERT IGNORE INTO `Profil` VALUES ('user28@mail.com', 'Profil Utama', 'Dewasa');
INSERT IGNORE INTO `Profil` VALUES ('user29@mail.com', 'Profil Utama', 'Dewasa');
INSERT IGNORE INTO `Profil` VALUES ('user30@mail.com', 'Profil Utama', 'Dewasa');
INSERT IGNORE INTO `Profil` VALUES ('user31@mail.com', 'Profil Utama', 'Dewasa');
INSERT IGNORE INTO `Profil` VALUES ('user32@mail.com', 'Profil Utama', 'Dewasa');
INSERT IGNORE INTO `Profil` VALUES ('user33@mail.com', 'Profil Utama', 'Dewasa');
INSERT IGNORE INTO `Profil` VALUES ('user34@mail.com', 'Profil Utama', 'Dewasa');
INSERT IGNORE INTO `Profil` VALUES ('user35@mail.com', 'Profil Utama', 'Dewasa');
INSERT IGNORE INTO `Profil` VALUES ('user36@mail.com', 'Profil Utama', 'Dewasa');
INSERT IGNORE INTO `Profil` VALUES ('user37@mail.com', 'Profil Utama', 'Dewasa');
INSERT IGNORE INTO `Profil` VALUES ('user38@mail.com', 'Profil Utama', 'Dewasa');
INSERT IGNORE INTO `Profil` VALUES ('user39@mail.com', 'Profil Utama', 'Dewasa');
INSERT IGNORE INTO `Profil` VALUES ('user40@mail.com', 'Profil Utama', 'Dewasa');
INSERT IGNORE INTO `Profil` VALUES ('user41@mail.com', 'Profil Utama', 'Dewasa');
INSERT IGNORE INTO `Profil` VALUES ('user42@mail.com', 'Profil Utama', 'Dewasa');
INSERT IGNORE INTO `Profil` VALUES ('user43@mail.com', 'Profil Utama', 'Dewasa');
INSERT IGNORE INTO `Profil` VALUES ('user44@mail.com', 'Profil Utama', 'Dewasa');
INSERT IGNORE INTO `Profil` VALUES ('user45@mail.com', 'Profil Utama', 'Dewasa');
INSERT IGNORE INTO `Profil` VALUES ('user46@mail.com', 'Profil Utama', 'Dewasa');
INSERT IGNORE INTO `Profil` VALUES ('user47@mail.com', 'Profil Utama', 'Dewasa');
INSERT IGNORE INTO `Profil` VALUES ('user48@mail.com', 'Profil Utama', 'Dewasa');
INSERT IGNORE INTO `Profil` VALUES ('user49@mail.com', 'Profil Utama', 'Dewasa');
INSERT IGNORE INTO `Profil` VALUES ('user50@mail.com', 'Profil Utama', 'Dewasa');
INSERT IGNORE INTO `Profil` VALUES ('user51@mail.com', 'Profil Utama', 'Dewasa');
INSERT IGNORE INTO `Profil` VALUES ('user52@mail.com', 'Profil Utama', 'Dewasa');
INSERT IGNORE INTO `Profil` VALUES ('user53@mail.com', 'Profil Utama', 'Dewasa');
INSERT IGNORE INTO `Profil` VALUES ('user54@mail.com', 'Profil Utama', 'Dewasa');
INSERT IGNORE INTO `Profil` VALUES ('user55@mail.com', 'Profil Utama', 'Dewasa');
INSERT IGNORE INTO `Profil` VALUES ('user56@mail.com', 'Profil Utama', 'Dewasa');
INSERT IGNORE INTO `Profil` VALUES ('user57@mail.com', 'Profil Utama', 'Dewasa');
INSERT IGNORE INTO `Profil` VALUES ('user58@mail.com', 'Profil Utama', 'Dewasa');
INSERT IGNORE INTO `Profil` VALUES ('user59@mail.com', 'Profil Utama', 'Dewasa');
INSERT IGNORE INTO `Profil` VALUES ('user60@mail.com', 'Profil Utama', 'Dewasa');
INSERT IGNORE INTO `Profil` VALUES ('user61@mail.com', 'Profil Utama', 'Dewasa');
INSERT IGNORE INTO `Profil` VALUES ('user62@mail.com', 'Profil Utama', 'Dewasa');
INSERT IGNORE INTO `Profil` VALUES ('user63@mail.com', 'Profil Utama', 'Dewasa');
INSERT IGNORE INTO `Profil` VALUES ('user64@mail.com', 'Profil Utama', 'Dewasa');
INSERT IGNORE INTO `Profil` VALUES ('user65@mail.com', 'Profil Utama', 'Dewasa');
INSERT IGNORE INTO `Profil` VALUES ('user66@mail.com', 'Profil Utama', 'Dewasa');
INSERT IGNORE INTO `Profil` VALUES ('user67@mail.com', 'Profil Utama', 'Dewasa');
INSERT IGNORE INTO `Profil` VALUES ('user68@mail.com', 'Profil Utama', 'Dewasa');
INSERT IGNORE INTO `Profil` VALUES ('user69@mail.com', 'Profil Utama', 'Dewasa');
INSERT IGNORE INTO `Profil` VALUES ('user70@mail.com', 'Profil Utama', 'Dewasa');
INSERT IGNORE INTO `Profil` VALUES ('user71@mail.com', 'Profil Utama', 'Dewasa');
INSERT IGNORE INTO `Profil` VALUES ('user72@mail.com', 'Profil Utama', 'Dewasa');
INSERT IGNORE INTO `Profil` VALUES ('user73@mail.com', 'Profil Utama', 'Dewasa');
INSERT IGNORE INTO `Profil` VALUES ('user74@mail.com', 'Profil Utama', 'Dewasa');
INSERT IGNORE INTO `Profil` VALUES ('user75@mail.com', 'Profil Utama', 'Dewasa');
INSERT IGNORE INTO `Profil` VALUES ('user76@mail.com', 'Profil Utama', 'Dewasa');
INSERT IGNORE INTO `Profil` VALUES ('user77@mail.com', 'Profil Utama', 'Dewasa');
INSERT IGNORE INTO `Profil` VALUES ('user78@mail.com', 'Profil Utama', 'Dewasa');
INSERT IGNORE INTO `Profil` VALUES ('user79@mail.com', 'Profil Utama', 'Dewasa');
INSERT IGNORE INTO `Profil` VALUES ('user80@mail.com', 'Profil Utama', 'Dewasa');
INSERT IGNORE INTO `Profil` VALUES ('user81@mail.com', 'Profil Utama', 'Dewasa');
INSERT IGNORE INTO `Profil` VALUES ('user82@mail.com', 'Profil Utama', 'Dewasa');
INSERT IGNORE INTO `Profil` VALUES ('user83@mail.com', 'Profil Utama', 'Dewasa');
INSERT IGNORE INTO `Profil` VALUES ('user84@mail.com', 'Profil Utama', 'Dewasa');
INSERT IGNORE INTO `Profil` VALUES ('user85@mail.com', 'Profil Utama', 'Dewasa');
INSERT IGNORE INTO `Profil` VALUES ('user86@mail.com', 'Profil Utama', 'Dewasa');
INSERT IGNORE INTO `Profil` VALUES ('user87@mail.com', 'Profil Utama', 'Dewasa');
INSERT IGNORE INTO `Profil` VALUES ('user88@mail.com', 'Profil Utama', 'Dewasa');
INSERT IGNORE INTO `Profil` VALUES ('user89@mail.com', 'Profil Utama', 'Dewasa');
INSERT IGNORE INTO `Profil` VALUES ('user90@mail.com', 'Profil Utama', 'Dewasa');
INSERT IGNORE INTO `Profil` VALUES ('user91@mail.com', 'Profil Utama', 'Dewasa');
INSERT IGNORE INTO `Profil` VALUES ('user92@mail.com', 'Profil Utama', 'Dewasa');
INSERT IGNORE INTO `Profil` VALUES ('user93@mail.com', 'Profil Utama', 'Dewasa');
INSERT IGNORE INTO `Profil` VALUES ('user94@mail.com', 'Profil Utama', 'Dewasa');
INSERT IGNORE INTO `Profil` VALUES ('user95@mail.com', 'Profil Utama', 'Dewasa');
INSERT IGNORE INTO `Profil` VALUES ('user96@mail.com', 'Profil Utama', 'Dewasa');
INSERT IGNORE INTO `Profil` VALUES ('user97@mail.com', 'Profil Utama', 'Dewasa');
INSERT IGNORE INTO `Profil` VALUES ('user98@mail.com', 'Profil Utama', 'Dewasa');
INSERT IGNORE INTO `Profil` VALUES ('user99@mail.com', 'Profil Utama', 'Dewasa');
INSERT IGNORE INTO `Profil` VALUES ('user100@mail.com', 'Profil Utama', 'Dewasa');
INSERT IGNORE INTO `Profil` VALUES ('user101@mail.com', 'Profil Utama', 'Dewasa');
INSERT IGNORE INTO `Profil` VALUES ('user102@mail.com', 'Profil Utama', 'Dewasa');
INSERT IGNORE INTO `Profil` VALUES ('user103@mail.com', 'Profil Utama', 'Dewasa');
INSERT IGNORE INTO `Profil` VALUES ('user104@mail.com', 'Profil Utama', 'Dewasa');
INSERT IGNORE INTO `Profil` VALUES ('user105@mail.com', 'Profil Utama', 'Dewasa');
INSERT IGNORE INTO `Profil` VALUES ('user106@mail.com', 'Profil Utama', 'Dewasa');
INSERT IGNORE INTO `Profil` VALUES ('user107@mail.com', 'Profil Utama', 'Dewasa');
INSERT IGNORE INTO `Profil` VALUES ('user108@mail.com', 'Profil Utama', 'Dewasa');
INSERT IGNORE INTO `Profil` VALUES ('user109@mail.com', 'Profil Utama', 'Dewasa');
INSERT IGNORE INTO `Profil` VALUES ('user110@mail.com', 'Profil Utama', 'Dewasa');
INSERT IGNORE INTO `Profil` VALUES ('user111@mail.com', 'Profil Utama', 'Dewasa');
INSERT IGNORE INTO `Profil` VALUES ('user112@mail.com', 'Profil Utama', 'Dewasa');
INSERT IGNORE INTO `Profil` VALUES ('user113@mail.com', 'Profil Utama', 'Dewasa');
INSERT IGNORE INTO `Profil` VALUES ('user114@mail.com', 'Profil Utama', 'Dewasa');
INSERT IGNORE INTO `Profil` VALUES ('user115@mail.com', 'Profil Utama', 'Dewasa');
INSERT IGNORE INTO `Profil` VALUES ('user116@mail.com', 'Profil Utama', 'Dewasa');
INSERT IGNORE INTO `Profil` VALUES ('user117@mail.com', 'Profil Utama', 'Dewasa');
INSERT IGNORE INTO `Profil` VALUES ('user118@mail.com', 'Profil Utama', 'Dewasa');
INSERT IGNORE INTO `Profil` VALUES ('user119@mail.com', 'Profil Utama', 'Dewasa');
INSERT IGNORE INTO `Profil` VALUES ('user120@mail.com', 'Profil Utama', 'Dewasa');
INSERT IGNORE INTO `Profil` VALUES ('user121@mail.com', 'Profil Utama', 'Dewasa');
INSERT IGNORE INTO `Profil` VALUES ('user122@mail.com', 'Profil Utama', 'Dewasa');
INSERT IGNORE INTO `Profil` VALUES ('user123@mail.com', 'Profil Utama', 'Dewasa');
INSERT IGNORE INTO `Profil` VALUES ('user124@mail.com', 'Profil Utama', 'Dewasa');
INSERT IGNORE INTO `Profil` VALUES ('user125@mail.com', 'Profil Utama', 'Dewasa');
INSERT IGNORE INTO `Profil` VALUES ('user126@mail.com', 'Profil Utama', 'Dewasa');
INSERT IGNORE INTO `Profil` VALUES ('user127@mail.com', 'Profil Utama', 'Dewasa');
INSERT IGNORE INTO `Profil` VALUES ('user128@mail.com', 'Profil Utama', 'Dewasa');
INSERT IGNORE INTO `Profil` VALUES ('user129@mail.com', 'Profil Utama', 'Dewasa');
INSERT IGNORE INTO `Profil` VALUES ('user130@mail.com', 'Profil Utama', 'Dewasa');
INSERT IGNORE INTO `Profil` VALUES ('user131@mail.com', 'Profil Utama', 'Dewasa');
INSERT IGNORE INTO `Profil` VALUES ('user132@mail.com', 'Profil Utama', 'Dewasa');
INSERT IGNORE INTO `Profil` VALUES ('user133@mail.com', 'Profil Utama', 'Dewasa');
INSERT IGNORE INTO `Profil` VALUES ('user134@mail.com', 'Profil Utama', 'Dewasa');
INSERT IGNORE INTO `Profil` VALUES ('user135@mail.com', 'Profil Utama', 'Dewasa');
INSERT IGNORE INTO `Profil` VALUES ('user136@mail.com', 'Profil Utama', 'Dewasa');
INSERT IGNORE INTO `Profil` VALUES ('user137@mail.com', 'Profil Utama', 'Dewasa');
INSERT IGNORE INTO `Profil` VALUES ('user138@mail.com', 'Profil Utama', 'Dewasa');
INSERT IGNORE INTO `Profil` VALUES ('user139@mail.com', 'Profil Utama', 'Dewasa');
INSERT IGNORE INTO `Profil` VALUES ('user140@mail.com', 'Profil Utama', 'Dewasa');
INSERT IGNORE INTO `Profil` VALUES ('user141@mail.com', 'Profil Utama', 'Dewasa');
INSERT IGNORE INTO `Profil` VALUES ('user142@mail.com', 'Profil Utama', 'Dewasa');
INSERT IGNORE INTO `Profil` VALUES ('user143@mail.com', 'Profil Utama', 'Dewasa');
INSERT IGNORE INTO `Profil` VALUES ('user144@mail.com', 'Profil Utama', 'Dewasa');
INSERT IGNORE INTO `Profil` VALUES ('user145@mail.com', 'Profil Utama', 'Dewasa');
INSERT IGNORE INTO `Profil` VALUES ('user146@mail.com', 'Profil Utama', 'Dewasa');
INSERT IGNORE INTO `Profil` VALUES ('user147@mail.com', 'Profil Utama', 'Dewasa');
INSERT IGNORE INTO `Profil` VALUES ('user148@mail.com', 'Profil Utama', 'Dewasa');
INSERT IGNORE INTO `Profil` VALUES ('user149@mail.com', 'Profil Utama', 'Dewasa');
INSERT IGNORE INTO `Profil` VALUES ('user150@mail.com', 'Profil Utama', 'Dewasa');


-- ================= GENRE (15) =================
INSERT IGNORE INTO `Genre` (`genre_id`,`nama_genre`) VALUES (1,'Action');
INSERT IGNORE INTO `Genre` (`genre_id`,`nama_genre`) VALUES (2,'Crime');
INSERT IGNORE INTO `Genre` (`genre_id`,`nama_genre`) VALUES (3,'Thriller');
INSERT IGNORE INTO `Genre` (`genre_id`,`nama_genre`) VALUES (4,'Drama');
INSERT IGNORE INTO `Genre` (`genre_id`,`nama_genre`) VALUES (5,'Comedy');
INSERT IGNORE INTO `Genre` (`genre_id`,`nama_genre`) VALUES (6,'Sci-Fi');
INSERT IGNORE INTO `Genre` (`genre_id`,`nama_genre`) VALUES (7,'Horror');
INSERT IGNORE INTO `Genre` (`genre_id`,`nama_genre`) VALUES (8,'Romance');
INSERT IGNORE INTO `Genre` (`genre_id`,`nama_genre`) VALUES (9,'Adventure');
INSERT IGNORE INTO `Genre` (`genre_id`,`nama_genre`) VALUES (10,'Fantasy');
INSERT IGNORE INTO `Genre` (`genre_id`,`nama_genre`) VALUES (11,'Animation');
INSERT IGNORE INTO `Genre` (`genre_id`,`nama_genre`) VALUES (12,'Mystery');
INSERT IGNORE INTO `Genre` (`genre_id`,`nama_genre`) VALUES (13,'Family');
INSERT IGNORE INTO `Genre` (`genre_id`,`nama_genre`) VALUES (14,'Biography');
INSERT IGNORE INTO `Genre` (`genre_id`,`nama_genre`) VALUES (15,'History');

INSERT IGNORE INTO `Aktor` VALUES ('Gina Carano','1982-04-16','USA');
INSERT IGNORE INTO `Aktor` VALUES ('Rosario Dawson','1979-05-09','USA');
INSERT IGNORE INTO `Aktor` VALUES ('Mads Mikkelsen','1965-11-22','Denmark');
INSERT IGNORE INTO `Aktor` VALUES ('J.K. Simmons','1955-01-09','USA');
-- Additional actors needed for Peran mappings
INSERT IGNORE INTO `Aktor` VALUES ('Gemma Chan','1982-11-29','UK');
INSERT IGNORE INTO `Aktor` VALUES ('Fionn Whitehead','1997-07-18','UK');
INSERT IGNORE INTO `Aktor` VALUES ('Pevita Pearce','1992-10-06','Indonesia');
INSERT IGNORE INTO `Aktor` VALUES ('Tissa Biani','2002-07-25','Indonesia');
INSERT IGNORE INTO `Aktor` VALUES ('Cut Mini','1973-07-30','Indonesia');
INSERT IGNORE INTO `Aktor` VALUES ('Ernest Prakasa','1982-01-29','Indonesia');
INSERT IGNORE INTO `Aktor` VALUES ('Bene Dion','1985-04-05','Indonesia');
INSERT IGNORE INTO `Aktor` VALUES ('Luna Maya','1983-08-26','Indonesia');
INSERT IGNORE INTO `Aktor` VALUES ('Choi Min-sik','1962-05-30','South Korea');
INSERT IGNORE INTO `Aktor` VALUES ('Steven Yeun','1983-12-21','South Korea');
INSERT IGNORE INTO `Aktor` VALUES ('Tang Wei','1979-07-07','China');
INSERT IGNORE INTO `Aktor` VALUES ('Ryu Seung-ryong','1970-11-29','South Korea');
INSERT IGNORE INTO `Aktor` VALUES ('Jo Jung-suk','1980-12-26','South Korea');
INSERT IGNORE INTO `Aktor` VALUES ('Cha Tae-hyun','1976-03-25','South Korea');
INSERT IGNORE INTO `Aktor` VALUES ('Ha Jung-woo','1978-03-11','South Korea');
INSERT IGNORE INTO `Aktor` VALUES ('Kwak Do-won','1973-08-17','South Korea');
INSERT IGNORE INTO `Aktor` VALUES ('Daniel Radcliffe','1989-07-23','UK');
INSERT IGNORE INTO `Aktor` VALUES ('Eddie Redmayne','1982-01-06','UK');
INSERT IGNORE INTO `Aktor` VALUES ('Yuto Uemura','1993-10-23','Japan');
-- === Tambahan aktor dari blok TAMBAHAN SERIAL TV (digabung) ===
INSERT IGNORE INTO `Aktor` VALUES ('Bob Odenkirk','1962-10-22','USA');
INSERT IGNORE INTO `Aktor` VALUES ('Emilia Clarke','1986-10-23','UK');
INSERT IGNORE INTO `Aktor` VALUES ('Emma DArcy','1992-06-27','UK');
INSERT IGNORE INTO `Aktor` VALUES ('Millie Bobby Brown','2004-02-19','Spain');
INSERT IGNORE INTO `Aktor` VALUES ('Henry Cavill','1983-05-05','UK');
INSERT IGNORE INTO `Aktor` VALUES ('Michael C. Hall','1971-02-01','USA');
INSERT IGNORE INTO `Aktor` VALUES ('Claire Danes','1979-04-12','USA');
INSERT IGNORE INTO `Aktor` VALUES ('Evan Rachel Wood','1987-09-07','USA');
INSERT IGNORE INTO `Aktor` VALUES ('Karl Urban','1972-06-07','New Zealand');
INSERT IGNORE INTO `Aktor` VALUES ('Wagner Moura','1976-06-27','Brazil');
INSERT IGNORE INTO `Aktor` VALUES ('Alvaro Morte','1975-02-23','Spain');
INSERT IGNORE INTO `Aktor` VALUES ('Louis Hofmann','1997-06-03','Germany');
INSERT IGNORE INTO `Aktor` VALUES ('Jared Harris','1961-08-24','UK');
INSERT IGNORE INTO `Aktor` VALUES ('Matthew Fox','1966-07-14','USA');
INSERT IGNORE INTO `Aktor` VALUES ('Wentworth Miller','1972-06-02','USA');
INSERT IGNORE INTO `Aktor` VALUES ('Kiefer Sutherland','1966-12-21','UK');
INSERT IGNORE INTO `Aktor` VALUES ('Steve Carell','1962-08-16','USA');
INSERT IGNORE INTO `Aktor` VALUES ('Jennifer Aniston','1969-02-11','USA');
INSERT IGNORE INTO `Aktor` VALUES ('Josh Radnor','1974-07-29','USA');
INSERT IGNORE INTO `Aktor` VALUES ('Jerry Seinfeld','1954-04-29','USA');
INSERT IGNORE INTO `Aktor` VALUES ('Ed ONeill','1946-04-12','USA');
INSERT IGNORE INTO `Aktor` VALUES ('Andy Samberg','1978-08-18','USA');
INSERT IGNORE INTO `Aktor` VALUES ('Amy Poehler','1971-09-16','USA');
INSERT IGNORE INTO `Aktor` VALUES ('Gabriel Macht','1972-01-22','USA');
INSERT IGNORE INTO `Aktor` VALUES ('Hugh Laurie','1959-06-11','UK');
INSERT IGNORE INTO `Aktor` VALUES ('Ellen Pompeo','1969-11-10','USA');
INSERT IGNORE INTO `Aktor` VALUES ('William Petersen','1953-02-21','USA');
INSERT IGNORE INTO `Aktor` VALUES ('Mark Harmon','1951-09-02','USA');
INSERT IGNORE INTO `Aktor` VALUES ('Mandy Patinkin','1952-11-30','USA');
INSERT IGNORE INTO `Aktor` VALUES ('Mariska Hargitay','1964-01-23','USA');
INSERT IGNORE INTO `Aktor` VALUES ('Jensen Ackles','1978-03-01','USA');
INSERT IGNORE INTO `Aktor` VALUES ('Tom Welling','1977-04-26','USA');
INSERT IGNORE INTO `Aktor` VALUES ('Stephen Amell','1981-05-08','Canada');
INSERT IGNORE INTO `Aktor` VALUES ('Grant Gustin','1990-01-14','USA');
INSERT IGNORE INTO `Aktor` VALUES ('Caity Lotz','1986-12-30','USA');
INSERT IGNORE INTO `Aktor` VALUES ('Ben McKenzie','1978-09-12','USA');
INSERT IGNORE INTO `Aktor` VALUES ('Brenton Thwaites','1989-08-10','Australia');
INSERT IGNORE INTO `Aktor` VALUES ('Brendan Fraser','1968-12-03','Canada');
INSERT IGNORE INTO `Aktor` VALUES ('Steven Strait','1986-03-23','USA');
INSERT IGNORE INTO `Aktor` VALUES ('Edward James Olmos','1947-02-24','USA');
INSERT IGNORE INTO `Aktor` VALUES ('Nathan Fillion','1971-03-27','Canada');
INSERT IGNORE INTO `Aktor` VALUES ('Anna Torv','1979-06-07','Australia');
INSERT IGNORE INTO `Aktor` VALUES ('Andrew Lincoln','1973-09-14','UK');
INSERT IGNORE INTO `Aktor` VALUES ('Kim Dickens','1965-06-18','USA');
INSERT IGNORE INTO `Aktor` VALUES ('Travis Fimmel','1979-07-15','Australia');
INSERT IGNORE INTO `Aktor` VALUES ('Sam Corlett','1995-04-24','Australia');
INSERT IGNORE INTO `Aktor` VALUES ('Toby Stephens','1969-04-21','UK');
INSERT IGNORE INTO `Aktor` VALUES ('Kevin McKidd','1973-08-09','UK');
INSERT IGNORE INTO `Aktor` VALUES ('Andy Whitfield','1971-10-17','UK');
INSERT IGNORE INTO `Aktor` VALUES ('Tyler Posey','1991-10-18','USA');
INSERT IGNORE INTO `Aktor` VALUES ('KJ Apa','1997-06-17','New Zealand');
INSERT IGNORE INTO `Aktor` VALUES ('Tom Ellis','1978-11-17','UK');
INSERT IGNORE INTO `Aktor` VALUES ('Bae Doona','1979-10-11','South Korea');
INSERT IGNORE INTO `Aktor` VALUES ('Rami Malek','1981-05-12','USA');
INSERT IGNORE INTO `Aktor` VALUES ('Olivia Colman','1974-01-30','UK');
INSERT IGNORE INTO `Aktor` VALUES ('Elisabeth Moss','1982-07-24','USA');
INSERT IGNORE INTO `Aktor` VALUES ('Kevin Costner','1955-01-18','USA');
INSERT IGNORE INTO `Aktor` VALUES ('Jason Bateman','1969-01-14','USA');
INSERT IGNORE INTO `Aktor` VALUES ('Jon Hamm','1971-03-10','USA');
INSERT IGNORE INTO `Aktor` VALUES ('Steve Buscemi','1957-12-13','USA');
INSERT IGNORE INTO `Aktor` VALUES ('Brian Cox','1946-06-01','UK');
INSERT IGNORE INTO `Aktor` VALUES ('Adam Scott','1973-04-03','USA');
INSERT IGNORE INTO `Aktor` VALUES ('Diego Luna','1979-12-29','Mexico');
INSERT IGNORE INTO `Aktor` VALUES ('Sonequa Martin-Green','1985-03-21','USA');
INSERT IGNORE INTO `Aktor` VALUES ('Freddie Highmore','1992-02-14','UK');
INSERT IGNORE INTO `Aktor` VALUES ('Milo Ventimiglia','1977-07-08','USA');
INSERT IGNORE INTO `Aktor` VALUES ('Simon Baker','1969-07-30','Australia');
INSERT IGNORE INTO `Aktor` VALUES ('Jim Caviezel','1968-09-26','USA');
INSERT IGNORE INTO `Aktor` VALUES ('Jonny Lee Miller','1972-11-15','UK');
INSERT IGNORE INTO `Aktor` VALUES ('Dafne Keen','2005-01-04','Spain');
INSERT IGNORE INTO `Aktor` VALUES ('Tom Sturridge','1985-12-21','UK');
INSERT IGNORE INTO `Aktor` VALUES ('Richard Armitage','1971-08-22','UK');
INSERT IGNORE INTO `Aktor` VALUES ('Jack De Sena','1987-12-06','USA');
INSERT IGNORE INTO `Aktor` VALUES ('Zach Tyler Eisen','1993-09-25','USA');
INSERT IGNORE INTO `Aktor` VALUES ('Janet Varney','1976-02-16','USA');
INSERT IGNORE INTO `Aktor` VALUES ('Ju Ji-hoon','1982-05-16','South Korea');
INSERT IGNORE INTO `Aktor` VALUES ('Hyun Bin','1982-09-25','South Korea');
INSERT IGNORE INTO `Aktor` VALUES ('Park Bo-gum','1993-06-16','South Korea');
INSERT IGNORE INTO `Aktor` VALUES ('Lee Je-hoon','1984-07-04','South Korea');
INSERT IGNORE INTO `Aktor` VALUES ('Park Ji-hu','2003-11-07','South Korea');
INSERT IGNORE INTO `Aktor` VALUES ('Song Kang','1994-04-23','South Korea');
INSERT IGNORE INTO `Aktor` VALUES ('Park Eun-bin','1992-09-04','South Korea');
INSERT IGNORE INTO `Aktor` VALUES ('Yuki Kaji','1985-09-03','Japan');
INSERT IGNORE INTO `Aktor` VALUES ('Junko Takeuchi','1972-04-05','Japan');
INSERT IGNORE INTO `Aktor` VALUES ('Masakazu Morita','1972-10-21','Japan');
INSERT IGNORE INTO `Aktor` VALUES ('Mayumi Tanaka','1955-01-15','Japan');
INSERT IGNORE INTO `Aktor` VALUES ('Natsuki Hanae','1991-06-26','Japan');
INSERT IGNORE INTO `Aktor` VALUES ('Junya Enoki','1992-10-22','Japan');
INSERT IGNORE INTO `Aktor` VALUES ('Daiki Yamashita','1992-09-07','Japan');
INSERT IGNORE INTO `Aktor` VALUES ('Romi Park','1972-01-22','South Korea');
INSERT IGNORE INTO `Aktor` VALUES ('Mamoru Miyano','1983-06-08','Japan');
INSERT IGNORE INTO `Aktor` VALUES ('Megumi Han','1989-06-03','Japan');
INSERT IGNORE INTO `Aktor` VALUES ('Kikunosuke Toya','1998-12-30','Japan');
INSERT IGNORE INTO `Aktor` VALUES ('Yoshitsugu Matsuoka','1986-09-17','Japan');
INSERT IGNORE INTO `Aktor` VALUES ('Gakuto Kajiwara','1994-11-28','Japan');
INSERT IGNORE INTO `Aktor` VALUES ('Tetsuya Kakihara','1982-12-24','Japan');
INSERT IGNORE INTO `Aktor` VALUES ('Ayumu Murase','1988-12-14','Japan');
INSERT IGNORE INTO `Aktor` VALUES ('Kazuki Ura','1996-10-24','Japan');
INSERT IGNORE INTO `Aktor` VALUES ('Takuya Eguchi','1987-05-22','Japan');
INSERT IGNORE INTO `Aktor` VALUES ('Yusuke Kobayashi','1995-03-11','Japan');
INSERT IGNORE INTO `Aktor` VALUES ('Setsuo Ito','1991-03-20','Japan');
INSERT IGNORE INTO `Aktor` VALUES ('Giorgino Abraham','1994-11-30','Indonesia');
INSERT IGNORE INTO `Aktor` VALUES ('Refal Hady','1993-10-03','Indonesia');
INSERT IGNORE INTO `Aktor` VALUES ('Adhisty Zara','2003-06-21','Indonesia');

INSERT IGNORE INTO `Aktor` VALUES ('Cillian Murphy', '1976-05-25', 'Ireland');
INSERT IGNORE INTO `Aktor` VALUES ('Robert Downey Jr.', '1965-04-04', 'USA');
INSERT IGNORE INTO `Aktor` VALUES ('Margot Robbie', '1990-07-02', 'Australia');
INSERT IGNORE INTO `Aktor` VALUES ('Ryan Gosling', '1980-11-12', 'Canada');
INSERT IGNORE INTO `Aktor` VALUES ('Timothée Chalamet', '1995-12-27', 'USA');
INSERT IGNORE INTO `Aktor` VALUES ('Zendaya', '1996-09-01', 'USA');
INSERT IGNORE INTO `Aktor` VALUES ('Shameik Moore', '1995-05-04', 'USA');
INSERT IGNORE INTO `Aktor` VALUES ('Hailee Steinfeld', '1996-12-11', 'USA');
INSERT IGNORE INTO `Aktor` VALUES ('Robert Pattinson', '1986-05-13', 'UK');
INSERT IGNORE INTO `Aktor` VALUES ('Zoe Kravitz', '1988-12-01', 'USA');
INSERT IGNORE INTO `Aktor` VALUES ('Tom Cruise', '1962-07-03', 'USA');
INSERT IGNORE INTO `Aktor` VALUES ('Miles Teller', '1987-02-20', 'USA');
INSERT IGNORE INTO `Aktor` VALUES ('Sam Worthington', '1976-08-02', 'Australia');
INSERT IGNORE INTO `Aktor` VALUES ('Zoe Saldana', '1978-06-19', 'USA');
INSERT IGNORE INTO `Aktor` VALUES ('Chris Pratt', '1979-06-21', 'USA');
INSERT IGNORE INTO `Aktor` VALUES ('Bradley Cooper', '1975-01-05', 'USA');
INSERT IGNORE INTO `Aktor` VALUES ('Letitia Wright', '1993-10-31', 'Guyana');
INSERT IGNORE INTO `Aktor` VALUES ('Tenoch Huerta', '1981-01-29', 'Mexico');
INSERT IGNORE INTO `Aktor` VALUES ('Michelle Yeoh', '1962-08-06', 'Malaysia');
INSERT IGNORE INTO `Aktor` VALUES ('Ke Huy Quan', '1971-08-20', 'Vietnam');
INSERT IGNORE INTO `Aktor` VALUES ('Brendan Fraser', '1968-12-03', 'USA');
INSERT IGNORE INTO `Aktor` VALUES ('Sadie Sink', '2002-04-16', 'USA');
INSERT IGNORE INTO `Aktor` VALUES ('Keanu Reeves', '1964-09-02', 'Canada');
INSERT IGNORE INTO `Aktor` VALUES ('Emma Stone', '1988-11-06', 'USA');
INSERT IGNORE INTO `Aktor` VALUES ('Leonardo DiCaprio', '1974-11-11', 'USA');


-- ================= KONTEN (Films 135 + Serials 15 = 150) =================
-- (Only listing a subset due to brevity; extend similarly to reach 150 total)
INSERT IGNORE INTO `Konten` VALUES ('Iron Man','Billionaire engineer builds a suit of armor.',2008,'13+',NULL);
INSERT IGNORE INTO `Konten` VALUES ('Iron Man 2','Stark faces pressure to share his tech.',2010,'13+',NULL);
INSERT IGNORE INTO `Konten` VALUES ('Iron Man 3','Stark faces a terrorist called the Mandarin.',2013,'13+',NULL);
INSERT IGNORE INTO `Konten` VALUES ('The Avengers','Earths mightiest heroes must come together.',2012,'13+',NULL);
INSERT IGNORE INTO `Konten` VALUES ('Avengers: Age of Ultron','Tony Stark builds an AI that goes rogue.',2015,'13+',NULL);
INSERT IGNORE INTO `Konten` VALUES ('Avengers: Infinity War','Thanos attempts to wipe out half the universe.',2018,'13+',NULL);
INSERT IGNORE INTO `Konten` VALUES ('Avengers: Endgame','Remaining Avengers try to reverse the snap.',2019,'13+',NULL);
INSERT IGNORE INTO `Konten` VALUES ('Thor','Arrogant god Thor is cast out of Asgard.',2011,'13+',NULL);
INSERT IGNORE INTO `Konten` VALUES ('Thor: The Dark World','Thor battles the Dark Elves.',2013,'13+',NULL);
INSERT IGNORE INTO `Konten` VALUES ('Thor: Ragnarok','Thor must escape planet Sakaar.',2017,'13+',NULL);
INSERT IGNORE INTO `Konten` VALUES ('Captain America: The First Avenger','Steve Rogers becomes Captain America.',2011,'13+',NULL);
INSERT IGNORE INTO `Konten` VALUES ('Captain America: The Winter Soldier','Cap faces a conspiracy.',2014,'13+',NULL);
INSERT IGNORE INTO `Konten` VALUES ('Captain America: Civil War','Political interference splits the Avengers.',2016,'13+',NULL);
INSERT IGNORE INTO `Konten` VALUES ('Black Panther','TChalla returns to Wakanda.',2018,'13+',NULL);
INSERT IGNORE INTO `Konten` VALUES ('Doctor Strange','Surgeon seeks mystic healing.',2016,'13+',NULL);
INSERT IGNORE INTO `Konten` VALUES ('Doctor Strange in the Multiverse of Madness','Multiverse chaos ensues.',2022,'13+',NULL);
INSERT IGNORE INTO `Konten` VALUES ('Spider-Man: Homecoming','Peter balances school and hero life.',2017,'13+',NULL);
INSERT IGNORE INTO `Konten` VALUES ('Spider-Man: Far From Home','School trip turns dangerous.',2019,'13+',NULL);
INSERT IGNORE INTO `Konten` VALUES ('Spider-Man: No Way Home','Peter seeks multiverse fix.',2021,'13+',NULL);
INSERT IGNORE INTO `Konten` VALUES ('Ant-Man','Thief becomes shrinking hero.',2015,'13+',NULL);
INSERT IGNORE INTO `Konten` VALUES ('Ant-Man and the Wasp','Partners face quantum threat.',2018,'13+',NULL);
INSERT IGNORE INTO `Konten` VALUES ('Black Widow','Natasha confronts her past.',2021,'13+',NULL);
INSERT IGNORE INTO `Konten` VALUES ('Shang-Chi and the Legend of the Ten Rings','Shang-Chi faces his father.',2021,'13+',NULL);
INSERT IGNORE INTO `Konten` VALUES ('Eternals','Immortals reunite to face a threat.',2021,'13+',NULL);
INSERT IGNORE INTO `Konten` VALUES ('Inception','A thief enters dreams.',2010,'13+',NULL);
INSERT IGNORE INTO `Konten` VALUES ('The Dark Knight','Batman faces the Joker.',2008,'13+',NULL);
INSERT IGNORE INTO `Konten` VALUES ('The Dark Knight Rises','Batman returns from exile.',2012,'13+',NULL);
INSERT IGNORE INTO `Konten` VALUES ('Batman Begins','Bruce becomes Batman.',2005,'13+',NULL);
INSERT IGNORE INTO `Konten` VALUES ('Interstellar','Explorers traverse a wormhole.',2014,'13+',NULL);
INSERT IGNORE INTO `Konten` VALUES ('Dunkirk','Soldiers evacuate Dunkirk.',2017,'13+',NULL);
INSERT IGNORE INTO `Konten` VALUES ('Tenet','Time inversion thriller.',2020,'13+',NULL);
INSERT IGNORE INTO `Konten` VALUES ('Oppenheimer','Physicist builds the bomb.',2023,'17+',NULL);
INSERT IGNORE INTO `Konten` VALUES ('Joker','A man descends into madness.',2019,'17+',NULL);
INSERT IGNORE INTO `Konten` VALUES ('Titanic','Young couple on doomed ship.',1997,'13+',NULL);
INSERT IGNORE INTO `Konten` VALUES ('Avatar','Marine on alien world.',2009,'13+',NULL);
INSERT IGNORE INTO `Konten` VALUES ('Avatar: The Way of Water','Family survives Pandora seas.',2022,'13+',NULL);
INSERT IGNORE INTO `Konten` VALUES ('The Matrix','Hacker learns reality truth.',1999,'17+',NULL);
INSERT IGNORE INTO `Konten` VALUES ('The Matrix Reloaded','War escalates with machines.',2003,'17+',NULL);
INSERT IGNORE INTO `Konten` VALUES ('The Matrix Revolutions','Final battle for Zion.',2003,'17+',NULL);
INSERT IGNORE INTO `Konten` VALUES ('John Wick','Hitman seeks vengeance.',2014,'17+',NULL);
INSERT IGNORE INTO `Konten` VALUES ('John Wick: Chapter 2','Wick forced back in.',2017,'17+',NULL);
INSERT IGNORE INTO `Konten` VALUES ('John Wick: Chapter 3 - Parabellum','Wick on global run.',2019,'17+',NULL);
INSERT IGNORE INTO `Konten` VALUES ('John Wick: Chapter 4','Wick targets High Table.',2023,'17+',NULL);
INSERT IGNORE INTO `Konten` VALUES ('Mission: Impossible','Agent framed for murder.',1996,'13+',NULL);
INSERT IGNORE INTO `Konten` VALUES ('Mission: Impossible - Fallout','Race against nuclear disaster.',2018,'13+',NULL);
INSERT IGNORE INTO `Konten` VALUES ('Top Gun','Pilot seeks to be best.',1986,'13+',NULL);
INSERT IGNORE INTO `Konten` VALUES ('Top Gun: Maverick','Veteran trains new aviators.',2022,'13+',NULL);
INSERT IGNORE INTO `Konten` VALUES ('Gladiator','General seeks vengeance.',2000,'17+',NULL);
INSERT IGNORE INTO `Konten` VALUES ('The Godfather','Crime dynasty shifts power.',1972,'17+',NULL);
INSERT IGNORE INTO `Konten` VALUES ('The Godfather Part II','Corleone family origins.',1974,'17+',NULL);
INSERT IGNORE INTO `Konten` VALUES ('Pulp Fiction','Interwoven crime stories.',1994,'17+',NULL);
INSERT IGNORE INTO `Konten` VALUES ('Fight Club','Man starts underground clubs.',1999,'17+',NULL);
INSERT IGNORE INTO `Konten` VALUES ('Forrest Gump','Man witnesses historical events.',1994,'13+',NULL);
INSERT IGNORE INTO `Konten` VALUES ('The Shawshank Redemption','Hope inside prison.',1994,'17+',NULL);
INSERT IGNORE INTO `Konten` VALUES ('Parasite','Class tension escalates.',2019,'17+',NULL);
INSERT IGNORE INTO `Konten` VALUES ('Train to Busan','Zombie outbreak on train.',2016,'17+',NULL);
INSERT IGNORE INTO `Konten` VALUES ('The Raid','SWAT trapped in tower.',2011,'17+',NULL);
INSERT IGNORE INTO `Konten` VALUES ('The Raid 2','Undercover infiltration.',2014,'17+',NULL);
INSERT IGNORE INTO `Konten` VALUES ('Gundala','Indonesian lightning hero.',2019,'13+',NULL);
INSERT IGNORE INTO `Konten` VALUES ('Sri Asih','Warrior discovers heritage.',2022,'13+',NULL);
INSERT IGNORE INTO `Konten` VALUES ('Pengabdi Setan','Family haunted by mother.',2017,'13+',NULL);
INSERT IGNORE INTO `Konten` VALUES ('Pengabdi Setan 2: Communion','Terror follows to flats.',2022,'13+',NULL);
INSERT IGNORE INTO `Konten` VALUES ('KKN di Desa Penari','Students face village entity.',2022,'13+',NULL);
INSERT IGNORE INTO `Konten` VALUES ('Laskar Pelangi','Children pursue education.',2008,'SU',NULL);
INSERT IGNORE INTO `Konten` VALUES ('Habibie & Ainun','Indonesian love story.',2012,'13+',NULL);
INSERT IGNORE INTO `Konten` VALUES ('Dilan 1990','High school romance begins.',2018,'13+',NULL);
INSERT IGNORE INTO `Konten` VALUES ('Dilan 1991','Relationship continues.',2019,'13+',NULL);
INSERT IGNORE INTO `Konten` VALUES ('Milea: Suara dari Dilan','Dilan perspective retold.',2020,'13+',NULL);
INSERT IGNORE INTO `Konten` VALUES ('Ada Apa Dengan Cinta?','Popular girl meets loner.',2002,'13+',NULL);
INSERT IGNORE INTO `Konten` VALUES ('Ada Apa Dengan Cinta? 2','Reunion after years.',2016,'13+',NULL);
INSERT IGNORE INTO `Konten` VALUES ('Cek Toko Sebelah','Son and father shop.',2016,'13+',NULL);
INSERT IGNORE INTO `Konten` VALUES ('Ngeri-Ngeri Sedap','Parents fake divorce.',2022,'13+',NULL);
INSERT IGNORE INTO `Konten` VALUES ('Mencuri Raden Saleh','Students plan art heist.',2022,'13+',NULL);
INSERT IGNORE INTO `Konten` VALUES ('The Big 4','Retired assassins return.',2022,'17+',NULL);
INSERT IGNORE INTO `Konten` VALUES ('Perempuan Tanah Jahanam','Woman uncovers village curse.',2019,'17+',NULL);
INSERT IGNORE INTO `Konten` VALUES ('Satu Suro','House with spirit.',2019,'13+',NULL);
INSERT IGNORE INTO `Konten` VALUES ('Sebelum Iblis Menjemput','Daughter visits eerie villa.',2018,'17+',NULL);
INSERT IGNORE INTO `Konten` VALUES ('Ratu Ilmu Hitam','Dark past resurfaces.',2019,'17+',NULL);
INSERT IGNORE INTO `Konten` VALUES ('Suzanna: Bernapas dalam Kubur','Murdered woman returns.',2018,'17+',NULL);
INSERT IGNORE INTO `Konten` VALUES ('My Sassy Girl','Chaotic romance begins.',2001,'13+',NULL);
INSERT IGNORE INTO `Konten` VALUES ('Oldboy','Man seeks revenge.',2003,'17+',NULL);
INSERT IGNORE INTO `Konten` VALUES ('Memories of Murder','Detectives hunt killer.',2003,'17+',NULL);
INSERT IGNORE INTO `Konten` VALUES ('Minari','Immigrant family farms.',2020,'13+',NULL);
INSERT IGNORE INTO `Konten` VALUES ('Decision to Leave','Detective meets widow.',2022,'17+',NULL);
INSERT IGNORE INTO `Konten` VALUES ('Broker','Baby left in box.',2022,'13+',NULL);
INSERT IGNORE INTO `Konten` VALUES ('Burning','Encounter sparks mystery.',2018,'17+',NULL);
INSERT IGNORE INTO `Konten` VALUES ('Extreme Job','Cops run chicken joint.',2019,'13+',NULL);
INSERT IGNORE INTO `Konten` VALUES ('Exit','Climber saves people.',2019,'13+',NULL);
INSERT IGNORE INTO `Konten` VALUES ('Along With the Gods: The Two Worlds','Firefighter faces afterlife.',2017,'13+',NULL);
INSERT IGNORE INTO `Konten` VALUES ('Along With the Gods: The Last 49 Days','Guardians continue mission.',2018,'13+',NULL);
INSERT IGNORE INTO `Konten` VALUES ('The Wailing','Stranger brings sickness.',2016,'17+',NULL);
INSERT IGNORE INTO `Konten` VALUES ('I Saw the Devil','Agent hunts killer.',2010,'17+',NULL);
INSERT IGNORE INTO `Konten` VALUES ('A Taxi Driver','Driver aids reporter.',2017,'13+',NULL);
INSERT IGNORE INTO `Konten` VALUES ('Miracle in Cell No. 7','Wrongfully jailed father.',2013,'13+',NULL);
INSERT IGNORE INTO `Konten` VALUES ('Harry Potter and the Sorcerers Stone','Boy learns he is wizard.',2001,'SU',NULL);
INSERT IGNORE INTO `Konten` VALUES ('Harry Potter and the Chamber of Secrets','Second year danger.',2002,'SU',NULL);
INSERT IGNORE INTO `Konten` VALUES ('Harry Potter and the Prisoner of Azkaban','Sirius Black mystery.',2004,'SU',NULL);
INSERT IGNORE INTO `Konten` VALUES ('Harry Potter and the Goblet of Fire','Dangerous tournament.',2005,'13+',NULL);
INSERT IGNORE INTO `Konten` VALUES ('Harry Potter and the Order of the Phoenix','Resistance forms.',2007,'13+',NULL);
INSERT IGNORE INTO `Konten` VALUES ('Harry Potter and the Half-Blood Prince','Old book secrets.',2009,'13+',NULL);
INSERT IGNORE INTO `Konten` VALUES ('Harry Potter and the Deathly Hallows: Part 1','Hunt Horcruxes.',2010,'13+',NULL);
INSERT IGNORE INTO `Konten` VALUES ('Harry Potter and the Deathly Hallows: Part 2','Final battle.',2011,'13+',NULL);
INSERT IGNORE INTO `Konten` VALUES ('Fantastic Beasts and Where to Find Them','Magizoologist in New York.',2016,'13+',NULL);
INSERT IGNORE INTO `Konten` VALUES ('Fantastic Beasts: The Crimes of Grindelwald','Dark wizard rises.',2018,'13+',NULL);
INSERT IGNORE INTO `Konten` VALUES ('Fantastic Beasts: The Secrets of Dumbledore','Mission against Grindelwald.',2022,'13+',NULL);
INSERT IGNORE INTO `Konten` VALUES ('The Lord of the Rings: The Fellowship of the Ring','Ring bearer begins quest.',2001,'13+',NULL);
INSERT IGNORE INTO `Konten` VALUES ('The Lord of the Rings: The Two Towers','Journey continues.',2002,'13+',NULL);
INSERT IGNORE INTO `Konten` VALUES ('The Lord of the Rings: The Return of the King','War for Middle-earth.',2003,'13+',NULL);
INSERT IGNORE INTO `Konten` VALUES ('The Hobbit: An Unexpected Journey','Bilbo joins dwarves.',2012,'13+',NULL);
INSERT IGNORE INTO `Konten` VALUES ('The Hobbit: The Desolation of Smaug','Smaug confrontation.',2013,'13+',NULL);
INSERT IGNORE INTO `Konten` VALUES ('The Hobbit: The Battle of the Five Armies','Armies clash.',2014,'13+',NULL);
INSERT IGNORE INTO `Konten` VALUES ('Pirates of the Caribbean: The Curse of the Black Pearl','Blacksmith meets pirate.',2003,'13+',NULL);
INSERT IGNORE INTO `Konten` VALUES ('Pirates of the Caribbean: Dead Mans Chest','Heart of Davy Jones.',2006,'13+',NULL);
INSERT IGNORE INTO `Konten` VALUES ('Pirates of the Caribbean: At Worlds End','Sail off the map.',2007,'13+',NULL);
INSERT IGNORE INTO `Konten` VALUES ('Jurassic Park','Theme park experiment.',1993,'13+',NULL);
INSERT IGNORE INTO `Konten` VALUES ('Jurassic World','New dinosaur park.',2015,'13+',NULL);
INSERT IGNORE INTO `Konten` VALUES ('Jurassic World: Fallen Kingdom','Rescue operation.',2018,'13+',NULL);
INSERT IGNORE INTO `Konten` VALUES ('Jaws','Shark terrorizes beach.',1975,'17+',NULL);
INSERT IGNORE INTO `Konten` VALUES ('E.T. the Extra-Terrestrial','Child befriends alien.',1982,'SU',NULL);
INSERT IGNORE INTO `Konten` VALUES ('Back to the Future','Teen travels to past.',1985,'SU',NULL);
INSERT IGNORE INTO `Konten` VALUES ('Back to the Future Part II','Visit to future.',1989,'SU',NULL);
INSERT IGNORE INTO `Konten` VALUES ('Back to the Future Part III','Adventure in 1885.',1990,'SU',NULL);
INSERT IGNORE INTO `Konten` VALUES ('Star Wars: Episode IV - A New Hope','Farm boy joins Rebellion.',1977,'SU',NULL);
INSERT IGNORE INTO `Konten` VALUES ('Star Wars: Episode V - The Empire Strikes Back','Rebels suffer setback.',1980,'SU',NULL);
INSERT IGNORE INTO `Konten` VALUES ('Star Wars: Episode VI - Return of the Jedi','Final battle empire.',1983,'SU',NULL);
INSERT IGNORE INTO `Konten` VALUES ('Star Wars: Episode I - The Phantom Menace','Trade dispute escalates.',1999,'SU',NULL);
INSERT IGNORE INTO `Konten` VALUES ('Star Wars: Episode II - Attack of the Clones','Clone army forms.',2002,'SU',NULL);
INSERT IGNORE INTO `Konten` VALUES ('Star Wars: Episode III - Revenge of the Sith','Fall of Jedi.',2005,'13+',NULL);
INSERT IGNORE INTO `Konten` VALUES ('Captain Marvel','Pilot gains powers.',2019,'13+',NULL);
INSERT IGNORE INTO `Konten` VALUES ('Guardians of the Galaxy','Band of misfits saves.',2014,'13+',NULL);
INSERT IGNORE INTO `Konten` VALUES ('Guardians of the Galaxy Vol. 2','Family issues test.',2017,'13+',NULL);
INSERT IGNORE INTO `Konten` VALUES ('Guardians of the Galaxy Vol. 3','Final journey.',2023,'13+',NULL);
INSERT IGNORE INTO `Konten` VALUES ('Black Panther: Wakanda Forever','Nation mourns & defends.',2022,'13+',NULL);

-- Serial TV yang sebelumnya bertipe 'Serial_TV' di Konten,
-- sutradara tetap NULL di Konten, spesialisasi di Serial_TV diisi total_season=1
INSERT IGNORE INTO `Konten` VALUES ('Tougen Anki','Teen discovers heritage.',2025,'13+',NULL);
INSERT IGNORE INTO `Konten` VALUES ('Loki','God of Mischief branches timelines.',2021,'13+',NULL);
INSERT IGNORE INTO `Konten` VALUES ('WandaVision','Reality-bending suburban mystery.',2021,'13+',NULL);
INSERT IGNORE INTO `Konten` VALUES ('Hawkeye','Archer mentors protégé.',2021,'13+',NULL);
INSERT IGNORE INTO `Konten` VALUES ('Moon Knight','Vigilante with alters.',2022,'13+',NULL);
INSERT IGNORE INTO `Konten` VALUES ('She-Hulk: Attorney at Law','Lawyer gains Hulk powers.',2022,'13+',NULL);
INSERT IGNORE INTO `Konten` VALUES ('The Falcon and the Winter Soldier','Partners face new threats.',2021,'13+',NULL);
INSERT IGNORE INTO `Konten` VALUES ('Daredevil','Blind lawyer fights crime.',2015,'17+',NULL);
INSERT IGNORE INTO `Konten` VALUES ('Jessica Jones','PI with super strength.',2015,'17+',NULL);
INSERT IGNORE INTO `Konten` VALUES ('The Punisher','Vigilante seeks justice.',2017,'17+',NULL);
INSERT IGNORE INTO `Konten` VALUES ('Agents of S.H.I.E.L.D.','Team handles powered cases.',2013,'13+',NULL);
INSERT IGNORE INTO `Konten` VALUES ('Luke Cage','Man with unbreakable skin.',2016,'17+',NULL);
INSERT IGNORE INTO `Konten` VALUES ('Iron Fist','Martial artist with chi.',2017,'13+',NULL);
INSERT IGNORE INTO `Konten` VALUES ('Secret Invasion','Skrull infiltration unfolds.',2023,'13+',NULL);
INSERT IGNORE INTO `Konten` VALUES ('What If...?','Alternate timeline tales.',2021,'13+',NULL);

-- Konten + Serial_TV entries baru (judul, sinopsis singkat, tahun, rating, sutradara=NULL)
INSERT IGNORE INTO `Konten` VALUES ('Breaking Bad','Teacher turns to meth making.',2008,'17+',NULL);
INSERT IGNORE INTO `Konten` VALUES ('Better Call Saul','Lawyer navigates crime world.',2015,'17+',NULL);
INSERT IGNORE INTO `Konten` VALUES ('Game of Thrones','Noble houses vie for power.',2011,'17+',NULL);
INSERT IGNORE INTO `Konten` VALUES ('House of the Dragon','Targaryen civil war begins.',2022,'17+',NULL);
INSERT IGNORE INTO `Konten` VALUES ('Stranger Things','Kids face supernatural threat.',2016,'13+',NULL);
INSERT IGNORE INTO `Konten` VALUES ('The Witcher','Monster hunter for hire.',2019,'17+',NULL);
INSERT IGNORE INTO `Konten` VALUES ('The Mandalorian','Bounty hunter protects child.',2019,'13+',NULL);
INSERT IGNORE INTO `Konten` VALUES ('The Last of Us','Survivors journey through apocalypse.',2023,'17+',NULL);
INSERT IGNORE INTO `Konten` VALUES ('Peaky Blinders','Gang rises in Birmingham.',2013,'17+',NULL);
INSERT IGNORE INTO `Konten` VALUES ('Sherlock','Detective solves modern cases.',2010,'13+',NULL);
INSERT IGNORE INTO `Konten` VALUES ('Dexter','Forensic expert serial killer.',2006,'17+',NULL);
INSERT IGNORE INTO `Konten` VALUES ('Homeland','Agent suspects returned POW.',2011,'17+',NULL);
INSERT IGNORE INTO `Konten` VALUES ('Westworld','Park hosts rebel androids.',2016,'17+',NULL);
INSERT IGNORE INTO `Konten` VALUES ('True Detective','Detectives unravel dark mystery.',2014,'17+',NULL);
INSERT IGNORE INTO `Konten` VALUES ('The Boys','Antihero team vs corrupt supers.',2019,'17+',NULL);
INSERT IGNORE INTO `Konten` VALUES ('Invincible','Teen superhero learns harsh truths.',2021,'17+',NULL);
INSERT IGNORE INTO `Konten` VALUES ('The Umbrella Academy','Adopted siblings prevent apocalypse.',2019,'13+',NULL);
INSERT IGNORE INTO `Konten` VALUES ('Narcos','Rise and fall of drug kingpins.',2015,'17+',NULL);
INSERT IGNORE INTO `Konten` VALUES ('Money Heist','Thieves execute complex heists.',2017,'17+',NULL);
INSERT IGNORE INTO `Konten` VALUES ('Dark','Families entangled in time loops.',2017,'17+',NULL);
INSERT IGNORE INTO `Konten` VALUES ('Chernobyl','Nuclear disaster aftermath.',2019,'17+',NULL);
INSERT IGNORE INTO `Konten` VALUES ('Black Mirror','Anthology of tech dystopias.',2011,'17+',NULL);
INSERT IGNORE INTO `Konten` VALUES ('Fargo','Crime in snowy Midwest.',2014,'17+',NULL);
INSERT IGNORE INTO `Konten` VALUES ('Lost','Plane crash survivors on island.',2004,'13+',NULL);
INSERT IGNORE INTO `Konten` VALUES ('Prison Break','Man breaks brother from prison.',2005,'13+',NULL);
INSERT IGNORE INTO `Konten` VALUES ('24','Agent races against clock.',2001,'13+',NULL);
INSERT IGNORE INTO `Konten` VALUES ('The Office','Mockumentary of workplace antics.',2005,'13+',NULL);
INSERT IGNORE INTO `Konten` VALUES ('Friends','Group navigates life and love.',1994,'13+',NULL);
INSERT IGNORE INTO `Konten` VALUES ('How I Met Your Mother','Father recounts youthful tales.',2005,'13+',NULL);
INSERT IGNORE INTO `Konten` VALUES ('Seinfeld','Comedian observes daily absurdities.',1989,'13+',NULL);
INSERT IGNORE INTO `Konten` VALUES ('Modern Family','Extended family comedy.',2009,'13+',NULL);
INSERT IGNORE INTO `Konten` VALUES ('Brooklyn Nine-Nine','Detectives balance comedy and crime.',2013,'13+',NULL);
INSERT IGNORE INTO `Konten` VALUES ('Parks and Recreation','Local government humor.',2009,'13+',NULL);
INSERT IGNORE INTO `Konten` VALUES ('Suits','College dropout becomes lawyer.',2011,'13+',NULL);
INSERT IGNORE INTO `Konten` VALUES ('House','Doctor solves medical puzzles.',2004,'13+',NULL);
INSERT IGNORE INTO `Konten` VALUES ('Greys Anatomy','Surgeons face personal trials.',2005,'13+',NULL);
INSERT IGNORE INTO `Konten` VALUES ('CSI: Crime Scene Investigation','Team analyzes forensic evidence.',2000,'13+',NULL);
INSERT IGNORE INTO `Konten` VALUES ('NCIS','Team solves naval crimes.',2003,'13+',NULL);
INSERT IGNORE INTO `Konten` VALUES ('Criminal Minds','Profilers hunt serial offenders.',2005,'17+',NULL);
INSERT IGNORE INTO `Konten` VALUES ('Law & Order: Special Victims Unit','Detectives handle sensitive cases.',1999,'17+',NULL);
INSERT IGNORE INTO `Konten` VALUES ('Supernatural','Brothers hunt supernatural beings.',2005,'13+',NULL);
INSERT IGNORE INTO `Konten` VALUES ('Smallville','Young Clark Kent discovers powers.',2001,'13+',NULL);
INSERT IGNORE INTO `Konten` VALUES ('Arrow','Vigilante archer fights crime.',2012,'13+',NULL);
INSERT IGNORE INTO `Konten` VALUES ('The Flash','Speedster hero saves city.',2014,'13+',NULL);
INSERT IGNORE INTO `Konten` VALUES ('DCs Legends of Tomorrow','Team travels through time.',2016,'13+',NULL);
INSERT IGNORE INTO `Konten` VALUES ('Gotham','Origins of Gotham characters.',2014,'13+',NULL);
INSERT IGNORE INTO `Konten` VALUES ('Titans','Young heroes confront threats.',2018,'17+',NULL);
INSERT IGNORE INTO `Konten` VALUES ('Doom Patrol','Misfit heroes face bizarre foes.',2019,'17+',NULL);
INSERT IGNORE INTO `Konten` VALUES ('The Expanse','Crew uncovers solar conspiracy.',2015,'13+',NULL);
INSERT IGNORE INTO `Konten` VALUES ('Battlestar Galactica','Humans flee robotic Cylons.',2004,'13+',NULL);
INSERT IGNORE INTO `Konten` VALUES ('Firefly','Crew of ship takes odd jobs.',2002,'13+',NULL);
INSERT IGNORE INTO `Konten` VALUES ('Fringe','Team probes fringe science.',2008,'13+',NULL);
INSERT IGNORE INTO `Konten` VALUES ('The Walking Dead','Survivors face zombie hordes.',2010,'17+',NULL);
INSERT IGNORE INTO `Konten` VALUES ('Fear the Walking Dead','Families face early outbreak.',2015,'17+',NULL);
INSERT IGNORE INTO `Konten` VALUES ('Hannibal','Profiler consults secret killer.',2013,'17+',NULL);
INSERT IGNORE INTO `Konten` VALUES ('Vikings','Norse warriors seek glory.',2013,'17+',NULL);
INSERT IGNORE INTO `Konten` VALUES ('Vikings: Valhalla','New generation continues saga.',2022,'17+',NULL);
INSERT IGNORE INTO `Konten` VALUES ('Black Sails','Pirates chase treasure.',2014,'17+',NULL);
INSERT IGNORE INTO `Konten` VALUES ('Rome','Power struggles in ancient Rome.',2005,'17+',NULL);
INSERT IGNORE INTO `Konten` VALUES ('Spartacus','Gladiator leads rebellion.',2010,'17+',NULL);
INSERT IGNORE INTO `Konten` VALUES ('Teen Wolf','Teen gains werewolf curse.',2011,'13+',NULL);
INSERT IGNORE INTO `Konten` VALUES ('Riverdale','Teens face dark town secrets.',2017,'13+',NULL);
INSERT IGNORE INTO `Konten` VALUES ('Lucifer','Devil helps solve crimes.',2016,'13+',NULL);
INSERT IGNORE INTO `Konten` VALUES ('Sense8','Strangers share mental link.',2015,'17+',NULL);
INSERT IGNORE INTO `Konten` VALUES ('Mr. Robot','Hacker targets corporations.',2015,'17+',NULL);
INSERT IGNORE INTO `Konten` VALUES ('The Crown','Chronicles reign of a queen.',2016,'13+',NULL);
INSERT IGNORE INTO `Konten` VALUES ('The Handmaids Tale','Woman resists dystopian regime.',2017,'17+',NULL);
INSERT IGNORE INTO `Konten` VALUES ('Yellowstone','Ranch defends its territory.',2018,'17+',NULL);
INSERT IGNORE INTO `Konten` VALUES ('Ozark','Family launders cartel money.',2017,'17+',NULL);
INSERT IGNORE INTO `Konten` VALUES ('Mad Men','Ad executive navigates 1960s.',2007,'13+',NULL);
INSERT IGNORE INTO `Konten` VALUES ('Boardwalk Empire','Prohibition crime politics.',2010,'17+',NULL);
INSERT IGNORE INTO `Konten` VALUES ('Mare of Easttown','Detective solves local murder.',2021,'17+',NULL);
INSERT IGNORE INTO `Konten` VALUES ('Succession','Family battles for company.',2018,'17+',NULL);
INSERT IGNORE INTO `Konten` VALUES ('Severance','Employees split memories.',2022,'17+',NULL);
INSERT IGNORE INTO `Konten` VALUES ('Andor','Spy aids rebellion growth.',2022,'13+',NULL);
INSERT IGNORE INTO `Konten` VALUES ('Obi-Wan Kenobi','Jedi protects young target.',2022,'13+',NULL);
INSERT IGNORE INTO `Konten` VALUES ('Ahsoka','Former Jedi hunts threats.',2023,'13+',NULL);
INSERT IGNORE INTO `Konten` VALUES ('Star Trek: Discovery','Crew explores strange phenomena.',2017,'13+',NULL);
INSERT IGNORE INTO `Konten` VALUES ('Star Trek: Picard','Retired captain faces new crisis.',2020,'13+',NULL);
INSERT IGNORE INTO `Konten` VALUES ('The Good Doctor','Autistic surgeon proves skill.',2017,'13+',NULL);
INSERT IGNORE INTO `Konten` VALUES ('This Is Us','Family experiences life chapters.',2016,'13+',NULL);
INSERT IGNORE INTO `Konten` VALUES ('The Mentalist','Consultant solves tricky cases.',2008,'13+',NULL);
INSERT IGNORE INTO `Konten` VALUES ('Person of Interest','AI predicts violent crimes.',2011,'13+',NULL);
INSERT IGNORE INTO `Konten` VALUES ('Elementary','Modern retelling of Holmes.',2012,'13+',NULL);
INSERT IGNORE INTO `Konten` VALUES ('His Dark Materials','Girl uncovers cosmic secrets.',2019,'13+',NULL);
INSERT IGNORE INTO `Konten` VALUES ('The Sandman','Dream lord restores realm.',2022,'17+',NULL);
INSERT IGNORE INTO `Konten` VALUES ('Love, Death & Robots','Animated sci-fi anthology.',2019,'17+',NULL);
INSERT IGNORE INTO `Konten` VALUES ('Arcane','City tension sparks conflict.',2021,'17+',NULL);
INSERT IGNORE INTO `Konten` VALUES ('Castlevania','Hunters battle dark forces.',2017,'17+',NULL);
INSERT IGNORE INTO `Konten` VALUES ('The Dragon Prince','Siblings seek dragon egg.',2018,'13+',NULL);
INSERT IGNORE INTO `Konten` VALUES ('Avatar: The Last Airbender','Boy must master elements.',2005,'SU',NULL);
INSERT IGNORE INTO `Konten` VALUES ('The Legend of Korra','Avatar faces modern threats.',2012,'13+',NULL);
INSERT IGNORE INTO `Konten` VALUES ('Squid Game','Deadly survival competition.',2021,'17+',NULL);
INSERT IGNORE INTO `Konten` VALUES ('Kingdom','Plague spreads through Joseon.',2019,'17+',NULL);
INSERT IGNORE INTO `Konten` VALUES ('Crash Landing on You','Heiress lands in enemy land.',2019,'13+',NULL);
INSERT IGNORE INTO `Konten` VALUES ('Goblin','Immortal seeks his bride.',2016,'13+',NULL);
INSERT IGNORE INTO `Konten` VALUES ('Descendants of the Sun','Soldier and doctor romance.',2016,'13+',NULL);
INSERT IGNORE INTO `Konten` VALUES ('Itaewon Class','Man builds restaurant empire.',2020,'13+',NULL);
INSERT IGNORE INTO `Konten` VALUES ('Vincenzo','Consigliere seeks justice.',2021,'13+',NULL);
INSERT IGNORE INTO `Konten` VALUES ('Reply 1988','Neighbors share daily life.',2015,'13+',NULL);
INSERT IGNORE INTO `Konten` VALUES ('Signal','Detectives communicate across time.',2016,'13+',NULL);
INSERT IGNORE INTO `Konten` VALUES ('Hospital Playlist','Doctors share friendship & music.',2020,'13+',NULL);
INSERT IGNORE INTO `Konten` VALUES ('My Mister','Man forms healing bond.',2018,'13+',NULL);
INSERT IGNORE INTO `Konten` VALUES ('All of Us Are Dead','Students trapped during outbreak.',2022,'17+',NULL);
INSERT IGNORE INTO `Konten` VALUES ('Sweet Home','Residents face monstrous changes.',2020,'17+',NULL);
INSERT IGNORE INTO `Konten` VALUES ('Extraordinary Attorney Woo','Autistic lawyer excels.',2022,'13+',NULL);
INSERT IGNORE INTO `Konten` VALUES ('Hellbound','Angels herald doom.',2021,'17+',NULL);
INSERT IGNORE INTO `Konten` VALUES ('Attack on Titan','Humanity fights giant Titans.',2013,'17+',NULL);
INSERT IGNORE INTO `Konten` VALUES ('Naruto','Ninja seeks recognition.',2002,'13+',NULL);
INSERT IGNORE INTO `Konten` VALUES ('Naruto Shippuden','Ninja grows through battles.',2007,'13+',NULL);
INSERT IGNORE INTO `Konten` VALUES ('Bleach','Teen gains soul reaper powers.',2004,'13+',NULL);
INSERT IGNORE INTO `Konten` VALUES ('One Piece','Crew seeks legendary treasure.',1999,'13+',NULL);
INSERT IGNORE INTO `Konten` VALUES ('Demon Slayer','Boy hunts demons to cure sister.',2019,'13+',NULL);
INSERT IGNORE INTO `Konten` VALUES ('Jujutsu Kaisen','Student fights cursed spirits.',2020,'13+',NULL);
INSERT IGNORE INTO `Konten` VALUES ('My Hero Academia','Boy attends hero academy.',2016,'13+',NULL);
INSERT IGNORE INTO `Konten` VALUES ('Fullmetal Alchemist: Brotherhood','Brothers seek philosophers stone.',2009,'13+',NULL);
INSERT IGNORE INTO `Konten` VALUES ('Death Note','Notebook grants lethal power.',2006,'13+',NULL);
INSERT IGNORE INTO `Konten` VALUES ('Hunter x Hunter','Boy searches for his father.',2011,'13+',NULL);
INSERT IGNORE INTO `Konten` VALUES ('Chainsaw Man','Youth merges with chainsaw devil.',2022,'17+',NULL);
INSERT IGNORE INTO `Konten` VALUES ('Tokyo Ghoul','Student becomes half-ghoul.',2014,'17+',NULL);
INSERT IGNORE INTO `Konten` VALUES ('Sword Art Online','Players trapped in VR world.',2012,'13+',NULL);
INSERT IGNORE INTO `Konten` VALUES ('Black Clover','Boy aims to be Wizard King.',2017,'13+',NULL);
INSERT IGNORE INTO `Konten` VALUES ('Fairy Tail','Mages undertake guild quests.',2009,'13+',NULL);
INSERT IGNORE INTO `Konten` VALUES ('Haikyuu!!','Team pursues volleyball glory.',2014,'13+',NULL);
INSERT IGNORE INTO `Konten` VALUES ('Blue Lock','Strikers compete for spotlight.',2022,'13+',NULL);
INSERT IGNORE INTO `Konten` VALUES ('Spy x Family','Spy forms fake family.',2022,'13+',NULL);
INSERT IGNORE INTO `Konten` VALUES ('Dr. Stone','Genius rebuilds civilization.',2019,'13+',NULL);
INSERT IGNORE INTO `Konten` VALUES ('Mob Psycho 100','Boy with psychic powers seeks normal life.',2016,'13+',NULL);
INSERT IGNORE INTO `Konten` VALUES ('Vinland Saga','Young warrior seeks true meaning.',2019,'17+',NULL);
INSERT IGNORE INTO `Konten` VALUES ('Layangan Putus','Marriage faces infidelity.',2021,'13+',NULL);
INSERT IGNORE INTO `Konten` VALUES ('Gadis Kretek','Family and clove industry saga.',2023,'13+',NULL);
INSERT IGNORE INTO `Konten` VALUES ('Tira','Heroine joins vigilante network.',2023,'13+',NULL);
INSERT IGNORE INTO `Konten` VALUES ('Turn On','Young man explores relationships.',2020,'17+',NULL);
INSERT IGNORE INTO `Konten` VALUES ('Wedding Agreement The Series','Couple navigates contract marriage.',2022,'13+',NULL);
INSERT IGNORE INTO `Konten` VALUES ('Virgin The Series','Teens confront social issues.',2022,'13+',NULL);

-- ============================================================
-- SERIAL TV & EPISODE (TARGET > 150 DATA)
-- ============================================================
INSERT IGNORE INTO `Konten` VALUES ('Avatar: The Last Airbender', 'Aang sang Avatar menguasai elemen.', 2005, 'TV-Y7', 'Michael Dante DiMartino');
INSERT IGNORE INTO `Serial_TV` VALUES ('Avatar: The Last Airbender', 3);

INSERT IGNORE INTO `Konten` VALUES ('Breaking Bad', 'Guru kimia jadi raja narkoba.', 2008, 'TV-MA', 'Vince Gilligan');
INSERT IGNORE INTO `Serial_TV` VALUES ('Breaking Bad', 5);

INSERT IGNORE INTO `Konten` VALUES ('Stranger Things', 'Misteri supranatural di Hawkins.', 2016, 'TV-14', 'Duffer Brothers');
INSERT IGNORE INTO `Serial_TV` VALUES ('Stranger Things', 4);

INSERT IGNORE INTO `Konten` (`judul`, `sinopsis`, `tahun_rilis`, `rating_usia`, `sutradara`) VALUES ('Interstellar', 'Tim penjelajah melintasi lubang cacing di luar angkasa.', 2014, 'PG-13', 'Christopher Nolan');
INSERT IGNORE INTO `Film` (`judul`, `durasi`, `sutradara`) VALUES ('Interstellar', 169, 'Christopher Nolan');

INSERT IGNORE INTO `Konten` (`judul`, `sinopsis`, `tahun_rilis`, `rating_usia`, `sutradara`) VALUES ('Inception', 'Pencuri yang mencuri rahasia perusahaan melalui mimpi.', 2010, 'PG-13', 'Christopher Nolan');
INSERT IGNORE INTO `Film` (`judul`, `durasi`, `sutradara`) VALUES ('Inception', 148, 'Christopher Nolan');

INSERT IGNORE INTO `Konten` (`judul`, `sinopsis`, `tahun_rilis`, `rating_usia`, `sutradara`) VALUES ('Parasite', 'Diskriminasi keserakahan dan kelas mengancam hubungan simbiosis.', 2019, 'R', 'Bong Joon Ho');
INSERT IGNORE INTO `Film` (`judul`, `durasi`, `sutradara`) VALUES ('Parasite', 132, 'Bong Joon Ho');

-- ============================================================
-- KONTEN & FILM BARU (+20 DATA)
-- ============================================================
INSERT IGNORE INTO `Konten` VALUES ('Oppenheimer', 'Kisah J. Robert Oppenheimer.', 2023, 'R', 'Christopher Nolan');
INSERT IGNORE INTO `Film` VALUES ('Oppenheimer', 180, 'Christopher Nolan');

INSERT IGNORE INTO `Konten` VALUES ('Barbie', 'Barbie mengalami krisis eksistensial.', 2023, 'PG-13', 'Greta Gerwig');
INSERT IGNORE INTO `Film` VALUES ('Barbie', 114, 'Greta Gerwig');

INSERT IGNORE INTO `Konten` VALUES ('Dune: Part Two', 'Paul Atreides membalas dendam.', 2024, 'PG-13', 'Denis Villeneuve');
INSERT IGNORE INTO `Film` VALUES ('Dune: Part Two', 166, 'Denis Villeneuve');

INSERT IGNORE INTO `Konten` VALUES ('Spider-Man: Across the Spider-Verse', 'Miles Morales melintasi multiverse.', 2023, 'PG', 'Joaquim Dos Santos');
INSERT IGNORE INTO `Film` VALUES ('Spider-Man: Across the Spider-Verse', 140, 'Joaquim Dos Santos');

INSERT IGNORE INTO `Konten` VALUES ('The Batman', 'Batman mengungkap korupsi di Gotham.', 2022, 'PG-13', 'Matt Reeves');
INSERT IGNORE INTO `Film` VALUES ('The Batman', 176, 'Matt Reeves');

INSERT IGNORE INTO `Konten` VALUES ('Top Gun: Maverick', 'Maverick kembali sebagai instruktur.', 2022, 'PG-13', 'Joseph Kosinski');
INSERT IGNORE INTO `Film` VALUES ('Top Gun: Maverick', 130, 'Joseph Kosinski');

INSERT IGNORE INTO `Konten` VALUES ('Avatar: The Way of Water', 'Jake Sully melindungi keluarga barunya.', 2022, 'PG-13', 'James Cameron');
INSERT IGNORE INTO `Film` VALUES ('Avatar: The Way of Water', 192, 'James Cameron');

INSERT IGNORE INTO `Konten` VALUES ('Guardians of the Galaxy Vol. 3', 'Misi terakhir para penjaga galaksi.', 2023, 'PG-13', 'James Gunn');
INSERT IGNORE INTO `Film` VALUES ('Guardians of the Galaxy Vol. 3', 150, 'James Gunn');

INSERT IGNORE INTO `Konten` VALUES ('Black Panther: Wakanda Forever', 'Wakanda berjuang tanpa rajanya.', 2022, 'PG-13', 'Ryan Coogler');
INSERT IGNORE INTO `Film` VALUES ('Black Panther: Wakanda Forever', 161, 'Ryan Coogler');

INSERT IGNORE INTO `Konten` VALUES ('Everything Everywhere All At Once', 'Petualangan gila di multiverse.', 2022, 'R', 'Daniel Kwan');
INSERT IGNORE INTO `Film` VALUES ('Everything Everywhere All At Once', 139, 'Daniel Kwan');

INSERT IGNORE INTO `Konten` VALUES ('The Whale', 'Seorang guru mencoba berdamai dengan anaknya.', 2022, 'R', 'Darren Aronofsky');
INSERT IGNORE INTO `Film` VALUES ('The Whale', 117, 'Darren Aronofsky');

INSERT IGNORE INTO `Konten` VALUES ('John Wick: Chapter 4', 'John Wick melawan High Table.', 2023, 'R', 'Chad Stahelski');
INSERT IGNORE INTO `Film` VALUES ('John Wick: Chapter 4', 169, 'Chad Stahelski');

INSERT IGNORE INTO `Konten` VALUES ('Mission: Impossible - Dead Reckoning', 'Ethan Hunt menghadapi AI berbahaya.', 2023, 'PG-13', 'Christopher McQuarrie');
INSERT IGNORE INTO `Film` VALUES ('Mission: Impossible - Dead Reckoning', 163, 'Christopher McQuarrie');

INSERT IGNORE INTO `Konten` VALUES ('Poor Things', 'Evolusi fantastis Bella Baxter.', 2023, 'R', 'Yorgos Lanthimos');
INSERT IGNORE INTO `Film` VALUES ('Poor Things', 141, 'Yorgos Lanthimos');

INSERT IGNORE INTO `Konten` VALUES ('Killers of the Flower Moon', 'Pembunuhan suku Osage.', 2023, 'R', 'Martin Scorsese');
INSERT IGNORE INTO `Film` VALUES ('Killers of the Flower Moon', 206, 'Martin Scorsese');

INSERT IGNORE INTO `Konten` VALUES ('Godzilla Minus One', 'Jepang pascaperang diserang Godzilla.', 2023, 'PG-13', 'Takashi Yamazaki');
INSERT IGNORE INTO `Film` VALUES ('Godzilla Minus One', 125, 'Takashi Yamazaki');

INSERT IGNORE INTO `Konten` VALUES ('Past Lives', 'Dua teman masa kecil bertemu kembali.', 2023, 'PG-13', 'Celine Song');
INSERT IGNORE INTO `Film` VALUES ('Past Lives', 105, 'Celine Song');

INSERT IGNORE INTO `Konten` VALUES ('Anatomy of a Fall', 'Istri dituduh membunuh suaminya.', 2023, 'R', 'Justine Triet');
INSERT IGNORE INTO `Film` VALUES ('Anatomy of a Fall', 151, 'Justine Triet');

INSERT IGNORE INTO `Konten` VALUES ('The Zone of Interest', 'Kehidupan komandan Auschwitz.', 2023, 'PG-13', 'Jonathan Glazer');
INSERT IGNORE INTO `Film` VALUES ('The Zone of Interest', 105, 'Jonathan Glazer');

INSERT IGNORE INTO `Konten` VALUES ('Civil War', 'Perang saudara di Amerika masa depan.', 2024, 'R', 'Alex Garland');
INSERT IGNORE INTO `Film` VALUES ('Civil War', 109, 'Alex Garland');


-- ================= FILM spesialisasi (durasi,sutradara NULL) =================
INSERT IGNORE INTO `Film` VALUES ('Iron Man',NULL,NULL);
INSERT IGNORE INTO `Film` VALUES ('Iron Man 2',NULL,NULL);
INSERT IGNORE INTO `Film` VALUES ('Iron Man 3',NULL,NULL);
INSERT IGNORE INTO `Film` VALUES ('The Avengers',NULL,NULL);
INSERT IGNORE INTO `Film` VALUES ('Avengers: Age of Ultron',NULL,NULL);
INSERT IGNORE INTO `Film` VALUES ('Avengers: Infinity War',NULL,NULL);
INSERT IGNORE INTO `Film` VALUES ('Avengers: Endgame',NULL,NULL);
INSERT IGNORE INTO `Film` VALUES ('Thor',NULL,NULL);
INSERT IGNORE INTO `Film` VALUES ('Thor: The Dark World',NULL,NULL);
INSERT IGNORE INTO `Film` VALUES ('Thor: Ragnarok',NULL,NULL);
INSERT IGNORE INTO `Film` VALUES ('Captain America: The First Avenger',NULL,NULL);
INSERT IGNORE INTO `Film` VALUES ('Captain America: The Winter Soldier',NULL,NULL);
INSERT IGNORE INTO `Film` VALUES ('Captain America: Civil War',NULL,NULL);
INSERT IGNORE INTO `Film` VALUES ('Black Panther',NULL,NULL);
INSERT IGNORE INTO `Film` VALUES ('Doctor Strange',NULL,NULL);
INSERT IGNORE INTO `Film` VALUES ('Doctor Strange in the Multiverse of Madness',NULL,NULL);
INSERT IGNORE INTO `Film` VALUES ('Spider-Man: Homecoming',NULL,NULL);
INSERT IGNORE INTO `Film` VALUES ('Spider-Man: Far From Home',NULL,NULL);
INSERT IGNORE INTO `Film` VALUES ('Spider-Man: No Way Home',NULL,NULL);
INSERT IGNORE INTO `Film` VALUES ('Ant-Man',NULL,NULL);
INSERT IGNORE INTO `Film` VALUES ('Ant-Man and the Wasp',NULL,NULL);
INSERT IGNORE INTO `Film` VALUES ('Black Widow',NULL,NULL);
INSERT IGNORE INTO `Film` VALUES ('Shang-Chi and the Legend of the Ten Rings',NULL,NULL);
INSERT IGNORE INTO `Film` VALUES ('Eternals',NULL,NULL);
INSERT IGNORE INTO `Film` VALUES ('Inception',NULL,NULL);
INSERT IGNORE INTO `Film` VALUES ('The Dark Knight',NULL,NULL);
INSERT IGNORE INTO `Film` VALUES ('The Dark Knight Rises',NULL,NULL);
INSERT IGNORE INTO `Film` VALUES ('Batman Begins',NULL,NULL);
INSERT IGNORE INTO `Film` VALUES ('Interstellar',NULL,NULL);
INSERT IGNORE INTO `Film` VALUES ('Dunkirk',NULL,NULL);
INSERT IGNORE INTO `Film` VALUES ('Tenet',NULL,NULL);
INSERT IGNORE INTO `Film` VALUES ('Oppenheimer',NULL,NULL);
INSERT IGNORE INTO `Film` VALUES ('Joker',NULL,NULL);
INSERT IGNORE INTO `Film` VALUES ('Titanic',NULL,NULL);
INSERT IGNORE INTO `Film` VALUES ('Avatar',NULL,NULL);
INSERT IGNORE INTO `Film` VALUES ('Avatar: The Way of Water',NULL,NULL);
INSERT IGNORE INTO `Film` VALUES ('The Matrix',NULL,NULL);
INSERT IGNORE INTO `Film` VALUES ('The Matrix Reloaded',NULL,NULL);
INSERT IGNORE INTO `Film` VALUES ('The Matrix Revolutions',NULL,NULL);
INSERT IGNORE INTO `Film` VALUES ('John Wick',NULL,NULL);
INSERT IGNORE INTO `Film` VALUES ('John Wick: Chapter 2',NULL,NULL);
INSERT IGNORE INTO `Film` VALUES ('John Wick: Chapter 3 - Parabellum',NULL,NULL);
INSERT IGNORE INTO `Film` VALUES ('John Wick: Chapter 4',NULL,NULL);
INSERT IGNORE INTO `Film` VALUES ('Mission: Impossible',NULL,NULL);
INSERT IGNORE INTO `Film` VALUES ('Mission: Impossible - Fallout',NULL,NULL);
INSERT IGNORE INTO `Film` VALUES ('Top Gun',NULL,NULL);
INSERT IGNORE INTO `Film` VALUES ('Top Gun: Maverick',NULL,NULL);
INSERT IGNORE INTO `Film` VALUES ('Gladiator',NULL,NULL);
INSERT IGNORE INTO `Film` VALUES ('The Godfather',NULL,NULL);
INSERT IGNORE INTO `Film` VALUES ('The Godfather Part II',NULL,NULL);
INSERT IGNORE INTO `Film` VALUES ('Pulp Fiction',NULL,NULL);
INSERT IGNORE INTO `Film` VALUES ('Fight Club',NULL,NULL);
INSERT IGNORE INTO `Film` VALUES ('Forrest Gump',NULL,NULL);
INSERT IGNORE INTO `Film` VALUES ('The Shawshank Redemption',NULL,NULL);
INSERT IGNORE INTO `Film` VALUES ('Parasite',NULL,NULL);
INSERT IGNORE INTO `Film` VALUES ('Train to Busan',NULL,NULL);
INSERT IGNORE INTO `Film` VALUES ('The Raid',NULL,NULL);
INSERT IGNORE INTO `Film` VALUES ('The Raid 2',NULL,NULL);
INSERT IGNORE INTO `Film` VALUES ('Gundala',NULL,NULL);
INSERT IGNORE INTO `Film` VALUES ('Sri Asih',NULL,NULL);
INSERT IGNORE INTO `Film` VALUES ('Pengabdi Setan',NULL,NULL);
INSERT IGNORE INTO `Film` VALUES ('Pengabdi Setan 2: Communion',NULL,NULL);
INSERT IGNORE INTO `Film` VALUES ('KKN di Desa Penari',NULL,NULL);
INSERT IGNORE INTO `Film` VALUES ('Laskar Pelangi',NULL,NULL);
INSERT IGNORE INTO `Film` VALUES ('Habibie & Ainun',NULL,NULL);
INSERT IGNORE INTO `Film` VALUES ('Dilan 1990',NULL,NULL);
INSERT IGNORE INTO `Film` VALUES ('Dilan 1991',NULL,NULL);
INSERT IGNORE INTO `Film` VALUES ('Milea: Suara dari Dilan',NULL,NULL);
INSERT IGNORE INTO `Film` VALUES ('Ada Apa Dengan Cinta?',NULL,NULL);
INSERT IGNORE INTO `Film` VALUES ('Ada Apa Dengan Cinta? 2',NULL,NULL);
INSERT IGNORE INTO `Film` VALUES ('Cek Toko Sebelah',NULL,NULL);
INSERT IGNORE INTO `Film` VALUES ('Ngeri-Ngeri Sedap',NULL,NULL);
INSERT IGNORE INTO `Film` VALUES ('Mencuri Raden Saleh',NULL,NULL);
INSERT IGNORE INTO `Film` VALUES ('The Big 4',NULL,NULL);
INSERT IGNORE INTO `Film` VALUES ('Perempuan Tanah Jahanam',NULL,NULL);
INSERT IGNORE INTO `Film` VALUES ('Satu Suro',NULL,NULL);
INSERT IGNORE INTO `Film` VALUES ('Sebelum Iblis Menjemput',NULL,NULL);
INSERT IGNORE INTO `Film` VALUES ('Ratu Ilmu Hitam',NULL,NULL);
INSERT IGNORE INTO `Film` VALUES ('Suzanna: Bernapas dalam Kubur',NULL,NULL);
INSERT IGNORE INTO `Film` VALUES ('My Sassy Girl',NULL,NULL);
INSERT IGNORE INTO `Film` VALUES ('Oldboy',NULL,NULL);
INSERT IGNORE INTO `Film` VALUES ('Memories of Murder',NULL,NULL);
INSERT IGNORE INTO `Film` VALUES ('Minari',NULL,NULL);
INSERT IGNORE INTO `Film` VALUES ('Decision to Leave',NULL,NULL);
INSERT IGNORE INTO `Film` VALUES ('Broker',NULL,NULL);
INSERT IGNORE INTO `Film` VALUES ('Burning',NULL,NULL);
INSERT IGNORE INTO `Film` VALUES ('Extreme Job',NULL,NULL);
INSERT IGNORE INTO `Film` VALUES ('Exit',NULL,NULL);
INSERT IGNORE INTO `Film` VALUES ('Along With the Gods: The Two Worlds',NULL,NULL);
INSERT IGNORE INTO `Film` VALUES ('Along With the Gods: The Last 49 Days',NULL,NULL);
INSERT IGNORE INTO `Film` VALUES ('The Wailing',NULL,NULL);
INSERT IGNORE INTO `Film` VALUES ('I Saw the Devil',NULL,NULL);
INSERT IGNORE INTO `Film` VALUES ('A Taxi Driver',NULL,NULL);
INSERT IGNORE INTO `Film` VALUES ('Miracle in Cell No. 7',NULL,NULL);
INSERT IGNORE INTO `Film` VALUES ('Harry Potter and the Sorcerers Stone',NULL,NULL);
INSERT IGNORE INTO `Film` VALUES ('Harry Potter and the Chamber of Secrets',NULL,NULL);
INSERT IGNORE INTO `Film` VALUES ('Harry Potter and the Prisoner of Azkaban',NULL,NULL);
INSERT IGNORE INTO `Film` VALUES ('Harry Potter and the Goblet of Fire',NULL,NULL);
INSERT IGNORE INTO `Film` VALUES ('Harry Potter and the Order of the Phoenix',NULL,NULL);
INSERT IGNORE INTO `Film` VALUES ('Harry Potter and the Half-Blood Prince',NULL,NULL);
INSERT IGNORE INTO `Film` VALUES ('Harry Potter and the Deathly Hallows: Part 1',NULL,NULL);
INSERT IGNORE INTO `Film` VALUES ('Harry Potter and the Deathly Hallows: Part 2',NULL,NULL);
INSERT IGNORE INTO `Film` VALUES ('Fantastic Beasts and Where to Find Them',NULL,NULL);
INSERT IGNORE INTO `Film` VALUES ('Fantastic Beasts: The Crimes of Grindelwald',NULL,NULL);
INSERT IGNORE INTO `Film` VALUES ('Fantastic Beasts: The Secrets of Dumbledore',NULL,NULL);
INSERT IGNORE INTO `Film` VALUES ('The Lord of the Rings: The Fellowship of the Ring',NULL,NULL);
INSERT IGNORE INTO `Film` VALUES ('The Lord of the Rings: The Two Towers',NULL,NULL);
INSERT IGNORE INTO `Film` VALUES ('The Lord of the Rings: The Return of the King',NULL,NULL);
INSERT IGNORE INTO `Film` VALUES ('The Hobbit: An Unexpected Journey',NULL,NULL);
INSERT IGNORE INTO `Film` VALUES ('The Hobbit: The Desolation of Smaug',NULL,NULL);
INSERT IGNORE INTO `Film` VALUES ('The Hobbit: The Battle of the Five Armies',NULL,NULL);
INSERT IGNORE INTO `Film` VALUES ('Pirates of the Caribbean: The Curse of the Black Pearl',NULL,NULL);
INSERT IGNORE INTO `Film` VALUES ('Pirates of the Caribbean: Dead Mans Chest',NULL,NULL);
INSERT IGNORE INTO `Film` VALUES ('Pirates of the Caribbean: At Worlds End',NULL,NULL);
INSERT IGNORE INTO `Film` VALUES ('Jurassic Park',NULL,NULL);
INSERT IGNORE INTO `Film` VALUES ('Jurassic World',NULL,NULL);
INSERT IGNORE INTO `Film` VALUES ('Jurassic World: Fallen Kingdom',NULL,NULL);
INSERT IGNORE INTO `Film` VALUES ('Jaws',NULL,NULL);
INSERT IGNORE INTO `Film` VALUES ('E.T. the Extra-Terrestrial',NULL,NULL);
INSERT IGNORE INTO `Film` VALUES ('Back to the Future',NULL,NULL);
INSERT IGNORE INTO `Film` VALUES ('Back to the Future Part II',NULL,NULL);
INSERT IGNORE INTO `Film` VALUES ('Back to the Future Part III',NULL,NULL);
INSERT IGNORE INTO `Film` VALUES ('Star Wars: Episode IV - A New Hope',NULL,NULL);
INSERT IGNORE INTO `Film` VALUES ('Star Wars: Episode V - The Empire Strikes Back',NULL,NULL);
INSERT IGNORE INTO `Film` VALUES ('Star Wars: Episode VI - Return of the Jedi',NULL,NULL);
INSERT IGNORE INTO `Film` VALUES ('Star Wars: Episode I - The Phantom Menace',NULL,NULL);
INSERT IGNORE INTO `Film` VALUES ('Star Wars: Episode II - Attack of the Clones',NULL,NULL);
INSERT IGNORE INTO `Film` VALUES ('Star Wars: Episode III - Revenge of the Sith',NULL,NULL);
INSERT IGNORE INTO `Film` VALUES ('Captain Marvel',NULL,NULL);
INSERT IGNORE INTO `Film` VALUES ('Guardians of the Galaxy',NULL,NULL);
INSERT IGNORE INTO `Film` VALUES ('Guardians of the Galaxy Vol. 2',NULL,NULL);
INSERT IGNORE INTO `Film` VALUES ('Guardians of the Galaxy Vol. 3',NULL,NULL);
INSERT IGNORE INTO `Film` VALUES ('Black Panther: Wakanda Forever',NULL,NULL);

-- ================= SERIAL_TV spesialisasi (total_season = 1 untuk semua entri) =================
INSERT IGNORE INTO `Serial_TV` VALUES ('Tougen Anki',1),
('Loki',1),('WandaVision',1),('Hawkeye',1),('Moon Knight',1),('She-Hulk: Attorney at Law',1),('The Falcon and the Winter Soldier',1),('Daredevil',1),('Jessica Jones',1),('The Punisher',1),('Agents of S.H.I.E.L.D.',1),('Luke Cage',1),('Iron Fist',1),('Secret Invasion',1),('What If...?',1),
('Breaking Bad',1),('Better Call Saul',1),('Game of Thrones',1),('House of the Dragon',1),('Stranger Things',1),('The Witcher',1),('The Mandalorian',1),('The Last of Us',1),('Peaky Blinders',1),('Sherlock',1),('Dexter',1),('Homeland',1),('Westworld',1),('True Detective',1),('The Boys',1),('Invincible',1),('The Umbrella Academy',1),('Narcos',1),('Money Heist',1),('Dark',1),('Chernobyl',1),('Black Mirror',1),('Fargo',1),('Lost',1),('Prison Break',1),('24',1),('The Office',1),('Friends',1),('How I Met Your Mother',1),('Seinfeld',1),('Modern Family',1),('Brooklyn Nine-Nine',1),('Parks and Recreation',1),('Suits',1),('House',1),('Greys Anatomy',1),('CSI: Crime Scene Investigation',1),('NCIS',1),('Criminal Minds',1),('Law & Order: Special Victims Unit',1),('Supernatural',1),('Smallville',1),('Arrow',1),('The Flash',1),('DCs Legends of Tomorrow',1),('Gotham',1),('Titans',1),('Doom Patrol',1),('The Expanse',1),('Battlestar Galactica',1),('Firefly',1),('Fringe',1),('The Walking Dead',1),('Fear the Walking Dead',1),('Hannibal',1),('Vikings',1),('Vikings: Valhalla',1),('Black Sails',1),('Rome',1),('Spartacus',1),('Teen Wolf',1),('Riverdale',1),('Lucifer',1),('Sense8',1),('Mr. Robot',1),('The Crown',1),('The Handmaids Tale',1),('Yellowstone',1),('Ozark',1),('Mad Men',1),('Boardwalk Empire',1),('Mare of Easttown',1),('Succession',1),('Severance',1),('Andor',1),('Obi-Wan Kenobi',1),('Ahsoka',1),('Star Trek: Discovery',1),('Star Trek: Picard',1),('The Good Doctor',1),('This Is Us',1),('The Mentalist',1),('Person of Interest',1),('Elementary',1),('His Dark Materials',1),('The Sandman',1),('Love, Death & Robots',1),('Arcane',1),('Castlevania',1),('The Dragon Prince',1),('Avatar: The Last Airbender',1),('The Legend of Korra',1),('Squid Game',1),('Kingdom',1),('Crash Landing on You',1),('Goblin',1),('Descendants of the Sun',1),('Itaewon Class',1),('Vincenzo',1),('Reply 1988',1),('Signal',1),('Hospital Playlist',1),('My Mister',1),('All of Us Are Dead',1),('Sweet Home',1),('Extraordinary Attorney Woo',1),('Hellbound',1),('Attack on Titan',1),('Naruto',1),('Naruto Shippuden',1),('Bleach',1),('One Piece',1),('Demon Slayer',1),('Jujutsu Kaisen',1),('My Hero Academia',1),('Fullmetal Alchemist: Brotherhood',1),('Death Note',1),('Hunter x Hunter',1),('Chainsaw Man',1),('Tokyo Ghoul',1),('Sword Art Online',1),('Black Clover',1),('Fairy Tail',1),('Haikyuu!!',1),('Blue Lock',1),('Spy x Family',1),('Dr. Stone',1),('Mob Psycho 100',1),('Vinland Saga',1),('Layangan Putus',1),('Gadis Kretek',1),('Tira',1),('Turn On',1),('Wedding Agreement The Series',1),('Virgin The Series',1);

-- ================= GENRE_KONTEN (>=150 rows, at least 1 per konten; subset examples) =================
INSERT IGNORE INTO `Genre_Konten` VALUES ('Iron Man',1);
INSERT IGNORE INTO `Genre_Konten` VALUES ('Iron Man',6);
INSERT IGNORE INTO `Genre_Konten` VALUES ('Iron Man 2',1);
INSERT IGNORE INTO `Genre_Konten` VALUES ('Iron Man 3',1);
INSERT IGNORE INTO `Genre_Konten` VALUES ('The Avengers',1);
INSERT IGNORE INTO `Genre_Konten` VALUES ('The Avengers',6);
INSERT IGNORE INTO `Genre_Konten` VALUES ('Avengers: Age of Ultron',1);
INSERT IGNORE INTO `Genre_Konten` VALUES ('Avengers: Infinity War',1);
INSERT IGNORE INTO `Genre_Konten` VALUES ('Avengers: Endgame',1);
INSERT IGNORE INTO `Genre_Konten` VALUES ('Thor',1);
INSERT IGNORE INTO `Genre_Konten` VALUES ('Thor',10);
INSERT IGNORE INTO `Genre_Konten` VALUES ('Thor: Ragnarok',1);
INSERT IGNORE INTO `Genre_Konten` VALUES ('Captain America: The First Avenger',1);
INSERT IGNORE INTO `Genre_Konten` VALUES ('Captain America: The Winter Soldier',1);
INSERT IGNORE INTO `Genre_Konten` VALUES ('Captain America: Civil War',1);
INSERT IGNORE INTO `Genre_Konten` VALUES ('Black Panther',1);
INSERT IGNORE INTO `Genre_Konten` VALUES ('Doctor Strange',6);
INSERT IGNORE INTO `Genre_Konten` VALUES ('Doctor Strange in the Multiverse of Madness',6);
INSERT IGNORE INTO `Genre_Konten` VALUES ('Spider-Man: Homecoming',1);
INSERT IGNORE INTO `Genre_Konten` VALUES ('Spider-Man: Far From Home',1);
INSERT IGNORE INTO `Genre_Konten` VALUES ('Spider-Man: No Way Home',1);
INSERT IGNORE INTO `Genre_Konten` VALUES ('Ant-Man',1);
INSERT IGNORE INTO `Genre_Konten` VALUES ('Ant-Man and the Wasp',1);
INSERT IGNORE INTO `Genre_Konten` VALUES ('Black Widow',1);
INSERT IGNORE INTO `Genre_Konten` VALUES ('Shang-Chi and the Legend of the Ten Rings',1);
INSERT IGNORE INTO `Genre_Konten` VALUES ('Eternals',6);
INSERT IGNORE INTO `Genre_Konten` VALUES ('Inception',6);
INSERT IGNORE INTO `Genre_Konten` VALUES ('The Dark Knight',2);
INSERT IGNORE INTO `Genre_Konten` VALUES ('The Dark Knight Rises',2);
INSERT IGNORE INTO `Genre_Konten` VALUES ('Batman Begins',2);
INSERT IGNORE INTO `Genre_Konten` VALUES ('Interstellar',6);
INSERT IGNORE INTO `Genre_Konten` VALUES ('Dunkirk',4);
INSERT IGNORE INTO `Genre_Konten` VALUES ('Tenet',6);
INSERT IGNORE INTO `Genre_Konten` VALUES ('Oppenheimer',14);
INSERT IGNORE INTO `Genre_Konten` VALUES ('Joker',4);
INSERT IGNORE INTO `Genre_Konten` VALUES ('Titanic',8);
INSERT IGNORE INTO `Genre_Konten` VALUES ('Avatar',9);
INSERT IGNORE INTO `Genre_Konten` VALUES ('Avatar: The Way of Water',9);
INSERT IGNORE INTO `Genre_Konten` VALUES ('The Matrix',6);
INSERT IGNORE INTO `Genre_Konten` VALUES ('The Matrix Reloaded',6);
INSERT IGNORE INTO `Genre_Konten` VALUES ('The Matrix Revolutions',6);
INSERT IGNORE INTO `Genre_Konten` VALUES ('John Wick',3);
INSERT IGNORE INTO `Genre_Konten` VALUES ('John Wick: Chapter 2',3);
INSERT IGNORE INTO `Genre_Konten` VALUES ('John Wick: Chapter 3 - Parabellum',3);
INSERT IGNORE INTO `Genre_Konten` VALUES ('John Wick: Chapter 4',3);
INSERT IGNORE INTO `Genre_Konten` VALUES ('Mission: Impossible',1);
INSERT IGNORE INTO `Genre_Konten` VALUES ('Mission: Impossible - Fallout',1);
INSERT IGNORE INTO `Genre_Konten` VALUES ('Top Gun',1);
INSERT IGNORE INTO `Genre_Konten` VALUES ('Top Gun: Maverick',1);
INSERT IGNORE INTO `Genre_Konten` VALUES ('Gladiator',15);
INSERT IGNORE INTO `Genre_Konten` VALUES ('The Godfather',2);
INSERT IGNORE INTO `Genre_Konten` VALUES ('The Godfather Part II',2);
INSERT IGNORE INTO `Genre_Konten` VALUES ('Pulp Fiction',2);
INSERT IGNORE INTO `Genre_Konten` VALUES ('Fight Club',4);
INSERT IGNORE INTO `Genre_Konten` VALUES ('Forrest Gump',4);
INSERT IGNORE INTO `Genre_Konten` VALUES ('The Shawshank Redemption',4);
INSERT IGNORE INTO `Genre_Konten` VALUES ('Parasite',3);
INSERT IGNORE INTO `Genre_Konten` VALUES ('Train to Busan',7);
INSERT IGNORE INTO `Genre_Konten` VALUES ('The Raid',1);
INSERT IGNORE INTO `Genre_Konten` VALUES ('The Raid 2',1);
INSERT IGNORE INTO `Genre_Konten` VALUES ('Gundala',1);
INSERT IGNORE INTO `Genre_Konten` VALUES ('Sri Asih',1);
INSERT IGNORE INTO `Genre_Konten` VALUES ('Pengabdi Setan',7);
INSERT IGNORE INTO `Genre_Konten` VALUES ('Pengabdi Setan 2: Communion',7);
INSERT IGNORE INTO `Genre_Konten` VALUES ('KKN di Desa Penari',7);
INSERT IGNORE INTO `Genre_Konten` VALUES ('Laskar Pelangi',13);
INSERT IGNORE INTO `Genre_Konten` VALUES ('Habibie & Ainun',8);
INSERT IGNORE INTO `Genre_Konten` VALUES ('Dilan 1990',8);
INSERT IGNORE INTO `Genre_Konten` VALUES ('Dilan 1991',8);
INSERT IGNORE INTO `Genre_Konten` VALUES ('Milea: Suara dari Dilan',8);
INSERT IGNORE INTO `Genre_Konten` VALUES ('Ada Apa Dengan Cinta?',8);
INSERT IGNORE INTO `Genre_Konten` VALUES ('Ada Apa Dengan Cinta? 2',8);
INSERT IGNORE INTO `Genre_Konten` VALUES ('Cek Toko Sebelah',5);
INSERT IGNORE INTO `Genre_Konten` VALUES ('Ngeri-Ngeri Sedap',5);
INSERT IGNORE INTO `Genre_Konten` VALUES ('Mencuri Raden Saleh',2);
INSERT IGNORE INTO `Genre_Konten` VALUES ('The Big 4',1);
INSERT IGNORE INTO `Genre_Konten` VALUES ('Perempuan Tanah Jahanam',7);
INSERT IGNORE INTO `Genre_Konten` VALUES ('Satu Suro',7);
INSERT IGNORE INTO `Genre_Konten` VALUES ('Sebelum Iblis Menjemput',7);
INSERT IGNORE INTO `Genre_Konten` VALUES ('Ratu Ilmu Hitam',7);
INSERT IGNORE INTO `Genre_Konten` VALUES ('Suzanna: Bernapas dalam Kubur',7);
INSERT IGNORE INTO `Genre_Konten` VALUES ('My Sassy Girl',8);
INSERT IGNORE INTO `Genre_Konten` VALUES ('Oldboy',3);
INSERT IGNORE INTO `Genre_Konten` VALUES ('Memories of Murder',12);
INSERT IGNORE INTO `Genre_Konten` VALUES ('Minari',4);
INSERT IGNORE INTO `Genre_Konten` VALUES ('Decision to Leave',12);
INSERT IGNORE INTO `Genre_Konten` VALUES ('Broker',4);
INSERT IGNORE INTO `Genre_Konten` VALUES ('Burning',3);
INSERT IGNORE INTO `Genre_Konten` VALUES ('Extreme Job',5);
INSERT IGNORE INTO `Genre_Konten` VALUES ('Exit',1);
INSERT IGNORE INTO `Genre_Konten` VALUES ('Along With the Gods: The Two Worlds',10);
INSERT IGNORE INTO `Genre_Konten` VALUES ('Along With the Gods: The Last 49 Days',10);
INSERT IGNORE INTO `Genre_Konten` VALUES ('The Wailing',7);
INSERT IGNORE INTO `Genre_Konten` VALUES ('I Saw the Devil',3);
INSERT IGNORE INTO `Genre_Konten` VALUES ('A Taxi Driver',4);
INSERT IGNORE INTO `Genre_Konten` VALUES ('Miracle in Cell No. 7',4);
INSERT IGNORE INTO `Genre_Konten` VALUES ('Harry Potter and the Sorcerers Stone',10);
INSERT IGNORE INTO `Genre_Konten` VALUES ('Harry Potter and the Chamber of Secrets',10);
INSERT IGNORE INTO `Genre_Konten` VALUES ('Harry Potter and the Prisoner of Azkaban',10);
INSERT IGNORE INTO `Genre_Konten` VALUES ('Harry Potter and the Goblet of Fire',10);
INSERT IGNORE INTO `Genre_Konten` VALUES ('Harry Potter and the Order of the Phoenix',10);
INSERT IGNORE INTO `Genre_Konten` VALUES ('Harry Potter and the Half-Blood Prince',10);
INSERT IGNORE INTO `Genre_Konten` VALUES ('Harry Potter and the Deathly Hallows: Part 1',10);
INSERT IGNORE INTO `Genre_Konten` VALUES ('Harry Potter and the Deathly Hallows: Part 2',10);
INSERT IGNORE INTO `Genre_Konten` VALUES ('Fantastic Beasts and Where to Find Them',10);
INSERT IGNORE INTO `Genre_Konten` VALUES ('Fantastic Beasts: The Crimes of Grindelwald',10);
INSERT IGNORE INTO `Genre_Konten` VALUES ('Fantastic Beasts: The Secrets of Dumbledore',10);
INSERT IGNORE INTO `Genre_Konten` VALUES ('The Lord of the Rings: The Fellowship of the Ring',10);
INSERT IGNORE INTO `Genre_Konten` VALUES ('The Lord of the Rings: The Two Towers',10);
INSERT IGNORE INTO `Genre_Konten` VALUES ('The Lord of the Rings: The Return of the King',10);
INSERT IGNORE INTO `Genre_Konten` VALUES ('The Hobbit: An Unexpected Journey',10);
INSERT IGNORE INTO `Genre_Konten` VALUES ('The Hobbit: The Desolation of Smaug',10);
INSERT IGNORE INTO `Genre_Konten` VALUES ('The Hobbit: The Battle of the Five Armies',10);
INSERT IGNORE INTO `Genre_Konten` VALUES ('Pirates of the Caribbean: The Curse of the Black Pearl',9);
INSERT IGNORE INTO `Genre_Konten` VALUES ('Pirates of the Caribbean: Dead Mans Chest',9);
INSERT IGNORE INTO `Genre_Konten` VALUES ('Pirates of the Caribbean: At Worlds End',9);
INSERT IGNORE INTO `Genre_Konten` VALUES ('Jurassic Park',9);
INSERT IGNORE INTO `Genre_Konten` VALUES ('Jurassic World',9);
INSERT IGNORE INTO `Genre_Konten` VALUES ('Jurassic World: Fallen Kingdom',9);
INSERT IGNORE INTO `Genre_Konten` VALUES ('Jaws',3);
INSERT IGNORE INTO `Genre_Konten` VALUES ('E.T. the Extra-Terrestrial',6);
INSERT IGNORE INTO `Genre_Konten` VALUES ('Back to the Future',6);
INSERT IGNORE INTO `Genre_Konten` VALUES ('Back to the Future Part II',6);
INSERT IGNORE INTO `Genre_Konten` VALUES ('Back to the Future Part III',6);
INSERT IGNORE INTO `Genre_Konten` VALUES ('Star Wars: Episode IV - A New Hope',6);
INSERT IGNORE INTO `Genre_Konten` VALUES ('Star Wars: Episode V - The Empire Strikes Back',6);
INSERT IGNORE INTO `Genre_Konten` VALUES ('Star Wars: Episode VI - Return of the Jedi',6);
INSERT IGNORE INTO `Genre_Konten` VALUES ('Star Wars: Episode I - The Phantom Menace',6);
INSERT IGNORE INTO `Genre_Konten` VALUES ('Star Wars: Episode II - Attack of the Clones',6);
INSERT IGNORE INTO `Genre_Konten` VALUES ('Star Wars: Episode III - Revenge of the Sith',6);
INSERT IGNORE INTO `Genre_Konten` VALUES ('Captain Marvel',1);
INSERT IGNORE INTO `Genre_Konten` VALUES ('Guardians of the Galaxy',6);
INSERT IGNORE INTO `Genre_Konten` VALUES ('Guardians of the Galaxy Vol. 2',6);
INSERT IGNORE INTO `Genre_Konten` VALUES ('Guardians of the Galaxy Vol. 3',6);
INSERT IGNORE INTO `Genre_Konten` VALUES ('Black Panther: Wakanda Forever',1);
INSERT IGNORE INTO `Genre_Konten` VALUES ('Tougen Anki',10);
INSERT IGNORE INTO `Genre_Konten` VALUES ('Loki',10);
INSERT IGNORE INTO `Genre_Konten` VALUES ('WandaVision',6);
INSERT IGNORE INTO `Genre_Konten` VALUES ('Hawkeye',1);
INSERT IGNORE INTO `Genre_Konten` VALUES ('Moon Knight',1);
INSERT IGNORE INTO `Genre_Konten` VALUES ('She-Hulk: Attorney at Law',5);
INSERT IGNORE INTO `Genre_Konten` VALUES ('The Falcon and the Winter Soldier',1);
INSERT IGNORE INTO `Genre_Konten` VALUES ('Daredevil',2);
INSERT IGNORE INTO `Genre_Konten` VALUES ('Jessica Jones',3);
INSERT IGNORE INTO `Genre_Konten` VALUES ('The Punisher',1);
INSERT IGNORE INTO `Genre_Konten` VALUES ('Agents of S.H.I.E.L.D.',1);
INSERT IGNORE INTO `Genre_Konten` VALUES ('Luke Cage',1);
INSERT IGNORE INTO `Genre_Konten` VALUES ('Iron Fist',1);
INSERT IGNORE INTO `Genre_Konten` VALUES ('Secret Invasion',6);
INSERT IGNORE INTO `Genre_Konten` VALUES ('What If...?',11);

-- Genre_Konten mapping minimal 1 genre per serial baru
INSERT IGNORE INTO `Genre_Konten` VALUES ('Breaking Bad',2);
INSERT IGNORE INTO `Genre_Konten` VALUES ('Better Call Saul',2);
INSERT IGNORE INTO `Genre_Konten` VALUES ('Game of Thrones',10);
INSERT IGNORE INTO `Genre_Konten` VALUES ('House of the Dragon',10);
INSERT IGNORE INTO `Genre_Konten` VALUES ('Stranger Things',6);
INSERT IGNORE INTO `Genre_Konten` VALUES ('The Witcher',10);
INSERT IGNORE INTO `Genre_Konten` VALUES ('The Mandalorian',9);
INSERT IGNORE INTO `Genre_Konten` VALUES ('The Last of Us',7);
INSERT IGNORE INTO `Genre_Konten` VALUES ('Peaky Blinders',2);
INSERT IGNORE INTO `Genre_Konten` VALUES ('Sherlock',12);
INSERT IGNORE INTO `Genre_Konten` VALUES ('Dexter',3);
INSERT IGNORE INTO `Genre_Konten` VALUES ('Homeland',3);
INSERT IGNORE INTO `Genre_Konten` VALUES ('Westworld',6);
INSERT IGNORE INTO `Genre_Konten` VALUES ('True Detective',3);
INSERT IGNORE INTO `Genre_Konten` VALUES ('The Boys',1);
INSERT IGNORE INTO `Genre_Konten` VALUES ('Invincible',11);
INSERT IGNORE INTO `Genre_Konten` VALUES ('The Umbrella Academy',10);
INSERT IGNORE INTO `Genre_Konten` VALUES ('Narcos',2);
INSERT IGNORE INTO `Genre_Konten` VALUES ('Money Heist',2);
INSERT IGNORE INTO `Genre_Konten` VALUES ('Dark',12);
INSERT IGNORE INTO `Genre_Konten` VALUES ('Chernobyl',14);
INSERT IGNORE INTO `Genre_Konten` VALUES ('Black Mirror',6);
INSERT IGNORE INTO `Genre_Konten` VALUES ('Fargo',3);
INSERT IGNORE INTO `Genre_Konten` VALUES ('Lost',9);
INSERT IGNORE INTO `Genre_Konten` VALUES ('Prison Break',3);
INSERT IGNORE INTO `Genre_Konten` VALUES ('24',3);
INSERT IGNORE INTO `Genre_Konten` VALUES ('The Office',5);
INSERT IGNORE INTO `Genre_Konten` VALUES ('Friends',5);
INSERT IGNORE INTO `Genre_Konten` VALUES ('How I Met Your Mother',5);
INSERT IGNORE INTO `Genre_Konten` VALUES ('Seinfeld',5);
INSERT IGNORE INTO `Genre_Konten` VALUES ('Modern Family',5);
INSERT IGNORE INTO `Genre_Konten` VALUES ('Brooklyn Nine-Nine',5);
INSERT IGNORE INTO `Genre_Konten` VALUES ('Parks and Recreation',5);
INSERT IGNORE INTO `Genre_Konten` VALUES ('Suits',4);
INSERT IGNORE INTO `Genre_Konten` VALUES ('House',4);
INSERT IGNORE INTO `Genre_Konten` VALUES ('Greys Anatomy',4);
INSERT IGNORE INTO `Genre_Konten` VALUES ('CSI: Crime Scene Investigation',12);
INSERT IGNORE INTO `Genre_Konten` VALUES ('NCIS',12);
INSERT IGNORE INTO `Genre_Konten` VALUES ('Criminal Minds',12);
INSERT IGNORE INTO `Genre_Konten` VALUES ('Law & Order: Special Victims Unit',12);
INSERT IGNORE INTO `Genre_Konten` VALUES ('Supernatural',10);
INSERT IGNORE INTO `Genre_Konten` VALUES ('Smallville',10);
INSERT IGNORE INTO `Genre_Konten` VALUES ('Arrow',1);
INSERT IGNORE INTO `Genre_Konten` VALUES ('The Flash',1);
INSERT IGNORE INTO `Genre_Konten` VALUES ('DCs Legends of Tomorrow',1);
INSERT IGNORE INTO `Genre_Konten` VALUES ('Gotham',2);
INSERT IGNORE INTO `Genre_Konten` VALUES ('Titans',1);
INSERT IGNORE INTO `Genre_Konten` VALUES ('Doom Patrol',6);
INSERT IGNORE INTO `Genre_Konten` VALUES ('The Expanse',6);
INSERT IGNORE INTO `Genre_Konten` VALUES ('Battlestar Galactica',6);
INSERT IGNORE INTO `Genre_Konten` VALUES ('Firefly',9);
INSERT IGNORE INTO `Genre_Konten` VALUES ('Fringe',6);
INSERT IGNORE INTO `Genre_Konten` VALUES ('The Walking Dead',7);
INSERT IGNORE INTO `Genre_Konten` VALUES ('Fear the Walking Dead',7);
INSERT IGNORE INTO `Genre_Konten` VALUES ('Hannibal',3);
INSERT IGNORE INTO `Genre_Konten` VALUES ('Vikings',15);
INSERT IGNORE INTO `Genre_Konten` VALUES ('Vikings: Valhalla',15);
INSERT IGNORE INTO `Genre_Konten` VALUES ('Black Sails',9);
INSERT IGNORE INTO `Genre_Konten` VALUES ('Rome',15);
INSERT IGNORE INTO `Genre_Konten` VALUES ('Spartacus',15);
INSERT IGNORE INTO `Genre_Konten` VALUES ('Teen Wolf',10);
INSERT IGNORE INTO `Genre_Konten` VALUES ('Riverdale',3);
INSERT IGNORE INTO `Genre_Konten` VALUES ('Lucifer',10);
INSERT IGNORE INTO `Genre_Konten` VALUES ('Sense8',4);
INSERT IGNORE INTO `Genre_Konten` VALUES ('Mr. Robot',3);
INSERT IGNORE INTO `Genre_Konten` VALUES ('The Crown',14);
INSERT IGNORE INTO `Genre_Konten` VALUES ('The Handmaids Tale',4);
INSERT IGNORE INTO `Genre_Konten` VALUES ('Yellowstone',15);
INSERT IGNORE INTO `Genre_Konten` VALUES ('Ozark',3);
INSERT IGNORE INTO `Genre_Konten` VALUES ('Mad Men',4);
INSERT IGNORE INTO `Genre_Konten` VALUES ('Boardwalk Empire',2);
INSERT IGNORE INTO `Genre_Konten` VALUES ('Mare of Easttown',12);
INSERT IGNORE INTO `Genre_Konten` VALUES ('Succession',4);
INSERT IGNORE INTO `Genre_Konten` VALUES ('Severance',6);
INSERT IGNORE INTO `Genre_Konten` VALUES ('Andor',9);
INSERT IGNORE INTO `Genre_Konten` VALUES ('Obi-Wan Kenobi',9);
INSERT IGNORE INTO `Genre_Konten` VALUES ('Ahsoka',9);
INSERT IGNORE INTO `Genre_Konten` VALUES ('Star Trek: Discovery',6);
INSERT IGNORE INTO `Genre_Konten` VALUES ('Star Trek: Picard',6);
INSERT IGNORE INTO `Genre_Konten` VALUES ('The Good Doctor',4);
INSERT IGNORE INTO `Genre_Konten` VALUES ('This Is Us',4);
INSERT IGNORE INTO `Genre_Konten` VALUES ('The Mentalist',12);
INSERT IGNORE INTO `Genre_Konten` VALUES ('Person of Interest',6);
INSERT IGNORE INTO `Genre_Konten` VALUES ('Elementary',12);
INSERT IGNORE INTO `Genre_Konten` VALUES ('His Dark Materials',10);
INSERT IGNORE INTO `Genre_Konten` VALUES ('The Sandman',10);
INSERT IGNORE INTO `Genre_Konten` VALUES ('Love, Death & Robots',6);
INSERT IGNORE INTO `Genre_Konten` VALUES ('Arcane',11);
INSERT IGNORE INTO `Genre_Konten` VALUES ('Castlevania',11);
INSERT IGNORE INTO `Genre_Konten` VALUES ('The Dragon Prince',11);
INSERT IGNORE INTO `Genre_Konten` VALUES ('Avatar: The Last Airbender',10);
INSERT IGNORE INTO `Genre_Konten` VALUES ('The Legend of Korra',10);
INSERT IGNORE INTO `Genre_Konten` VALUES ('Squid Game',3);
INSERT IGNORE INTO `Genre_Konten` VALUES ('Kingdom',7);
INSERT IGNORE INTO `Genre_Konten` VALUES ('Crash Landing on You',8);
INSERT IGNORE INTO `Genre_Konten` VALUES ('Goblin',10);
INSERT IGNORE INTO `Genre_Konten` VALUES ('Descendants of the Sun',4);
INSERT IGNORE INTO `Genre_Konten` VALUES ('Itaewon Class',4);
INSERT IGNORE INTO `Genre_Konten` VALUES ('Vincenzo',2);
INSERT IGNORE INTO `Genre_Konten` VALUES ('Reply 1988',4);
INSERT IGNORE INTO `Genre_Konten` VALUES ('Signal',12);
INSERT IGNORE INTO `Genre_Konten` VALUES ('Hospital Playlist',4);
INSERT IGNORE INTO `Genre_Konten` VALUES ('My Mister',4);
INSERT IGNORE INTO `Genre_Konten` VALUES ('All of Us Are Dead',7);
INSERT IGNORE INTO `Genre_Konten` VALUES ('Sweet Home',7);
INSERT IGNORE INTO `Genre_Konten` VALUES ('Extraordinary Attorney Woo',4);
INSERT IGNORE INTO `Genre_Konten` VALUES ('Hellbound',7);
INSERT IGNORE INTO `Genre_Konten` VALUES ('Attack on Titan',11);
INSERT IGNORE INTO `Genre_Konten` VALUES ('Naruto',11);
INSERT IGNORE INTO `Genre_Konten` VALUES ('Naruto Shippuden',11);
INSERT IGNORE INTO `Genre_Konten` VALUES ('Bleach',11);
INSERT IGNORE INTO `Genre_Konten` VALUES ('One Piece',11);
INSERT IGNORE INTO `Genre_Konten` VALUES ('Demon Slayer',11);
INSERT IGNORE INTO `Genre_Konten` VALUES ('Jujutsu Kaisen',11);
INSERT IGNORE INTO `Genre_Konten` VALUES ('My Hero Academia',11);
INSERT IGNORE INTO `Genre_Konten` VALUES ('Fullmetal Alchemist: Brotherhood',11);
INSERT IGNORE INTO `Genre_Konten` VALUES ('Death Note',11);
INSERT IGNORE INTO `Genre_Konten` VALUES ('Hunter x Hunter',11);
INSERT IGNORE INTO `Genre_Konten` VALUES ('Chainsaw Man',11);
INSERT IGNORE INTO `Genre_Konten` VALUES ('Tokyo Ghoul',11);
INSERT IGNORE INTO `Genre_Konten` VALUES ('Sword Art Online',11);
INSERT IGNORE INTO `Genre_Konten` VALUES ('Black Clover',11);
INSERT IGNORE INTO `Genre_Konten` VALUES ('Fairy Tail',11);
INSERT IGNORE INTO `Genre_Konten` VALUES ('Haikyuu!!',11);
INSERT IGNORE INTO `Genre_Konten` VALUES ('Blue Lock',11);
INSERT IGNORE INTO `Genre_Konten` VALUES ('Spy x Family',11);
INSERT IGNORE INTO `Genre_Konten` VALUES ('Dr. Stone',11);
INSERT IGNORE INTO `Genre_Konten` VALUES ('Mob Psycho 100',11);
INSERT IGNORE INTO `Genre_Konten` VALUES ('Vinland Saga',11);
INSERT IGNORE INTO `Genre_Konten` VALUES ('Layangan Putus',4);
INSERT IGNORE INTO `Genre_Konten` VALUES ('Gadis Kretek',4);
INSERT IGNORE INTO `Genre_Konten` VALUES ('Tira',1);
INSERT IGNORE INTO `Genre_Konten` VALUES ('Turn On',8);
INSERT IGNORE INTO `Genre_Konten` VALUES ('Wedding Agreement The Series',8);
INSERT IGNORE INTO `Genre_Konten` VALUES ('Virgin The Series',4);



-- ================= PERAN (>=150 rows, 1 lead per konten; subset examples) =================
INSERT IGNORE INTO `Peran` VALUES ('Robert Downey Jr.','Iron Man','Lead');
INSERT IGNORE INTO `Peran` VALUES ('Robert Downey Jr.','Iron Man 2','Lead');
INSERT IGNORE INTO `Peran` VALUES ('Robert Downey Jr.','Iron Man 3','Lead');
INSERT IGNORE INTO `Peran` VALUES ('Robert Downey Jr.','The Avengers','Lead');
INSERT IGNORE INTO `Peran` VALUES ('Chris Evans','Avengers: Age of Ultron','Lead');
INSERT IGNORE INTO `Peran` VALUES ('Chris Hemsworth','Avengers: Infinity War','Lead');
INSERT IGNORE INTO `Peran` VALUES ('Mark Ruffalo','Avengers: Endgame','Lead');
INSERT IGNORE INTO `Peran` VALUES ('Chris Hemsworth','Thor','Lead');
INSERT IGNORE INTO `Peran` VALUES ('Chris Hemsworth','Thor: The Dark World','Lead');
INSERT IGNORE INTO `Peran` VALUES ('Chris Hemsworth','Thor: Ragnarok','Lead');
INSERT IGNORE INTO `Peran` VALUES ('Chris Evans','Captain America: The First Avenger','Lead');
INSERT IGNORE INTO `Peran` VALUES ('Chris Evans','Captain America: The Winter Soldier','Lead');
INSERT IGNORE INTO `Peran` VALUES ('Chris Evans','Captain America: Civil War','Lead');
INSERT IGNORE INTO `Peran` VALUES ('Chadwick Boseman','Black Panther','Lead');
INSERT IGNORE INTO `Peran` VALUES ('Benedict Cumberbatch','Doctor Strange','Lead');
INSERT IGNORE INTO `Peran` VALUES ('Benedict Cumberbatch','Doctor Strange in the Multiverse of Madness','Lead');
INSERT IGNORE INTO `Peran` VALUES ('Tom Holland','Spider-Man: Homecoming','Lead');
INSERT IGNORE INTO `Peran` VALUES ('Tom Holland','Spider-Man: Far From Home','Lead');
INSERT IGNORE INTO `Peran` VALUES ('Tom Holland','Spider-Man: No Way Home','Lead');
INSERT IGNORE INTO `Peran` VALUES ('Paul Rudd','Ant-Man','Lead');
INSERT IGNORE INTO `Peran` VALUES ('Paul Rudd','Ant-Man and the Wasp','Lead');
INSERT IGNORE INTO `Peran` VALUES ('Scarlett Johansson','Black Widow','Lead');
INSERT IGNORE INTO `Peran` VALUES ('Simu Liu','Shang-Chi and the Legend of the Ten Rings','Lead');
INSERT IGNORE INTO `Peran` VALUES ('Gemma Chan','Eternals','Lead');
INSERT IGNORE INTO `Peran` VALUES ('Leonardo DiCaprio','Inception','Lead');
INSERT IGNORE INTO `Peran` VALUES ('Christian Bale','The Dark Knight','Lead');
INSERT IGNORE INTO `Peran` VALUES ('Christian Bale','The Dark Knight Rises','Lead');
INSERT IGNORE INTO `Peran` VALUES ('Christian Bale','Batman Begins','Lead');
INSERT IGNORE INTO `Peran` VALUES ('Matthew McConaughey','Interstellar','Lead');
INSERT IGNORE INTO `Peran` VALUES ('Fionn Whitehead','Dunkirk','Lead');
INSERT IGNORE INTO `Peran` VALUES ('John David Washington','Tenet','Lead');
INSERT IGNORE INTO `Peran` VALUES ('Cillian Murphy','Oppenheimer','Lead');
INSERT IGNORE INTO `Peran` VALUES ('Joaquin Phoenix','Joker','Lead');
INSERT IGNORE INTO `Peran` VALUES ('Leonardo DiCaprio','Titanic','Lead');
INSERT IGNORE INTO `Peran` VALUES ('Sam Worthington','Avatar','Lead');
INSERT IGNORE INTO `Peran` VALUES ('Sam Worthington','Avatar: The Way of Water','Lead');
INSERT IGNORE INTO `Peran` VALUES ('Keanu Reeves','The Matrix','Lead');
INSERT IGNORE INTO `Peran` VALUES ('Keanu Reeves','The Matrix Reloaded','Lead');
INSERT IGNORE INTO `Peran` VALUES ('Keanu Reeves','The Matrix Revolutions','Lead');
INSERT IGNORE INTO `Peran` VALUES ('Keanu Reeves','John Wick','Lead');
INSERT IGNORE INTO `Peran` VALUES ('Keanu Reeves','John Wick: Chapter 2','Lead');
INSERT IGNORE INTO `Peran` VALUES ('Keanu Reeves','John Wick: Chapter 3 - Parabellum','Lead');
INSERT IGNORE INTO `Peran` VALUES ('Keanu Reeves','John Wick: Chapter 4','Lead');
INSERT IGNORE INTO `Peran` VALUES ('Tom Cruise','Mission: Impossible','Lead');
INSERT IGNORE INTO `Peran` VALUES ('Tom Cruise','Mission: Impossible - Fallout','Lead');
INSERT IGNORE INTO `Peran` VALUES ('Tom Cruise','Top Gun','Lead');
INSERT IGNORE INTO `Peran` VALUES ('Tom Cruise','Top Gun: Maverick','Lead');
INSERT IGNORE INTO `Peran` VALUES ('Russell Crowe','Gladiator','Lead');
INSERT IGNORE INTO `Peran` VALUES ('Al Pacino','The Godfather','Lead');
INSERT IGNORE INTO `Peran` VALUES ('Al Pacino','The Godfather Part II','Lead');
INSERT IGNORE INTO `Peran` VALUES ('John Travolta','Pulp Fiction','Lead');
INSERT IGNORE INTO `Peran` VALUES ('Brad Pitt','Fight Club','Lead');
INSERT IGNORE INTO `Peran` VALUES ('Tom Hanks','Forrest Gump','Lead');
INSERT IGNORE INTO `Peran` VALUES ('Tim Robbins','The Shawshank Redemption','Lead');
INSERT IGNORE INTO `Peran` VALUES ('Song Kang-ho','Parasite','Lead');
INSERT IGNORE INTO `Peran` VALUES ('Gong Yoo','Train to Busan','Lead');
INSERT IGNORE INTO `Peran` VALUES ('Iko Uwais','The Raid','Lead');
INSERT IGNORE INTO `Peran` VALUES ('Iko Uwais','The Raid 2','Lead');
INSERT IGNORE INTO `Peran` VALUES ('Abimana Aryasatya','Gundala','Lead');
INSERT IGNORE INTO `Peran` VALUES ('Pevita Pearce','Sri Asih','Lead');
INSERT IGNORE INTO `Peran` VALUES ('Tara Basro','Pengabdi Setan','Lead');
INSERT IGNORE INTO `Peran` VALUES ('Tara Basro','Pengabdi Setan 2: Communion','Lead');
INSERT IGNORE INTO `Peran` VALUES ('Tissa Biani','KKN di Desa Penari','Lead');
INSERT IGNORE INTO `Peran` VALUES ('Cut Mini','Laskar Pelangi','Lead');
INSERT IGNORE INTO `Peran` VALUES ('Reza Rahadian','Habibie & Ainun','Lead');
INSERT IGNORE INTO `Peran` VALUES ('Iqbaal Ramadhan','Dilan 1990','Lead');
INSERT IGNORE INTO `Peran` VALUES ('Iqbaal Ramadhan','Dilan 1991','Lead');
INSERT IGNORE INTO `Peran` VALUES ('Iqbaal Ramadhan','Milea: Suara dari Dilan','Lead');
INSERT IGNORE INTO `Peran` VALUES ('Dian Sastrowardoyo','Ada Apa Dengan Cinta?','Lead');
INSERT IGNORE INTO `Peran` VALUES ('Dian Sastrowardoyo','Ada Apa Dengan Cinta? 2','Lead');
INSERT IGNORE INTO `Peran` VALUES ('Ernest Prakasa','Cek Toko Sebelah','Lead');
INSERT IGNORE INTO `Peran` VALUES ('Bene Dion','Ngeri-Ngeri Sedap','Lead');
INSERT IGNORE INTO `Peran` VALUES ('Iqbaal Ramadhan','Mencuri Raden Saleh','Lead');
INSERT IGNORE INTO `Peran` VALUES ('Abimana Aryasatya','The Big 4','Lead');
INSERT IGNORE INTO `Peran` VALUES ('Tara Basro','Perempuan Tanah Jahanam','Lead');
INSERT IGNORE INTO `Peran` VALUES ('Rio Dewanto','Satu Suro','Lead');
INSERT IGNORE INTO `Peran` VALUES ('Chelsea Islan','Sebelum Iblis Menjemput','Lead');
INSERT IGNORE INTO `Peran` VALUES ('Ario Bayu','Ratu Ilmu Hitam','Lead');
INSERT IGNORE INTO `Peran` VALUES ('Luna Maya','Suzanna: Bernapas dalam Kubur','Lead');
INSERT IGNORE INTO `Peran` VALUES ('Jun Ji-hyun','My Sassy Girl','Lead');
INSERT IGNORE INTO `Peran` VALUES ('Choi Min-sik','Oldboy','Lead');
INSERT IGNORE INTO `Peran` VALUES ('Song Kang-ho','Memories of Murder','Lead');
INSERT IGNORE INTO `Peran` VALUES ('Steven Yeun','Minari','Lead');
INSERT IGNORE INTO `Peran` VALUES ('Tang Wei','Decision to Leave','Lead');
INSERT IGNORE INTO `Peran` VALUES ('Song Kang-ho','Broker','Lead');
INSERT IGNORE INTO `Peran` VALUES ('Yoo Ah-in','Burning','Lead');
INSERT IGNORE INTO `Peran` VALUES ('Ryu Seung-ryong','Extreme Job','Lead');
INSERT IGNORE INTO `Peran` VALUES ('Jo Jung-suk','Exit','Lead');
INSERT IGNORE INTO `Peran` VALUES ('Cha Tae-hyun','Along With the Gods: The Two Worlds','Lead');
INSERT IGNORE INTO `Peran` VALUES ('Ha Jung-woo','Along With the Gods: The Last 49 Days','Lead');
INSERT IGNORE INTO `Peran` VALUES ('Kwak Do-won','The Wailing','Lead');
INSERT IGNORE INTO `Peran` VALUES ('Lee Byung-hun','I Saw the Devil','Lead');
INSERT IGNORE INTO `Peran` VALUES ('Song Kang-ho','A Taxi Driver','Lead');
INSERT IGNORE INTO `Peran` VALUES ('Ryu Seung-ryong','Miracle in Cell No. 7','Lead');
INSERT IGNORE INTO `Peran` VALUES ('Daniel Radcliffe','Harry Potter and the Sorcerers Stone','Lead');
INSERT IGNORE INTO `Peran` VALUES ('Daniel Radcliffe','Harry Potter and the Chamber of Secrets','Lead');
INSERT IGNORE INTO `Peran` VALUES ('Daniel Radcliffe','Harry Potter and the Prisoner of Azkaban','Lead');
INSERT IGNORE INTO `Peran` VALUES ('Daniel Radcliffe','Harry Potter and the Goblet of Fire','Lead');
INSERT IGNORE INTO `Peran` VALUES ('Daniel Radcliffe','Harry Potter and the Order of the Phoenix','Lead');
INSERT IGNORE INTO `Peran` VALUES ('Daniel Radcliffe','Harry Potter and the Half-Blood Prince','Lead');
INSERT IGNORE INTO `Peran` VALUES ('Daniel Radcliffe','Harry Potter and the Deathly Hallows: Part 1','Lead');
INSERT IGNORE INTO `Peran` VALUES ('Daniel Radcliffe','Harry Potter and the Deathly Hallows: Part 2','Lead');
INSERT IGNORE INTO `Peran` VALUES ('Eddie Redmayne','Fantastic Beasts and Where to Find Them','Lead');
INSERT IGNORE INTO `Peran` VALUES ('Eddie Redmayne','Fantastic Beasts: The Crimes of Grindelwald','Lead');
INSERT IGNORE INTO `Peran` VALUES ('Eddie Redmayne','Fantastic Beasts: The Secrets of Dumbledore','Lead');
INSERT IGNORE INTO `Peran` VALUES ('Elijah Wood','The Lord of the Rings: The Fellowship of the Ring','Lead');
INSERT IGNORE INTO `Peran` VALUES ('Elijah Wood','The Lord of the Rings: The Two Towers','Lead');
INSERT IGNORE INTO `Peran` VALUES ('Elijah Wood','The Lord of the Rings: The Return of the King','Lead');
INSERT IGNORE INTO `Peran` VALUES ('Martin Freeman','The Hobbit: An Unexpected Journey','Lead');
INSERT IGNORE INTO `Peran` VALUES ('Martin Freeman','The Hobbit: The Desolation of Smaug','Lead');
INSERT IGNORE INTO `Peran` VALUES ('Martin Freeman','The Hobbit: The Battle of the Five Armies','Lead');
INSERT IGNORE INTO `Peran` VALUES ('Johnny Depp','Pirates of the Caribbean: The Curse of the Black Pearl','Lead');
INSERT IGNORE INTO `Peran` VALUES ('Johnny Depp','Pirates of the Caribbean: Dead Mans Chest','Lead');
INSERT IGNORE INTO `Peran` VALUES ('Johnny Depp','Pirates of the Caribbean: At Worlds End','Lead');
INSERT IGNORE INTO `Peran` VALUES ('Sam Neill','Jurassic Park','Lead');
INSERT IGNORE INTO `Peran` VALUES ('Chris Pratt','Jurassic World','Lead');
INSERT IGNORE INTO `Peran` VALUES ('Chris Pratt','Jurassic World: Fallen Kingdom','Lead');
INSERT IGNORE INTO `Peran` VALUES ('Roy Scheider','Jaws','Lead');
INSERT IGNORE INTO `Peran` VALUES ('Henry Thomas','E.T. the Extra-Terrestrial','Lead');
INSERT IGNORE INTO `Peran` VALUES ('Michael J. Fox','Back to the Future','Lead');
INSERT IGNORE INTO `Peran` VALUES ('Michael J. Fox','Back to the Future Part II','Lead');
INSERT IGNORE INTO `Peran` VALUES ('Michael J. Fox','Back to the Future Part III','Lead');
INSERT IGNORE INTO `Peran` VALUES ('Mark Hamill','Star Wars: Episode IV - A New Hope','Lead');
INSERT IGNORE INTO `Peran` VALUES ('Mark Hamill','Star Wars: Episode V - The Empire Strikes Back','Lead');
INSERT IGNORE INTO `Peran` VALUES ('Mark Hamill','Star Wars: Episode VI - Return of the Jedi','Lead');
INSERT IGNORE INTO `Peran` VALUES ('Ewan McGregor','Star Wars: Episode I - The Phantom Menace','Lead');
INSERT IGNORE INTO `Peran` VALUES ('Hayden Christensen','Star Wars: Episode II - Attack of the Clones','Lead');
INSERT IGNORE INTO `Peran` VALUES ('Hayden Christensen','Star Wars: Episode III - Revenge of the Sith','Lead');
INSERT IGNORE INTO `Peran` VALUES ('Brie Larson','Captain Marvel','Lead');
INSERT IGNORE INTO `Peran` VALUES ('Chris Pratt','Guardians of the Galaxy','Lead');
INSERT IGNORE INTO `Peran` VALUES ('Chris Pratt','Guardians of the Galaxy Vol. 2','Lead');
INSERT IGNORE INTO `Peran` VALUES ('Chris Pratt','Guardians of the Galaxy Vol. 3','Lead');
INSERT IGNORE INTO `Peran` VALUES ('Letitia Wright','Black Panther: Wakanda Forever','Lead');
INSERT IGNORE INTO `Peran` VALUES ('Yuto Uemura','Tougen Anki','Lead');
INSERT IGNORE INTO `Peran` VALUES ('Tom Hiddleston','Loki','Lead');
INSERT IGNORE INTO `Peran` VALUES ('Elizabeth Olsen','WandaVision','Lead');
INSERT IGNORE INTO `Peran` VALUES ('Jeremy Renner','Hawkeye','Lead');
INSERT IGNORE INTO `Peran` VALUES ('Oscar Isaac','Moon Knight','Lead');
INSERT IGNORE INTO `Peran` VALUES ('Tatiana Maslany','She-Hulk: Attorney at Law','Lead');
INSERT IGNORE INTO `Peran` VALUES ('Anthony Mackie','The Falcon and the Winter Soldier','Lead');
INSERT IGNORE INTO `Peran` VALUES ('Charlie Cox','Daredevil','Lead');
INSERT IGNORE INTO `Peran` VALUES ('Krysten Ritter','Jessica Jones','Lead');
INSERT IGNORE INTO `Peran` VALUES ('Jon Bernthal','The Punisher','Lead');
INSERT IGNORE INTO `Peran` VALUES ('Clark Gregg','Agents of S.H.I.E.L.D.','Lead');
INSERT IGNORE INTO `Peran` VALUES ('Mike Colter','Luke Cage','Lead');
INSERT IGNORE INTO `Peran` VALUES ('Finn Jones','Iron Fist','Lead');
INSERT IGNORE INTO `Peran` VALUES ('Samuel L. Jackson','Secret Invasion','Lead');
INSERT IGNORE INTO `Peran` VALUES ('Jeff Goldblum','What If...?','Lead');

-- Peran mapping lead untuk setiap serial baru
INSERT IGNORE INTO `Peran` VALUES ('Bryan Cranston','Breaking Bad','Lead');
INSERT IGNORE INTO `Peran` VALUES ('Bob Odenkirk','Better Call Saul','Lead');
INSERT IGNORE INTO `Peran` VALUES ('Emilia Clarke','Game of Thrones','Lead');
INSERT IGNORE INTO `Peran` VALUES ('Emma DArcy','House of the Dragon','Lead');
INSERT IGNORE INTO `Peran` VALUES ('Millie Bobby Brown','Stranger Things','Lead');
INSERT IGNORE INTO `Peran` VALUES ('Henry Cavill','The Witcher','Lead');
INSERT IGNORE INTO `Peran` VALUES ('Pedro Pascal','The Mandalorian','Lead');
INSERT IGNORE INTO `Peran` VALUES ('Pedro Pascal','The Last of Us','Lead');
INSERT IGNORE INTO `Peran` VALUES ('Cillian Murphy','Peaky Blinders','Lead');
INSERT IGNORE INTO `Peran` VALUES ('Benedict Cumberbatch','Sherlock','Lead');
INSERT IGNORE INTO `Peran` VALUES ('Michael C. Hall','Dexter','Lead');
INSERT IGNORE INTO `Peran` VALUES ('Claire Danes','Homeland','Lead');
INSERT IGNORE INTO `Peran` VALUES ('Evan Rachel Wood','Westworld','Lead');
INSERT IGNORE INTO `Peran` VALUES ('Matthew McConaughey','True Detective','Lead');
INSERT IGNORE INTO `Peran` VALUES ('Karl Urban','The Boys','Lead');
INSERT IGNORE INTO `Peran` VALUES ('Steven Yeun','Invincible','Lead');
INSERT IGNORE INTO `Peran` VALUES ('Elliot Page','The Umbrella Academy','Lead');
INSERT IGNORE INTO `Peran` VALUES ('Wagner Moura','Narcos','Lead');
INSERT IGNORE INTO `Peran` VALUES ('Alvaro Morte','Money Heist','Lead');
INSERT IGNORE INTO `Peran` VALUES ('Louis Hofmann','Dark','Lead');
INSERT IGNORE INTO `Peran` VALUES ('Jared Harris','Chernobyl','Lead');
INSERT IGNORE INTO `Peran` VALUES ('Aaron Paul','Black Mirror','Lead');
INSERT IGNORE INTO `Peran` VALUES ('Martin Freeman','Fargo','Lead');
INSERT IGNORE INTO `Peran` VALUES ('Matthew Fox','Lost','Lead');
INSERT IGNORE INTO `Peran` VALUES ('Wentworth Miller','Prison Break','Lead');
INSERT IGNORE INTO `Peran` VALUES ('Kiefer Sutherland','24','Lead');
INSERT IGNORE INTO `Peran` VALUES ('Steve Carell','The Office','Lead');
INSERT IGNORE INTO `Peran` VALUES ('Jennifer Aniston','Friends','Lead');
INSERT IGNORE INTO `Peran` VALUES ('Josh Radnor','How I Met Your Mother','Lead');
INSERT IGNORE INTO `Peran` VALUES ('Jerry Seinfeld','Seinfeld','Lead');
INSERT IGNORE INTO `Peran` VALUES ('Ed ONeill','Modern Family','Lead');
INSERT IGNORE INTO `Peran` VALUES ('Andy Samberg','Brooklyn Nine-Nine','Lead');
INSERT IGNORE INTO `Peran` VALUES ('Amy Poehler','Parks and Recreation','Lead');
INSERT IGNORE INTO `Peran` VALUES ('Gabriel Macht','Suits','Lead');
INSERT IGNORE INTO `Peran` VALUES ('Hugh Laurie','House','Lead');
INSERT IGNORE INTO `Peran` VALUES ('Ellen Pompeo','Greys Anatomy','Lead');
INSERT IGNORE INTO `Peran` VALUES ('William Petersen','CSI: Crime Scene Investigation','Lead');
INSERT IGNORE INTO `Peran` VALUES ('Mark Harmon','NCIS','Lead');
INSERT IGNORE INTO `Peran` VALUES ('Mandy Patinkin','Criminal Minds','Lead');
INSERT IGNORE INTO `Peran` VALUES ('Mariska Hargitay','Law & Order: Special Victims Unit','Lead');
INSERT IGNORE INTO `Peran` VALUES ('Jensen Ackles','Supernatural','Lead');
INSERT IGNORE INTO `Peran` VALUES ('Tom Welling','Smallville','Lead');
INSERT IGNORE INTO `Peran` VALUES ('Stephen Amell','Arrow','Lead');
INSERT IGNORE INTO `Peran` VALUES ('Grant Gustin','The Flash','Lead');
INSERT IGNORE INTO `Peran` VALUES ('Caity Lotz','DCs Legends of Tomorrow','Lead');
INSERT IGNORE INTO `Peran` VALUES ('Ben McKenzie','Gotham','Lead');
INSERT IGNORE INTO `Peran` VALUES ('Brenton Thwaites','Titans','Lead');
INSERT IGNORE INTO `Peran` VALUES ('Brendan Fraser','Doom Patrol','Lead');
INSERT IGNORE INTO `Peran` VALUES ('Steven Strait','The Expanse','Lead');
INSERT IGNORE INTO `Peran` VALUES ('Edward James Olmos','Battlestar Galactica','Lead');
INSERT IGNORE INTO `Peran` VALUES ('Nathan Fillion','Firefly','Lead');
INSERT IGNORE INTO `Peran` VALUES ('Anna Torv','Fringe','Lead');
INSERT IGNORE INTO `Peran` VALUES ('Andrew Lincoln','The Walking Dead','Lead');
INSERT IGNORE INTO `Peran` VALUES ('Kim Dickens','Fear the Walking Dead','Lead');
INSERT IGNORE INTO `Peran` VALUES ('Mads Mikkelsen','Hannibal','Lead');
INSERT IGNORE INTO `Peran` VALUES ('Travis Fimmel','Vikings','Lead');
INSERT IGNORE INTO `Peran` VALUES ('Sam Corlett','Vikings: Valhalla','Lead');
INSERT IGNORE INTO `Peran` VALUES ('Toby Stephens','Black Sails','Lead');
INSERT IGNORE INTO `Peran` VALUES ('Kevin McKidd','Rome','Lead');
INSERT IGNORE INTO `Peran` VALUES ('Andy Whitfield','Spartacus','Lead');
INSERT IGNORE INTO `Peran` VALUES ('Tyler Posey','Teen Wolf','Lead');
INSERT IGNORE INTO `Peran` VALUES ('KJ Apa','Riverdale','Lead');
INSERT IGNORE INTO `Peran` VALUES ('Tom Ellis','Lucifer','Lead');
INSERT IGNORE INTO `Peran` VALUES ('Bae Doona','Sense8','Lead');
INSERT IGNORE INTO `Peran` VALUES ('Rami Malek','Mr. Robot','Lead');
INSERT IGNORE INTO `Peran` VALUES ('Olivia Colman','The Crown','Lead');
INSERT IGNORE INTO `Peran` VALUES ('Elisabeth Moss','The Handmaids Tale','Lead');
INSERT IGNORE INTO `Peran` VALUES ('Kevin Costner','Yellowstone','Lead');
INSERT IGNORE INTO `Peran` VALUES ('Jason Bateman','Ozark','Lead');
INSERT IGNORE INTO `Peran` VALUES ('Jon Hamm','Mad Men','Lead');
INSERT IGNORE INTO `Peran` VALUES ('Steve Buscemi','Boardwalk Empire','Lead');
INSERT IGNORE INTO `Peran` VALUES ('Kate Winslet','Mare of Easttown','Lead');
INSERT IGNORE INTO `Peran` VALUES ('Brian Cox','Succession','Lead');
INSERT IGNORE INTO `Peran` VALUES ('Adam Scott','Severance','Lead');
INSERT IGNORE INTO `Peran` VALUES ('Diego Luna','Andor','Lead');
INSERT IGNORE INTO `Peran` VALUES ('Ewan McGregor','Obi-Wan Kenobi','Lead');
INSERT IGNORE INTO `Peran` VALUES ('Rosario Dawson','Ahsoka','Lead');
INSERT IGNORE INTO `Peran` VALUES ('Sonequa Martin-Green','Star Trek: Discovery','Lead');
INSERT IGNORE INTO `Peran` VALUES ('Patrick Stewart','Star Trek: Picard','Lead');
INSERT IGNORE INTO `Peran` VALUES ('Freddie Highmore','The Good Doctor','Lead');
INSERT IGNORE INTO `Peran` VALUES ('Milo Ventimiglia','This Is Us','Lead');
INSERT IGNORE INTO `Peran` VALUES ('Simon Baker','The Mentalist','Lead');
INSERT IGNORE INTO `Peran` VALUES ('Jim Caviezel','Person of Interest','Lead');
INSERT IGNORE INTO `Peran` VALUES ('Jonny Lee Miller','Elementary','Lead');
INSERT IGNORE INTO `Peran` VALUES ('Dafne Keen','His Dark Materials','Lead');
INSERT IGNORE INTO `Peran` VALUES ('Tom Sturridge','The Sandman','Lead');
INSERT IGNORE INTO `Peran` VALUES ('Anthony Mackie','Love, Death & Robots','Lead');
INSERT IGNORE INTO `Peran` VALUES ('Hailee Steinfeld','Arcane','Lead');
INSERT IGNORE INTO `Peran` VALUES ('Richard Armitage','Castlevania','Lead');
INSERT IGNORE INTO `Peran` VALUES ('Jack De Sena','The Dragon Prince','Lead');
INSERT IGNORE INTO `Peran` VALUES ('Zach Tyler Eisen','Avatar: The Last Airbender','Lead');
INSERT IGNORE INTO `Peran` VALUES ('Janet Varney','The Legend of Korra','Lead');
INSERT IGNORE INTO `Peran` VALUES ('Lee Jung-jae','Squid Game','Lead');
INSERT IGNORE INTO `Peran` VALUES ('Ju Ji-hoon','Kingdom','Lead');
INSERT IGNORE INTO `Peran` VALUES ('Hyun Bin','Crash Landing on You','Lead');
INSERT IGNORE INTO `Peran` VALUES ('Gong Yoo','Goblin','Lead');
INSERT IGNORE INTO `Peran` VALUES ('Song Joong-ki','Descendants of the Sun','Lead');
INSERT IGNORE INTO `Peran` VALUES ('Park Seo-joon','Itaewon Class','Lead');
INSERT IGNORE INTO `Peran` VALUES ('Song Joong-ki','Vincenzo','Lead');
INSERT IGNORE INTO `Peran` VALUES ('Park Bo-gum','Reply 1988','Lead');
INSERT IGNORE INTO `Peran` VALUES ('Lee Je-hoon','Signal','Lead');
INSERT IGNORE INTO `Peran` VALUES ('Jo Jung-suk','Hospital Playlist','Lead');
INSERT IGNORE INTO `Peran` VALUES ('Lee Sun-kyun','My Mister','Lead');
INSERT IGNORE INTO `Peran` VALUES ('Park Ji-hu','All of Us Are Dead','Lead');
INSERT IGNORE INTO `Peran` VALUES ('Song Kang','Sweet Home','Lead');
INSERT IGNORE INTO `Peran` VALUES ('Park Eun-bin','Extraordinary Attorney Woo','Lead');
INSERT IGNORE INTO `Peran` VALUES ('Yoo Ah-in','Hellbound','Lead');
INSERT IGNORE INTO `Peran` VALUES ('Yuki Kaji','Attack on Titan','Lead');
INSERT IGNORE INTO `Peran` VALUES ('Junko Takeuchi','Naruto','Lead');
INSERT IGNORE INTO `Peran` VALUES ('Junko Takeuchi','Naruto Shippuden','Lead');
INSERT IGNORE INTO `Peran` VALUES ('Masakazu Morita','Bleach','Lead');
INSERT IGNORE INTO `Peran` VALUES ('Mayumi Tanaka','One Piece','Lead');
INSERT IGNORE INTO `Peran` VALUES ('Natsuki Hanae','Demon Slayer','Lead');
INSERT IGNORE INTO `Peran` VALUES ('Junya Enoki','Jujutsu Kaisen','Lead');
INSERT IGNORE INTO `Peran` VALUES ('Daiki Yamashita','My Hero Academia','Lead');
INSERT IGNORE INTO `Peran` VALUES ('Romi Park','Fullmetal Alchemist: Brotherhood','Lead');
INSERT IGNORE INTO `Peran` VALUES ('Mamoru Miyano','Death Note','Lead');
INSERT IGNORE INTO `Peran` VALUES ('Megumi Han','Hunter x Hunter','Lead');
INSERT IGNORE INTO `Peran` VALUES ('Kikunosuke Toya','Chainsaw Man','Lead');
INSERT IGNORE INTO `Peran` VALUES ('Natsuki Hanae','Tokyo Ghoul','Lead');
INSERT IGNORE INTO `Peran` VALUES ('Yoshitsugu Matsuoka','Sword Art Online','Lead');
INSERT IGNORE INTO `Peran` VALUES ('Gakuto Kajiwara','Black Clover','Lead');
INSERT IGNORE INTO `Peran` VALUES ('Tetsuya Kakihara','Fairy Tail','Lead');
INSERT IGNORE INTO `Peran` VALUES ('Ayumu Murase','Haikyuu!!','Lead');
INSERT IGNORE INTO `Peran` VALUES ('Kazuki Ura','Blue Lock','Lead');
INSERT IGNORE INTO `Peran` VALUES ('Takuya Eguchi','Spy x Family','Lead');
INSERT IGNORE INTO `Peran` VALUES ('Yusuke Kobayashi','Dr. Stone','Lead');
INSERT IGNORE INTO `Peran` VALUES ('Setsuo Ito','Mob Psycho 100','Lead');
INSERT IGNORE INTO `Peran` VALUES ('Yuto Uemura','Vinland Saga','Lead');
INSERT IGNORE INTO `Peran` VALUES ('Reza Rahadian','Layangan Putus','Lead');
INSERT IGNORE INTO `Peran` VALUES ('Dian Sastrowardoyo','Gadis Kretek','Lead');
INSERT IGNORE INTO `Peran` VALUES ('Chelsea Islan','Tira','Lead');
INSERT IGNORE INTO `Peran` VALUES ('Giorgino Abraham','Turn On','Lead');
INSERT IGNORE INTO `Peran` VALUES ('Refal Hady','Wedding Agreement The Series','Lead');
INSERT IGNORE INTO `Peran` VALUES ('Adhisty Zara','Virgin The Series','Lead');

INSERT IGNORE INTO `Peran` VALUES ('Cillian Murphy', 'Oppenheimer', 'J. Robert Oppenheimer');
INSERT IGNORE INTO `Peran` VALUES ('Robert Downey Jr.', 'Oppenheimer', 'Lewis Strauss');
INSERT IGNORE INTO `Peran` VALUES ('Margot Robbie', 'Barbie', 'Barbie');
INSERT IGNORE INTO `Peran` VALUES ('Ryan Gosling', 'Barbie', 'Ken');
INSERT IGNORE INTO `Peran` VALUES ('Timothée Chalamet', 'Dune: Part Two', 'Paul Atreides');
INSERT IGNORE INTO `Peran` VALUES ('Zendaya', 'Dune: Part Two', 'Chani');
INSERT IGNORE INTO `Peran` VALUES ('Robert Pattinson', 'The Batman', 'Bruce Wayne');
INSERT IGNORE INTO `Peran` VALUES ('Tom Cruise', 'Top Gun: Maverick', 'Maverick');
INSERT IGNORE INTO `Peran` VALUES ('Sam Worthington', 'Avatar: The Way of Water', 'Jake Sully');
INSERT IGNORE INTO `Peran` VALUES ('Michelle Yeoh', 'Everything Everywhere All At Once', 'Evelyn Wang');
INSERT IGNORE INTO `Peran` VALUES ('Brendan Fraser', 'The Whale', 'Charlie');
INSERT IGNORE INTO `Peran` VALUES ('Keanu Reeves', 'John Wick: Chapter 4', 'John Wick');
INSERT IGNORE INTO `Peran` VALUES ('Emma Stone', 'Poor Things', 'Bella Baxter');
INSERT IGNORE INTO `Peran` VALUES ('Leonardo DiCaprio', 'Killers of the Flower Moon', 'Ernest Burkhart');

-- Avatar Season 1
INSERT IGNORE INTO `Episode` VALUES ('Avatar: The Last Airbender', 'Book 1: Ch 1', 1, 1, 'The Boy in the Iceberg', 24);
INSERT IGNORE INTO `Episode` VALUES ('Avatar: The Last Airbender', 'Book 1: Ch 2', 1, 2, 'The Avatar Returns', 24);
INSERT IGNORE INTO `Episode` VALUES ('Avatar: The Last Airbender', 'Book 1: Ch 3', 1, 3, 'The Southern Air Temple', 24);
INSERT IGNORE INTO `Episode` VALUES ('Avatar: The Last Airbender', 'Book 1: Ch 4', 1, 4, 'The Warriors of Kyoshi', 24);
INSERT IGNORE INTO `Episode` VALUES ('Avatar: The Last Airbender', 'Book 1: Ch 5', 1, 5, 'The King of Omashu', 24);
INSERT IGNORE INTO `Episode` VALUES ('Avatar: The Last Airbender', 'Book 1: Ch 6', 1, 6, 'Imprisoned', 24);
INSERT IGNORE INTO `Episode` VALUES ('Avatar: The Last Airbender', 'Book 1: Ch 7', 1, 7, 'The Spirit World: Winter Solstice, Part 1', 24);
INSERT IGNORE INTO `Episode` VALUES ('Avatar: The Last Airbender', 'Book 1: Ch 8', 1, 8, 'Avatar Roku: Winter Solstice, Part 2', 24);
INSERT IGNORE INTO `Episode` VALUES ('Avatar: The Last Airbender', 'Book 1: Ch 9', 1, 9, 'The Waterbending Scroll', 24);
INSERT IGNORE INTO `Episode` VALUES ('Avatar: The Last Airbender', 'Book 1: Ch 10', 1, 10, 'Jet', 24);
INSERT IGNORE INTO `Episode` VALUES ('Avatar: The Last Airbender', 'Book 1: Ch 11', 1, 11, 'The Great Divide', 24);
INSERT IGNORE INTO `Episode` VALUES ('Avatar: The Last Airbender', 'Book 1: Ch 12', 1, 12, 'The Storm', 24);
INSERT IGNORE INTO `Episode` VALUES ('Avatar: The Last Airbender', 'Book 1: Ch 13', 1, 13, 'The Blue Spirit', 24);
INSERT IGNORE INTO `Episode` VALUES ('Avatar: The Last Airbender', 'Book 1: Ch 14', 1, 14, 'The Fortuneteller', 24);
INSERT IGNORE INTO `Episode` VALUES ('Avatar: The Last Airbender', 'Book 1: Ch 15', 1, 15, 'Bato of the Water Tribe', 24);
INSERT IGNORE INTO `Episode` VALUES ('Avatar: The Last Airbender', 'Book 1: Ch 16', 1, 16, 'The Deserter', 24);
INSERT IGNORE INTO `Episode` VALUES ('Avatar: The Last Airbender', 'Book 1: Ch 17', 1, 17, 'The Northern Air Temple', 24);
INSERT IGNORE INTO `Episode` VALUES ('Avatar: The Last Airbender', 'Book 1: Ch 18', 1, 18, 'The Waterbending Master', 24);
INSERT IGNORE INTO `Episode` VALUES ('Avatar: The Last Airbender', 'Book 1: Ch 19', 1, 19, 'The Siege of the North, Part 1', 24);
INSERT IGNORE INTO `Episode` VALUES ('Avatar: The Last Airbender', 'Book 1: Ch 20', 1, 20, 'The Siege of the North, Part 2', 24);
-- Avatar Season 2
INSERT IGNORE INTO `Episode` VALUES ('Avatar: The Last Airbender', 'Book 2: Ch 1', 2, 1, 'The Avatar State', 24);
INSERT IGNORE INTO `Episode` VALUES ('Avatar: The Last Airbender', 'Book 2: Ch 2', 2, 2, 'The Cave of Two Lovers', 24);
INSERT IGNORE INTO `Episode` VALUES ('Avatar: The Last Airbender', 'Book 2: Ch 3', 2, 3, 'Return to Omashu', 24);
INSERT IGNORE INTO `Episode` VALUES ('Avatar: The Last Airbender', 'Book 2: Ch 4', 2, 4, 'The Swamp', 24);
INSERT IGNORE INTO `Episode` VALUES ('Avatar: The Last Airbender', 'Book 2: Ch 5', 2, 5, 'Avatar Day', 24);
INSERT IGNORE INTO `Episode` VALUES ('Avatar: The Last Airbender', 'Book 2: Ch 6', 2, 6, 'The Blind Bandit', 24);
INSERT IGNORE INTO `Episode` VALUES ('Avatar: The Last Airbender', 'Book 2: Ch 7', 2, 7, 'Zuko Alone', 24);
INSERT IGNORE INTO `Episode` VALUES ('Avatar: The Last Airbender', 'Book 2: Ch 8', 2, 8, 'The Chase', 24);
INSERT IGNORE INTO `Episode` VALUES ('Avatar: The Last Airbender', 'Book 2: Ch 9', 2, 9, 'Bitter Work', 24);
INSERT IGNORE INTO `Episode` VALUES ('Avatar: The Last Airbender', 'Book 2: Ch 10', 2, 10, 'The Library', 24);
INSERT IGNORE INTO `Episode` VALUES ('Avatar: The Last Airbender', 'Book 2: Ch 11', 2, 11, 'The Desert', 24);
INSERT IGNORE INTO `Episode` VALUES ('Avatar: The Last Airbender', 'Book 2: Ch 12', 2, 12, 'The Serpents Pass', 24);
INSERT IGNORE INTO `Episode` VALUES ('Avatar: The Last Airbender', 'Book 2: Ch 13', 2, 13, 'The Drill', 24);
INSERT IGNORE INTO `Episode` VALUES ('Avatar: The Last Airbender', 'Book 2: Ch 14', 2, 14, 'City of Walls and Secrets', 24);
INSERT IGNORE INTO `Episode` VALUES ('Avatar: The Last Airbender', 'Book 2: Ch 15', 2, 15, 'Tales of Ba Sing Se', 24);
INSERT IGNORE INTO `Episode` VALUES ('Avatar: The Last Airbender', 'Book 2: Ch 16', 2, 16, 'Appas Lost Days', 24);
INSERT IGNORE INTO `Episode` VALUES ('Avatar: The Last Airbender', 'Book 2: Ch 17', 2, 17, 'Lake Laogai', 24);
INSERT IGNORE INTO `Episode` VALUES ('Avatar: The Last Airbender', 'Book 2: Ch 18', 2, 18, 'The Earth King', 24);
INSERT IGNORE INTO `Episode` VALUES ('Avatar: The Last Airbender', 'Book 2: Ch 19', 2, 19, 'The Guru', 24);
INSERT IGNORE INTO `Episode` VALUES ('Avatar: The Last Airbender', 'Book 2: Ch 20', 2, 20, 'The Crossroads of Destiny', 24);
-- Avatar Season 3
INSERT IGNORE INTO `Episode` VALUES ('Avatar: The Last Airbender', 'Book 3: Ch 1', 3, 1, 'The Awakening', 24);
INSERT IGNORE INTO `Episode` VALUES ('Avatar: The Last Airbender', 'Book 3: Ch 2', 3, 2, 'The Headband', 24);
INSERT IGNORE INTO `Episode` VALUES ('Avatar: The Last Airbender', 'Book 3: Ch 3', 3, 3, 'The Painted Lady', 24);
INSERT IGNORE INTO `Episode` VALUES ('Avatar: The Last Airbender', 'Book 3: Ch 4', 3, 4, 'Sokkas Master', 24);
INSERT IGNORE INTO `Episode` VALUES ('Avatar: The Last Airbender', 'Book 3: Ch 5', 3, 5, 'The Beach', 24);
INSERT IGNORE INTO `Episode` VALUES ('Avatar: The Last Airbender', 'Book 3: Ch 6', 3, 6, 'The Avatar and the Fire Lord', 24);
INSERT IGNORE INTO `Episode` VALUES ('Avatar: The Last Airbender', 'Book 3: Ch 7', 3, 7, 'The Runaway', 24);
INSERT IGNORE INTO `Episode` VALUES ('Avatar: The Last Airbender', 'Book 3: Ch 8', 3, 8, 'The Puppetmaster', 24);
INSERT IGNORE INTO `Episode` VALUES ('Avatar: The Last Airbender', 'Book 3: Ch 9', 3, 9, 'Nightmares and Daydreams', 24);
INSERT IGNORE INTO `Episode` VALUES ('Avatar: The Last Airbender', 'Book 3: Ch 10', 3, 10, 'The Day of Black Sun, Part 1', 24);
INSERT IGNORE INTO `Episode` VALUES ('Avatar: The Last Airbender', 'Book 3: Ch 11', 3, 11, 'The Day of Black Sun, Part 2', 24);
INSERT IGNORE INTO `Episode` VALUES ('Avatar: The Last Airbender', 'Book 3: Ch 12', 3, 12, 'The Western Air Temple', 24);
INSERT IGNORE INTO `Episode` VALUES ('Avatar: The Last Airbender', 'Book 3: Ch 13', 3, 13, 'The Firebending Masters', 24);
INSERT IGNORE INTO `Episode` VALUES ('Avatar: The Last Airbender', 'Book 3: Ch 14', 3, 14, 'The Boiling Rock, Part 1', 24);
INSERT IGNORE INTO `Episode` VALUES ('Avatar: The Last Airbender', 'Book 3: Ch 15', 3, 15, 'The Boiling Rock, Part 2', 24);
INSERT IGNORE INTO `Episode` VALUES ('Avatar: The Last Airbender', 'Book 3: Ch 16', 3, 16, 'The Southern Raiders', 24);
INSERT IGNORE INTO `Episode` VALUES ('Avatar: The Last Airbender', 'Book 3: Ch 17', 3, 17, 'The Ember Island Players', 24);
INSERT IGNORE INTO `Episode` VALUES ('Avatar: The Last Airbender', 'Book 3: Ch 18', 3, 18, 'Sozins Comet, Part 1', 24);
INSERT IGNORE INTO `Episode` VALUES ('Avatar: The Last Airbender', 'Book 3: Ch 19', 3, 19, 'Sozins Comet, Part 2', 24);
INSERT IGNORE INTO `Episode` VALUES ('Avatar: The Last Airbender', 'Book 3: Ch 20', 3, 20, 'Sozins Comet, Part 3', 24);
INSERT IGNORE INTO `Episode` VALUES ('Avatar: The Last Airbender', 'Book 3: Ch 21', 3, 21, 'Sozins Comet, Part 4', 24);

-- Breaking Bad
INSERT IGNORE INTO `Episode` VALUES ('Breaking Bad', 'BB S1E1', 1, 1, 'Pilot', 58);
INSERT IGNORE INTO `Episode` VALUES ('Breaking Bad', 'BB S1E2', 1, 2, 'Cat\'s in the Bag...', 48);
INSERT IGNORE INTO `Episode` VALUES ('Breaking Bad', 'BB S1E3', 1, 3, '...And the Bag\'s in the River', 48);
INSERT IGNORE INTO `Episode` VALUES ('Breaking Bad', 'BB S1E4', 1, 4, 'Cancer Man', 48);
INSERT IGNORE INTO `Episode` VALUES ('Breaking Bad', 'BB S1E5', 1, 5, 'Gray Matter', 48);
INSERT IGNORE INTO `Episode` VALUES ('Breaking Bad', 'BB S1E6', 1, 6, 'Crazy Handful of Nothin\'', 48);
INSERT IGNORE INTO `Episode` VALUES ('Breaking Bad', 'BB S1E7', 1, 7, 'A No-Rough-Stuff-Type Deal', 48);
INSERT IGNORE INTO `Episode` VALUES ('Breaking Bad', 'BB S2E1', 2, 1, 'Seven Thirty-Seven', 47);
INSERT IGNORE INTO `Episode` VALUES ('Breaking Bad', 'BB S2E2', 2, 2, 'Grilled', 48);
INSERT IGNORE INTO `Episode` VALUES ('Breaking Bad', 'BB S2E3', 2, 3, 'Bit by a Dead Bee', 47);
INSERT IGNORE INTO `Episode` VALUES ('Breaking Bad', 'BB S2E4', 2, 4, 'Down', 47);
INSERT IGNORE INTO `Episode` VALUES ('Breaking Bad', 'BB S2E5', 2, 5, 'Breakage', 47);
INSERT IGNORE INTO `Episode` VALUES ('Breaking Bad', 'BB S2E6', 2, 6, 'Peekaboo', 47);
INSERT IGNORE INTO `Episode` VALUES ('Breaking Bad', 'BB S2E7', 2, 7, 'Negro y Azul', 47);
INSERT IGNORE INTO `Episode` VALUES ('Breaking Bad', 'BB S2E8', 2, 8, 'Better Call Saul', 47);
INSERT IGNORE INTO `Episode` VALUES ('Breaking Bad', 'BB S2E9', 2, 9, '4 Days Out', 47);
INSERT IGNORE INTO `Episode` VALUES ('Breaking Bad', 'BB S2E10', 2, 10, 'Over', 47);
INSERT IGNORE INTO `Episode` VALUES ('Breaking Bad', 'BB S2E11', 2, 11, 'Mandala', 47);
INSERT IGNORE INTO `Episode` VALUES ('Breaking Bad', 'BB S2E12', 2, 12, 'Phoenix', 47);
INSERT IGNORE INTO `Episode` VALUES ('Breaking Bad', 'BB S2E13', 2, 13, 'ABQ', 47);
INSERT IGNORE INTO `Episode` VALUES ('Breaking Bad', 'BB S3E1', 3, 1, 'No Más', 47);
INSERT IGNORE INTO `Episode` VALUES ('Breaking Bad', 'BB S3E2', 3, 2, 'Caballo sin Nombre', 47);
INSERT IGNORE INTO `Episode` VALUES ('Breaking Bad', 'BB S3E3', 3, 3, 'I.F.T.', 47);
INSERT IGNORE INTO `Episode` VALUES ('Breaking Bad', 'BB S3E4', 3, 4, 'Green Light', 47);
INSERT IGNORE INTO `Episode` VALUES ('Breaking Bad', 'BB S3E5', 3, 5, 'Más', 47);
INSERT IGNORE INTO `Episode` VALUES ('Breaking Bad', 'BB S3E6', 3, 6, 'Sunset', 47);
INSERT IGNORE INTO `Episode` VALUES ('Breaking Bad', 'BB S3E7', 3, 7, 'One Minute', 47);
INSERT IGNORE INTO `Episode` VALUES ('Breaking Bad', 'BB S3E8', 3, 8, 'I See You', 47);
INSERT IGNORE INTO `Episode` VALUES ('Breaking Bad', 'BB S3E9', 3, 9, 'Kafkaesque', 47);
INSERT IGNORE INTO `Episode` VALUES ('Breaking Bad', 'BB S3E10', 3, 10, 'Fly', 47);
INSERT IGNORE INTO `Episode` VALUES ('Breaking Bad', 'BB S3E11', 3, 11, 'Abiquiu', 47);
INSERT IGNORE INTO `Episode` VALUES ('Breaking Bad', 'BB S3E12', 3, 12, 'Half Measures', 47);
INSERT IGNORE INTO `Episode` VALUES ('Breaking Bad', 'BB S3E13', 3, 13, 'Full Measure', 47);
INSERT IGNORE INTO `Episode` VALUES ('Breaking Bad', 'BB S4E1', 4, 1, 'Box Cutter', 47);
INSERT IGNORE INTO `Episode` VALUES ('Breaking Bad', 'BB S4E2', 4, 2, 'Thirty-Eight Snub', 47);
INSERT IGNORE INTO `Episode` VALUES ('Breaking Bad', 'BB S4E3', 4, 3, 'Open House', 47);
INSERT IGNORE INTO `Episode` VALUES ('Breaking Bad', 'BB S4E4', 4, 4, 'Bullet Points', 47);
INSERT IGNORE INTO `Episode` VALUES ('Breaking Bad', 'BB S4E5', 4, 5, 'Shotgun', 47);
INSERT IGNORE INTO `Episode` VALUES ('Breaking Bad', 'BB S4E6', 4, 6, 'Cornered', 47);
INSERT IGNORE INTO `Episode` VALUES ('Breaking Bad', 'BB S4E7', 4, 7, 'Problem Dog', 47);
INSERT IGNORE INTO `Episode` VALUES ('Breaking Bad', 'BB S4E8', 4, 8, 'Hermanos', 47);
INSERT IGNORE INTO `Episode` VALUES ('Breaking Bad', 'BB S4E9', 4, 9, 'Bug', 47);
INSERT IGNORE INTO `Episode` VALUES ('Breaking Bad', 'BB S4E10', 4, 10, 'Salud', 47);
INSERT IGNORE INTO `Episode` VALUES ('Breaking Bad', 'BB S4E11', 4, 11, 'Crawl Space', 47);
INSERT IGNORE INTO `Episode` VALUES ('Breaking Bad', 'BB S4E12', 4, 12, 'End Times', 47);
INSERT IGNORE INTO `Episode` VALUES ('Breaking Bad', 'BB S4E13', 4, 13, 'Face Off', 50);
INSERT IGNORE INTO `Episode` VALUES ('Breaking Bad', 'BB S5E1', 5, 1, 'Live Free or Die', 47);
INSERT IGNORE INTO `Episode` VALUES ('Breaking Bad', 'BB S5E2', 5, 2, 'Madrigal', 47);
INSERT IGNORE INTO `Episode` VALUES ('Breaking Bad', 'BB S5E3', 5, 3, 'Hazard Pay', 47);
INSERT IGNORE INTO `Episode` VALUES ('Breaking Bad', 'BB S5E4', 5, 4, 'Fifty-One', 47);
INSERT IGNORE INTO `Episode` VALUES ('Breaking Bad', 'BB S5E5', 5, 5, 'Dead Freight', 47);
INSERT IGNORE INTO `Episode` VALUES ('Breaking Bad', 'BB S5E6', 5, 6, 'Buyout', 47);
INSERT IGNORE INTO `Episode` VALUES ('Breaking Bad', 'BB S5E7', 5, 7, 'Say My Name', 47);
INSERT IGNORE INTO `Episode` VALUES ('Breaking Bad', 'BB S5E8', 5, 8, 'Gliding Over All', 47);
INSERT IGNORE INTO `Episode` VALUES ('Breaking Bad', 'BB S5E9', 5, 9, 'Blood Money', 47);
INSERT IGNORE INTO `Episode` VALUES ('Breaking Bad', 'BB S5E10', 5, 10, 'Buried', 47);
INSERT IGNORE INTO `Episode` VALUES ('Breaking Bad', 'BB S5E11', 5, 11, 'Confessions', 47);
INSERT IGNORE INTO `Episode` VALUES ('Breaking Bad', 'BB S5E12', 5, 12, 'Rabid Dog', 47);
INSERT IGNORE INTO `Episode` VALUES ('Breaking Bad', 'BB S5E13', 5, 13, 'To\'hajiilee', 47);
INSERT IGNORE INTO `Episode` VALUES ('Breaking Bad', 'BB S5E14', 5, 14, 'Ozymandias', 47);
INSERT IGNORE INTO `Episode` VALUES ('Breaking Bad', 'BB S5E15', 5, 15, 'Granite State', 55);
INSERT IGNORE INTO `Episode` VALUES ('Breaking Bad', 'BB S5E16', 5, 16, 'Felina', 55);

-- Stranger Things
INSERT IGNORE INTO `Episode` VALUES ('Stranger Things', 'ST Chapter 1', 1, 1, 'The Vanishing of Will Byers', 50);
INSERT IGNORE INTO `Episode` VALUES ('Stranger Things', 'ST Chapter 2', 1, 2, 'The Weirdo on Maple Street', 50);
INSERT IGNORE INTO `Episode` VALUES ('Stranger Things', 'ST Chapter 3', 1, 3, 'Holly, Jolly', 50);
INSERT IGNORE INTO `Episode` VALUES ('Stranger Things', 'ST Chapter 4', 1, 4, 'The Body', 50);
INSERT IGNORE INTO `Episode` VALUES ('Stranger Things', 'ST Chapter 5', 1, 5, 'The Flea and the Acrobat', 50);
INSERT IGNORE INTO `Episode` VALUES ('Stranger Things', 'ST Chapter 6', 1, 6, 'The Monster', 50);
INSERT IGNORE INTO `Episode` VALUES ('Stranger Things', 'ST Chapter 7', 1, 7, 'The Bathtub', 50);
INSERT IGNORE INTO `Episode` VALUES ('Stranger Things', 'ST Chapter 8', 1, 8, 'The Upside Down', 50);
INSERT IGNORE INTO `Episode` VALUES ('Stranger Things', 'ST Chapter 9', 2, 1, 'MADMAX', 50);
INSERT IGNORE INTO `Episode` VALUES ('Stranger Things', 'ST Chapter 10', 2, 2, 'Trick or Treat, Freak', 50);
INSERT IGNORE INTO `Episode` VALUES ('Stranger Things', 'ST Chapter 11', 2, 3, 'The Pollywog', 50);
INSERT IGNORE INTO `Episode` VALUES ('Stranger Things', 'ST Chapter 12', 2, 4, 'Will the Wise', 50);
INSERT IGNORE INTO `Episode` VALUES ('Stranger Things', 'ST Chapter 13', 2, 5, 'Dig Dug', 50);
INSERT IGNORE INTO `Episode` VALUES ('Stranger Things', 'ST Chapter 14', 2, 6, 'The Spy', 50);
INSERT IGNORE INTO `Episode` VALUES ('Stranger Things', 'ST Chapter 15', 2, 7, 'The Lost Sister', 50);
INSERT IGNORE INTO `Episode` VALUES ('Stranger Things', 'ST Chapter 16', 2, 8, 'The Mind Flayer', 50);
INSERT IGNORE INTO `Episode` VALUES ('Stranger Things', 'ST Chapter 17', 2, 9, 'The Gate', 50);
INSERT IGNORE INTO `Episode` VALUES ('Stranger Things', 'ST Chapter 18', 3, 1, 'Suzie, Do You Copy?', 50);
INSERT IGNORE INTO `Episode` VALUES ('Stranger Things', 'ST Chapter 19', 3, 2, 'The Mall Rats', 50);
INSERT IGNORE INTO `Episode` VALUES ('Stranger Things', 'ST Chapter 20', 3, 3, 'The Case of the Missing Lifeguard', 50);
INSERT IGNORE INTO `Episode` VALUES ('Stranger Things', 'ST Chapter 21', 3, 4, 'The Sauna Test', 50);
INSERT IGNORE INTO `Episode` VALUES ('Stranger Things', 'ST Chapter 22', 3, 5, 'The Flayed', 50);
INSERT IGNORE INTO `Episode` VALUES ('Stranger Things', 'ST Chapter 23', 3, 6, 'E Pluribus Unum', 50);
INSERT IGNORE INTO `Episode` VALUES ('Stranger Things', 'ST Chapter 24', 3, 7, 'The Bite', 50);
INSERT IGNORE INTO `Episode` VALUES ('Stranger Things', 'ST Chapter 25', 3, 8, 'The Battle of Starcourt', 50);
INSERT IGNORE INTO `Episode` VALUES ('Stranger Things', 'ST Chapter 26', 4, 1, 'The Hellfire Club', 70);
INSERT IGNORE INTO `Episode` VALUES ('Stranger Things', 'ST Chapter 27', 4, 2, 'Vecna\'s Curse', 75);
INSERT IGNORE INTO `Episode` VALUES ('Stranger Things', 'ST Chapter 28', 4, 3, 'The Monster and the Superhero', 63);
INSERT IGNORE INTO `Episode` VALUES ('Stranger Things', 'ST Chapter 29', 4, 4, 'Dear Billy', 77);
INSERT IGNORE INTO `Episode` VALUES ('Stranger Things', 'ST Chapter 30', 4, 5, 'The Nina Project', 74);
INSERT IGNORE INTO `Episode` VALUES ('Stranger Things', 'ST Chapter 31', 4, 6, 'The Dive', 73);
INSERT IGNORE INTO `Episode` VALUES ('Stranger Things', 'ST Chapter 32', 4, 7, 'The Massacre at Hawkins Lab', 98);
INSERT IGNORE INTO `Episode` VALUES ('Stranger Things', 'ST Chapter 33', 4, 8, 'Papa', 85);
INSERT IGNORE INTO `Episode` VALUES ('Stranger Things', 'ST Chapter 34', 4, 9, 'The Piggyback', 139);


INSERT IGNORE INTO `Menonton` VALUES ('user1@mail.com', 'Profil Utama', 'Oppenheimer', NOW(), 30);
INSERT IGNORE INTO `Menonton` VALUES ('user2@mail.com', 'Profil Utama', 'Barbie', NOW(), 45);
INSERT IGNORE INTO `Menonton` VALUES ('user3@mail.com', 'Profil Utama', 'Dune: Part Two', NOW(), 100);
INSERT IGNORE INTO `Menonton` VALUES ('user4@mail.com', 'Profil Utama', 'Spider-Man: Across the Spider-Verse', NOW(), 20);
INSERT IGNORE INTO `Menonton` VALUES ('user5@mail.com', 'Profil Utama', 'The Batman', NOW(), 120);
INSERT IGNORE INTO `Menonton` VALUES ('user6@mail.com', 'Profil Utama', 'Top Gun: Maverick', NOW(), 55);
INSERT IGNORE INTO `Menonton` VALUES ('user7@mail.com', 'Profil Utama', 'Avatar: The Way of Water', NOW(), 15);
INSERT IGNORE INTO `Menonton` VALUES ('user8@mail.com', 'Profil Utama', 'Guardians of the Galaxy Vol. 3', NOW(), 90);
INSERT IGNORE INTO `Menonton` VALUES ('user9@mail.com', 'Profil Utama', 'Black Panther: Wakanda Forever', NOW(), 60);
INSERT IGNORE INTO `Menonton` VALUES ('user10@mail.com', 'Profil Utama', 'Everything Everywhere All At Once', NOW(), 10);
INSERT IGNORE INTO `Menonton` VALUES ('user11@mail.com', 'Profil Utama', 'Oppenheimer', NOW(), 30);
INSERT IGNORE INTO `Menonton` VALUES ('user12@mail.com', 'Profil Utama', 'Barbie', NOW(), 45);
INSERT IGNORE INTO `Menonton` VALUES ('user13@mail.com', 'Profil Utama', 'Dune: Part Two', NOW(), 100);
INSERT IGNORE INTO `Menonton` VALUES ('user14@mail.com', 'Profil Utama', 'Spider-Man: Across the Spider-Verse', NOW(), 20);
INSERT IGNORE INTO `Menonton` VALUES ('user15@mail.com', 'Profil Utama', 'The Batman', NOW(), 120);
INSERT IGNORE INTO `Menonton` VALUES ('user16@mail.com', 'Profil Utama', 'Top Gun: Maverick', NOW(), 55);
INSERT IGNORE INTO `Menonton` VALUES ('user17@mail.com', 'Profil Utama', 'Avatar: The Way of Water', NOW(), 15);
INSERT IGNORE INTO `Menonton` VALUES ('user18@mail.com', 'Profil Utama', 'Guardians of the Galaxy Vol. 3', NOW(), 90);
INSERT IGNORE INTO `Menonton` VALUES ('user19@mail.com', 'Profil Utama', 'Black Panther: Wakanda Forever', NOW(), 60);
INSERT IGNORE INTO `Menonton` VALUES ('user20@mail.com', 'Profil Utama', 'Everything Everywhere All At Once', NOW(), 10);
INSERT IGNORE INTO `Menonton` VALUES ('user21@mail.com', 'Profil Utama', 'Oppenheimer', NOW(), 30);
INSERT IGNORE INTO `Menonton` VALUES ('user22@mail.com', 'Profil Utama', 'Barbie', NOW(), 45);
INSERT IGNORE INTO `Menonton` VALUES ('user23@mail.com', 'Profil Utama', 'Dune: Part Two', NOW(), 100);
INSERT IGNORE INTO `Menonton` VALUES ('user24@mail.com', 'Profil Utama', 'Spider-Man: Across the Spider-Verse', NOW(), 20);
INSERT IGNORE INTO `Menonton` VALUES ('user25@mail.com', 'Profil Utama', 'The Batman', NOW(), 120);
INSERT IGNORE INTO `Menonton` VALUES ('user26@mail.com', 'Profil Utama', 'Top Gun: Maverick', NOW(), 55);
INSERT IGNORE INTO `Menonton` VALUES ('user27@mail.com', 'Profil Utama', 'Avatar: The Way of Water', NOW(), 15);
INSERT IGNORE INTO `Menonton` VALUES ('user28@mail.com', 'Profil Utama', 'Guardians of the Galaxy Vol. 3', NOW(), 90);
INSERT IGNORE INTO `Menonton` VALUES ('user29@mail.com', 'Profil Utama', 'Black Panther: Wakanda Forever', NOW(), 60);
INSERT IGNORE INTO `Menonton` VALUES ('user30@mail.com', 'Profil Utama', 'Everything Everywhere All At Once', NOW(), 10);
INSERT IGNORE INTO `Menonton` VALUES ('user31@mail.com', 'Profil Utama', 'Oppenheimer', NOW(), 30);
INSERT IGNORE INTO `Menonton` VALUES ('user32@mail.com', 'Profil Utama', 'Barbie', NOW(), 45);
INSERT IGNORE INTO `Menonton` VALUES ('user33@mail.com', 'Profil Utama', 'Dune: Part Two', NOW(), 100);
INSERT IGNORE INTO `Menonton` VALUES ('user34@mail.com', 'Profil Utama', 'Spider-Man: Across the Spider-Verse', NOW(), 20);
INSERT IGNORE INTO `Menonton` VALUES ('user35@mail.com', 'Profil Utama', 'The Batman', NOW(), 120);
INSERT IGNORE INTO `Menonton` VALUES ('user36@mail.com', 'Profil Utama', 'Top Gun: Maverick', NOW(), 55);
INSERT IGNORE INTO `Menonton` VALUES ('user37@mail.com', 'Profil Utama', 'Avatar: The Way of Water', NOW(), 15);
INSERT IGNORE INTO `Menonton` VALUES ('user38@mail.com', 'Profil Utama', 'Guardians of the Galaxy Vol. 3', NOW(), 90);
INSERT IGNORE INTO `Menonton` VALUES ('user39@mail.com', 'Profil Utama', 'Black Panther: Wakanda Forever', NOW(), 60);
INSERT IGNORE INTO `Menonton` VALUES ('user40@mail.com', 'Profil Utama', 'Everything Everywhere All At Once', NOW(), 10);
INSERT IGNORE INTO `Menonton` VALUES ('user41@mail.com', 'Profil Utama', 'Oppenheimer', NOW(), 30);
INSERT IGNORE INTO `Menonton` VALUES ('user42@mail.com', 'Profil Utama', 'Barbie', NOW(), 45);
INSERT IGNORE INTO `Menonton` VALUES ('user43@mail.com', 'Profil Utama', 'Dune: Part Two', NOW(), 100);
INSERT IGNORE INTO `Menonton` VALUES ('user44@mail.com', 'Profil Utama', 'Spider-Man: Across the Spider-Verse', NOW(), 20);
INSERT IGNORE INTO `Menonton` VALUES ('user45@mail.com', 'Profil Utama', 'The Batman', NOW(), 120);
INSERT IGNORE INTO `Menonton` VALUES ('user46@mail.com', 'Profil Utama', 'Top Gun: Maverick', NOW(), 55);
INSERT IGNORE INTO `Menonton` VALUES ('user47@mail.com', 'Profil Utama', 'Avatar: The Way of Water', NOW(), 15);
INSERT IGNORE INTO `Menonton` VALUES ('user48@mail.com', 'Profil Utama', 'Guardians of the Galaxy Vol. 3', NOW(), 90);
INSERT IGNORE INTO `Menonton` VALUES ('user49@mail.com', 'Profil Utama', 'Black Panther: Wakanda Forever', NOW(), 60);
INSERT IGNORE INTO `Menonton` VALUES ('user50@mail.com', 'Profil Utama', 'Everything Everywhere All At Once', NOW(), 10);
INSERT IGNORE INTO `Menonton` VALUES ('user51@mail.com', 'Profil Utama', 'Oppenheimer', NOW(), 30);
INSERT IGNORE INTO `Menonton` VALUES ('user52@mail.com', 'Profil Utama', 'Barbie', NOW(), 45);
INSERT IGNORE INTO `Menonton` VALUES ('user53@mail.com', 'Profil Utama', 'Dune: Part Two', NOW(), 100);
INSERT IGNORE INTO `Menonton` VALUES ('user54@mail.com', 'Profil Utama', 'Spider-Man: Across the Spider-Verse', NOW(), 20);
INSERT IGNORE INTO `Menonton` VALUES ('user55@mail.com', 'Profil Utama', 'The Batman', NOW(), 120);
INSERT IGNORE INTO `Menonton` VALUES ('user56@mail.com', 'Profil Utama', 'Top Gun: Maverick', NOW(), 55);
INSERT IGNORE INTO `Menonton` VALUES ('user57@mail.com', 'Profil Utama', 'Avatar: The Way of Water', NOW(), 15);
INSERT IGNORE INTO `Menonton` VALUES ('user58@mail.com', 'Profil Utama', 'Guardians of the Galaxy Vol. 3', NOW(), 90);
INSERT IGNORE INTO `Menonton` VALUES ('user59@mail.com', 'Profil Utama', 'Black Panther: Wakanda Forever', NOW(), 60);
INSERT IGNORE INTO `Menonton` VALUES ('user60@mail.com', 'Profil Utama', 'Everything Everywhere All At Once', NOW(), 10);
INSERT IGNORE INTO `Menonton` VALUES ('user61@mail.com', 'Profil Utama', 'Oppenheimer', NOW(), 30);
INSERT IGNORE INTO `Menonton` VALUES ('user62@mail.com', 'Profil Utama', 'Barbie', NOW(), 45);
INSERT IGNORE INTO `Menonton` VALUES ('user63@mail.com', 'Profil Utama', 'Dune: Part Two', NOW(), 100);
INSERT IGNORE INTO `Menonton` VALUES ('user64@mail.com', 'Profil Utama', 'Spider-Man: Across the Spider-Verse', NOW(), 20);
INSERT IGNORE INTO `Menonton` VALUES ('user65@mail.com', 'Profil Utama', 'The Batman', NOW(), 120);
INSERT IGNORE INTO `Menonton` VALUES ('user66@mail.com', 'Profil Utama', 'Top Gun: Maverick', NOW(), 55);
INSERT IGNORE INTO `Menonton` VALUES ('user67@mail.com', 'Profil Utama', 'Avatar: The Way of Water', NOW(), 15);
INSERT IGNORE INTO `Menonton` VALUES ('user68@mail.com', 'Profil Utama', 'Guardians of the Galaxy Vol. 3', NOW(), 90);
INSERT IGNORE INTO `Menonton` VALUES ('user69@mail.com', 'Profil Utama', 'Black Panther: Wakanda Forever', NOW(), 60);
INSERT IGNORE INTO `Menonton` VALUES ('user70@mail.com', 'Profil Utama', 'Everything Everywhere All At Once', NOW(), 10);
INSERT IGNORE INTO `Menonton` VALUES ('user71@mail.com', 'Profil Utama', 'Oppenheimer', NOW(), 30);
INSERT IGNORE INTO `Menonton` VALUES ('user72@mail.com', 'Profil Utama', 'Barbie', NOW(), 45);
INSERT IGNORE INTO `Menonton` VALUES ('user73@mail.com', 'Profil Utama', 'Dune: Part Two', NOW(), 100);
INSERT IGNORE INTO `Menonton` VALUES ('user74@mail.com', 'Profil Utama', 'Spider-Man: Across the Spider-Verse', NOW(), 20);
INSERT IGNORE INTO `Menonton` VALUES ('user75@mail.com', 'Profil Utama', 'The Batman', NOW(), 120);
INSERT IGNORE INTO `Menonton` VALUES ('user76@mail.com', 'Profil Utama', 'Top Gun: Maverick', NOW(), 55);
INSERT IGNORE INTO `Menonton` VALUES ('user77@mail.com', 'Profil Utama', 'Avatar: The Way of Water', NOW(), 15);
INSERT IGNORE INTO `Menonton` VALUES ('user78@mail.com', 'Profil Utama', 'Guardians of the Galaxy Vol. 3', NOW(), 90);
INSERT IGNORE INTO `Menonton` VALUES ('user79@mail.com', 'Profil Utama', 'Black Panther: Wakanda Forever', NOW(), 60);
INSERT IGNORE INTO `Menonton` VALUES ('user80@mail.com', 'Profil Utama', 'Everything Everywhere All At Once', NOW(), 10);
INSERT IGNORE INTO `Menonton` VALUES ('user81@mail.com', 'Profil Utama', 'Oppenheimer', NOW(), 30);
INSERT IGNORE INTO `Menonton` VALUES ('user82@mail.com', 'Profil Utama', 'Barbie', NOW(), 45);
INSERT IGNORE INTO `Menonton` VALUES ('user83@mail.com', 'Profil Utama', 'Dune: Part Two', NOW(), 100);
INSERT IGNORE INTO `Menonton` VALUES ('user84@mail.com', 'Profil Utama', 'Spider-Man: Across the Spider-Verse', NOW(), 20);
INSERT IGNORE INTO `Menonton` VALUES ('user85@mail.com', 'Profil Utama', 'The Batman', NOW(), 120);
INSERT IGNORE INTO `Menonton` VALUES ('user86@mail.com', 'Profil Utama', 'Top Gun: Maverick', NOW(), 55);
INSERT IGNORE INTO `Menonton` VALUES ('user87@mail.com', 'Profil Utama', 'Avatar: The Way of Water', NOW(), 15);
INSERT IGNORE INTO `Menonton` VALUES ('user88@mail.com', 'Profil Utama', 'Guardians of the Galaxy Vol. 3', NOW(), 90);
INSERT IGNORE INTO `Menonton` VALUES ('user89@mail.com', 'Profil Utama', 'Black Panther: Wakanda Forever', NOW(), 60);
INSERT IGNORE INTO `Menonton` VALUES ('user90@mail.com', 'Profil Utama', 'Everything Everywhere All At Once', NOW(), 10);
INSERT IGNORE INTO `Menonton` VALUES ('user91@mail.com', 'Profil Utama', 'Oppenheimer', NOW(), 30);
INSERT IGNORE INTO `Menonton` VALUES ('user92@mail.com', 'Profil Utama', 'Barbie', NOW(), 45);
INSERT IGNORE INTO `Menonton` VALUES ('user93@mail.com', 'Profil Utama', 'Dune: Part Two', NOW(), 100);
INSERT IGNORE INTO `Menonton` VALUES ('user94@mail.com', 'Profil Utama', 'Spider-Man: Across the Spider-Verse', NOW(), 20);
INSERT IGNORE INTO `Menonton` VALUES ('user95@mail.com', 'Profil Utama', 'The Batman', NOW(), 120);
INSERT IGNORE INTO `Menonton` VALUES ('user96@mail.com', 'Profil Utama', 'Top Gun: Maverick', NOW(), 55);
INSERT IGNORE INTO `Menonton` VALUES ('user97@mail.com', 'Profil Utama', 'Avatar: The Way of Water', NOW(), 15);
INSERT IGNORE INTO `Menonton` VALUES ('user98@mail.com', 'Profil Utama', 'Guardians of the Galaxy Vol. 3', NOW(), 90);
INSERT IGNORE INTO `Menonton` VALUES ('user99@mail.com', 'Profil Utama', 'Black Panther: Wakanda Forever', NOW(), 60);
INSERT IGNORE INTO `Menonton` VALUES ('user100@mail.com', 'Profil Utama', 'Everything Everywhere All At Once', NOW(), 10);
INSERT IGNORE INTO `Menonton` VALUES ('user101@mail.com', 'Profil Utama', 'Oppenheimer', NOW(), 30);
INSERT IGNORE INTO `Menonton` VALUES ('user102@mail.com', 'Profil Utama', 'Barbie', NOW(), 45);
INSERT IGNORE INTO `Menonton` VALUES ('user103@mail.com', 'Profil Utama', 'Dune: Part Two', NOW(), 100);
INSERT IGNORE INTO `Menonton` VALUES ('user104@mail.com', 'Profil Utama', 'Spider-Man: Across the Spider-Verse', NOW(), 20);
INSERT IGNORE INTO `Menonton` VALUES ('user105@mail.com', 'Profil Utama', 'The Batman', NOW(), 120);
INSERT IGNORE INTO `Menonton` VALUES ('user106@mail.com', 'Profil Utama', 'Top Gun: Maverick', NOW(), 55);
INSERT IGNORE INTO `Menonton` VALUES ('user107@mail.com', 'Profil Utama', 'Avatar: The Way of Water', NOW(), 15);
INSERT IGNORE INTO `Menonton` VALUES ('user108@mail.com', 'Profil Utama', 'Guardians of the Galaxy Vol. 3', NOW(), 90);
INSERT IGNORE INTO `Menonton` VALUES ('user109@mail.com', 'Profil Utama', 'Black Panther: Wakanda Forever', NOW(), 60);
INSERT IGNORE INTO `Menonton` VALUES ('user110@mail.com', 'Profil Utama', 'Everything Everywhere All At Once', NOW(), 10);
INSERT IGNORE INTO `Menonton` VALUES ('user111@mail.com', 'Profil Utama', 'Oppenheimer', NOW(), 30);
INSERT IGNORE INTO `Menonton` VALUES ('user112@mail.com', 'Profil Utama', 'Barbie', NOW(), 45);
INSERT IGNORE INTO `Menonton` VALUES ('user113@mail.com', 'Profil Utama', 'Dune: Part Two', NOW(), 100);
INSERT IGNORE INTO `Menonton` VALUES ('user114@mail.com', 'Profil Utama', 'Spider-Man: Across the Spider-Verse', NOW(), 20);
INSERT IGNORE INTO `Menonton` VALUES ('user115@mail.com', 'Profil Utama', 'The Batman', NOW(), 120);
INSERT IGNORE INTO `Menonton` VALUES ('user116@mail.com', 'Profil Utama', 'Top Gun: Maverick', NOW(), 55);
INSERT IGNORE INTO `Menonton` VALUES ('user117@mail.com', 'Profil Utama', 'Avatar: The Way of Water', NOW(), 15);
INSERT IGNORE INTO `Menonton` VALUES ('user118@mail.com', 'Profil Utama', 'Guardians of the Galaxy Vol. 3', NOW(), 90);
INSERT IGNORE INTO `Menonton` VALUES ('user119@mail.com', 'Profil Utama', 'Black Panther: Wakanda Forever', NOW(), 60);
INSERT IGNORE INTO `Menonton` VALUES ('user120@mail.com', 'Profil Utama', 'Everything Everywhere All At Once', NOW(), 10);
INSERT IGNORE INTO `Menonton` VALUES ('user121@mail.com', 'Profil Utama', 'Oppenheimer', NOW(), 30);
INSERT IGNORE INTO `Menonton` VALUES ('user122@mail.com', 'Profil Utama', 'Barbie', NOW(), 45);
INSERT IGNORE INTO `Menonton` VALUES ('user123@mail.com', 'Profil Utama', 'Dune: Part Two', NOW(), 100);
INSERT IGNORE INTO `Menonton` VALUES ('user124@mail.com', 'Profil Utama', 'Spider-Man: Across the Spider-Verse', NOW(), 20);
INSERT IGNORE INTO `Menonton` VALUES ('user125@mail.com', 'Profil Utama', 'The Batman', NOW(), 120);
INSERT IGNORE INTO `Menonton` VALUES ('user126@mail.com', 'Profil Utama', 'Top Gun: Maverick', NOW(), 55);
INSERT IGNORE INTO `Menonton` VALUES ('user127@mail.com', 'Profil Utama', 'Avatar: The Way of Water', NOW(), 15);
INSERT IGNORE INTO `Menonton` VALUES ('user128@mail.com', 'Profil Utama', 'Guardians of the Galaxy Vol. 3', NOW(), 90);
INSERT IGNORE INTO `Menonton` VALUES ('user129@mail.com', 'Profil Utama', 'Black Panther: Wakanda Forever', NOW(), 60);
INSERT IGNORE INTO `Menonton` VALUES ('user130@mail.com', 'Profil Utama', 'Everything Everywhere All At Once', NOW(), 10);
INSERT IGNORE INTO `Menonton` VALUES ('user131@mail.com', 'Profil Utama', 'Oppenheimer', NOW(), 30);
INSERT IGNORE INTO `Menonton` VALUES ('user132@mail.com', 'Profil Utama', 'Barbie', NOW(), 45);
INSERT IGNORE INTO `Menonton` VALUES ('user133@mail.com', 'Profil Utama', 'Dune: Part Two', NOW(), 100);
INSERT IGNORE INTO `Menonton` VALUES ('user134@mail.com', 'Profil Utama', 'Spider-Man: Across the Spider-Verse', NOW(), 20);
INSERT IGNORE INTO `Menonton` VALUES ('user135@mail.com', 'Profil Utama', 'The Batman', NOW(), 120);
INSERT IGNORE INTO `Menonton` VALUES ('user136@mail.com', 'Profil Utama', 'Top Gun: Maverick', NOW(), 55);
INSERT IGNORE INTO `Menonton` VALUES ('user137@mail.com', 'Profil Utama', 'Avatar: The Way of Water', NOW(), 15);
INSERT IGNORE INTO `Menonton` VALUES ('user138@mail.com', 'Profil Utama', 'Guardians of the Galaxy Vol. 3', NOW(), 90);
INSERT IGNORE INTO `Menonton` VALUES ('user139@mail.com', 'Profil Utama', 'Black Panther: Wakanda Forever', NOW(), 60);
INSERT IGNORE INTO `Menonton` VALUES ('user140@mail.com', 'Profil Utama', 'Everything Everywhere All At Once', NOW(), 10);
INSERT IGNORE INTO `Menonton` VALUES ('user141@mail.com', 'Profil Utama', 'Oppenheimer', NOW(), 30);
INSERT IGNORE INTO `Menonton` VALUES ('user142@mail.com', 'Profil Utama', 'Barbie', NOW(), 45);
INSERT IGNORE INTO `Menonton` VALUES ('user143@mail.com', 'Profil Utama', 'Dune: Part Two', NOW(), 100);
INSERT IGNORE INTO `Menonton` VALUES ('user144@mail.com', 'Profil Utama', 'Spider-Man: Across the Spider-Verse', NOW(), 20);
INSERT IGNORE INTO `Menonton` VALUES ('user145@mail.com', 'Profil Utama', 'The Batman', NOW(), 120);
INSERT IGNORE INTO `Menonton` VALUES ('user146@mail.com', 'Profil Utama', 'Top Gun: Maverick', NOW(), 55);
INSERT IGNORE INTO `Menonton` VALUES ('user147@mail.com', 'Profil Utama', 'Avatar: The Way of Water', NOW(), 15);
INSERT IGNORE INTO `Menonton` VALUES ('user148@mail.com', 'Profil Utama', 'Guardians of the Galaxy Vol. 3', NOW(), 90);
INSERT IGNORE INTO `Menonton` VALUES ('user149@mail.com', 'Profil Utama', 'Black Panther: Wakanda Forever', NOW(), 60);
INSERT IGNORE INTO `Menonton` VALUES ('user150@mail.com', 'Profil Utama', 'Everything Everywhere All At Once', NOW(), 10);

-- ============================================================
-- SUBTITLE
-- ============================================================
-- Oppenheimer
INSERT IGNORE INTO `Subtitle` VALUES ('Oppenheimer', 'English');
INSERT IGNORE INTO `Subtitle` VALUES ('Oppenheimer', 'Indonesia');
INSERT IGNORE INTO `Subtitle` VALUES ('Oppenheimer', 'Spanish');
INSERT IGNORE INTO `Subtitle` VALUES ('Oppenheimer', 'French');
INSERT IGNORE INTO `Subtitle` VALUES ('Oppenheimer', 'German');
INSERT IGNORE INTO `Subtitle` VALUES ('Oppenheimer', 'Japanese');
INSERT IGNORE INTO `Subtitle` VALUES ('Oppenheimer', 'Korean');

-- Barbie
INSERT IGNORE INTO `Subtitle` VALUES ('Barbie', 'English');
INSERT IGNORE INTO `Subtitle` VALUES ('Barbie', 'Indonesia');
INSERT IGNORE INTO `Subtitle` VALUES ('Barbie', 'Spanish');
INSERT IGNORE INTO `Subtitle` VALUES ('Barbie', 'French');
INSERT IGNORE INTO `Subtitle` VALUES ('Barbie', 'German');
INSERT IGNORE INTO `Subtitle` VALUES ('Barbie', 'Japanese');
INSERT IGNORE INTO `Subtitle` VALUES ('Barbie', 'Korean');

-- Dune: Part Two
INSERT IGNORE INTO `Subtitle` VALUES ('Dune: Part Two', 'English');
INSERT IGNORE INTO `Subtitle` VALUES ('Dune: Part Two', 'Indonesia');
INSERT IGNORE INTO `Subtitle` VALUES ('Dune: Part Two', 'Spanish');
INSERT IGNORE INTO `Subtitle` VALUES ('Dune: Part Two', 'French');
INSERT IGNORE INTO `Subtitle` VALUES ('Dune: Part Two', 'German');
INSERT IGNORE INTO `Subtitle` VALUES ('Dune: Part Two', 'Japanese');
INSERT IGNORE INTO `Subtitle` VALUES ('Dune: Part Two', 'Korean');

-- Spider-Man: Across the Spider-Verse
INSERT IGNORE INTO `Subtitle` VALUES ('Spider-Man: Across the Spider-Verse', 'English');
INSERT IGNORE INTO `Subtitle` VALUES ('Spider-Man: Across the Spider-Verse', 'Indonesia');
INSERT IGNORE INTO `Subtitle` VALUES ('Spider-Man: Across the Spider-Verse', 'Spanish');
INSERT IGNORE INTO `Subtitle` VALUES ('Spider-Man: Across the Spider-Verse', 'French');
INSERT IGNORE INTO `Subtitle` VALUES ('Spider-Man: Across the Spider-Verse', 'German');
INSERT IGNORE INTO `Subtitle` VALUES ('Spider-Man: Across the Spider-Verse', 'Japanese');
INSERT IGNORE INTO `Subtitle` VALUES ('Spider-Man: Across the Spider-Verse', 'Korean');

-- The Batman
INSERT IGNORE INTO `Subtitle` VALUES ('The Batman', 'English');
INSERT IGNORE INTO `Subtitle` VALUES ('The Batman', 'Indonesia');
INSERT IGNORE INTO `Subtitle` VALUES ('The Batman', 'Spanish');
INSERT IGNORE INTO `Subtitle` VALUES ('The Batman', 'French');
INSERT IGNORE INTO `Subtitle` VALUES ('The Batman', 'German');
INSERT IGNORE INTO `Subtitle` VALUES ('The Batman', 'Japanese');
INSERT IGNORE INTO `Subtitle` VALUES ('The Batman', 'Korean');

-- Top Gun: Maverick
INSERT IGNORE INTO `Subtitle` VALUES ('Top Gun: Maverick', 'English');
INSERT IGNORE INTO `Subtitle` VALUES ('Top Gun: Maverick', 'Indonesia');
INSERT IGNORE INTO `Subtitle` VALUES ('Top Gun: Maverick', 'Spanish');
INSERT IGNORE INTO `Subtitle` VALUES ('Top Gun: Maverick', 'French');
INSERT IGNORE INTO `Subtitle` VALUES ('Top Gun: Maverick', 'German');
INSERT IGNORE INTO `Subtitle` VALUES ('Top Gun: Maverick', 'Japanese');
INSERT IGNORE INTO `Subtitle` VALUES ('Top Gun: Maverick', 'Korean');

-- Avatar: The Way of Water
INSERT IGNORE INTO `Subtitle` VALUES ('Avatar: The Way of Water', 'English');
INSERT IGNORE INTO `Subtitle` VALUES ('Avatar: The Way of Water', 'Indonesia');
INSERT IGNORE INTO `Subtitle` VALUES ('Avatar: The Way of Water', 'Spanish');
INSERT IGNORE INTO `Subtitle` VALUES ('Avatar: The Way of Water', 'French');
INSERT IGNORE INTO `Subtitle` VALUES ('Avatar: The Way of Water', 'German');
INSERT IGNORE INTO `Subtitle` VALUES ('Avatar: The Way of Water', 'Japanese');
INSERT IGNORE INTO `Subtitle` VALUES ('Avatar: The Way of Water', 'Korean');

-- Guardians of the Galaxy Vol. 3
INSERT IGNORE INTO `Subtitle` VALUES ('Guardians of the Galaxy Vol. 3', 'English');
INSERT IGNORE INTO `Subtitle` VALUES ('Guardians of the Galaxy Vol. 3', 'Indonesia');
INSERT IGNORE INTO `Subtitle` VALUES ('Guardians of the Galaxy Vol. 3', 'Spanish');
INSERT IGNORE INTO `Subtitle` VALUES ('Guardians of the Galaxy Vol. 3', 'French');
INSERT IGNORE INTO `Subtitle` VALUES ('Guardians of the Galaxy Vol. 3', 'German');
INSERT IGNORE INTO `Subtitle` VALUES ('Guardians of the Galaxy Vol. 3', 'Japanese');
INSERT IGNORE INTO `Subtitle` VALUES ('Guardians of the Galaxy Vol. 3', 'Korean');

-- Black Panther: Wakanda Forever
INSERT IGNORE INTO `Subtitle` VALUES ('Black Panther: Wakanda Forever', 'English');
INSERT IGNORE INTO `Subtitle` VALUES ('Black Panther: Wakanda Forever', 'Indonesia');
INSERT IGNORE INTO `Subtitle` VALUES ('Black Panther: Wakanda Forever', 'Spanish');
INSERT IGNORE INTO `Subtitle` VALUES ('Black Panther: Wakanda Forever', 'French');
INSERT IGNORE INTO `Subtitle` VALUES ('Black Panther: Wakanda Forever', 'German');
INSERT IGNORE INTO `Subtitle` VALUES ('Black Panther: Wakanda Forever', 'Japanese');
INSERT IGNORE INTO `Subtitle` VALUES ('Black Panther: Wakanda Forever', 'Korean');

-- Everything Everywhere All At Once
INSERT IGNORE INTO `Subtitle` VALUES ('Everything Everywhere All At Once', 'English');
INSERT IGNORE INTO `Subtitle` VALUES ('Everything Everywhere All At Once', 'Indonesia');
INSERT IGNORE INTO `Subtitle` VALUES ('Everything Everywhere All At Once', 'Mandarin');
INSERT IGNORE INTO `Subtitle` VALUES ('Everything Everywhere All At Once', 'French');
INSERT IGNORE INTO `Subtitle` VALUES ('Everything Everywhere All At Once', 'German');
INSERT IGNORE INTO `Subtitle` VALUES ('Everything Everywhere All At Once', 'Japanese');
INSERT IGNORE INTO `Subtitle` VALUES ('Everything Everywhere All At Once', 'Cantonese');

-- The Whale
INSERT IGNORE INTO `Subtitle` VALUES ('The Whale', 'English');
INSERT IGNORE INTO `Subtitle` VALUES ('The Whale', 'Indonesia');
INSERT IGNORE INTO `Subtitle` VALUES ('The Whale', 'Spanish');
INSERT IGNORE INTO `Subtitle` VALUES ('The Whale', 'French');
INSERT IGNORE INTO `Subtitle` VALUES ('The Whale', 'German');
INSERT IGNORE INTO `Subtitle` VALUES ('The Whale', 'Japanese');
INSERT IGNORE INTO `Subtitle` VALUES ('The Whale', 'Korean');

-- John Wick: Chapter 4
INSERT IGNORE INTO `Subtitle` VALUES ('John Wick: Chapter 4', 'English');
INSERT IGNORE INTO `Subtitle` VALUES ('John Wick: Chapter 4', 'Indonesia');
INSERT IGNORE INTO `Subtitle` VALUES ('John Wick: Chapter 4', 'Spanish');
INSERT IGNORE INTO `Subtitle` VALUES ('John Wick: Chapter 4', 'French');
INSERT IGNORE INTO `Subtitle` VALUES ('John Wick: Chapter 4', 'German');
INSERT IGNORE INTO `Subtitle` VALUES ('John Wick: Chapter 4', 'Japanese');
INSERT IGNORE INTO `Subtitle` VALUES ('John Wick: Chapter 4', 'Korean');

-- Mission: Impossible - Dead Reckoning
INSERT IGNORE INTO `Subtitle` VALUES ('Mission: Impossible - Dead Reckoning', 'English');
INSERT IGNORE INTO `Subtitle` VALUES ('Mission: Impossible - Dead Reckoning', 'Indonesia');
INSERT IGNORE INTO `Subtitle` VALUES ('Mission: Impossible - Dead Reckoning', 'Spanish');
INSERT IGNORE INTO `Subtitle` VALUES ('Mission: Impossible - Dead Reckoning', 'French');
INSERT IGNORE INTO `Subtitle` VALUES ('Mission: Impossible - Dead Reckoning', 'German');
INSERT IGNORE INTO `Subtitle` VALUES ('Mission: Impossible - Dead Reckoning', 'Japanese');
INSERT IGNORE INTO `Subtitle` VALUES ('Mission: Impossible - Dead Reckoning', 'Korean');

-- Poor Things
INSERT IGNORE INTO `Subtitle` VALUES ('Poor Things', 'English');
INSERT IGNORE INTO `Subtitle` VALUES ('Poor Things', 'Indonesia');
INSERT IGNORE INTO `Subtitle` VALUES ('Poor Things', 'Spanish');
INSERT IGNORE INTO `Subtitle` VALUES ('Poor Things', 'French');
INSERT IGNORE INTO `Subtitle` VALUES ('Poor Things', 'German');
INSERT IGNORE INTO `Subtitle` VALUES ('Poor Things', 'Japanese');
INSERT IGNORE INTO `Subtitle` VALUES ('Poor Things', 'Korean');

-- Killers of the Flower Moon
INSERT IGNORE INTO `Subtitle` VALUES ('Killers of the Flower Moon', 'English');
INSERT IGNORE INTO `Subtitle` VALUES ('Killers of the Flower Moon', 'Indonesia');
INSERT IGNORE INTO `Subtitle` VALUES ('Killers of the Flower Moon', 'Spanish');
INSERT IGNORE INTO `Subtitle` VALUES ('Killers of the Flower Moon', 'French');
INSERT IGNORE INTO `Subtitle` VALUES ('Killers of the Flower Moon', 'German');
INSERT IGNORE INTO `Subtitle` VALUES ('Killers of the Flower Moon', 'Japanese');
INSERT IGNORE INTO `Subtitle` VALUES ('Killers of the Flower Moon', 'Korean');

-- Godzilla Minus One
INSERT IGNORE INTO `Subtitle` VALUES ('Godzilla Minus One', 'English');
INSERT IGNORE INTO `Subtitle` VALUES ('Godzilla Minus One', 'Indonesia');
INSERT IGNORE INTO `Subtitle` VALUES ('Godzilla Minus One', 'Spanish');
INSERT IGNORE INTO `Subtitle` VALUES ('Godzilla Minus One', 'French');
INSERT IGNORE INTO `Subtitle` VALUES ('Godzilla Minus One', 'German');
INSERT IGNORE INTO `Subtitle` VALUES ('Godzilla Minus One', 'Japanese');
INSERT IGNORE INTO `Subtitle` VALUES ('Godzilla Minus One', 'Korean');

-- Past Lives
INSERT IGNORE INTO `Subtitle` VALUES ('Past Lives', 'English');
INSERT IGNORE INTO `Subtitle` VALUES ('Past Lives', 'Indonesia');
INSERT IGNORE INTO `Subtitle` VALUES ('Past Lives', 'Spanish');
INSERT IGNORE INTO `Subtitle` VALUES ('Past Lives', 'French');
INSERT IGNORE INTO `Subtitle` VALUES ('Past Lives', 'German');
INSERT IGNORE INTO `Subtitle` VALUES ('Past Lives', 'Japanese');
INSERT IGNORE INTO `Subtitle` VALUES ('Past Lives', 'Korean');

-- Anatomy of a Fall
INSERT IGNORE INTO `Subtitle` VALUES ('Anatomy of a Fall', 'English');
INSERT IGNORE INTO `Subtitle` VALUES ('Anatomy of a Fall', 'Indonesia');
INSERT IGNORE INTO `Subtitle` VALUES ('Anatomy of a Fall', 'Spanish');
INSERT IGNORE INTO `Subtitle` VALUES ('Anatomy of a Fall', 'French');
INSERT IGNORE INTO `Subtitle` VALUES ('Anatomy of a Fall', 'German');
INSERT IGNORE INTO `Subtitle` VALUES ('Anatomy of a Fall', 'Japanese');
INSERT IGNORE INTO `Subtitle` VALUES ('Anatomy of a Fall', 'Korean');

-- The Zone of Interest
INSERT IGNORE INTO `Subtitle` VALUES ('The Zone of Interest', 'English');
INSERT IGNORE INTO `Subtitle` VALUES ('The Zone of Interest', 'Indonesia');
INSERT IGNORE INTO `Subtitle` VALUES ('The Zone of Interest', 'Spanish');
INSERT IGNORE INTO `Subtitle` VALUES ('The Zone of Interest', 'French');
INSERT IGNORE INTO `Subtitle` VALUES ('The Zone of Interest', 'German');
INSERT IGNORE INTO `Subtitle` VALUES ('The Zone of Interest', 'Japanese');
INSERT IGNORE INTO `Subtitle` VALUES ('The Zone of Interest', 'Korean');

-- Civil War
INSERT IGNORE INTO `Subtitle` VALUES ('Civil War', 'English');
INSERT IGNORE INTO `Subtitle` VALUES ('Civil War', 'Indonesia');
INSERT IGNORE INTO `Subtitle` VALUES ('Civil War', 'Spanish');
INSERT IGNORE INTO `Subtitle` VALUES ('Civil War', 'French');
INSERT IGNORE INTO `Subtitle` VALUES ('Civil War', 'German');
INSERT IGNORE INTO `Subtitle` VALUES ('Civil War', 'Japanese');
INSERT IGNORE INTO `Subtitle` VALUES ('Civil War', 'Korean');

-- Avatar: The Last Airbender
INSERT IGNORE INTO `Subtitle` VALUES ('Avatar: The Last Airbender', 'English');
INSERT IGNORE INTO `Subtitle` VALUES ('Avatar: The Last Airbender', 'Indonesia');
INSERT IGNORE INTO `Subtitle` VALUES ('Avatar: The Last Airbender', 'Spanish');
INSERT IGNORE INTO `Subtitle` VALUES ('Avatar: The Last Airbender', 'French');
INSERT IGNORE INTO `Subtitle` VALUES ('Avatar: The Last Airbender', 'German');
INSERT IGNORE INTO `Subtitle` VALUES ('Avatar: The Last Airbender', 'Japanese');
INSERT IGNORE INTO `Subtitle` VALUES ('Avatar: The Last Airbender', 'Korean');

-- Breaking Bad
INSERT IGNORE INTO `Subtitle` VALUES ('Breaking Bad', 'English');
INSERT IGNORE INTO `Subtitle` VALUES ('Breaking Bad', 'Indonesia');
INSERT IGNORE INTO `Subtitle` VALUES ('Breaking Bad', 'Spanish');
INSERT IGNORE INTO `Subtitle` VALUES ('Breaking Bad', 'French');
INSERT IGNORE INTO `Subtitle` VALUES ('Breaking Bad', 'German');
INSERT IGNORE INTO `Subtitle` VALUES ('Breaking Bad', 'Japanese');
INSERT IGNORE INTO `Subtitle` VALUES ('Breaking Bad', 'Korean');

-- Stranger Things
INSERT IGNORE INTO `Subtitle` VALUES ('Stranger Things', 'English');
INSERT IGNORE INTO `Subtitle` VALUES ('Stranger Things', 'Indonesia');
INSERT IGNORE INTO `Subtitle` VALUES ('Stranger Things', 'Spanish');
INSERT IGNORE INTO `Subtitle` VALUES ('Stranger Things', 'French');
INSERT IGNORE INTO `Subtitle` VALUES ('Stranger Things', 'German');
INSERT IGNORE INTO `Subtitle` VALUES ('Stranger Things', 'Japanese');
INSERT IGNORE INTO `Subtitle` VALUES ('Stranger Things', 'Korean');

-- Interstellar
INSERT IGNORE INTO `Subtitle` VALUES ('Interstellar', 'English');
INSERT IGNORE INTO `Subtitle` VALUES ('Interstellar', 'Indonesia');
INSERT IGNORE INTO `Subtitle` VALUES ('Interstellar', 'Spanish');
INSERT IGNORE INTO `Subtitle` VALUES ('Interstellar', 'French');
INSERT IGNORE INTO `Subtitle` VALUES ('Interstellar', 'German');
INSERT IGNORE INTO `Subtitle` VALUES ('Interstellar', 'Japanese');
INSERT IGNORE INTO `Subtitle` VALUES ('Interstellar', 'Korean');

-- ============================================================
-- AUDIO 
-- ============================================================
-- Oppenheimer
INSERT IGNORE INTO `Audio` VALUES ('Oppenheimer', 'English');
INSERT IGNORE INTO `Audio` VALUES ('Oppenheimer', 'Indonesia');
INSERT IGNORE INTO `Audio` VALUES ('Oppenheimer', 'Spanish');
INSERT IGNORE INTO `Audio` VALUES ('Oppenheimer', 'French');
INSERT IGNORE INTO `Audio` VALUES ('Oppenheimer', 'German');
INSERT IGNORE INTO `Audio` VALUES ('Oppenheimer', 'Japanese');
INSERT IGNORE INTO `Audio` VALUES ('Oppenheimer', 'Korean');

-- Barbie
INSERT IGNORE INTO `Audio` VALUES ('Barbie', 'English');
INSERT IGNORE INTO `Audio` VALUES ('Barbie', 'Indonesia');
INSERT IGNORE INTO `Audio` VALUES ('Barbie', 'Spanish');
INSERT IGNORE INTO `Audio` VALUES ('Barbie', 'French');
INSERT IGNORE INTO `Audio` VALUES ('Barbie', 'German');
INSERT IGNORE INTO `Audio` VALUES ('Barbie', 'Japanese');
INSERT IGNORE INTO `Audio` VALUES ('Barbie', 'Korean');

-- Dune: Part Two
INSERT IGNORE INTO `Audio` VALUES ('Dune: Part Two', 'English');
INSERT IGNORE INTO `Audio` VALUES ('Dune: Part Two', 'Indonesia');
INSERT IGNORE INTO `Audio` VALUES ('Dune: Part Two', 'Spanish');
INSERT IGNORE INTO `Audio` VALUES ('Dune: Part Two', 'French');
INSERT IGNORE INTO `Audio` VALUES ('Dune: Part Two', 'German');
INSERT IGNORE INTO `Audio` VALUES ('Dune: Part Two', 'Japanese');
INSERT IGNORE INTO `Audio` VALUES ('Dune: Part Two', 'Korean');

-- Spider-Man: Across the Spider-Verse
INSERT IGNORE INTO `Audio` VALUES ('Spider-Man: Across the Spider-Verse', 'English');
INSERT IGNORE INTO `Audio` VALUES ('Spider-Man: Across the Spider-Verse', 'Indonesia');
INSERT IGNORE INTO `Audio` VALUES ('Spider-Man: Across the Spider-Verse', 'Spanish');
INSERT IGNORE INTO `Audio` VALUES ('Spider-Man: Across the Spider-Verse', 'French');
INSERT IGNORE INTO `Audio` VALUES ('Spider-Man: Across the Spider-Verse', 'German');
INSERT IGNORE INTO `Audio` VALUES ('Spider-Man: Across the Spider-Verse', 'Japanese');
INSERT IGNORE INTO `Audio` VALUES ('Spider-Man: Across the Spider-Verse', 'Korean');

-- The Batman
INSERT IGNORE INTO `Audio` VALUES ('The Batman', 'English');
INSERT IGNORE INTO `Audio` VALUES ('The Batman', 'Indonesia');
INSERT IGNORE INTO `Audio` VALUES ('The Batman', 'Spanish');
INSERT IGNORE INTO `Audio` VALUES ('The Batman', 'French');
INSERT IGNORE INTO `Audio` VALUES ('The Batman', 'German');
INSERT IGNORE INTO `Audio` VALUES ('The Batman', 'Japanese');
INSERT IGNORE INTO `Audio` VALUES ('The Batman', 'Korean');

-- Top Gun: Maverick
INSERT IGNORE INTO `Audio` VALUES ('Top Gun: Maverick', 'English');
INSERT IGNORE INTO `Audio` VALUES ('Top Gun: Maverick', 'Indonesia');
INSERT IGNORE INTO `Audio` VALUES ('Top Gun: Maverick', 'Spanish');
INSERT IGNORE INTO `Audio` VALUES ('Top Gun: Maverick', 'French');
INSERT IGNORE INTO `Audio` VALUES ('Top Gun: Maverick', 'German');
INSERT IGNORE INTO `Audio` VALUES ('Top Gun: Maverick', 'Japanese');
INSERT IGNORE INTO `Audio` VALUES ('Top Gun: Maverick', 'Korean');

-- Avatar: The Way of Water
INSERT IGNORE INTO `Audio` VALUES ('Avatar: The Way of Water', 'English');
INSERT IGNORE INTO `Audio` VALUES ('Avatar: The Way of Water', 'Indonesia');
INSERT IGNORE INTO `Audio` VALUES ('Avatar: The Way of Water', 'Spanish');
INSERT IGNORE INTO `Audio` VALUES ('Avatar: The Way of Water', 'French');
INSERT IGNORE INTO `Audio` VALUES ('Avatar: The Way of Water', 'German');
INSERT IGNORE INTO `Audio` VALUES ('Avatar: The Way of Water', 'Japanese');
INSERT IGNORE INTO `Audio` VALUES ('Avatar: The Way of Water', 'Korean');

-- Guardians of the Galaxy Vol. 3
INSERT IGNORE INTO `Audio` VALUES ('Guardians of the Galaxy Vol. 3', 'English');
INSERT IGNORE INTO `Audio` VALUES ('Guardians of the Galaxy Vol. 3', 'Indonesia');
INSERT IGNORE INTO `Audio` VALUES ('Guardians of the Galaxy Vol. 3', 'Spanish');
INSERT IGNORE INTO `Audio` VALUES ('Guardians of the Galaxy Vol. 3', 'French');
INSERT IGNORE INTO `Audio` VALUES ('Guardians of the Galaxy Vol. 3', 'German');
INSERT IGNORE INTO `Audio` VALUES ('Guardians of the Galaxy Vol. 3', 'Japanese');
INSERT IGNORE INTO `Audio` VALUES ('Guardians of the Galaxy Vol. 3', 'Korean');

-- Black Panther: Wakanda Forever
INSERT IGNORE INTO `Audio` VALUES ('Black Panther: Wakanda Forever', 'English');
INSERT IGNORE INTO `Audio` VALUES ('Black Panther: Wakanda Forever', 'Indonesia');
INSERT IGNORE INTO `Audio` VALUES ('Black Panther: Wakanda Forever', 'Spanish');
INSERT IGNORE INTO `Audio` VALUES ('Black Panther: Wakanda Forever', 'French');
INSERT IGNORE INTO `Audio` VALUES ('Black Panther: Wakanda Forever', 'German');
INSERT IGNORE INTO `Audio` VALUES ('Black Panther: Wakanda Forever', 'Japanese');
INSERT IGNORE INTO `Audio` VALUES ('Black Panther: Wakanda Forever', 'Korean');

-- Everything Everywhere All At Once
INSERT IGNORE INTO `Audio` VALUES ('Everything Everywhere All At Once', 'English');
INSERT IGNORE INTO `Audio` VALUES ('Everything Everywhere All At Once', 'Indonesia');
INSERT IGNORE INTO `Audio` VALUES ('Everything Everywhere All At Once', 'Mandarin');
INSERT IGNORE INTO `Audio` VALUES ('Everything Everywhere All At Once', 'French');
INSERT IGNORE INTO `Audio` VALUES ('Everything Everywhere All At Once', 'German');
INSERT IGNORE INTO `Audio` VALUES ('Everything Everywhere All At Once', 'Japanese');
INSERT IGNORE INTO `Audio` VALUES ('Everything Everywhere All At Once', 'Cantonese');

-- The Whale
INSERT IGNORE INTO `Audio` VALUES ('The Whale', 'English');
INSERT IGNORE INTO `Audio` VALUES ('The Whale', 'Indonesia');
INSERT IGNORE INTO `Audio` VALUES ('The Whale', 'Spanish');
INSERT IGNORE INTO `Audio` VALUES ('The Whale', 'French');
INSERT IGNORE INTO `Audio` VALUES ('The Whale', 'German');
INSERT IGNORE INTO `Audio` VALUES ('The Whale', 'Japanese');
INSERT IGNORE INTO `Audio` VALUES ('The Whale', 'Korean');

-- John Wick: Chapter 4
INSERT IGNORE INTO `Audio` VALUES ('John Wick: Chapter 4', 'English');
INSERT IGNORE INTO `Audio` VALUES ('John Wick: Chapter 4', 'Indonesia');
INSERT IGNORE INTO `Audio` VALUES ('John Wick: Chapter 4', 'Spanish');
INSERT IGNORE INTO `Audio` VALUES ('John Wick: Chapter 4', 'French');
INSERT IGNORE INTO `Audio` VALUES ('John Wick: Chapter 4', 'German');
INSERT IGNORE INTO `Audio` VALUES ('John Wick: Chapter 4', 'Japanese');
INSERT IGNORE INTO `Audio` VALUES ('John Wick: Chapter 4', 'Korean');

-- Mission: Impossible - Dead Reckoning
INSERT IGNORE INTO `Audio` VALUES ('Mission: Impossible - Dead Reckoning', 'English');
INSERT IGNORE INTO `Audio` VALUES ('Mission: Impossible - Dead Reckoning', 'Indonesia');
INSERT IGNORE INTO `Audio` VALUES ('Mission: Impossible - Dead Reckoning', 'Spanish');
INSERT IGNORE INTO `Audio` VALUES ('Mission: Impossible - Dead Reckoning', 'French');
INSERT IGNORE INTO `Audio` VALUES ('Mission: Impossible - Dead Reckoning', 'German');
INSERT IGNORE INTO `Audio` VALUES ('Mission: Impossible - Dead Reckoning', 'Japanese');
INSERT IGNORE INTO `Audio` VALUES ('Mission: Impossible - Dead Reckoning', 'Korean');

-- Poor Things
INSERT IGNORE INTO `Audio` VALUES ('Poor Things', 'English');
INSERT IGNORE INTO `Audio` VALUES ('Poor Things', 'Indonesia');
INSERT IGNORE INTO `Audio` VALUES ('Poor Things', 'Spanish');
INSERT IGNORE INTO `Audio` VALUES ('Poor Things', 'French');
INSERT IGNORE INTO `Audio` VALUES ('Poor Things', 'German');
INSERT IGNORE INTO `Audio` VALUES ('Poor Things', 'Japanese');
INSERT IGNORE INTO `Audio` VALUES ('Poor Things', 'Korean');

-- Killers of the Flower Moon
INSERT IGNORE INTO `Audio` VALUES ('Killers of the Flower Moon', 'English');
INSERT IGNORE INTO `Audio` VALUES ('Killers of the Flower Moon', 'Indonesia');
INSERT IGNORE INTO `Audio` VALUES ('Killers of the Flower Moon', 'Spanish');
INSERT IGNORE INTO `Audio` VALUES ('Killers of the Flower Moon', 'French');
INSERT IGNORE INTO `Audio` VALUES ('Killers of the Flower Moon', 'German');
INSERT IGNORE INTO `Audio` VALUES ('Killers of the Flower Moon', 'Japanese');
INSERT IGNORE INTO `Audio` VALUES ('Killers of the Flower Moon', 'Korean');

-- Godzilla Minus One
INSERT IGNORE INTO `Audio` VALUES ('Godzilla Minus One', 'English');
INSERT IGNORE INTO `Audio` VALUES ('Godzilla Minus One', 'Indonesia');
INSERT IGNORE INTO `Audio` VALUES ('Godzilla Minus One', 'Spanish');
INSERT IGNORE INTO `Audio` VALUES ('Godzilla Minus One', 'French');
INSERT IGNORE INTO `Audio` VALUES ('Godzilla Minus One', 'German');
INSERT IGNORE INTO `Audio` VALUES ('Godzilla Minus One', 'Japanese');
INSERT IGNORE INTO `Audio` VALUES ('Godzilla Minus One', 'Korean');

-- Past Lives
INSERT IGNORE INTO `Audio` VALUES ('Past Lives', 'English');
INSERT IGNORE INTO `Audio` VALUES ('Past Lives', 'Indonesia');
INSERT IGNORE INTO `Audio` VALUES ('Past Lives', 'Spanish');
INSERT IGNORE INTO `Audio` VALUES ('Past Lives', 'French');
INSERT IGNORE INTO `Audio` VALUES ('Past Lives', 'German');
INSERT IGNORE INTO `Audio` VALUES ('Past Lives', 'Japanese');
INSERT IGNORE INTO `Audio` VALUES ('Past Lives', 'Korean');

-- Anatomy of a Fall
INSERT IGNORE INTO `Audio` VALUES ('Anatomy of a Fall', 'English');
INSERT IGNORE INTO `Audio` VALUES ('Anatomy of a Fall', 'Indonesia');
INSERT IGNORE INTO `Audio` VALUES ('Anatomy of a Fall', 'Spanish');
INSERT IGNORE INTO `Audio` VALUES ('Anatomy of a Fall', 'French');
INSERT IGNORE INTO `Audio` VALUES ('Anatomy of a Fall', 'German');
INSERT IGNORE INTO `Audio` VALUES ('Anatomy of a Fall', 'Japanese');
INSERT IGNORE INTO `Audio` VALUES ('Anatomy of a Fall', 'Korean');

-- The Zone of Interest
INSERT IGNORE INTO `Audio` VALUES ('The Zone of Interest', 'English');
INSERT IGNORE INTO `Audio` VALUES ('The Zone of Interest', 'Indonesia');
INSERT IGNORE INTO `Audio` VALUES ('The Zone of Interest', 'Spanish');
INSERT IGNORE INTO `Audio` VALUES ('The Zone of Interest', 'French');
INSERT IGNORE INTO `Audio` VALUES ('The Zone of Interest', 'German');
INSERT IGNORE INTO `Audio` VALUES ('The Zone of Interest', 'Japanese');
INSERT IGNORE INTO `Audio` VALUES ('The Zone of Interest', 'Korean');

-- Civil War
INSERT IGNORE INTO `Audio` VALUES ('Civil War', 'English');
INSERT IGNORE INTO `Audio` VALUES ('Civil War', 'Indonesia');
INSERT IGNORE INTO `Audio` VALUES ('Civil War', 'Spanish');
INSERT IGNORE INTO `Audio` VALUES ('Civil War', 'French');
INSERT IGNORE INTO `Audio` VALUES ('Civil War', 'German');
INSERT IGNORE INTO `Audio` VALUES ('Civil War', 'Japanese');
INSERT IGNORE INTO `Audio` VALUES ('Civil War', 'Korean');

-- Avatar: The Last Airbender
INSERT IGNORE INTO `Audio` VALUES ('Avatar: The Last Airbender', 'English');
INSERT IGNORE INTO `Audio` VALUES ('Avatar: The Last Airbender', 'Indonesia');
INSERT IGNORE INTO `Audio` VALUES ('Avatar: The Last Airbender', 'Spanish');
INSERT IGNORE INTO `Audio` VALUES ('Avatar: The Last Airbender', 'French');
INSERT IGNORE INTO `Audio` VALUES ('Avatar: The Last Airbender', 'German');
INSERT IGNORE INTO `Audio` VALUES ('Avatar: The Last Airbender', 'Japanese');
INSERT IGNORE INTO `Audio` VALUES ('Avatar: The Last Airbender', 'Korean');

-- Breaking Bad
INSERT IGNORE INTO `Audio` VALUES ('Breaking Bad', 'English');
INSERT IGNORE INTO `Audio` VALUES ('Breaking Bad', 'Indonesia');
INSERT IGNORE INTO `Audio` VALUES ('Breaking Bad', 'Spanish');
INSERT IGNORE INTO `Audio` VALUES ('Breaking Bad', 'French');
INSERT IGNORE INTO `Audio` VALUES ('Breaking Bad', 'German');
INSERT IGNORE INTO `Audio` VALUES ('Breaking Bad', 'Japanese');
INSERT IGNORE INTO `Audio` VALUES ('Breaking Bad', 'Korean');

-- Stranger Things
INSERT IGNORE INTO `Audio` VALUES ('Stranger Things', 'English');
INSERT IGNORE INTO `Audio` VALUES ('Stranger Things', 'Indonesia');
INSERT IGNORE INTO `Audio` VALUES ('Stranger Things', 'Spanish');
INSERT IGNORE INTO `Audio` VALUES ('Stranger Things', 'French');
INSERT IGNORE INTO `Audio` VALUES ('Stranger Things', 'German');
INSERT IGNORE INTO `Audio` VALUES ('Stranger Things', 'Japanese');
INSERT IGNORE INTO `Audio` VALUES ('Stranger Things', 'Korean');

-- Interstellar (New)
INSERT IGNORE INTO `Audio` VALUES ('Interstellar', 'English');
INSERT IGNORE INTO `Audio` VALUES ('Interstellar', 'Indonesia');
INSERT IGNORE INTO `Audio` VALUES ('Interstellar', 'Spanish');
INSERT IGNORE INTO `Audio` VALUES ('Interstellar', 'French');
INSERT IGNORE INTO `Audio` VALUES ('Interstellar', 'German');
INSERT IGNORE INTO `Audio` VALUES ('Interstellar', 'Japanese');
INSERT IGNORE INTO `Audio` VALUES ('Interstellar', 'Korean');

-- ============================================================
-- TRANSAKSI 
-- ============================================================
INSERT IGNORE INTO `Transaksi` (`tanggal_pembayaran`, `biaya_tagihan`, `status`, `email_pelanggan`) VALUES ('2024-01-01', 65000, 'Berhasil', 'user1@mail.com');
INSERT IGNORE INTO `Transaksi` (`tanggal_pembayaran`, `biaya_tagihan`, `status`, `email_pelanggan`) VALUES ('2024-01-02', 120000, 'Berhasil', 'user2@mail.com');
INSERT IGNORE INTO `Transaksi` (`tanggal_pembayaran`, `biaya_tagihan`, `status`, `email_pelanggan`) VALUES ('2024-01-03', 186000, 'Berhasil', 'user3@mail.com');
INSERT IGNORE INTO `Transaksi` (`tanggal_pembayaran`, `biaya_tagihan`, `status`, `email_pelanggan`) VALUES ('2024-01-04', 65000, 'Berhasil', 'user4@mail.com');
INSERT IGNORE INTO `Transaksi` (`tanggal_pembayaran`, `biaya_tagihan`, `status`, `email_pelanggan`) VALUES ('2024-01-05', 120000, 'Berhasil', 'user5@mail.com');
INSERT IGNORE INTO `Transaksi` (`tanggal_pembayaran`, `biaya_tagihan`, `status`, `email_pelanggan`) VALUES ('2024-01-06', 186000, 'Berhasil', 'user6@mail.com');
INSERT IGNORE INTO `Transaksi` (`tanggal_pembayaran`, `biaya_tagihan`, `status`, `email_pelanggan`) VALUES ('2024-01-07', 65000, 'Berhasil', 'user7@mail.com');
INSERT IGNORE INTO `Transaksi` (`tanggal_pembayaran`, `biaya_tagihan`, `status`, `email_pelanggan`) VALUES ('2024-01-08', 120000, 'Berhasil', 'user8@mail.com');
INSERT IGNORE INTO `Transaksi` (`tanggal_pembayaran`, `biaya_tagihan`, `status`, `email_pelanggan`) VALUES ('2024-01-09', 186000, 'Berhasil', 'user9@mail.com');
INSERT IGNORE INTO `Transaksi` (`tanggal_pembayaran`, `biaya_tagihan`, `status`, `email_pelanggan`) VALUES ('2024-01-10', 65000, 'Berhasil', 'user10@mail.com');
INSERT IGNORE INTO `Transaksi` (`tanggal_pembayaran`, `biaya_tagihan`, `status`, `email_pelanggan`) VALUES ('2024-01-11', 120000, 'Berhasil', 'user11@mail.com');
INSERT IGNORE INTO `Transaksi` (`tanggal_pembayaran`, `biaya_tagihan`, `status`, `email_pelanggan`) VALUES ('2024-01-12', 186000, 'Berhasil', 'user12@mail.com');
INSERT IGNORE INTO `Transaksi` (`tanggal_pembayaran`, `biaya_tagihan`, `status`, `email_pelanggan`) VALUES ('2024-01-13', 65000, 'Berhasil', 'user13@mail.com');
INSERT IGNORE INTO `Transaksi` (`tanggal_pembayaran`, `biaya_tagihan`, `status`, `email_pelanggan`) VALUES ('2024-01-14', 120000, 'Berhasil', 'user14@mail.com');
INSERT IGNORE INTO `Transaksi` (`tanggal_pembayaran`, `biaya_tagihan`, `status`, `email_pelanggan`) VALUES ('2024-01-15', 186000, 'Berhasil', 'user15@mail.com');
INSERT IGNORE INTO `Transaksi` (`tanggal_pembayaran`, `biaya_tagihan`, `status`, `email_pelanggan`) VALUES ('2024-01-16', 65000, 'Berhasil', 'user16@mail.com');
INSERT IGNORE INTO `Transaksi` (`tanggal_pembayaran`, `biaya_tagihan`, `status`, `email_pelanggan`) VALUES ('2024-01-17', 120000, 'Berhasil', 'user17@mail.com');
INSERT IGNORE INTO `Transaksi` (`tanggal_pembayaran`, `biaya_tagihan`, `status`, `email_pelanggan`) VALUES ('2024-01-18', 186000, 'Berhasil', 'user18@mail.com');
INSERT IGNORE INTO `Transaksi` (`tanggal_pembayaran`, `biaya_tagihan`, `status`, `email_pelanggan`) VALUES ('2024-01-19', 65000, 'Berhasil', 'user19@mail.com');
INSERT IGNORE INTO `Transaksi` (`tanggal_pembayaran`, `biaya_tagihan`, `status`, `email_pelanggan`) VALUES ('2024-01-20', 120000, 'Berhasil', 'user20@mail.com');
INSERT IGNORE INTO `Transaksi` (`tanggal_pembayaran`, `biaya_tagihan`, `status`, `email_pelanggan`) VALUES ('2024-01-21', 186000, 'Berhasil', 'user21@mail.com');
INSERT IGNORE INTO `Transaksi` (`tanggal_pembayaran`, `biaya_tagihan`, `status`, `email_pelanggan`) VALUES ('2024-01-22', 65000, 'Berhasil', 'user22@mail.com');
INSERT IGNORE INTO `Transaksi` (`tanggal_pembayaran`, `biaya_tagihan`, `status`, `email_pelanggan`) VALUES ('2024-01-23', 120000, 'Berhasil', 'user23@mail.com');
INSERT IGNORE INTO `Transaksi` (`tanggal_pembayaran`, `biaya_tagihan`, `status`, `email_pelanggan`) VALUES ('2024-01-24', 186000, 'Berhasil', 'user24@mail.com');
INSERT IGNORE INTO `Transaksi` (`tanggal_pembayaran`, `biaya_tagihan`, `status`, `email_pelanggan`) VALUES ('2024-01-25', 65000, 'Berhasil', 'user25@mail.com');
INSERT IGNORE INTO `Transaksi` (`tanggal_pembayaran`, `biaya_tagihan`, `status`, `email_pelanggan`) VALUES ('2024-01-26', 120000, 'Berhasil', 'user26@mail.com');
INSERT IGNORE INTO `Transaksi` (`tanggal_pembayaran`, `biaya_tagihan`, `status`, `email_pelanggan`) VALUES ('2024-01-27', 186000, 'Berhasil', 'user27@mail.com');
INSERT IGNORE INTO `Transaksi` (`tanggal_pembayaran`, `biaya_tagihan`, `status`, `email_pelanggan`) VALUES ('2024-01-28', 65000, 'Berhasil', 'user28@mail.com');
INSERT IGNORE INTO `Transaksi` (`tanggal_pembayaran`, `biaya_tagihan`, `status`, `email_pelanggan`) VALUES ('2024-01-29', 120000, 'Berhasil', 'user29@mail.com');
INSERT IGNORE INTO `Transaksi` (`tanggal_pembayaran`, `biaya_tagihan`, `status`, `email_pelanggan`) VALUES ('2024-01-30', 186000, 'Berhasil', 'user30@mail.com');
INSERT IGNORE INTO `Transaksi` (`tanggal_pembayaran`, `biaya_tagihan`, `status`, `email_pelanggan`) VALUES ('2024-02-01', 65000, 'Berhasil', 'user31@mail.com');
INSERT IGNORE INTO `Transaksi` (`tanggal_pembayaran`, `biaya_tagihan`, `status`, `email_pelanggan`) VALUES ('2024-02-02', 120000, 'Berhasil', 'user32@mail.com');
INSERT IGNORE INTO `Transaksi` (`tanggal_pembayaran`, `biaya_tagihan`, `status`, `email_pelanggan`) VALUES ('2024-02-03', 186000, 'Berhasil', 'user33@mail.com');
INSERT IGNORE INTO `Transaksi` (`tanggal_pembayaran`, `biaya_tagihan`, `status`, `email_pelanggan`) VALUES ('2024-02-04', 65000, 'Berhasil', 'user34@mail.com');
INSERT IGNORE INTO `Transaksi` (`tanggal_pembayaran`, `biaya_tagihan`, `status`, `email_pelanggan`) VALUES ('2024-02-05', 120000, 'Berhasil', 'user35@mail.com');
INSERT IGNORE INTO `Transaksi` (`tanggal_pembayaran`, `biaya_tagihan`, `status`, `email_pelanggan`) VALUES ('2024-02-06', 186000, 'Berhasil', 'user36@mail.com');
INSERT IGNORE INTO `Transaksi` (`tanggal_pembayaran`, `biaya_tagihan`, `status`, `email_pelanggan`) VALUES ('2024-02-07', 65000, 'Berhasil', 'user37@mail.com');
INSERT IGNORE INTO `Transaksi` (`tanggal_pembayaran`, `biaya_tagihan`, `status`, `email_pelanggan`) VALUES ('2024-02-08', 120000, 'Berhasil', 'user38@mail.com');
INSERT IGNORE INTO `Transaksi` (`tanggal_pembayaran`, `biaya_tagihan`, `status`, `email_pelanggan`) VALUES ('2024-02-09', 186000, 'Berhasil', 'user39@mail.com');
INSERT IGNORE INTO `Transaksi` (`tanggal_pembayaran`, `biaya_tagihan`, `status`, `email_pelanggan`) VALUES ('2024-02-10', 65000, 'Berhasil', 'user40@mail.com');
INSERT IGNORE INTO `Transaksi` (`tanggal_pembayaran`, `biaya_tagihan`, `status`, `email_pelanggan`) VALUES ('2024-02-11', 120000, 'Berhasil', 'user41@mail.com');
INSERT IGNORE INTO `Transaksi` (`tanggal_pembayaran`, `biaya_tagihan`, `status`, `email_pelanggan`) VALUES ('2024-02-12', 186000, 'Berhasil', 'user42@mail.com');
INSERT IGNORE INTO `Transaksi` (`tanggal_pembayaran`, `biaya_tagihan`, `status`, `email_pelanggan`) VALUES ('2024-02-13', 65000, 'Berhasil', 'user43@mail.com');
INSERT IGNORE INTO `Transaksi` (`tanggal_pembayaran`, `biaya_tagihan`, `status`, `email_pelanggan`) VALUES ('2024-02-14', 120000, 'Berhasil', 'user44@mail.com');
INSERT IGNORE INTO `Transaksi` (`tanggal_pembayaran`, `biaya_tagihan`, `status`, `email_pelanggan`) VALUES ('2024-02-15', 186000, 'Berhasil', 'user45@mail.com');
INSERT IGNORE INTO `Transaksi` (`tanggal_pembayaran`, `biaya_tagihan`, `status`, `email_pelanggan`) VALUES ('2024-02-16', 65000, 'Berhasil', 'user46@mail.com');
INSERT IGNORE INTO `Transaksi` (`tanggal_pembayaran`, `biaya_tagihan`, `status`, `email_pelanggan`) VALUES ('2024-02-17', 120000, 'Berhasil', 'user47@mail.com');
INSERT IGNORE INTO `Transaksi` (`tanggal_pembayaran`, `biaya_tagihan`, `status`, `email_pelanggan`) VALUES ('2024-02-18', 186000, 'Berhasil', 'user48@mail.com');
INSERT IGNORE INTO `Transaksi` (`tanggal_pembayaran`, `biaya_tagihan`, `status`, `email_pelanggan`) VALUES ('2024-02-19', 65000, 'Berhasil', 'user49@mail.com');
INSERT IGNORE INTO `Transaksi` (`tanggal_pembayaran`, `biaya_tagihan`, `status`, `email_pelanggan`) VALUES ('2024-02-20', 120000, 'Berhasil', 'user50@mail.com');
INSERT IGNORE INTO `Transaksi` (`tanggal_pembayaran`, `biaya_tagihan`, `status`, `email_pelanggan`) VALUES ('2024-02-21', 186000, 'Berhasil', 'user51@mail.com');
INSERT IGNORE INTO `Transaksi` (`tanggal_pembayaran`, `biaya_tagihan`, `status`, `email_pelanggan`) VALUES ('2024-02-22', 65000, 'Berhasil', 'user52@mail.com');
INSERT IGNORE INTO `Transaksi` (`tanggal_pembayaran`, `biaya_tagihan`, `status`, `email_pelanggan`) VALUES ('2024-02-23', 120000, 'Berhasil', 'user53@mail.com');
INSERT IGNORE INTO `Transaksi` (`tanggal_pembayaran`, `biaya_tagihan`, `status`, `email_pelanggan`) VALUES ('2024-02-24', 186000, 'Berhasil', 'user54@mail.com');
INSERT IGNORE INTO `Transaksi` (`tanggal_pembayaran`, `biaya_tagihan`, `status`, `email_pelanggan`) VALUES ('2024-02-25', 65000, 'Berhasil', 'user55@mail.com');
INSERT IGNORE INTO `Transaksi` (`tanggal_pembayaran`, `biaya_tagihan`, `status`, `email_pelanggan`) VALUES ('2024-02-26', 120000, 'Berhasil', 'user56@mail.com');
INSERT IGNORE INTO `Transaksi` (`tanggal_pembayaran`, `biaya_tagihan`, `status`, `email_pelanggan`) VALUES ('2024-02-27', 186000, 'Berhasil', 'user57@mail.com');
INSERT IGNORE INTO `Transaksi` (`tanggal_pembayaran`, `biaya_tagihan`, `status`, `email_pelanggan`) VALUES ('2024-02-28', 65000, 'Berhasil', 'user58@mail.com');
INSERT IGNORE INTO `Transaksi` (`tanggal_pembayaran`, `biaya_tagihan`, `status`, `email_pelanggan`) VALUES ('2024-02-29', 120000, 'Berhasil', 'user59@mail.com');
INSERT IGNORE INTO `Transaksi` (`tanggal_pembayaran`, `biaya_tagihan`, `status`, `email_pelanggan`) VALUES ('2024-03-01', 186000, 'Berhasil', 'user60@mail.com');
INSERT IGNORE INTO `Transaksi` (`tanggal_pembayaran`, `biaya_tagihan`, `status`, `email_pelanggan`) VALUES ('2024-03-02', 65000, 'Berhasil', 'user61@mail.com');
INSERT IGNORE INTO `Transaksi` (`tanggal_pembayaran`, `biaya_tagihan`, `status`, `email_pelanggan`) VALUES ('2024-03-03', 120000, 'Berhasil', 'user62@mail.com');
INSERT IGNORE INTO `Transaksi` (`tanggal_pembayaran`, `biaya_tagihan`, `status`, `email_pelanggan`) VALUES ('2024-03-04', 186000, 'Berhasil', 'user63@mail.com');
INSERT IGNORE INTO `Transaksi` (`tanggal_pembayaran`, `biaya_tagihan`, `status`, `email_pelanggan`) VALUES ('2024-03-05', 65000, 'Berhasil', 'user64@mail.com');
INSERT IGNORE INTO `Transaksi` (`tanggal_pembayaran`, `biaya_tagihan`, `status`, `email_pelanggan`) VALUES ('2024-03-06', 120000, 'Berhasil', 'user65@mail.com');
INSERT IGNORE INTO `Transaksi` (`tanggal_pembayaran`, `biaya_tagihan`, `status`, `email_pelanggan`) VALUES ('2024-03-07', 186000, 'Berhasil', 'user66@mail.com');
INSERT IGNORE INTO `Transaksi` (`tanggal_pembayaran`, `biaya_tagihan`, `status`, `email_pelanggan`) VALUES ('2024-03-08', 65000, 'Berhasil', 'user67@mail.com');
INSERT IGNORE INTO `Transaksi` (`tanggal_pembayaran`, `biaya_tagihan`, `status`, `email_pelanggan`) VALUES ('2024-03-09', 120000, 'Berhasil', 'user68@mail.com');
INSERT IGNORE INTO `Transaksi` (`tanggal_pembayaran`, `biaya_tagihan`, `status`, `email_pelanggan`) VALUES ('2024-03-10', 186000, 'Berhasil', 'user69@mail.com');
INSERT IGNORE INTO `Transaksi` (`tanggal_pembayaran`, `biaya_tagihan`, `status`, `email_pelanggan`) VALUES ('2024-03-11', 65000, 'Berhasil', 'user70@mail.com');
INSERT IGNORE INTO `Transaksi` (`tanggal_pembayaran`, `biaya_tagihan`, `status`, `email_pelanggan`) VALUES ('2024-03-12', 120000, 'Berhasil', 'user71@mail.com');
INSERT IGNORE INTO `Transaksi` (`tanggal_pembayaran`, `biaya_tagihan`, `status`, `email_pelanggan`) VALUES ('2024-03-13', 186000, 'Berhasil', 'user72@mail.com');
INSERT IGNORE INTO `Transaksi` (`tanggal_pembayaran`, `biaya_tagihan`, `status`, `email_pelanggan`) VALUES ('2024-03-14', 65000, 'Berhasil', 'user73@mail.com');
INSERT IGNORE INTO `Transaksi` (`tanggal_pembayaran`, `biaya_tagihan`, `status`, `email_pelanggan`) VALUES ('2024-03-15', 120000, 'Berhasil', 'user74@mail.com');
INSERT IGNORE INTO `Transaksi` (`tanggal_pembayaran`, `biaya_tagihan`, `status`, `email_pelanggan`) VALUES ('2024-03-16', 186000, 'Berhasil', 'user75@mail.com');
INSERT IGNORE INTO `Transaksi` (`tanggal_pembayaran`, `biaya_tagihan`, `status`, `email_pelanggan`) VALUES ('2024-03-17', 65000, 'Berhasil', 'user76@mail.com');
INSERT IGNORE INTO `Transaksi` (`tanggal_pembayaran`, `biaya_tagihan`, `status`, `email_pelanggan`) VALUES ('2024-03-18', 120000, 'Berhasil', 'user77@mail.com');
INSERT IGNORE INTO `Transaksi` (`tanggal_pembayaran`, `biaya_tagihan`, `status`, `email_pelanggan`) VALUES ('2024-03-19', 186000, 'Berhasil', 'user78@mail.com');
INSERT IGNORE INTO `Transaksi` (`tanggal_pembayaran`, `biaya_tagihan`, `status`, `email_pelanggan`) VALUES ('2024-03-20', 65000, 'Berhasil', 'user79@mail.com');
INSERT IGNORE INTO `Transaksi` (`tanggal_pembayaran`, `biaya_tagihan`, `status`, `email_pelanggan`) VALUES ('2024-03-21', 120000, 'Berhasil', 'user80@mail.com');
INSERT IGNORE INTO `Transaksi` (`tanggal_pembayaran`, `biaya_tagihan`, `status`, `email_pelanggan`) VALUES ('2024-03-22', 186000, 'Berhasil', 'user81@mail.com');
INSERT IGNORE INTO `Transaksi` (`tanggal_pembayaran`, `biaya_tagihan`, `status`, `email_pelanggan`) VALUES ('2024-03-23', 65000, 'Berhasil', 'user82@mail.com');
INSERT IGNORE INTO `Transaksi` (`tanggal_pembayaran`, `biaya_tagihan`, `status`, `email_pelanggan`) VALUES ('2024-03-24', 120000, 'Berhasil', 'user83@mail.com');
INSERT IGNORE INTO `Transaksi` (`tanggal_pembayaran`, `biaya_tagihan`, `status`, `email_pelanggan`) VALUES ('2024-03-25', 186000, 'Berhasil', 'user84@mail.com');
INSERT IGNORE INTO `Transaksi` (`tanggal_pembayaran`, `biaya_tagihan`, `status`, `email_pelanggan`) VALUES ('2024-03-26', 65000, 'Berhasil', 'user85@mail.com');
INSERT IGNORE INTO `Transaksi` (`tanggal_pembayaran`, `biaya_tagihan`, `status`, `email_pelanggan`) VALUES ('2024-03-27', 120000, 'Berhasil', 'user86@mail.com');
INSERT IGNORE INTO `Transaksi` (`tanggal_pembayaran`, `biaya_tagihan`, `status`, `email_pelanggan`) VALUES ('2024-03-28', 186000, 'Berhasil', 'user87@mail.com');
INSERT IGNORE INTO `Transaksi` (`tanggal_pembayaran`, `biaya_tagihan`, `status`, `email_pelanggan`) VALUES ('2024-03-29', 65000, 'Berhasil', 'user88@mail.com');
INSERT IGNORE INTO `Transaksi` (`tanggal_pembayaran`, `biaya_tagihan`, `status`, `email_pelanggan`) VALUES ('2024-03-30', 120000, 'Berhasil', 'user89@mail.com');
INSERT IGNORE INTO `Transaksi` (`tanggal_pembayaran`, `biaya_tagihan`, `status`, `email_pelanggan`) VALUES ('2024-04-01', 186000, 'Berhasil', 'user90@mail.com');
INSERT IGNORE INTO `Transaksi` (`tanggal_pembayaran`, `biaya_tagihan`, `status`, `email_pelanggan`) VALUES ('2024-04-02', 65000, 'Berhasil', 'user91@mail.com');
INSERT IGNORE INTO `Transaksi` (`tanggal_pembayaran`, `biaya_tagihan`, `status`, `email_pelanggan`) VALUES ('2024-04-03', 120000, 'Berhasil', 'user92@mail.com');
INSERT IGNORE INTO `Transaksi` (`tanggal_pembayaran`, `biaya_tagihan`, `status`, `email_pelanggan`) VALUES ('2024-04-04', 186000, 'Berhasil', 'user93@mail.com');
INSERT IGNORE INTO `Transaksi` (`tanggal_pembayaran`, `biaya_tagihan`, `status`, `email_pelanggan`) VALUES ('2024-04-05', 65000, 'Berhasil', 'user94@mail.com');
INSERT IGNORE INTO `Transaksi` (`tanggal_pembayaran`, `biaya_tagihan`, `status`, `email_pelanggan`) VALUES ('2024-04-06', 120000, 'Berhasil', 'user95@mail.com');
INSERT IGNORE INTO `Transaksi` (`tanggal_pembayaran`, `biaya_tagihan`, `status`, `email_pelanggan`) VALUES ('2024-04-07', 186000, 'Berhasil', 'user96@mail.com');
INSERT IGNORE INTO `Transaksi` (`tanggal_pembayaran`, `biaya_tagihan`, `status`, `email_pelanggan`) VALUES ('2024-04-08', 65000, 'Berhasil', 'user97@mail.com');
INSERT IGNORE INTO `Transaksi` (`tanggal_pembayaran`, `biaya_tagihan`, `status`, `email_pelanggan`) VALUES ('2024-04-09', 120000, 'Berhasil', 'user98@mail.com');
INSERT IGNORE INTO `Transaksi` (`tanggal_pembayaran`, `biaya_tagihan`, `status`, `email_pelanggan`) VALUES ('2024-04-10', 186000, 'Berhasil', 'user99@mail.com');
INSERT IGNORE INTO `Transaksi` (`tanggal_pembayaran`, `biaya_tagihan`, `status`, `email_pelanggan`) VALUES ('2024-04-11', 65000, 'Berhasil', 'user100@mail.com');
INSERT IGNORE INTO `Transaksi` (`tanggal_pembayaran`, `biaya_tagihan`, `status`, `email_pelanggan`) VALUES ('2024-04-12', 120000, 'Berhasil', 'user101@mail.com');
INSERT IGNORE INTO `Transaksi` (`tanggal_pembayaran`, `biaya_tagihan`, `status`, `email_pelanggan`) VALUES ('2024-04-13', 186000, 'Berhasil', 'user102@mail.com');
INSERT IGNORE INTO `Transaksi` (`tanggal_pembayaran`, `biaya_tagihan`, `status`, `email_pelanggan`) VALUES ('2024-04-14', 65000, 'Berhasil', 'user103@mail.com');
INSERT IGNORE INTO `Transaksi` (`tanggal_pembayaran`, `biaya_tagihan`, `status`, `email_pelanggan`) VALUES ('2024-04-15', 120000, 'Berhasil', 'user104@mail.com');
INSERT IGNORE INTO `Transaksi` (`tanggal_pembayaran`, `biaya_tagihan`, `status`, `email_pelanggan`) VALUES ('2024-04-16', 186000, 'Berhasil', 'user105@mail.com');
INSERT IGNORE INTO `Transaksi` (`tanggal_pembayaran`, `biaya_tagihan`, `status`, `email_pelanggan`) VALUES ('2024-04-17', 65000, 'Berhasil', 'user106@mail.com');
INSERT IGNORE INTO `Transaksi` (`tanggal_pembayaran`, `biaya_tagihan`, `status`, `email_pelanggan`) VALUES ('2024-04-18', 120000, 'Berhasil', 'user107@mail.com');
INSERT IGNORE INTO `Transaksi` (`tanggal_pembayaran`, `biaya_tagihan`, `status`, `email_pelanggan`) VALUES ('2024-04-19', 186000, 'Berhasil', 'user108@mail.com');
INSERT IGNORE INTO `Transaksi` (`tanggal_pembayaran`, `biaya_tagihan`, `status`, `email_pelanggan`) VALUES ('2024-04-20', 65000, 'Berhasil', 'user109@mail.com');
INSERT IGNORE INTO `Transaksi` (`tanggal_pembayaran`, `biaya_tagihan`, `status`, `email_pelanggan`) VALUES ('2024-04-21', 120000, 'Berhasil', 'user110@mail.com');
INSERT IGNORE INTO `Transaksi` (`tanggal_pembayaran`, `biaya_tagihan`, `status`, `email_pelanggan`) VALUES ('2024-04-22', 186000, 'Berhasil', 'user111@mail.com');
INSERT IGNORE INTO `Transaksi` (`tanggal_pembayaran`, `biaya_tagihan`, `status`, `email_pelanggan`) VALUES ('2024-04-23', 65000, 'Berhasil', 'user112@mail.com');
INSERT IGNORE INTO `Transaksi` (`tanggal_pembayaran`, `biaya_tagihan`, `status`, `email_pelanggan`) VALUES ('2024-04-24', 120000, 'Berhasil', 'user113@mail.com');
INSERT IGNORE INTO `Transaksi` (`tanggal_pembayaran`, `biaya_tagihan`, `status`, `email_pelanggan`) VALUES ('2024-04-25', 186000, 'Berhasil', 'user114@mail.com');
INSERT IGNORE INTO `Transaksi` (`tanggal_pembayaran`, `biaya_tagihan`, `status`, `email_pelanggan`) VALUES ('2024-04-26', 65000, 'Berhasil', 'user115@mail.com');
INSERT IGNORE INTO `Transaksi` (`tanggal_pembayaran`, `biaya_tagihan`, `status`, `email_pelanggan`) VALUES ('2024-04-27', 120000, 'Berhasil', 'user116@mail.com');
INSERT IGNORE INTO `Transaksi` (`tanggal_pembayaran`, `biaya_tagihan`, `status`, `email_pelanggan`) VALUES ('2024-04-28', 186000, 'Berhasil', 'user117@mail.com');
INSERT IGNORE INTO `Transaksi` (`tanggal_pembayaran`, `biaya_tagihan`, `status`, `email_pelanggan`) VALUES ('2024-04-29', 65000, 'Berhasil', 'user118@mail.com');
INSERT IGNORE INTO `Transaksi` (`tanggal_pembayaran`, `biaya_tagihan`, `status`, `email_pelanggan`) VALUES ('2024-04-30', 120000, 'Berhasil', 'user119@mail.com');
INSERT IGNORE INTO `Transaksi` (`tanggal_pembayaran`, `biaya_tagihan`, `status`, `email_pelanggan`) VALUES ('2024-05-01', 186000, 'Berhasil', 'user120@mail.com');
INSERT IGNORE INTO `Transaksi` (`tanggal_pembayaran`, `biaya_tagihan`, `status`, `email_pelanggan`) VALUES ('2024-05-02', 65000, 'Berhasil', 'user121@mail.com');
INSERT IGNORE INTO `Transaksi` (`tanggal_pembayaran`, `biaya_tagihan`, `status`, `email_pelanggan`) VALUES ('2024-05-03', 120000, 'Berhasil', 'user122@mail.com');
INSERT IGNORE INTO `Transaksi` (`tanggal_pembayaran`, `biaya_tagihan`, `status`, `email_pelanggan`) VALUES ('2024-05-04', 186000, 'Berhasil', 'user123@mail.com');
INSERT IGNORE INTO `Transaksi` (`tanggal_pembayaran`, `biaya_tagihan`, `status`, `email_pelanggan`) VALUES ('2024-05-05', 65000, 'Berhasil', 'user124@mail.com');
INSERT IGNORE INTO `Transaksi` (`tanggal_pembayaran`, `biaya_tagihan`, `status`, `email_pelanggan`) VALUES ('2024-05-06', 120000, 'Berhasil', 'user125@mail.com');
INSERT IGNORE INTO `Transaksi` (`tanggal_pembayaran`, `biaya_tagihan`, `status`, `email_pelanggan`) VALUES ('2024-05-07', 186000, 'Berhasil', 'user126@mail.com');
INSERT IGNORE INTO `Transaksi` (`tanggal_pembayaran`, `biaya_tagihan`, `status`, `email_pelanggan`) VALUES ('2024-05-08', 65000, 'Berhasil', 'user127@mail.com');
INSERT IGNORE INTO `Transaksi` (`tanggal_pembayaran`, `biaya_tagihan`, `status`, `email_pelanggan`) VALUES ('2024-05-09', 120000, 'Berhasil', 'user128@mail.com');
INSERT IGNORE INTO `Transaksi` (`tanggal_pembayaran`, `biaya_tagihan`, `status`, `email_pelanggan`) VALUES ('2024-05-10', 186000, 'Berhasil', 'user129@mail.com');
INSERT IGNORE INTO `Transaksi` (`tanggal_pembayaran`, `biaya_tagihan`, `status`, `email_pelanggan`) VALUES ('2024-05-11', 65000, 'Berhasil', 'user130@mail.com');
INSERT IGNORE INTO `Transaksi` (`tanggal_pembayaran`, `biaya_tagihan`, `status`, `email_pelanggan`) VALUES ('2024-05-12', 120000, 'Berhasil', 'user131@mail.com');
INSERT IGNORE INTO `Transaksi` (`tanggal_pembayaran`, `biaya_tagihan`, `status`, `email_pelanggan`) VALUES ('2024-05-13', 186000, 'Berhasil', 'user132@mail.com');
INSERT IGNORE INTO `Transaksi` (`tanggal_pembayaran`, `biaya_tagihan`, `status`, `email_pelanggan`) VALUES ('2024-05-14', 65000, 'Berhasil', 'user133@mail.com');
INSERT IGNORE INTO `Transaksi` (`tanggal_pembayaran`, `biaya_tagihan`, `status`, `email_pelanggan`) VALUES ('2024-05-15', 120000, 'Berhasil', 'user134@mail.com');
INSERT IGNORE INTO `Transaksi` (`tanggal_pembayaran`, `biaya_tagihan`, `status`, `email_pelanggan`) VALUES ('2024-05-16', 186000, 'Berhasil', 'user135@mail.com');
INSERT IGNORE INTO `Transaksi` (`tanggal_pembayaran`, `biaya_tagihan`, `status`, `email_pelanggan`) VALUES ('2024-05-17', 65000, 'Berhasil', 'user136@mail.com');
INSERT IGNORE INTO `Transaksi` (`tanggal_pembayaran`, `biaya_tagihan`, `status`, `email_pelanggan`) VALUES ('2024-05-18', 120000, 'Berhasil', 'user137@mail.com');
INSERT IGNORE INTO `Transaksi` (`tanggal_pembayaran`, `biaya_tagihan`, `status`, `email_pelanggan`) VALUES ('2024-05-19', 186000, 'Berhasil', 'user138@mail.com');
INSERT IGNORE INTO `Transaksi` (`tanggal_pembayaran`, `biaya_tagihan`, `status`, `email_pelanggan`) VALUES ('2024-05-20', 65000, 'Berhasil', 'user139@mail.com');
INSERT IGNORE INTO `Transaksi` (`tanggal_pembayaran`, `biaya_tagihan`, `status`, `email_pelanggan`) VALUES ('2024-05-21', 120000, 'Berhasil', 'user140@mail.com');
INSERT IGNORE INTO `Transaksi` (`tanggal_pembayaran`, `biaya_tagihan`, `status`, `email_pelanggan`) VALUES ('2024-05-22', 186000, 'Berhasil', 'user141@mail.com');
INSERT IGNORE INTO `Transaksi` (`tanggal_pembayaran`, `biaya_tagihan`, `status`, `email_pelanggan`) VALUES ('2024-05-23', 65000, 'Berhasil', 'user142@mail.com');
INSERT IGNORE INTO `Transaksi` (`tanggal_pembayaran`, `biaya_tagihan`, `status`, `email_pelanggan`) VALUES ('2024-05-24', 120000, 'Berhasil', 'user143@mail.com');
INSERT IGNORE INTO `Transaksi` (`tanggal_pembayaran`, `biaya_tagihan`, `status`, `email_pelanggan`) VALUES ('2024-05-25', 186000, 'Berhasil', 'user144@mail.com');
INSERT IGNORE INTO `Transaksi` (`tanggal_pembayaran`, `biaya_tagihan`, `status`, `email_pelanggan`) VALUES ('2024-05-26', 65000, 'Berhasil', 'user145@mail.com');
INSERT IGNORE INTO `Transaksi` (`tanggal_pembayaran`, `biaya_tagihan`, `status`, `email_pelanggan`) VALUES ('2024-05-27', 120000, 'Berhasil', 'user146@mail.com');
INSERT IGNORE INTO `Transaksi` (`tanggal_pembayaran`, `biaya_tagihan`, `status`, `email_pelanggan`) VALUES ('2024-05-28', 186000, 'Berhasil', 'user147@mail.com');
INSERT IGNORE INTO `Transaksi` (`tanggal_pembayaran`, `biaya_tagihan`, `status`, `email_pelanggan`) VALUES ('2024-05-29', 65000, 'Berhasil', 'user148@mail.com');
INSERT IGNORE INTO `Transaksi` (`tanggal_pembayaran`, `biaya_tagihan`, `status`, `email_pelanggan`) VALUES ('2024-05-30', 120000, 'Berhasil', 'user149@mail.com');
INSERT IGNORE INTO `Transaksi` (`tanggal_pembayaran`, `biaya_tagihan`, `status`, `email_pelanggan`) VALUES ('2024-05-31', 186000, 'Berhasil', 'user150@mail.com');

-- ============================================================
-- DATA RATING
-- ============================================================
-- Batch 1: Oppenheimer (User 1-15)
INSERT IGNORE INTO `Rating` VALUES ('user1@mail.com', 'Profil Utama', 'Oppenheimer', 5, 'Masterpiece, Nolan jenius!');
INSERT IGNORE INTO `Rating` VALUES ('user2@mail.com', 'Profil Utama', 'Oppenheimer', 5, 'Visualnya gila banget.');
INSERT IGNORE INTO `Rating` VALUES ('user3@mail.com', 'Profil Utama', 'Oppenheimer', 4, 'Agak membingungkan tapi bagus.');
INSERT IGNORE INTO `Rating` VALUES ('user4@mail.com', 'Profil Utama', 'Oppenheimer', 5, 'Acting Cillian Murphy juara.');
INSERT IGNORE INTO `Rating` VALUES ('user5@mail.com', 'Profil Utama', 'Oppenheimer', 3, 'Terlalu banyak dialog.');
INSERT IGNORE INTO `Rating` VALUES ('user6@mail.com', 'Profil Utama', 'Oppenheimer', 5, 'Sound effect ledakannya nyata banget.');
INSERT IGNORE INTO `Rating` VALUES ('user7@mail.com', 'Profil Utama', 'Oppenheimer', 4, 'Durasi terlalu panjang.');
INSERT IGNORE INTO `Rating` VALUES ('user8@mail.com', 'Profil Utama', 'Oppenheimer', 5, 'Film biografi terbaik tahun ini.');
INSERT IGNORE INTO `Rating` VALUES ('user9@mail.com', 'Profil Utama', 'Oppenheimer', 4, 'Sangat intens.');
INSERT IGNORE INTO `Rating` VALUES ('user10@mail.com', 'Profil Utama', 'Oppenheimer', 5, 'Wajib nonton di IMAX.');
INSERT IGNORE INTO `Rating` VALUES ('user11@mail.com', 'Profil Utama', 'Oppenheimer', 5, 'Cerita sejarah yang dikemas epik.');
INSERT IGNORE INTO `Rating` VALUES ('user12@mail.com', 'Profil Utama', 'Oppenheimer', 4, 'RDJ mainnya bagus banget.');
INSERT IGNORE INTO `Rating` VALUES ('user13@mail.com', 'Profil Utama', 'Oppenheimer', 3, 'Bikin ngantuk di tengah.');
INSERT IGNORE INTO `Rating` VALUES ('user14@mail.com', 'Profil Utama', 'Oppenheimer', 5, 'Endingnya merinding.');
INSERT IGNORE INTO `Rating` VALUES ('user15@mail.com', 'Profil Utama', 'Oppenheimer', 4, 'Sinematografi kelas atas.');

-- Batch 2: Barbie (User 16-30)
INSERT IGNORE INTO `Rating` VALUES ('user16@mail.com', 'Profil Utama', 'Barbie', 4, 'Sangat menghibur dan lucu.');
INSERT IGNORE INTO `Rating` VALUES ('user17@mail.com', 'Profil Utama', 'Barbie', 5, 'Ryan Gosling mencuri perhatian.');
INSERT IGNORE INTO `Rating` VALUES ('user18@mail.com', 'Profil Utama', 'Barbie', 3, 'Ceritanya agak klise.');
INSERT IGNORE INTO `Rating` VALUES ('user19@mail.com', 'Profil Utama', 'Barbie', 4, 'Set desainnya warna-warni banget.');
INSERT IGNORE INTO `Rating` VALUES ('user20@mail.com', 'Profil Utama', 'Barbie', 5, 'Pesan moralnya kena banget.');
INSERT IGNORE INTO `Rating` VALUES ('user21@mail.com', 'Profil Utama', 'Barbie', 2, 'Bukan selera saya.');
INSERT IGNORE INTO `Rating` VALUES ('user22@mail.com', 'Profil Utama', 'Barbie', 4, 'Margot Robbie pas banget jadi Barbie.');
INSERT IGNORE INTO `Rating` VALUES ('user23@mail.com', 'Profil Utama', 'Barbie', 5, 'Soundtracknya enak didengar.');
INSERT IGNORE INTO `Rating` VALUES ('user24@mail.com', 'Profil Utama', 'Barbie', 4, 'Lebih dalam dari yang dikira.');
INSERT IGNORE INTO `Rating` VALUES ('user25@mail.com', 'Profil Utama', 'Barbie', 3, 'Endingnya agak aneh.');
INSERT IGNORE INTO `Rating` VALUES ('user26@mail.com', 'Profil Utama', 'Barbie', 5, 'I am Kenough!');
INSERT IGNORE INTO `Rating` VALUES ('user27@mail.com', 'Profil Utama', 'Barbie', 4, 'Komedi satir yang cerdas.');
INSERT IGNORE INTO `Rating` VALUES ('user28@mail.com', 'Profil Utama', 'Barbie', 5, 'Kostumnya keren abis.');
INSERT IGNORE INTO `Rating` VALUES ('user29@mail.com', 'Profil Utama', 'Barbie', 4, 'Cocok ditonton bareng teman.');
INSERT IGNORE INTO `Rating` VALUES ('user30@mail.com', 'Profil Utama', 'Barbie', 3, 'Hype doang yang gede.');

-- Batch 3: Dune: Part Two (User 31-45)
INSERT IGNORE INTO `Rating` VALUES ('user31@mail.com', 'Profil Utama', 'Dune: Part Two', 5, 'Sci-fi terbaik dekade ini.');
INSERT IGNORE INTO `Rating` VALUES ('user32@mail.com', 'Profil Utama', 'Dune: Part Two', 5, 'Visualnya memanjakan mata.');
INSERT IGNORE INTO `Rating` VALUES ('user33@mail.com', 'Profil Utama', 'Dune: Part Two', 4, 'Lebih seru dari part 1.');
INSERT IGNORE INTO `Rating` VALUES ('user34@mail.com', 'Profil Utama', 'Dune: Part Two', 5, 'Austin Butler ngeri banget.');
INSERT IGNORE INTO `Rating` VALUES ('user35@mail.com', 'Profil Utama', 'Dune: Part Two', 5, 'Skala filmnya sangat besar.');
INSERT IGNORE INTO `Rating` VALUES ('user36@mail.com', 'Profil Utama', 'Dune: Part Two', 4, 'Musik Hans Zimmer tidak pernah gagal.');
INSERT IGNORE INTO `Rating` VALUES ('user37@mail.com', 'Profil Utama', 'Dune: Part Two', 3, 'Temponya agak lambat.');
INSERT IGNORE INTO `Rating` VALUES ('user38@mail.com', 'Profil Utama', 'Dune: Part Two', 5, 'Lisan al Gaib!');
INSERT IGNORE INTO `Rating` VALUES ('user39@mail.com', 'Profil Utama', 'Dune: Part Two', 4, 'Zendaya aktingnya bagus.');
INSERT IGNORE INTO `Rating` VALUES ('user40@mail.com', 'Profil Utama', 'Dune: Part Two', 5, 'Adegan perang cacing pasir epik.');
INSERT IGNORE INTO `Rating` VALUES ('user41@mail.com', 'Profil Utama', 'Dune: Part Two', 4, 'Plot politiknya menarik.');
INSERT IGNORE INTO `Rating` VALUES ('user42@mail.com', 'Profil Utama', 'Dune: Part Two', 5, 'Wajib nonton di layar lebar.');
INSERT IGNORE INTO `Rating` VALUES ('user43@mail.com', 'Profil Utama', 'Dune: Part Two', 3, 'Susah dimengerti kalau belum baca buku.');
INSERT IGNORE INTO `Rating` VALUES ('user44@mail.com', 'Profil Utama', 'Dune: Part Two', 5, 'Sinematografi level dewa.');
INSERT IGNORE INTO `Rating` VALUES ('user45@mail.com', 'Profil Utama', 'Dune: Part Two', 4, 'Ending gantung, butuh part 3.');

-- Batch 4: The Batman (User 46-60)
INSERT IGNORE INTO `Rating` VALUES ('user46@mail.com', 'Profil Utama', 'The Batman', 5, 'Batman versi detektif terbaik.');
INSERT IGNORE INTO `Rating` VALUES ('user47@mail.com', 'Profil Utama', 'The Batman', 4, 'Nuansa Gotham sangat kelam.');
INSERT IGNORE INTO `Rating` VALUES ('user48@mail.com', 'Profil Utama', 'The Batman', 5, 'Robert Pattinson membuktikan diri.');
INSERT IGNORE INTO `Rating` VALUES ('user49@mail.com', 'Profil Utama', 'The Batman', 4, 'Musiknya bikin tegang.');
INSERT IGNORE INTO `Rating` VALUES ('user50@mail.com', 'Profil Utama', 'The Batman', 3, 'Terlalu gelap gambarnya.');
INSERT IGNORE INTO `Rating` VALUES ('user51@mail.com', 'Profil Utama', 'The Batman', 5, 'Villain Riddler sangat creepy.');
INSERT IGNORE INTO `Rating` VALUES ('user52@mail.com', 'Profil Utama', 'The Batman', 4, 'Durasi 3 jam terasa cepat.');
INSERT IGNORE INTO `Rating` VALUES ('user53@mail.com', 'Profil Utama', 'The Batman', 5, 'Adegan kejar-kejaran mobil keren.');
INSERT IGNORE INTO `Rating` VALUES ('user54@mail.com', 'Profil Utama', 'The Batman', 4, 'Chemistry Catwoman dan Batman dapet.');
INSERT IGNORE INTO `Rating` VALUES ('user55@mail.com', 'Profil Utama', 'The Batman', 3, 'Kurang aksi, kebanyakan mikir.');
INSERT IGNORE INTO `Rating` VALUES ('user56@mail.com', 'Profil Utama', 'The Batman', 5, 'Awal yang bagus untuk trilogi baru.');
INSERT IGNORE INTO `Rating` VALUES ('user57@mail.com', 'Profil Utama', 'The Batman', 4, 'Realistis dan gritty.');
INSERT IGNORE INTO `Rating` VALUES ('user58@mail.com', 'Profil Utama', 'The Batman', 5, 'Suka banget sama visualnya.');
INSERT IGNORE INTO `Rating` VALUES ('user59@mail.com', 'Profil Utama', 'The Batman', 4, 'Plot twistnya lumayan.');
INSERT IGNORE INTO `Rating` VALUES ('user60@mail.com', 'Profil Utama', 'The Batman', 3, 'Agak bosan di pertengahan.');

-- Batch 5: Top Gun: Maverick (User 61-75)
INSERT IGNORE INTO `Rating` VALUES ('user61@mail.com', 'Profil Utama', 'Top Gun: Maverick', 5, 'Aksi pesawat tempur terbaik!');
INSERT IGNORE INTO `Rating` VALUES ('user62@mail.com', 'Profil Utama', 'Top Gun: Maverick', 5, 'Tom Cruise gak ada obat.');
INSERT IGNORE INTO `Rating` VALUES ('user63@mail.com', 'Profil Utama', 'Top Gun: Maverick', 4, 'Nostalgia yang pas.');
INSERT IGNORE INTO `Rating` VALUES ('user64@mail.com', 'Profil Utama', 'Top Gun: Maverick', 5, 'Sound effect jetnya menggelegar.');
INSERT IGNORE INTO `Rating` VALUES ('user65@mail.com', 'Profil Utama', 'Top Gun: Maverick', 4, 'Cerita sederhana tapi eksekusi mantap.');
INSERT IGNORE INTO `Rating` VALUES ('user66@mail.com', 'Profil Utama', 'Top Gun: Maverick', 5, 'Tegang dari awal sampai akhir.');
INSERT IGNORE INTO `Rating` VALUES ('user67@mail.com', 'Profil Utama', 'Top Gun: Maverick', 3, 'Plotnya mudah ditebak.');
INSERT IGNORE INTO `Rating` VALUES ('user68@mail.com', 'Profil Utama', 'Top Gun: Maverick', 5, 'Pengalaman bioskop yang luar biasa.');
INSERT IGNORE INTO `Rating` VALUES ('user69@mail.com', 'Profil Utama', 'Top Gun: Maverick', 4, 'Emosional di bagian Iceman.');
INSERT IGNORE INTO `Rating` VALUES ('user70@mail.com', 'Profil Utama', 'Top Gun: Maverick', 5, 'Gak nyangka bakal sebagus ini.');
INSERT IGNORE INTO `Rating` VALUES ('user71@mail.com', 'Profil Utama', 'Top Gun: Maverick', 4, 'Dogfight-nya realistis.');
INSERT IGNORE INTO `Rating` VALUES ('user72@mail.com', 'Profil Utama', 'Top Gun: Maverick', 5, 'Blockbuster musim panas sejati.');
INSERT IGNORE INTO `Rating` VALUES ('user73@mail.com', 'Profil Utama', 'Top Gun: Maverick', 3, 'Karakter pendukung kurang dalam.');
INSERT IGNORE INTO `Rating` VALUES ('user74@mail.com', 'Profil Utama', 'Top Gun: Maverick', 5, 'Adrenalin rush!');
INSERT IGNORE INTO `Rating` VALUES ('user75@mail.com', 'Profil Utama', 'Top Gun: Maverick', 4, 'Ending yang memuaskan.');

-- Batch 6: Breaking Bad (User 76-90)
INSERT IGNORE INTO `Rating` VALUES ('user76@mail.com', 'Profil Utama', 'Breaking Bad', 5, 'Serial TV terbaik sepanjang masa.');
INSERT IGNORE INTO `Rating` VALUES ('user77@mail.com', 'Profil Utama', 'Breaking Bad', 5, 'Perkembangan karakter Walter White gila.');
INSERT IGNORE INTO `Rating` VALUES ('user78@mail.com', 'Profil Utama', 'Breaking Bad', 4, 'Season awal agak lambat.');
INSERT IGNORE INTO `Rating` VALUES ('user79@mail.com', 'Profil Utama', 'Breaking Bad', 5, 'Jesse Pinkman sangat kasihan.');
INSERT IGNORE INTO `Rating` VALUES ('user80@mail.com', 'Profil Utama', 'Breaking Bad', 5, 'Penulisan naskah yang jenius.');
INSERT IGNORE INTO `Rating` VALUES ('user81@mail.com', 'Profil Utama', 'Breaking Bad', 4, 'Sangat menegangkan.');
INSERT IGNORE INTO `Rating` VALUES ('user82@mail.com', 'Profil Utama', 'Breaking Bad', 5, 'Ozymandias adalah episode terbaik.');
INSERT IGNORE INTO `Rating` VALUES ('user83@mail.com', 'Profil Utama', 'Breaking Bad', 3, 'Terlalu dark buat saya.');
INSERT IGNORE INTO `Rating` VALUES ('user84@mail.com', 'Profil Utama', 'Breaking Bad', 5, 'Bryan Cranston aktingnya top.');
INSERT IGNORE INTO `Rating` VALUES ('user85@mail.com', 'Profil Utama', 'Breaking Bad', 4, 'Gus Fring villain yang karismatik.');
INSERT IGNORE INTO `Rating` VALUES ('user86@mail.com', 'Profil Utama', 'Breaking Bad', 5, 'Ending yang sempurna.');
INSERT IGNORE INTO `Rating` VALUES ('user87@mail.com', 'Profil Utama', 'Breaking Bad', 4, 'Visual Gurun New Mexico ikonik.');
INSERT IGNORE INTO `Rating` VALUES ('user88@mail.com', 'Profil Utama', 'Breaking Bad', 5, 'Science Bitch!');
INSERT IGNORE INTO `Rating` VALUES ('user89@mail.com', 'Profil Utama', 'Breaking Bad', 4, 'Banyak momen shocking.');
INSERT IGNORE INTO `Rating` VALUES ('user90@mail.com', 'Profil Utama', 'Breaking Bad', 5, 'Masterpiece pertelevisian.');

-- Batch 7: Stranger Things (User 91-105)
INSERT IGNORE INTO `Rating` VALUES ('user91@mail.com', 'Profil Utama', 'Stranger Things', 4, 'Nostalgia 80an yang kental.');
INSERT IGNORE INTO `Rating` VALUES ('user92@mail.com', 'Profil Utama', 'Stranger Things', 5, 'Season 4 sangat menyeramkan.');
INSERT IGNORE INTO `Rating` VALUES ('user93@mail.com', 'Profil Utama', 'Stranger Things', 3, 'Ceritanya mulai berulang.');
INSERT IGNORE INTO `Rating` VALUES ('user94@mail.com', 'Profil Utama', 'Stranger Things', 4, 'Anak-anaknya aktingnya jago.');
INSERT IGNORE INTO `Rating` VALUES ('user95@mail.com', 'Profil Utama', 'Stranger Things', 5, 'Vecna musuh yang keren.');
INSERT IGNORE INTO `Rating` VALUES ('user96@mail.com', 'Profil Utama', 'Stranger Things', 4, 'Efek visualnya bagus.');
INSERT IGNORE INTO `Rating` VALUES ('user97@mail.com', 'Profil Utama', 'Stranger Things', 5, 'Suka banget sama Eleven.');
INSERT IGNORE INTO `Rating` VALUES ('user98@mail.com', 'Profil Utama', 'Stranger Things', 4, 'Soundtracknya enak-enak.');
INSERT IGNORE INTO `Rating` VALUES ('user99@mail.com', 'Profil Utama', 'Stranger Things', 3, 'Durasi per episode kepanjangan.');
INSERT IGNORE INTO `Rating` VALUES ('user100@mail.com', 'Profil Utama', 'Stranger Things', 5, 'Running Up That Hill!');
INSERT IGNORE INTO `Rating` VALUES ('user101@mail.com', 'Profil Utama', 'Stranger Things', 4, 'Hopper karakter favorit saya.');
INSERT IGNORE INTO `Rating` VALUES ('user102@mail.com', 'Profil Utama', 'Stranger Things', 5, 'Gabungan horor dan sci-fi yang pas.');
INSERT IGNORE INTO `Rating` VALUES ('user103@mail.com', 'Profil Utama', 'Stranger Things', 3, 'Kebanyakan karakter baru.');
INSERT IGNORE INTO `Rating` VALUES ('user104@mail.com', 'Profil Utama', 'Stranger Things', 4, 'Seru buat binge watching.');
INSERT IGNORE INTO `Rating` VALUES ('user105@mail.com', 'Profil Utama', 'Stranger Things', 5, 'Gak sabar season terakhir.');

-- Batch 8: Interstellar (User 106-120)
INSERT IGNORE INTO `Rating` VALUES ('user106@mail.com', 'Profil Utama', 'Interstellar', 5, 'Film luar angkasa terbaik.');
INSERT IGNORE INTO `Rating` VALUES ('user107@mail.com', 'Profil Utama', 'Interstellar', 5, 'Endingnya bikin nangis.');
INSERT IGNORE INTO `Rating` VALUES ('user108@mail.com', 'Profil Utama', 'Interstellar', 4, 'Teori fisikanya berat.');
INSERT IGNORE INTO `Rating` VALUES ('user109@mail.com', 'Profil Utama', 'Interstellar', 5, 'Musik Hans Zimmer magis.');
INSERT IGNORE INTO `Rating` VALUES ('user110@mail.com', 'Profil Utama', 'Interstellar', 3, 'Suaranya kadang terlalu kencang.');
INSERT IGNORE INTO `Rating` VALUES ('user111@mail.com', 'Profil Utama', 'Interstellar', 5, 'Visual black hole-nya indah.');
INSERT IGNORE INTO `Rating` VALUES ('user112@mail.com', 'Profil Utama', 'Interstellar', 4, 'Hubungan ayah dan anak yang menyentuh.');
INSERT IGNORE INTO `Rating` VALUES ('user113@mail.com', 'Profil Utama', 'Interstellar', 5, 'Adegan docking sangat intens.');
INSERT IGNORE INTO `Rating` VALUES ('user114@mail.com', 'Profil Utama', 'Interstellar', 4, 'McConaughey aktingnya totalitas.');
INSERT IGNORE INTO `Rating` VALUES ('user115@mail.com', 'Profil Utama', 'Interstellar', 5, 'Mind blowing banget.');
INSERT IGNORE INTO `Rating` VALUES ('user116@mail.com', 'Profil Utama', 'Interstellar', 4, 'Perlu nonton dua kali biar paham.');
INSERT IGNORE INTO `Rating` VALUES ('user117@mail.com', 'Profil Utama', 'Interstellar', 5, 'Sci-fi yang emosional.');
INSERT IGNORE INTO `Rating` VALUES ('user118@mail.com', 'Profil Utama', 'Interstellar', 3, 'Agak lambat di awal.');
INSERT IGNORE INTO `Rating` VALUES ('user119@mail.com', 'Profil Utama', 'Interstellar', 5, 'Murph!!!');
INSERT IGNORE INTO `Rating` VALUES ('user120@mail.com', 'Profil Utama', 'Interstellar', 4, 'Sangat ambisius.');

-- Batch 9: Parasite (User 121-135)
INSERT IGNORE INTO `Rating` VALUES ('user121@mail.com', 'Profil Utama', 'Parasite', 5, 'Film Asia terbaik.');
INSERT IGNORE INTO `Rating` VALUES ('user122@mail.com', 'Profil Utama', 'Parasite', 5, 'Plot twist di tengah bikin kaget.');
INSERT IGNORE INTO `Rating` VALUES ('user123@mail.com', 'Profil Utama', 'Parasite', 4, 'Kritik sosial yang tajam.');
INSERT IGNORE INTO `Rating` VALUES ('user124@mail.com', 'Profil Utama', 'Parasite', 5, 'Sangat menegangkan dan lucu.');
INSERT IGNORE INTO `Rating` VALUES ('user125@mail.com', 'Profil Utama', 'Parasite', 4, 'Set rumahnya keren.');
INSERT IGNORE INTO `Rating` VALUES ('user126@mail.com', 'Profil Utama', 'Parasite', 5, 'Layak dapat Oscar.');
INSERT IGNORE INTO `Rating` VALUES ('user127@mail.com', 'Profil Utama', 'Parasite', 3, 'Agak disturbing endingnya.');
INSERT IGNORE INTO `Rating` VALUES ('user128@mail.com', 'Profil Utama', 'Parasite', 5, 'Sutradara Bong Joon Ho jenius.');
INSERT IGNORE INTO `Rating` VALUES ('user129@mail.com', 'Profil Utama', 'Parasite', 4, 'Akting para pemain natural.');
INSERT IGNORE INTO `Rating` VALUES ('user130@mail.com', 'Profil Utama', 'Parasite', 5, 'Metafora tangga dan bau sangat kuat.');
INSERT IGNORE INTO `Rating` VALUES ('user131@mail.com', 'Profil Utama', 'Parasite', 4, 'Sinematografinya rapi.');
INSERT IGNORE INTO `Rating` VALUES ('user132@mail.com', 'Profil Utama', 'Parasite', 5, 'Thriller komedi yang gelap.');
INSERT IGNORE INTO `Rating` VALUES ('user133@mail.com', 'Profil Utama', 'Parasite', 4, 'Sangat relatable.');
INSERT IGNORE INTO `Rating` VALUES ('user134@mail.com', 'Profil Utama', 'Parasite', 5, 'Jessica Illingois Chicago.');
INSERT IGNORE INTO `Rating` VALUES ('user135@mail.com', 'Profil Utama', 'Parasite', 3, 'Terlalu sadis di akhir.');

-- Batch 10: Inception (User 136-150)
INSERT IGNORE INTO `Rating` VALUES ('user136@mail.com', 'Profil Utama', 'Inception', 5, 'Konsep mimpi dalam mimpi keren.');
INSERT IGNORE INTO `Rating` VALUES ('user137@mail.com', 'Profil Utama', 'Inception', 5, 'Actionnya seru banget.');
INSERT IGNORE INTO `Rating` VALUES ('user138@mail.com', 'Profil Utama', 'Inception', 4, 'Harus fokus nontonnya.');
INSERT IGNORE INTO `Rating` VALUES ('user139@mail.com', 'Profil Utama', 'Inception', 5, 'Efek visual kota terbalik ikonik.');
INSERT IGNORE INTO `Rating` VALUES ('user140@mail.com', 'Profil Utama', 'Inception', 4, 'Endingnya bikin penasaran.');
INSERT IGNORE INTO `Rating` VALUES ('user141@mail.com', 'Profil Utama', 'Inception', 5, 'Hans Zimmer musiknya dahsyat.');
INSERT IGNORE INTO `Rating` VALUES ('user142@mail.com', 'Profil Utama', 'Inception', 4, 'Leonardo DiCaprio main bagus.');
INSERT IGNORE INTO `Rating` VALUES ('user143@mail.com', 'Profil Utama', 'Inception', 5, 'Sangat orisinal.');
INSERT IGNORE INTO `Rating` VALUES ('user144@mail.com', 'Profil Utama', 'Inception', 3, 'Pusing mikirin plotnya.');
INSERT IGNORE INTO `Rating` VALUES ('user145@mail.com', 'Profil Utama', 'Inception', 5, 'Film action pintar.');
INSERT IGNORE INTO `Rating` VALUES ('user146@mail.com', 'Profil Utama', 'Inception', 4, 'Tom Hardy karismatik.');
INSERT IGNORE INTO `Rating` VALUES ('user147@mail.com', 'Profil Utama', 'Inception', 5, 'Adegan koridor tanpa gravitasi keren.');
INSERT IGNORE INTO `Rating` VALUES ('user148@mail.com', 'Profil Utama', 'Inception', 4, 'Tempo filmnya cepat.');
INSERT IGNORE INTO `Rating` VALUES ('user149@mail.com', 'Profil Utama', 'Inception', 5, 'Salah satu film terbaik Nolan.');
INSERT IGNORE INTO `Rating` VALUES ('user150@mail.com', 'Profil Utama', 'Inception', 4, 'Gasingnya berhenti gak ya?');

COMMIT;
SET FOREIGN_KEY_CHECKS=1;