USE `basdat_movie`;
SET FOREIGN_KEY_CHECKS=0;
START TRANSACTION;

-- ================= GENRE (15) =================
INSERT IGNORE INTO `Genre` (`genre_id`,`nama_genre`) VALUES (1,'Action');
INSERT IGNORE INTO `Genre` (`genre_id`,`nama_genre`) VALUES (2,'Crime');
INSERT IGNORE INTO `Genre` (`genre_id`,`nama_genre`) VALUES (3,'Thriller');
INSERT IGNORE INTO `Genre` (`genre_id`,`nama_genre`) VALUES (4,'Drama');
INSERT IGNORE INTO `Genre` (`genre_id`,`nama_genre`) VALUES (5,'Comedy');
INSERT IGNORE INTO `Genre` (`genre_id`,`nama_genre`) VALUES (6,'Sci-Fi');
INSERT IGNORE INTO `Genre` (`genre_id`,`nama_genre`) VALUES (7,'Horror');
INSERT IGNORE INTO `Genre` (`genre_id`,`nama_genre`) VALUES (8,'Romance');
INSERT IGNORE INTO `Genre` (`genre_id`,`nama_genre`) VALUES (9,'Adventure');
INSERT IGNORE INTO `Genre` (`genre_id`,`nama_genre`) VALUES (10,'Fantasy');
INSERT IGNORE INTO `Genre` (`genre_id`,`nama_genre`) VALUES (11,'Animation');
INSERT IGNORE INTO `Genre` (`genre_id`,`nama_genre`) VALUES (12,'Mystery');
INSERT IGNORE INTO `Genre` (`genre_id`,`nama_genre`) VALUES (13,'Family');
INSERT IGNORE INTO `Genre` (`genre_id`,`nama_genre`) VALUES (14,'Biography');
INSERT IGNORE INTO `Genre` (`genre_id`,`nama_genre`) VALUES (15,'History');
INSERT IGNORE INTO `Aktor` VALUES ('Gina Carano','1982-04-16','USA');
INSERT IGNORE INTO `Aktor` VALUES ('Rosario Dawson','1979-05-09','USA');
INSERT IGNORE INTO `Aktor` VALUES ('Mads Mikkelsen','1965-11-22','Denmark');
INSERT IGNORE INTO `Aktor` VALUES ('J.K. Simmons','1955-01-09','USA');
-- Additional actors needed for Peran mappings
INSERT IGNORE INTO `Aktor` VALUES ('Gemma Chan','1982-11-29','UK');
INSERT IGNORE INTO `Aktor` VALUES ('Fionn Whitehead','1997-07-18','UK');
INSERT IGNORE INTO `Aktor` VALUES ('Pevita Pearce','1992-10-06','Indonesia');
INSERT IGNORE INTO `Aktor` VALUES ('Tissa Biani','2002-07-25','Indonesia');
INSERT IGNORE INTO `Aktor` VALUES ('Cut Mini','1973-07-30','Indonesia');
INSERT IGNORE INTO `Aktor` VALUES ('Ernest Prakasa','1982-01-29','Indonesia');
INSERT IGNORE INTO `Aktor` VALUES ('Bene Dion','1985-04-05','Indonesia');
INSERT IGNORE INTO `Aktor` VALUES ('Luna Maya','1983-08-26','Indonesia');
INSERT IGNORE INTO `Aktor` VALUES ('Choi Min-sik','1962-05-30','South Korea');
INSERT IGNORE INTO `Aktor` VALUES ('Steven Yeun','1983-12-21','South Korea');
INSERT IGNORE INTO `Aktor` VALUES ('Tang Wei','1979-07-07','China');
INSERT IGNORE INTO `Aktor` VALUES ('Ryu Seung-ryong','1970-11-29','South Korea');
INSERT IGNORE INTO `Aktor` VALUES ('Jo Jung-suk','1980-12-26','South Korea');
INSERT IGNORE INTO `Aktor` VALUES ('Cha Tae-hyun','1976-03-25','South Korea');
INSERT IGNORE INTO `Aktor` VALUES ('Ha Jung-woo','1978-03-11','South Korea');
INSERT IGNORE INTO `Aktor` VALUES ('Kwak Do-won','1973-08-17','South Korea');
INSERT IGNORE INTO `Aktor` VALUES ('Daniel Radcliffe','1989-07-23','UK');
INSERT IGNORE INTO `Aktor` VALUES ('Eddie Redmayne','1982-01-06','UK');
INSERT IGNORE INTO `Aktor` VALUES ('Yuto Uemura','1993-10-23','Japan');
-- === Tambahan aktor dari blok TAMBAHAN SERIAL TV (digabung) ===
INSERT IGNORE INTO `Aktor` VALUES ('Bob Odenkirk','1962-10-22','USA');
INSERT IGNORE INTO `Aktor` VALUES ('Emilia Clarke','1986-10-23','UK');
INSERT IGNORE INTO `Aktor` VALUES ('Emma DArcy','1992-06-27','UK');
INSERT IGNORE INTO `Aktor` VALUES ('Millie Bobby Brown','2004-02-19','Spain');
INSERT IGNORE INTO `Aktor` VALUES ('Henry Cavill','1983-05-05','UK');
INSERT IGNORE INTO `Aktor` VALUES ('Michael C. Hall','1971-02-01','USA');
INSERT IGNORE INTO `Aktor` VALUES ('Claire Danes','1979-04-12','USA');
INSERT IGNORE INTO `Aktor` VALUES ('Evan Rachel Wood','1987-09-07','USA');
INSERT IGNORE INTO `Aktor` VALUES ('Karl Urban','1972-06-07','New Zealand');
INSERT IGNORE INTO `Aktor` VALUES ('Wagner Moura','1976-06-27','Brazil');
INSERT IGNORE INTO `Aktor` VALUES ('Alvaro Morte','1975-02-23','Spain');
INSERT IGNORE INTO `Aktor` VALUES ('Louis Hofmann','1997-06-03','Germany');
INSERT IGNORE INTO `Aktor` VALUES ('Jared Harris','1961-08-24','UK');
INSERT IGNORE INTO `Aktor` VALUES ('Matthew Fox','1966-07-14','USA');
INSERT IGNORE INTO `Aktor` VALUES ('Wentworth Miller','1972-06-02','USA');
INSERT IGNORE INTO `Aktor` VALUES ('Kiefer Sutherland','1966-12-21','UK');
INSERT IGNORE INTO `Aktor` VALUES ('Steve Carell','1962-08-16','USA');
INSERT IGNORE INTO `Aktor` VALUES ('Jennifer Aniston','1969-02-11','USA');
INSERT IGNORE INTO `Aktor` VALUES ('Josh Radnor','1974-07-29','USA');
INSERT IGNORE INTO `Aktor` VALUES ('Jerry Seinfeld','1954-04-29','USA');
INSERT IGNORE INTO `Aktor` VALUES ('Ed ONeill','1946-04-12','USA');
INSERT IGNORE INTO `Aktor` VALUES ('Andy Samberg','1978-08-18','USA');
INSERT IGNORE INTO `Aktor` VALUES ('Amy Poehler','1971-09-16','USA');
INSERT IGNORE INTO `Aktor` VALUES ('Gabriel Macht','1972-01-22','USA');
INSERT IGNORE INTO `Aktor` VALUES ('Hugh Laurie','1959-06-11','UK');
INSERT IGNORE INTO `Aktor` VALUES ('Ellen Pompeo','1969-11-10','USA');
INSERT IGNORE INTO `Aktor` VALUES ('William Petersen','1953-02-21','USA');
INSERT IGNORE INTO `Aktor` VALUES ('Mark Harmon','1951-09-02','USA');
INSERT IGNORE INTO `Aktor` VALUES ('Mandy Patinkin','1952-11-30','USA');
INSERT IGNORE INTO `Aktor` VALUES ('Mariska Hargitay','1964-01-23','USA');
INSERT IGNORE INTO `Aktor` VALUES ('Jensen Ackles','1978-03-01','USA');
INSERT IGNORE INTO `Aktor` VALUES ('Tom Welling','1977-04-26','USA');
INSERT IGNORE INTO `Aktor` VALUES ('Stephen Amell','1981-05-08','Canada');
INSERT IGNORE INTO `Aktor` VALUES ('Grant Gustin','1990-01-14','USA');
INSERT IGNORE INTO `Aktor` VALUES ('Caity Lotz','1986-12-30','USA');
INSERT IGNORE INTO `Aktor` VALUES ('Ben McKenzie','1978-09-12','USA');
INSERT IGNORE INTO `Aktor` VALUES ('Brenton Thwaites','1989-08-10','Australia');
INSERT IGNORE INTO `Aktor` VALUES ('Brendan Fraser','1968-12-03','Canada');
INSERT IGNORE INTO `Aktor` VALUES ('Steven Strait','1986-03-23','USA');
INSERT IGNORE INTO `Aktor` VALUES ('Edward James Olmos','1947-02-24','USA');
INSERT IGNORE INTO `Aktor` VALUES ('Nathan Fillion','1971-03-27','Canada');
INSERT IGNORE INTO `Aktor` VALUES ('Anna Torv','1979-06-07','Australia');
INSERT IGNORE INTO `Aktor` VALUES ('Andrew Lincoln','1973-09-14','UK');
INSERT IGNORE INTO `Aktor` VALUES ('Kim Dickens','1965-06-18','USA');
INSERT IGNORE INTO `Aktor` VALUES ('Travis Fimmel','1979-07-15','Australia');
INSERT IGNORE INTO `Aktor` VALUES ('Sam Corlett','1995-04-24','Australia');
INSERT IGNORE INTO `Aktor` VALUES ('Toby Stephens','1969-04-21','UK');
INSERT IGNORE INTO `Aktor` VALUES ('Kevin McKidd','1973-08-09','UK');
INSERT IGNORE INTO `Aktor` VALUES ('Andy Whitfield','1971-10-17','UK');
INSERT IGNORE INTO `Aktor` VALUES ('Tyler Posey','1991-10-18','USA');
INSERT IGNORE INTO `Aktor` VALUES ('KJ Apa','1997-06-17','New Zealand');
INSERT IGNORE INTO `Aktor` VALUES ('Tom Ellis','1978-11-17','UK');
INSERT IGNORE INTO `Aktor` VALUES ('Bae Doona','1979-10-11','South Korea');
INSERT IGNORE INTO `Aktor` VALUES ('Rami Malek','1981-05-12','USA');
INSERT IGNORE INTO `Aktor` VALUES ('Olivia Colman','1974-01-30','UK');
INSERT IGNORE INTO `Aktor` VALUES ('Elisabeth Moss','1982-07-24','USA');
INSERT IGNORE INTO `Aktor` VALUES ('Kevin Costner','1955-01-18','USA');
INSERT IGNORE INTO `Aktor` VALUES ('Jason Bateman','1969-01-14','USA');
INSERT IGNORE INTO `Aktor` VALUES ('Jon Hamm','1971-03-10','USA');
INSERT IGNORE INTO `Aktor` VALUES ('Steve Buscemi','1957-12-13','USA');
INSERT IGNORE INTO `Aktor` VALUES ('Brian Cox','1946-06-01','UK');
INSERT IGNORE INTO `Aktor` VALUES ('Adam Scott','1973-04-03','USA');
INSERT IGNORE INTO `Aktor` VALUES ('Diego Luna','1979-12-29','Mexico');
INSERT IGNORE INTO `Aktor` VALUES ('Sonequa Martin-Green','1985-03-21','USA');
INSERT IGNORE INTO `Aktor` VALUES ('Freddie Highmore','1992-02-14','UK');
INSERT IGNORE INTO `Aktor` VALUES ('Milo Ventimiglia','1977-07-08','USA');
INSERT IGNORE INTO `Aktor` VALUES ('Simon Baker','1969-07-30','Australia');
INSERT IGNORE INTO `Aktor` VALUES ('Jim Caviezel','1968-09-26','USA');
INSERT IGNORE INTO `Aktor` VALUES ('Jonny Lee Miller','1972-11-15','UK');
INSERT IGNORE INTO `Aktor` VALUES ('Dafne Keen','2005-01-04','Spain');
INSERT IGNORE INTO `Aktor` VALUES ('Tom Sturridge','1985-12-21','UK');
INSERT IGNORE INTO `Aktor` VALUES ('Richard Armitage','1971-08-22','UK');
INSERT IGNORE INTO `Aktor` VALUES ('Jack De Sena','1987-12-06','USA');
INSERT IGNORE INTO `Aktor` VALUES ('Zach Tyler Eisen','1993-09-25','USA');
INSERT IGNORE INTO `Aktor` VALUES ('Janet Varney','1976-02-16','USA');
INSERT IGNORE INTO `Aktor` VALUES ('Ju Ji-hoon','1982-05-16','South Korea');
INSERT IGNORE INTO `Aktor` VALUES ('Hyun Bin','1982-09-25','South Korea');
INSERT IGNORE INTO `Aktor` VALUES ('Park Bo-gum','1993-06-16','South Korea');
INSERT IGNORE INTO `Aktor` VALUES ('Lee Je-hoon','1984-07-04','South Korea');
INSERT IGNORE INTO `Aktor` VALUES ('Park Ji-hu','2003-11-07','South Korea');
INSERT IGNORE INTO `Aktor` VALUES ('Song Kang','1994-04-23','South Korea');
INSERT IGNORE INTO `Aktor` VALUES ('Park Eun-bin','1992-09-04','South Korea');
INSERT IGNORE INTO `Aktor` VALUES ('Yuki Kaji','1985-09-03','Japan');
INSERT IGNORE INTO `Aktor` VALUES ('Junko Takeuchi','1972-04-05','Japan');
INSERT IGNORE INTO `Aktor` VALUES ('Masakazu Morita','1972-10-21','Japan');
INSERT IGNORE INTO `Aktor` VALUES ('Mayumi Tanaka','1955-01-15','Japan');
INSERT IGNORE INTO `Aktor` VALUES ('Natsuki Hanae','1991-06-26','Japan');
INSERT IGNORE INTO `Aktor` VALUES ('Junya Enoki','1992-10-22','Japan');
INSERT IGNORE INTO `Aktor` VALUES ('Daiki Yamashita','1992-09-07','Japan');
INSERT IGNORE INTO `Aktor` VALUES ('Romi Park','1972-01-22','South Korea');
INSERT IGNORE INTO `Aktor` VALUES ('Mamoru Miyano','1983-06-08','Japan');
INSERT IGNORE INTO `Aktor` VALUES ('Megumi Han','1989-06-03','Japan');
INSERT IGNORE INTO `Aktor` VALUES ('Kikunosuke Toya','1998-12-30','Japan');
INSERT IGNORE INTO `Aktor` VALUES ('Yoshitsugu Matsuoka','1986-09-17','Japan');
INSERT IGNORE INTO `Aktor` VALUES ('Gakuto Kajiwara','1994-11-28','Japan');
INSERT IGNORE INTO `Aktor` VALUES ('Tetsuya Kakihara','1982-12-24','Japan');
INSERT IGNORE INTO `Aktor` VALUES ('Ayumu Murase','1988-12-14','Japan');
INSERT IGNORE INTO `Aktor` VALUES ('Kazuki Ura','1996-10-24','Japan');
INSERT IGNORE INTO `Aktor` VALUES ('Takuya Eguchi','1987-05-22','Japan');
INSERT IGNORE INTO `Aktor` VALUES ('Yusuke Kobayashi','1995-03-11','Japan');
INSERT IGNORE INTO `Aktor` VALUES ('Setsuo Ito','1991-03-20','Japan');
INSERT IGNORE INTO `Aktor` VALUES ('Giorgino Abraham','1994-11-30','Indonesia');
INSERT IGNORE INTO `Aktor` VALUES ('Refal Hady','1993-10-03','Indonesia');
INSERT IGNORE INTO `Aktor` VALUES ('Adhisty Zara','2003-06-21','Indonesia');

-- ================= KONTEN (Films 135 + Serials 15 = 150) =================
-- (Only listing a subset due to brevity; extend similarly to reach 150 total)
INSERT IGNORE INTO `Konten` VALUES ('Iron Man','Billionaire engineer builds a suit of armor.',2008,'13+','Film');
INSERT IGNORE INTO `Konten` VALUES ('Iron Man 2','Stark faces pressure to share his tech.',2010,'13+','Film');
INSERT IGNORE INTO `Konten` VALUES ('Iron Man 3','Stark faces a terrorist called the Mandarin.',2013,'13+','Film');
INSERT IGNORE INTO `Konten` VALUES ('The Avengers','Earths mightiest heroes must come together.',2012,'13+','Film');
INSERT IGNORE INTO `Konten` VALUES ('Avengers: Age of Ultron','Tony Stark builds an AI that goes rogue.',2015,'13+','Film');
INSERT IGNORE INTO `Konten` VALUES ('Avengers: Infinity War','Thanos attempts to wipe out half the universe.',2018,'13+','Film');
INSERT IGNORE INTO `Konten` VALUES ('Avengers: Endgame','Remaining Avengers try to reverse the snap.',2019,'13+','Film');
INSERT IGNORE INTO `Konten` VALUES ('Thor','Arrogant god Thor is cast out of Asgard.',2011,'13+','Film');
INSERT IGNORE INTO `Konten` VALUES ('Thor: The Dark World','Thor battles the Dark Elves.',2013,'13+','Film');
INSERT IGNORE INTO `Konten` VALUES ('Thor: Ragnarok','Thor must escape planet Sakaar.',2017,'13+','Film');
INSERT IGNORE INTO `Konten` VALUES ('Captain America: The First Avenger','Steve Rogers becomes Captain America.',2011,'13+','Film');
INSERT IGNORE INTO `Konten` VALUES ('Captain America: The Winter Soldier','Cap faces a conspiracy.',2014,'13+','Film');
INSERT IGNORE INTO `Konten` VALUES ('Captain America: Civil War','Political interference splits the Avengers.',2016,'13+','Film');
INSERT IGNORE INTO `Konten` VALUES ('Black Panther','TChalla returns to Wakanda.',2018,'13+','Film');
INSERT IGNORE INTO `Konten` VALUES ('Doctor Strange','Surgeon seeks mystic healing.',2016,'13+','Film');
INSERT IGNORE INTO `Konten` VALUES ('Doctor Strange in the Multiverse of Madness','Multiverse chaos ensues.',2022,'13+','Film');
INSERT IGNORE INTO `Konten` VALUES ('Spider-Man: Homecoming','Peter balances school and hero life.',2017,'13+','Film');
INSERT IGNORE INTO `Konten` VALUES ('Spider-Man: Far From Home','School trip turns dangerous.',2019,'13+','Film');
INSERT IGNORE INTO `Konten` VALUES ('Spider-Man: No Way Home','Peter seeks multiverse fix.',2021,'13+','Film');
INSERT IGNORE INTO `Konten` VALUES ('Ant-Man','Thief becomes shrinking hero.',2015,'13+','Film');
INSERT IGNORE INTO `Konten` VALUES ('Ant-Man and the Wasp','Partners face quantum threat.',2018,'13+','Film');
INSERT IGNORE INTO `Konten` VALUES ('Black Widow','Natasha confronts her past.',2021,'13+','Film');
INSERT IGNORE INTO `Konten` VALUES ('Shang-Chi and the Legend of the Ten Rings','Shang-Chi faces his father.',2021,'13+','Film');
INSERT IGNORE INTO `Konten` VALUES ('Eternals','Immortals reunite to face a threat.',2021,'13+','Film');
INSERT IGNORE INTO `Konten` VALUES ('Inception','A thief enters dreams.',2010,'13+','Film');
INSERT IGNORE INTO `Konten` VALUES ('The Dark Knight','Batman faces the Joker.',2008,'13+','Film');
INSERT IGNORE INTO `Konten` VALUES ('The Dark Knight Rises','Batman returns from exile.',2012,'13+','Film');
INSERT IGNORE INTO `Konten` VALUES ('Batman Begins','Bruce becomes Batman.',2005,'13+','Film');
INSERT IGNORE INTO `Konten` VALUES ('Interstellar','Explorers traverse a wormhole.',2014,'13+','Film');
INSERT IGNORE INTO `Konten` VALUES ('Dunkirk','Soldiers evacuate Dunkirk.',2017,'13+','Film');
INSERT IGNORE INTO `Konten` VALUES ('Tenet','Time inversion thriller.',2020,'13+','Film');
INSERT IGNORE INTO `Konten` VALUES ('Oppenheimer','Physicist builds the bomb.',2023,'17+','Film');
INSERT IGNORE INTO `Konten` VALUES ('Joker','A man descends into madness.',2019,'17+','Film');
INSERT IGNORE INTO `Konten` VALUES ('Titanic','Young couple on doomed ship.',1997,'13+','Film');
INSERT IGNORE INTO `Konten` VALUES ('Avatar','Marine on alien world.',2009,'13+','Film');
INSERT IGNORE INTO `Konten` VALUES ('Avatar: The Way of Water','Family survives Pandora seas.',2022,'13+','Film');
INSERT IGNORE INTO `Konten` VALUES ('The Matrix','Hacker learns reality truth.',1999,'17+','Film');
INSERT IGNORE INTO `Konten` VALUES ('The Matrix Reloaded','War escalates with machines.',2003,'17+','Film');
INSERT IGNORE INTO `Konten` VALUES ('The Matrix Revolutions','Final battle for Zion.',2003,'17+','Film');
INSERT IGNORE INTO `Konten` VALUES ('John Wick','Hitman seeks vengeance.',2014,'17+','Film');
INSERT IGNORE INTO `Konten` VALUES ('John Wick: Chapter 2','Wick forced back in.',2017,'17+','Film');
INSERT IGNORE INTO `Konten` VALUES ('John Wick: Chapter 3 - Parabellum','Wick on global run.',2019,'17+','Film');
INSERT IGNORE INTO `Konten` VALUES ('John Wick: Chapter 4','Wick targets High Table.',2023,'17+','Film');
INSERT IGNORE INTO `Konten` VALUES ('Mission: Impossible','Agent framed for murder.',1996,'13+','Film');
INSERT IGNORE INTO `Konten` VALUES ('Mission: Impossible - Fallout','Race against nuclear disaster.',2018,'13+','Film');
INSERT IGNORE INTO `Konten` VALUES ('Top Gun','Pilot seeks to be best.',1986,'13+','Film');
INSERT IGNORE INTO `Konten` VALUES ('Top Gun: Maverick','Veteran trains new aviators.',2022,'13+','Film');
INSERT IGNORE INTO `Konten` VALUES ('Gladiator','General seeks vengeance.',2000,'17+','Film');
INSERT IGNORE INTO `Konten` VALUES ('The Godfather','Crime dynasty shifts power.',1972,'17+','Film');
INSERT IGNORE INTO `Konten` VALUES ('The Godfather Part II','Corleone family origins.',1974,'17+','Film');
INSERT IGNORE INTO `Konten` VALUES ('Pulp Fiction','Interwoven crime stories.',1994,'17+','Film');
INSERT IGNORE INTO `Konten` VALUES ('Fight Club','Man starts underground clubs.',1999,'17+','Film');
INSERT IGNORE INTO `Konten` VALUES ('Forrest Gump','Man witnesses historical events.',1994,'13+','Film');
INSERT IGNORE INTO `Konten` VALUES ('The Shawshank Redemption','Hope inside prison.',1994,'17+','Film');
INSERT IGNORE INTO `Konten` VALUES ('Parasite','Class tension escalates.',2019,'17+','Film');
INSERT IGNORE INTO `Konten` VALUES ('Train to Busan','Zombie outbreak on train.',2016,'17+','Film');
INSERT IGNORE INTO `Konten` VALUES ('The Raid','SWAT trapped in tower.',2011,'17+','Film');
INSERT IGNORE INTO `Konten` VALUES ('The Raid 2','Undercover infiltration.',2014,'17+','Film');
INSERT IGNORE INTO `Konten` VALUES ('Gundala','Indonesian lightning hero.',2019,'13+','Film');
INSERT IGNORE INTO `Konten` VALUES ('Sri Asih','Warrior discovers heritage.',2022,'13+','Film');
INSERT IGNORE INTO `Konten` VALUES ('Pengabdi Setan','Family haunted by mother.',2017,'13+','Film');
INSERT IGNORE INTO `Konten` VALUES ('Pengabdi Setan 2: Communion','Terror follows to flats.',2022,'13+','Film');
INSERT IGNORE INTO `Konten` VALUES ('KKN di Desa Penari','Students face village entity.',2022,'13+','Film');
INSERT IGNORE INTO `Konten` VALUES ('Laskar Pelangi','Children pursue education.',2008,'SU','Film');
INSERT IGNORE INTO `Konten` VALUES ('Habibie & Ainun','Indonesian love story.',2012,'13+','Film');
INSERT IGNORE INTO `Konten` VALUES ('Dilan 1990','High school romance begins.',2018,'13+','Film');
INSERT IGNORE INTO `Konten` VALUES ('Dilan 1991','Relationship continues.',2019,'13+','Film');
INSERT IGNORE INTO `Konten` VALUES ('Milea: Suara dari Dilan','Dilan perspective retold.',2020,'13+','Film');
INSERT IGNORE INTO `Konten` VALUES ('Ada Apa Dengan Cinta?','Popular girl meets loner.',2002,'13+','Film');
INSERT IGNORE INTO `Konten` VALUES ('Ada Apa Dengan Cinta? 2','Reunion after years.',2016,'13+','Film');
INSERT IGNORE INTO `Konten` VALUES ('Cek Toko Sebelah','Son and father shop.',2016,'13+','Film');
INSERT IGNORE INTO `Konten` VALUES ('Ngeri-Ngeri Sedap','Parents fake divorce.',2022,'13+','Film');
INSERT IGNORE INTO `Konten` VALUES ('Mencuri Raden Saleh','Students plan art heist.',2022,'13+','Film');
INSERT IGNORE INTO `Konten` VALUES ('The Big 4','Retired assassins return.',2022,'17+','Film');
INSERT IGNORE INTO `Konten` VALUES ('Perempuan Tanah Jahanam','Woman uncovers village curse.',2019,'17+','Film');
INSERT IGNORE INTO `Konten` VALUES ('Satu Suro','House with spirit.',2019,'13+','Film');
INSERT IGNORE INTO `Konten` VALUES ('Sebelum Iblis Menjemput','Daughter visits eerie villa.',2018,'17+','Film');
INSERT IGNORE INTO `Konten` VALUES ('Ratu Ilmu Hitam','Dark past resurfaces.',2019,'17+','Film');
INSERT IGNORE INTO `Konten` VALUES ('Suzanna: Bernapas dalam Kubur','Murdered woman returns.',2018,'17+','Film');
INSERT IGNORE INTO `Konten` VALUES ('My Sassy Girl','Chaotic romance begins.',2001,'13+','Film');
INSERT IGNORE INTO `Konten` VALUES ('Oldboy','Man seeks revenge.',2003,'17+','Film');
INSERT IGNORE INTO `Konten` VALUES ('Memories of Murder','Detectives hunt killer.',2003,'17+','Film');
INSERT IGNORE INTO `Konten` VALUES ('Minari','Immigrant family farms.',2020,'13+','Film');
INSERT IGNORE INTO `Konten` VALUES ('Decision to Leave','Detective meets widow.',2022,'17+','Film');
INSERT IGNORE INTO `Konten` VALUES ('Broker','Baby left in box.',2022,'13+','Film');
INSERT IGNORE INTO `Konten` VALUES ('Burning','Encounter sparks mystery.',2018,'17+','Film');
INSERT IGNORE INTO `Konten` VALUES ('Extreme Job','Cops run chicken joint.',2019,'13+','Film');
INSERT IGNORE INTO `Konten` VALUES ('Exit','Climber saves people.',2019,'13+','Film');
INSERT IGNORE INTO `Konten` VALUES ('Along With the Gods: The Two Worlds','Firefighter faces afterlife.',2017,'13+','Film');
INSERT IGNORE INTO `Konten` VALUES ('Along With the Gods: The Last 49 Days','Guardians continue mission.',2018,'13+','Film');
INSERT IGNORE INTO `Konten` VALUES ('The Wailing','Stranger brings sickness.',2016,'17+','Film');
INSERT IGNORE INTO `Konten` VALUES ('I Saw the Devil','Agent hunts killer.',2010,'17+','Film');
INSERT IGNORE INTO `Konten` VALUES ('A Taxi Driver','Driver aids reporter.',2017,'13+','Film');
INSERT IGNORE INTO `Konten` VALUES ('Miracle in Cell No. 7','Wrongfully jailed father.',2013,'13+','Film');
INSERT IGNORE INTO `Konten` VALUES ('Harry Potter and the Sorcerers Stone','Boy learns he is wizard.',2001,'SU','Film');
INSERT IGNORE INTO `Konten` VALUES ('Harry Potter and the Chamber of Secrets','Second year danger.',2002,'SU','Film');
INSERT IGNORE INTO `Konten` VALUES ('Harry Potter and the Prisoner of Azkaban','Sirius Black mystery.',2004,'SU','Film');
INSERT IGNORE INTO `Konten` VALUES ('Harry Potter and the Goblet of Fire','Dangerous tournament.',2005,'13+','Film');
INSERT IGNORE INTO `Konten` VALUES ('Harry Potter and the Order of the Phoenix','Resistance forms.',2007,'13+','Film');
INSERT IGNORE INTO `Konten` VALUES ('Harry Potter and the Half-Blood Prince','Old book secrets.',2009,'13+','Film');
INSERT IGNORE INTO `Konten` VALUES ('Harry Potter and the Deathly Hallows: Part 1','Hunt Horcruxes.',2010,'13+','Film');
INSERT IGNORE INTO `Konten` VALUES ('Harry Potter and the Deathly Hallows: Part 2','Final battle.',2011,'13+','Film');
INSERT IGNORE INTO `Konten` VALUES ('Fantastic Beasts and Where to Find Them','Magizoologist in New York.',2016,'13+','Film');
INSERT IGNORE INTO `Konten` VALUES ('Fantastic Beasts: The Crimes of Grindelwald','Dark wizard rises.',2018,'13+','Film');
INSERT IGNORE INTO `Konten` VALUES ('Fantastic Beasts: The Secrets of Dumbledore','Mission against Grindelwald.',2022,'13+','Film');
INSERT IGNORE INTO `Konten` VALUES ('The Lord of the Rings: The Fellowship of the Ring','Ring bearer begins quest.',2001,'13+','Film');
INSERT IGNORE INTO `Konten` VALUES ('The Lord of the Rings: The Two Towers','Journey continues.',2002,'13+','Film');
INSERT IGNORE INTO `Konten` VALUES ('The Lord of the Rings: The Return of the King','War for Middle-earth.',2003,'13+','Film');
INSERT IGNORE INTO `Konten` VALUES ('The Hobbit: An Unexpected Journey','Bilbo joins dwarves.',2012,'13+','Film');
INSERT IGNORE INTO `Konten` VALUES ('The Hobbit: The Desolation of Smaug','Smaug confrontation.',2013,'13+','Film');
INSERT IGNORE INTO `Konten` VALUES ('The Hobbit: The Battle of the Five Armies','Armies clash.',2014,'13+','Film');
INSERT IGNORE INTO `Konten` VALUES ('Pirates of the Caribbean: The Curse of the Black Pearl','Blacksmith meets pirate.',2003,'13+','Film');
INSERT IGNORE INTO `Konten` VALUES ('Pirates of the Caribbean: Dead Mans Chest','Heart of Davy Jones.',2006,'13+','Film');
INSERT IGNORE INTO `Konten` VALUES ('Pirates of the Caribbean: At Worlds End','Sail off the map.',2007,'13+','Film');
INSERT IGNORE INTO `Konten` VALUES ('Jurassic Park','Theme park experiment.',1993,'13+','Film');
INSERT IGNORE INTO `Konten` VALUES ('Jurassic World','New dinosaur park.',2015,'13+','Film');
INSERT IGNORE INTO `Konten` VALUES ('Jurassic World: Fallen Kingdom','Rescue operation.',2018,'13+','Film');
INSERT IGNORE INTO `Konten` VALUES ('Jaws','Shark terrorizes beach.',1975,'17+','Film');
INSERT IGNORE INTO `Konten` VALUES ('E.T. the Extra-Terrestrial','Child befriends alien.',1982,'SU','Film');
INSERT IGNORE INTO `Konten` VALUES ('Back to the Future','Teen travels to past.',1985,'SU','Film');
INSERT IGNORE INTO `Konten` VALUES ('Back to the Future Part II','Visit to future.',1989,'SU','Film');
INSERT IGNORE INTO `Konten` VALUES ('Back to the Future Part III','Adventure in 1885.',1990,'SU','Film');
INSERT IGNORE INTO `Konten` VALUES ('Star Wars: Episode IV - A New Hope','Farm boy joins Rebellion.',1977,'SU','Film');
INSERT IGNORE INTO `Konten` VALUES ('Star Wars: Episode V - The Empire Strikes Back','Rebels suffer setback.',1980,'SU','Film');
INSERT IGNORE INTO `Konten` VALUES ('Star Wars: Episode VI - Return of the Jedi','Final battle empire.',1983,'SU','Film');
INSERT IGNORE INTO `Konten` VALUES ('Star Wars: Episode I - The Phantom Menace','Trade dispute escalates.',1999,'SU','Film');
INSERT IGNORE INTO `Konten` VALUES ('Star Wars: Episode II - Attack of the Clones','Clone army forms.',2002,'SU','Film');
INSERT IGNORE INTO `Konten` VALUES ('Star Wars: Episode III - Revenge of the Sith','Fall of Jedi.',2005,'13+','Film');
INSERT IGNORE INTO `Konten` VALUES ('Captain Marvel','Pilot gains powers.',2019,'13+','Film');
INSERT IGNORE INTO `Konten` VALUES ('Guardians of the Galaxy','Band of misfits saves.',2014,'13+','Film');
INSERT IGNORE INTO `Konten` VALUES ('Guardians of the Galaxy Vol. 2','Family issues test.',2017,'13+','Film');
INSERT IGNORE INTO `Konten` VALUES ('Guardians of the Galaxy Vol. 3','Final journey.',2023,'13+','Film');
INSERT IGNORE INTO `Konten` VALUES ('Black Panther: Wakanda Forever','Nation mourns & defends.',2022,'13+','Film');
INSERT IGNORE INTO `Konten` VALUES ('Tougen Anki','Teen discovers heritage.',2025,'13+','Serial_TV');
INSERT IGNORE INTO `Konten` VALUES ('Loki','God of Mischief branches timelines.',2021,'13+','Serial_TV');
INSERT IGNORE INTO `Konten` VALUES ('WandaVision','Reality-bending suburban mystery.',2021,'13+','Serial_TV');
INSERT IGNORE INTO `Konten` VALUES ('Hawkeye','Archer mentors protégé.',2021,'13+','Serial_TV');
INSERT IGNORE INTO `Konten` VALUES ('Moon Knight','Vigilante with alters.',2022,'13+','Serial_TV');
INSERT IGNORE INTO `Konten` VALUES ('She-Hulk: Attorney at Law','Lawyer gains Hulk powers.',2022,'13+','Serial_TV');
INSERT IGNORE INTO `Konten` VALUES ('The Falcon and the Winter Soldier','Partners face new threats.',2021,'13+','Serial_TV');
INSERT IGNORE INTO `Konten` VALUES ('Daredevil','Blind lawyer fights crime.',2015,'17+','Serial_TV');
INSERT IGNORE INTO `Konten` VALUES ('Jessica Jones','PI with super strength.',2015,'17+','Serial_TV');
INSERT IGNORE INTO `Konten` VALUES ('The Punisher','Vigilante seeks justice.',2017,'17+','Serial_TV');
INSERT IGNORE INTO `Konten` VALUES ('Agents of S.H.I.E.L.D.','Team handles powered cases.',2013,'13+','Serial_TV');
INSERT IGNORE INTO `Konten` VALUES ('Luke Cage','Man with unbreakable skin.',2016,'17+','Serial_TV');
INSERT IGNORE INTO `Konten` VALUES ('Iron Fist','Martial artist with chi.',2017,'13+','Serial_TV');
INSERT IGNORE INTO `Konten` VALUES ('Secret Invasion','Skrull infiltration unfolds.',2023,'13+','Serial_TV');
INSERT IGNORE INTO `Konten` VALUES ('What If...?','Alternate timeline tales.',2021,'13+','Serial_TV');

-- ================= FILM spesialisasi (durasi,sutradara NULL) =================
INSERT IGNORE INTO `Film` VALUES ('Iron Man',NULL,NULL);
INSERT IGNORE INTO `Film` VALUES ('Iron Man 2',NULL,NULL);
INSERT IGNORE INTO `Film` VALUES ('Iron Man 3',NULL,NULL);
INSERT IGNORE INTO `Film` VALUES ('The Avengers',NULL,NULL);
INSERT IGNORE INTO `Film` VALUES ('Avengers: Age of Ultron',NULL,NULL);
INSERT IGNORE INTO `Film` VALUES ('Avengers: Infinity War',NULL,NULL);
INSERT IGNORE INTO `Film` VALUES ('Avengers: Endgame',NULL,NULL);
INSERT IGNORE INTO `Film` VALUES ('Thor',NULL,NULL);
INSERT IGNORE INTO `Film` VALUES ('Thor: The Dark World',NULL,NULL);
INSERT IGNORE INTO `Film` VALUES ('Thor: Ragnarok',NULL,NULL);
INSERT IGNORE INTO `Film` VALUES ('Captain America: The First Avenger',NULL,NULL);
INSERT IGNORE INTO `Film` VALUES ('Captain America: The Winter Soldier',NULL,NULL);
INSERT IGNORE INTO `Film` VALUES ('Captain America: Civil War',NULL,NULL);
INSERT IGNORE INTO `Film` VALUES ('Black Panther',NULL,NULL);
INSERT IGNORE INTO `Film` VALUES ('Doctor Strange',NULL,NULL);
INSERT IGNORE INTO `Film` VALUES ('Doctor Strange in the Multiverse of Madness',NULL,NULL);
INSERT IGNORE INTO `Film` VALUES ('Spider-Man: Homecoming',NULL,NULL);
INSERT IGNORE INTO `Film` VALUES ('Spider-Man: Far From Home',NULL,NULL);
INSERT IGNORE INTO `Film` VALUES ('Spider-Man: No Way Home',NULL,NULL);
INSERT IGNORE INTO `Film` VALUES ('Ant-Man',NULL,NULL);
INSERT IGNORE INTO `Film` VALUES ('Ant-Man and the Wasp',NULL,NULL);
INSERT IGNORE INTO `Film` VALUES ('Black Widow',NULL,NULL);
INSERT IGNORE INTO `Film` VALUES ('Shang-Chi and the Legend of the Ten Rings',NULL,NULL);
INSERT IGNORE INTO `Film` VALUES ('Eternals',NULL,NULL);
INSERT IGNORE INTO `Film` VALUES ('Inception',NULL,NULL);
INSERT IGNORE INTO `Film` VALUES ('The Dark Knight',NULL,NULL);
INSERT IGNORE INTO `Film` VALUES ('The Dark Knight Rises',NULL,NULL);
INSERT IGNORE INTO `Film` VALUES ('Batman Begins',NULL,NULL);
INSERT IGNORE INTO `Film` VALUES ('Interstellar',NULL,NULL);
INSERT IGNORE INTO `Film` VALUES ('Dunkirk',NULL,NULL);
INSERT IGNORE INTO `Film` VALUES ('Tenet',NULL,NULL);
INSERT IGNORE INTO `Film` VALUES ('Oppenheimer',NULL,NULL);
INSERT IGNORE INTO `Film` VALUES ('Joker',NULL,NULL);
INSERT IGNORE INTO `Film` VALUES ('Titanic',NULL,NULL);
INSERT IGNORE INTO `Film` VALUES ('Avatar',NULL,NULL);
INSERT IGNORE INTO `Film` VALUES ('Avatar: The Way of Water',NULL,NULL);
INSERT IGNORE INTO `Film` VALUES ('The Matrix',NULL,NULL);
INSERT IGNORE INTO `Film` VALUES ('The Matrix Reloaded',NULL,NULL);
INSERT IGNORE INTO `Film` VALUES ('The Matrix Revolutions',NULL,NULL);
INSERT IGNORE INTO `Film` VALUES ('John Wick',NULL,NULL);
INSERT IGNORE INTO `Film` VALUES ('John Wick: Chapter 2',NULL,NULL);
INSERT IGNORE INTO `Film` VALUES ('John Wick: Chapter 3 - Parabellum',NULL,NULL);
INSERT IGNORE INTO `Film` VALUES ('John Wick: Chapter 4',NULL,NULL);
INSERT IGNORE INTO `Film` VALUES ('Mission: Impossible',NULL,NULL);
INSERT IGNORE INTO `Film` VALUES ('Mission: Impossible - Fallout',NULL,NULL);
INSERT IGNORE INTO `Film` VALUES ('Top Gun',NULL,NULL);
INSERT IGNORE INTO `Film` VALUES ('Top Gun: Maverick',NULL,NULL);
INSERT IGNORE INTO `Film` VALUES ('Gladiator',NULL,NULL);
INSERT IGNORE INTO `Film` VALUES ('The Godfather',NULL,NULL);
INSERT IGNORE INTO `Film` VALUES ('The Godfather Part II',NULL,NULL);
INSERT IGNORE INTO `Film` VALUES ('Pulp Fiction',NULL,NULL);
INSERT IGNORE INTO `Film` VALUES ('Fight Club',NULL,NULL);
INSERT IGNORE INTO `Film` VALUES ('Forrest Gump',NULL,NULL);
INSERT IGNORE INTO `Film` VALUES ('The Shawshank Redemption',NULL,NULL);
INSERT IGNORE INTO `Film` VALUES ('Parasite',NULL,NULL);
INSERT IGNORE INTO `Film` VALUES ('Train to Busan',NULL,NULL);
INSERT IGNORE INTO `Film` VALUES ('The Raid',NULL,NULL);
INSERT IGNORE INTO `Film` VALUES ('The Raid 2',NULL,NULL);
INSERT IGNORE INTO `Film` VALUES ('Gundala',NULL,NULL);
INSERT IGNORE INTO `Film` VALUES ('Sri Asih',NULL,NULL);
INSERT IGNORE INTO `Film` VALUES ('Pengabdi Setan',NULL,NULL);
INSERT IGNORE INTO `Film` VALUES ('Pengabdi Setan 2: Communion',NULL,NULL);
INSERT IGNORE INTO `Film` VALUES ('KKN di Desa Penari',NULL,NULL);
INSERT IGNORE INTO `Film` VALUES ('Laskar Pelangi',NULL,NULL);
INSERT IGNORE INTO `Film` VALUES ('Habibie & Ainun',NULL,NULL);
INSERT IGNORE INTO `Film` VALUES ('Dilan 1990',NULL,NULL);
INSERT IGNORE INTO `Film` VALUES ('Dilan 1991',NULL,NULL);
INSERT IGNORE INTO `Film` VALUES ('Milea: Suara dari Dilan',NULL,NULL);
INSERT IGNORE INTO `Film` VALUES ('Ada Apa Dengan Cinta?',NULL,NULL);
INSERT IGNORE INTO `Film` VALUES ('Ada Apa Dengan Cinta? 2',NULL,NULL);
INSERT IGNORE INTO `Film` VALUES ('Cek Toko Sebelah',NULL,NULL);
INSERT IGNORE INTO `Film` VALUES ('Ngeri-Ngeri Sedap',NULL,NULL);
INSERT IGNORE INTO `Film` VALUES ('Mencuri Raden Saleh',NULL,NULL);
INSERT IGNORE INTO `Film` VALUES ('The Big 4',NULL,NULL);
INSERT IGNORE INTO `Film` VALUES ('Perempuan Tanah Jahanam',NULL,NULL);
INSERT IGNORE INTO `Film` VALUES ('Satu Suro',NULL,NULL);
INSERT IGNORE INTO `Film` VALUES ('Sebelum Iblis Menjemput',NULL,NULL);
INSERT IGNORE INTO `Film` VALUES ('Ratu Ilmu Hitam',NULL,NULL);
INSERT IGNORE INTO `Film` VALUES ('Suzanna: Bernapas dalam Kubur',NULL,NULL);
INSERT IGNORE INTO `Film` VALUES ('My Sassy Girl',NULL,NULL);
INSERT IGNORE INTO `Film` VALUES ('Oldboy',NULL,NULL);
INSERT IGNORE INTO `Film` VALUES ('Memories of Murder',NULL,NULL);
INSERT IGNORE INTO `Film` VALUES ('Minari',NULL,NULL);
INSERT IGNORE INTO `Film` VALUES ('Decision to Leave',NULL,NULL);
INSERT IGNORE INTO `Film` VALUES ('Broker',NULL,NULL);
INSERT IGNORE INTO `Film` VALUES ('Burning',NULL,NULL);
INSERT IGNORE INTO `Film` VALUES ('Extreme Job',NULL,NULL);
INSERT IGNORE INTO `Film` VALUES ('Exit',NULL,NULL);
INSERT IGNORE INTO `Film` VALUES ('Along With the Gods: The Two Worlds',NULL,NULL);
INSERT IGNORE INTO `Film` VALUES ('Along With the Gods: The Last 49 Days',NULL,NULL);
INSERT IGNORE INTO `Film` VALUES ('The Wailing',NULL,NULL);
INSERT IGNORE INTO `Film` VALUES ('I Saw the Devil',NULL,NULL);
INSERT IGNORE INTO `Film` VALUES ('A Taxi Driver',NULL,NULL);
INSERT IGNORE INTO `Film` VALUES ('Miracle in Cell No. 7',NULL,NULL);
INSERT IGNORE INTO `Film` VALUES ('Harry Potter and the Sorcerers Stone',NULL,NULL);
INSERT IGNORE INTO `Film` VALUES ('Harry Potter and the Chamber of Secrets',NULL,NULL);
INSERT IGNORE INTO `Film` VALUES ('Harry Potter and the Prisoner of Azkaban',NULL,NULL);
INSERT IGNORE INTO `Film` VALUES ('Harry Potter and the Goblet of Fire',NULL,NULL);
INSERT IGNORE INTO `Film` VALUES ('Harry Potter and the Order of the Phoenix',NULL,NULL);
INSERT IGNORE INTO `Film` VALUES ('Harry Potter and the Half-Blood Prince',NULL,NULL);
INSERT IGNORE INTO `Film` VALUES ('Harry Potter and the Deathly Hallows: Part 1',NULL,NULL);
INSERT IGNORE INTO `Film` VALUES ('Harry Potter and the Deathly Hallows: Part 2',NULL,NULL);
INSERT IGNORE INTO `Film` VALUES ('Fantastic Beasts and Where to Find Them',NULL,NULL);
INSERT IGNORE INTO `Film` VALUES ('Fantastic Beasts: The Crimes of Grindelwald',NULL,NULL);
INSERT IGNORE INTO `Film` VALUES ('Fantastic Beasts: The Secrets of Dumbledore',NULL,NULL);
INSERT IGNORE INTO `Film` VALUES ('The Lord of the Rings: The Fellowship of the Ring',NULL,NULL);
INSERT IGNORE INTO `Film` VALUES ('The Lord of the Rings: The Two Towers',NULL,NULL);
INSERT IGNORE INTO `Film` VALUES ('The Lord of the Rings: The Return of the King',NULL,NULL);
INSERT IGNORE INTO `Film` VALUES ('The Hobbit: An Unexpected Journey',NULL,NULL);
INSERT IGNORE INTO `Film` VALUES ('The Hobbit: The Desolation of Smaug',NULL,NULL);
INSERT IGNORE INTO `Film` VALUES ('The Hobbit: The Battle of the Five Armies',NULL,NULL);
INSERT IGNORE INTO `Film` VALUES ('Pirates of the Caribbean: The Curse of the Black Pearl',NULL,NULL);
INSERT IGNORE INTO `Film` VALUES ('Pirates of the Caribbean: Dead Mans Chest',NULL,NULL);
INSERT IGNORE INTO `Film` VALUES ('Pirates of the Caribbean: At Worlds End',NULL,NULL);
INSERT IGNORE INTO `Film` VALUES ('Jurassic Park',NULL,NULL);
INSERT IGNORE INTO `Film` VALUES ('Jurassic World',NULL,NULL);
INSERT IGNORE INTO `Film` VALUES ('Jurassic World: Fallen Kingdom',NULL,NULL);
INSERT IGNORE INTO `Film` VALUES ('Jaws',NULL,NULL);
INSERT IGNORE INTO `Film` VALUES ('E.T. the Extra-Terrestrial',NULL,NULL);
INSERT IGNORE INTO `Film` VALUES ('Back to the Future',NULL,NULL);
INSERT IGNORE INTO `Film` VALUES ('Back to the Future Part II',NULL,NULL);
INSERT IGNORE INTO `Film` VALUES ('Back to the Future Part III',NULL,NULL);
INSERT IGNORE INTO `Film` VALUES ('Star Wars: Episode IV - A New Hope',NULL,NULL);
INSERT IGNORE INTO `Film` VALUES ('Star Wars: Episode V - The Empire Strikes Back',NULL,NULL);
INSERT IGNORE INTO `Film` VALUES ('Star Wars: Episode VI - Return of the Jedi',NULL,NULL);
INSERT IGNORE INTO `Film` VALUES ('Star Wars: Episode I - The Phantom Menace',NULL,NULL);
INSERT IGNORE INTO `Film` VALUES ('Star Wars: Episode II - Attack of the Clones',NULL,NULL);
INSERT IGNORE INTO `Film` VALUES ('Star Wars: Episode III - Revenge of the Sith',NULL,NULL);
INSERT IGNORE INTO `Film` VALUES ('Captain Marvel',NULL,NULL);
INSERT IGNORE INTO `Film` VALUES ('Guardians of the Galaxy',NULL,NULL);
INSERT IGNORE INTO `Film` VALUES ('Guardians of the Galaxy Vol. 2',NULL,NULL);
INSERT IGNORE INTO `Film` VALUES ('Guardians of the Galaxy Vol. 3',NULL,NULL);
INSERT IGNORE INTO `Film` VALUES ('Black Panther: Wakanda Forever',NULL,NULL);

-- ================= SERIAL_TV spesialisasi (total_season NULL; sudah digabung) =================
INSERT IGNORE INTO `Serial_TV` VALUES ('Tougen Anki',NULL),
('Loki',NULL),('WandaVision',NULL),('Hawkeye',NULL),('Moon Knight',NULL),('She-Hulk: Attorney at Law',NULL),('The Falcon and the Winter Soldier',NULL),('Daredevil',NULL),('Jessica Jones',NULL),('The Punisher',NULL),('Agents of S.H.I.E.L.D.',NULL),('Luke Cage',NULL),('Iron Fist',NULL),('Secret Invasion',NULL),('What If...?',NULL),
('Breaking Bad',NULL),('Better Call Saul',NULL),('Game of Thrones',NULL),('House of the Dragon',NULL),('Stranger Things',NULL),('The Witcher',NULL),('The Mandalorian',NULL),('The Last of Us',NULL),('Peaky Blinders',NULL),('Sherlock',NULL),('Dexter',NULL),('Homeland',NULL),('Westworld',NULL),('True Detective',NULL),('The Boys',NULL),('Invincible',NULL),('The Umbrella Academy',NULL),('Narcos',NULL),('Money Heist',NULL),('Dark',NULL),('Chernobyl',NULL),('Black Mirror',NULL),('Fargo',NULL),('Lost',NULL),('Prison Break',NULL),('24',NULL),('The Office',NULL),('Friends',NULL),('How I Met Your Mother',NULL),('Seinfeld',NULL),('Modern Family',NULL),('Brooklyn Nine-Nine',NULL),('Parks and Recreation',NULL),('Suits',NULL),('House',NULL),('Greys Anatomy',NULL),('CSI: Crime Scene Investigation',NULL),('NCIS',NULL),('Criminal Minds',NULL),('Law & Order: Special Victims Unit',NULL),('Supernatural',NULL),('Smallville',NULL),('Arrow',NULL),('The Flash',NULL),('DCs Legends of Tomorrow',NULL),('Gotham',NULL),('Titans',NULL),('Doom Patrol',NULL),('The Expanse',NULL),('Battlestar Galactica',NULL),('Firefly',NULL),('Fringe',NULL),('The Walking Dead',NULL),('Fear the Walking Dead',NULL),('Hannibal',NULL),('Vikings',NULL),('Vikings: Valhalla',NULL),('Black Sails',NULL),('Rome',NULL),('Spartacus',NULL),('Teen Wolf',NULL),('Riverdale',NULL),('Lucifer',NULL),('Sense8',NULL),('Mr. Robot',NULL),('The Crown',NULL),('The Handmaids Tale',NULL),('Yellowstone',NULL),('Ozark',NULL),('Mad Men',NULL),('Boardwalk Empire',NULL),('Mare of Easttown',NULL),('Succession',NULL),('Severance',NULL),('Andor',NULL),('Obi-Wan Kenobi',NULL),('Ahsoka',NULL),('Star Trek: Discovery',NULL),('Star Trek: Picard',NULL),('The Good Doctor',NULL),('This Is Us',NULL),('The Mentalist',NULL),('Person of Interest',NULL),('Elementary',NULL),('His Dark Materials',NULL),('The Sandman',NULL),('Love, Death & Robots',NULL),('Arcane',NULL),('Castlevania',NULL),('The Dragon Prince',NULL),('Avatar: The Last Airbender',NULL),('The Legend of Korra',NULL),('Squid Game',NULL),('Kingdom',NULL),('Crash Landing on You',NULL),('Goblin',NULL),('Descendants of the Sun',NULL),('Itaewon Class',NULL),('Vincenzo',NULL),('Reply 1988',NULL),('Signal',NULL),('Hospital Playlist',NULL),('My Mister',NULL),('All of Us Are Dead',NULL),('Sweet Home',NULL),('Extraordinary Attorney Woo',NULL),('Hellbound',NULL),('Attack on Titan',NULL),('Naruto',NULL),('Naruto Shippuden',NULL),('Bleach',NULL),('One Piece',NULL),('Demon Slayer',NULL),('Jujutsu Kaisen',NULL),('My Hero Academia',NULL),('Fullmetal Alchemist: Brotherhood',NULL),('Death Note',NULL),('Hunter x Hunter',NULL),('Chainsaw Man',NULL),('Tokyo Ghoul',NULL),('Sword Art Online',NULL),('Black Clover',NULL),('Fairy Tail',NULL),('Haikyuu!!',NULL),('Blue Lock',NULL),('Spy x Family',NULL),('Dr. Stone',NULL),('Mob Psycho 100',NULL),('Vinland Saga',NULL),('Layangan Putus',NULL),('Gadis Kretek',NULL),('Tira',NULL),('Turn On',NULL),('Wedding Agreement The Series',NULL),('Virgin The Series',NULL);

-- ================= GENRE_KONTEN (>=150 rows, at least 1 per konten; subset examples) =================
INSERT IGNORE INTO `Genre_Konten` VALUES ('Iron Man',1);
INSERT IGNORE INTO `Genre_Konten` VALUES ('Iron Man',6);
INSERT IGNORE INTO `Genre_Konten` VALUES ('Iron Man 2',1);
INSERT IGNORE INTO `Genre_Konten` VALUES ('Iron Man 3',1);
INSERT IGNORE INTO `Genre_Konten` VALUES ('The Avengers',1);
INSERT IGNORE INTO `Genre_Konten` VALUES ('The Avengers',6);
INSERT IGNORE INTO `Genre_Konten` VALUES ('Avengers: Age of Ultron',1);
INSERT IGNORE INTO `Genre_Konten` VALUES ('Avengers: Infinity War',1);
INSERT IGNORE INTO `Genre_Konten` VALUES ('Avengers: Endgame',1);
INSERT IGNORE INTO `Genre_Konten` VALUES ('Thor',1);
INSERT IGNORE INTO `Genre_Konten` VALUES ('Thor',10);
INSERT IGNORE INTO `Genre_Konten` VALUES ('Thor: Ragnarok',1);
INSERT IGNORE INTO `Genre_Konten` VALUES ('Captain America: The First Avenger',1);
INSERT IGNORE INTO `Genre_Konten` VALUES ('Captain America: The Winter Soldier',1);
INSERT IGNORE INTO `Genre_Konten` VALUES ('Captain America: Civil War',1);
INSERT IGNORE INTO `Genre_Konten` VALUES ('Black Panther',1);
INSERT IGNORE INTO `Genre_Konten` VALUES ('Doctor Strange',6);
INSERT IGNORE INTO `Genre_Konten` VALUES ('Doctor Strange in the Multiverse of Madness',6);
INSERT IGNORE INTO `Genre_Konten` VALUES ('Spider-Man: Homecoming',1);
INSERT IGNORE INTO `Genre_Konten` VALUES ('Spider-Man: Far From Home',1);
INSERT IGNORE INTO `Genre_Konten` VALUES ('Spider-Man: No Way Home',1);
INSERT IGNORE INTO `Genre_Konten` VALUES ('Ant-Man',1);
INSERT IGNORE INTO `Genre_Konten` VALUES ('Ant-Man and the Wasp',1);
INSERT IGNORE INTO `Genre_Konten` VALUES ('Black Widow',1);
INSERT IGNORE INTO `Genre_Konten` VALUES ('Shang-Chi and the Legend of the Ten Rings',1);
INSERT IGNORE INTO `Genre_Konten` VALUES ('Eternals',6);
INSERT IGNORE INTO `Genre_Konten` VALUES ('Inception',6);
INSERT IGNORE INTO `Genre_Konten` VALUES ('The Dark Knight',2);
INSERT IGNORE INTO `Genre_Konten` VALUES ('The Dark Knight Rises',2);
INSERT IGNORE INTO `Genre_Konten` VALUES ('Batman Begins',2);
INSERT IGNORE INTO `Genre_Konten` VALUES ('Interstellar',6);
INSERT IGNORE INTO `Genre_Konten` VALUES ('Dunkirk',4);
INSERT IGNORE INTO `Genre_Konten` VALUES ('Tenet',6);
INSERT IGNORE INTO `Genre_Konten` VALUES ('Oppenheimer',14);
INSERT IGNORE INTO `Genre_Konten` VALUES ('Joker',4);
INSERT IGNORE INTO `Genre_Konten` VALUES ('Titanic',8);
INSERT IGNORE INTO `Genre_Konten` VALUES ('Avatar',9);
INSERT IGNORE INTO `Genre_Konten` VALUES ('Avatar: The Way of Water',9);
INSERT IGNORE INTO `Genre_Konten` VALUES ('The Matrix',6);
INSERT IGNORE INTO `Genre_Konten` VALUES ('The Matrix Reloaded',6);
INSERT IGNORE INTO `Genre_Konten` VALUES ('The Matrix Revolutions',6);
INSERT IGNORE INTO `Genre_Konten` VALUES ('John Wick',3);
INSERT IGNORE INTO `Genre_Konten` VALUES ('John Wick: Chapter 2',3);
INSERT IGNORE INTO `Genre_Konten` VALUES ('John Wick: Chapter 3 - Parabellum',3);
INSERT IGNORE INTO `Genre_Konten` VALUES ('John Wick: Chapter 4',3);
INSERT IGNORE INTO `Genre_Konten` VALUES ('Mission: Impossible',1);
INSERT IGNORE INTO `Genre_Konten` VALUES ('Mission: Impossible - Fallout',1);
INSERT IGNORE INTO `Genre_Konten` VALUES ('Top Gun',1);
INSERT IGNORE INTO `Genre_Konten` VALUES ('Top Gun: Maverick',1);
INSERT IGNORE INTO `Genre_Konten` VALUES ('Gladiator',15);
INSERT IGNORE INTO `Genre_Konten` VALUES ('The Godfather',2);
INSERT IGNORE INTO `Genre_Konten` VALUES ('The Godfather Part II',2);
INSERT IGNORE INTO `Genre_Konten` VALUES ('Pulp Fiction',2);
INSERT IGNORE INTO `Genre_Konten` VALUES ('Fight Club',4);
INSERT IGNORE INTO `Genre_Konten` VALUES ('Forrest Gump',4);
INSERT IGNORE INTO `Genre_Konten` VALUES ('The Shawshank Redemption',4);
INSERT IGNORE INTO `Genre_Konten` VALUES ('Parasite',3);
INSERT IGNORE INTO `Genre_Konten` VALUES ('Train to Busan',7);
INSERT IGNORE INTO `Genre_Konten` VALUES ('The Raid',1);
INSERT IGNORE INTO `Genre_Konten` VALUES ('The Raid 2',1);
INSERT IGNORE INTO `Genre_Konten` VALUES ('Gundala',1);
INSERT IGNORE INTO `Genre_Konten` VALUES ('Sri Asih',1);
INSERT IGNORE INTO `Genre_Konten` VALUES ('Pengabdi Setan',7);
INSERT IGNORE INTO `Genre_Konten` VALUES ('Pengabdi Setan 2: Communion',7);
INSERT IGNORE INTO `Genre_Konten` VALUES ('KKN di Desa Penari',7);
INSERT IGNORE INTO `Genre_Konten` VALUES ('Laskar Pelangi',13);
INSERT IGNORE INTO `Genre_Konten` VALUES ('Habibie & Ainun',8);
INSERT IGNORE INTO `Genre_Konten` VALUES ('Dilan 1990',8);
INSERT IGNORE INTO `Genre_Konten` VALUES ('Dilan 1991',8);
INSERT IGNORE INTO `Genre_Konten` VALUES ('Milea: Suara dari Dilan',8);
INSERT IGNORE INTO `Genre_Konten` VALUES ('Ada Apa Dengan Cinta?',8);
INSERT IGNORE INTO `Genre_Konten` VALUES ('Ada Apa Dengan Cinta? 2',8);
INSERT IGNORE INTO `Genre_Konten` VALUES ('Cek Toko Sebelah',5);
INSERT IGNORE INTO `Genre_Konten` VALUES ('Ngeri-Ngeri Sedap',5);
INSERT IGNORE INTO `Genre_Konten` VALUES ('Mencuri Raden Saleh',2);
INSERT IGNORE INTO `Genre_Konten` VALUES ('The Big 4',1);
INSERT IGNORE INTO `Genre_Konten` VALUES ('Perempuan Tanah Jahanam',7);
INSERT IGNORE INTO `Genre_Konten` VALUES ('Satu Suro',7);
INSERT IGNORE INTO `Genre_Konten` VALUES ('Sebelum Iblis Menjemput',7);
INSERT IGNORE INTO `Genre_Konten` VALUES ('Ratu Ilmu Hitam',7);
INSERT IGNORE INTO `Genre_Konten` VALUES ('Suzanna: Bernapas dalam Kubur',7);
INSERT IGNORE INTO `Genre_Konten` VALUES ('My Sassy Girl',8);
INSERT IGNORE INTO `Genre_Konten` VALUES ('Oldboy',3);
INSERT IGNORE INTO `Genre_Konten` VALUES ('Memories of Murder',12);
INSERT IGNORE INTO `Genre_Konten` VALUES ('Minari',4);
INSERT IGNORE INTO `Genre_Konten` VALUES ('Decision to Leave',12);
INSERT IGNORE INTO `Genre_Konten` VALUES ('Broker',4);
INSERT IGNORE INTO `Genre_Konten` VALUES ('Burning',3);
INSERT IGNORE INTO `Genre_Konten` VALUES ('Extreme Job',5);
INSERT IGNORE INTO `Genre_Konten` VALUES ('Exit',1);
INSERT IGNORE INTO `Genre_Konten` VALUES ('Along With the Gods: The Two Worlds',10);
INSERT IGNORE INTO `Genre_Konten` VALUES ('Along With the Gods: The Last 49 Days',10);
INSERT IGNORE INTO `Genre_Konten` VALUES ('The Wailing',7);
INSERT IGNORE INTO `Genre_Konten` VALUES ('I Saw the Devil',3);
INSERT IGNORE INTO `Genre_Konten` VALUES ('A Taxi Driver',4);
INSERT IGNORE INTO `Genre_Konten` VALUES ('Miracle in Cell No. 7',4);
INSERT IGNORE INTO `Genre_Konten` VALUES ('Harry Potter and the Sorcerers Stone',10);
INSERT IGNORE INTO `Genre_Konten` VALUES ('Harry Potter and the Chamber of Secrets',10);
INSERT IGNORE INTO `Genre_Konten` VALUES ('Harry Potter and the Prisoner of Azkaban',10);
INSERT IGNORE INTO `Genre_Konten` VALUES ('Harry Potter and the Goblet of Fire',10);
INSERT IGNORE INTO `Genre_Konten` VALUES ('Harry Potter and the Order of the Phoenix',10);
INSERT IGNORE INTO `Genre_Konten` VALUES ('Harry Potter and the Half-Blood Prince',10);
INSERT IGNORE INTO `Genre_Konten` VALUES ('Harry Potter and the Deathly Hallows: Part 1',10);
INSERT IGNORE INTO `Genre_Konten` VALUES ('Harry Potter and the Deathly Hallows: Part 2',10);
INSERT IGNORE INTO `Genre_Konten` VALUES ('Fantastic Beasts and Where to Find Them',10);
INSERT IGNORE INTO `Genre_Konten` VALUES ('Fantastic Beasts: The Crimes of Grindelwald',10);
INSERT IGNORE INTO `Genre_Konten` VALUES ('Fantastic Beasts: The Secrets of Dumbledore',10);
INSERT IGNORE INTO `Genre_Konten` VALUES ('The Lord of the Rings: The Fellowship of the Ring',10);
INSERT IGNORE INTO `Genre_Konten` VALUES ('The Lord of the Rings: The Two Towers',10);
INSERT IGNORE INTO `Genre_Konten` VALUES ('The Lord of the Rings: The Return of the King',10);
INSERT IGNORE INTO `Genre_Konten` VALUES ('The Hobbit: An Unexpected Journey',10);
INSERT IGNORE INTO `Genre_Konten` VALUES ('The Hobbit: The Desolation of Smaug',10);
INSERT IGNORE INTO `Genre_Konten` VALUES ('The Hobbit: The Battle of the Five Armies',10);
INSERT IGNORE INTO `Genre_Konten` VALUES ('Pirates of the Caribbean: The Curse of the Black Pearl',9);
INSERT IGNORE INTO `Genre_Konten` VALUES ('Pirates of the Caribbean: Dead Mans Chest',9);
INSERT IGNORE INTO `Genre_Konten` VALUES ('Pirates of the Caribbean: At Worlds End',9);
INSERT IGNORE INTO `Genre_Konten` VALUES ('Jurassic Park',9);
INSERT IGNORE INTO `Genre_Konten` VALUES ('Jurassic World',9);
INSERT IGNORE INTO `Genre_Konten` VALUES ('Jurassic World: Fallen Kingdom',9);
INSERT IGNORE INTO `Genre_Konten` VALUES ('Jaws',3);
INSERT IGNORE INTO `Genre_Konten` VALUES ('E.T. the Extra-Terrestrial',6);
INSERT IGNORE INTO `Genre_Konten` VALUES ('Back to the Future',6);
INSERT IGNORE INTO `Genre_Konten` VALUES ('Back to the Future Part II',6);
INSERT IGNORE INTO `Genre_Konten` VALUES ('Back to the Future Part III',6);
INSERT IGNORE INTO `Genre_Konten` VALUES ('Star Wars: Episode IV - A New Hope',6);
INSERT IGNORE INTO `Genre_Konten` VALUES ('Star Wars: Episode V - The Empire Strikes Back',6);
INSERT IGNORE INTO `Genre_Konten` VALUES ('Star Wars: Episode VI - Return of the Jedi',6);
INSERT IGNORE INTO `Genre_Konten` VALUES ('Star Wars: Episode I - The Phantom Menace',6);
INSERT IGNORE INTO `Genre_Konten` VALUES ('Star Wars: Episode II - Attack of the Clones',6);
INSERT IGNORE INTO `Genre_Konten` VALUES ('Star Wars: Episode III - Revenge of the Sith',6);
INSERT IGNORE INTO `Genre_Konten` VALUES ('Captain Marvel',1);
INSERT IGNORE INTO `Genre_Konten` VALUES ('Guardians of the Galaxy',6);
INSERT IGNORE INTO `Genre_Konten` VALUES ('Guardians of the Galaxy Vol. 2',6);
INSERT IGNORE INTO `Genre_Konten` VALUES ('Guardians of the Galaxy Vol. 3',6);
INSERT IGNORE INTO `Genre_Konten` VALUES ('Black Panther: Wakanda Forever',1);
INSERT IGNORE INTO `Genre_Konten` VALUES ('Tougen Anki',10);
INSERT IGNORE INTO `Genre_Konten` VALUES ('Loki',10);
INSERT IGNORE INTO `Genre_Konten` VALUES ('WandaVision',6);
INSERT IGNORE INTO `Genre_Konten` VALUES ('Hawkeye',1);
INSERT IGNORE INTO `Genre_Konten` VALUES ('Moon Knight',1);
INSERT IGNORE INTO `Genre_Konten` VALUES ('She-Hulk: Attorney at Law',5);
INSERT IGNORE INTO `Genre_Konten` VALUES ('The Falcon and the Winter Soldier',1);
INSERT IGNORE INTO `Genre_Konten` VALUES ('Daredevil',2);
INSERT IGNORE INTO `Genre_Konten` VALUES ('Jessica Jones',3);
INSERT IGNORE INTO `Genre_Konten` VALUES ('The Punisher',1);
INSERT IGNORE INTO `Genre_Konten` VALUES ('Agents of S.H.I.E.L.D.',1);
INSERT IGNORE INTO `Genre_Konten` VALUES ('Luke Cage',1);
INSERT IGNORE INTO `Genre_Konten` VALUES ('Iron Fist',1);
INSERT IGNORE INTO `Genre_Konten` VALUES ('Secret Invasion',6);
INSERT IGNORE INTO `Genre_Konten` VALUES ('What If...?',11);

-- ================= PERAN (>=150 rows, 1 lead per konten; subset examples) =================
INSERT IGNORE INTO `Peran` VALUES ('Robert Downey Jr.','Iron Man','Lead');
INSERT IGNORE INTO `Peran` VALUES ('Robert Downey Jr.','Iron Man 2','Lead');
INSERT IGNORE INTO `Peran` VALUES ('Robert Downey Jr.','Iron Man 3','Lead');
INSERT IGNORE INTO `Peran` VALUES ('Robert Downey Jr.','The Avengers','Lead');
INSERT IGNORE INTO `Peran` VALUES ('Chris Evans','Avengers: Age of Ultron','Lead');
INSERT IGNORE INTO `Peran` VALUES ('Chris Hemsworth','Avengers: Infinity War','Lead');
INSERT IGNORE INTO `Peran` VALUES ('Mark Ruffalo','Avengers: Endgame','Lead');
INSERT IGNORE INTO `Peran` VALUES ('Chris Hemsworth','Thor','Lead');
INSERT IGNORE INTO `Peran` VALUES ('Chris Hemsworth','Thor: The Dark World','Lead');
INSERT IGNORE INTO `Peran` VALUES ('Chris Hemsworth','Thor: Ragnarok','Lead');
INSERT IGNORE INTO `Peran` VALUES ('Chris Evans','Captain America: The First Avenger','Lead');
INSERT IGNORE INTO `Peran` VALUES ('Chris Evans','Captain America: The Winter Soldier','Lead');
INSERT IGNORE INTO `Peran` VALUES ('Chris Evans','Captain America: Civil War','Lead');
INSERT IGNORE INTO `Peran` VALUES ('Chadwick Boseman','Black Panther','Lead');
INSERT IGNORE INTO `Peran` VALUES ('Benedict Cumberbatch','Doctor Strange','Lead');
INSERT IGNORE INTO `Peran` VALUES ('Benedict Cumberbatch','Doctor Strange in the Multiverse of Madness','Lead');
INSERT IGNORE INTO `Peran` VALUES ('Tom Holland','Spider-Man: Homecoming','Lead');
INSERT IGNORE INTO `Peran` VALUES ('Tom Holland','Spider-Man: Far From Home','Lead');
INSERT IGNORE INTO `Peran` VALUES ('Tom Holland','Spider-Man: No Way Home','Lead');
INSERT IGNORE INTO `Peran` VALUES ('Paul Rudd','Ant-Man','Lead');
INSERT IGNORE INTO `Peran` VALUES ('Paul Rudd','Ant-Man and the Wasp','Lead');
INSERT IGNORE INTO `Peran` VALUES ('Scarlett Johansson','Black Widow','Lead');
INSERT IGNORE INTO `Peran` VALUES ('Simu Liu','Shang-Chi and the Legend of the Ten Rings','Lead');
INSERT IGNORE INTO `Peran` VALUES ('Gemma Chan','Eternals','Lead');
INSERT IGNORE INTO `Peran` VALUES ('Leonardo DiCaprio','Inception','Lead');
INSERT IGNORE INTO `Peran` VALUES ('Christian Bale','The Dark Knight','Lead');
INSERT IGNORE INTO `Peran` VALUES ('Christian Bale','The Dark Knight Rises','Lead');
INSERT IGNORE INTO `Peran` VALUES ('Christian Bale','Batman Begins','Lead');
INSERT IGNORE INTO `Peran` VALUES ('Matthew McConaughey','Interstellar','Lead');
INSERT IGNORE INTO `Peran` VALUES ('Fionn Whitehead','Dunkirk','Lead');
INSERT IGNORE INTO `Peran` VALUES ('John David Washington','Tenet','Lead');
INSERT IGNORE INTO `Peran` VALUES ('Cillian Murphy','Oppenheimer','Lead');
INSERT IGNORE INTO `Peran` VALUES ('Joaquin Phoenix','Joker','Lead');
INSERT IGNORE INTO `Peran` VALUES ('Leonardo DiCaprio','Titanic','Lead');
INSERT IGNORE INTO `Peran` VALUES ('Sam Worthington','Avatar','Lead');
INSERT IGNORE INTO `Peran` VALUES ('Sam Worthington','Avatar: The Way of Water','Lead');
INSERT IGNORE INTO `Peran` VALUES ('Keanu Reeves','The Matrix','Lead');
INSERT IGNORE INTO `Peran` VALUES ('Keanu Reeves','The Matrix Reloaded','Lead');
INSERT IGNORE INTO `Peran` VALUES ('Keanu Reeves','The Matrix Revolutions','Lead');
INSERT IGNORE INTO `Peran` VALUES ('Keanu Reeves','John Wick','Lead');
INSERT IGNORE INTO `Peran` VALUES ('Keanu Reeves','John Wick: Chapter 2','Lead');
INSERT IGNORE INTO `Peran` VALUES ('Keanu Reeves','John Wick: Chapter 3 - Parabellum','Lead');
INSERT IGNORE INTO `Peran` VALUES ('Keanu Reeves','John Wick: Chapter 4','Lead');
INSERT IGNORE INTO `Peran` VALUES ('Tom Cruise','Mission: Impossible','Lead');
INSERT IGNORE INTO `Peran` VALUES ('Tom Cruise','Mission: Impossible - Fallout','Lead');
INSERT IGNORE INTO `Peran` VALUES ('Tom Cruise','Top Gun','Lead');
INSERT IGNORE INTO `Peran` VALUES ('Tom Cruise','Top Gun: Maverick','Lead');
INSERT IGNORE INTO `Peran` VALUES ('Russell Crowe','Gladiator','Lead');
INSERT IGNORE INTO `Peran` VALUES ('Al Pacino','The Godfather','Lead');
INSERT IGNORE INTO `Peran` VALUES ('Al Pacino','The Godfather Part II','Lead');
INSERT IGNORE INTO `Peran` VALUES ('John Travolta','Pulp Fiction','Lead');
INSERT IGNORE INTO `Peran` VALUES ('Brad Pitt','Fight Club','Lead');
INSERT IGNORE INTO `Peran` VALUES ('Tom Hanks','Forrest Gump','Lead');
INSERT IGNORE INTO `Peran` VALUES ('Tim Robbins','The Shawshank Redemption','Lead');
INSERT IGNORE INTO `Peran` VALUES ('Song Kang-ho','Parasite','Lead');
INSERT IGNORE INTO `Peran` VALUES ('Gong Yoo','Train to Busan','Lead');
INSERT IGNORE INTO `Peran` VALUES ('Iko Uwais','The Raid','Lead');
INSERT IGNORE INTO `Peran` VALUES ('Iko Uwais','The Raid 2','Lead');
INSERT IGNORE INTO `Peran` VALUES ('Abimana Aryasatya','Gundala','Lead');
INSERT IGNORE INTO `Peran` VALUES ('Pevita Pearce','Sri Asih','Lead');
INSERT IGNORE INTO `Peran` VALUES ('Tara Basro','Pengabdi Setan','Lead');
INSERT IGNORE INTO `Peran` VALUES ('Tara Basro','Pengabdi Setan 2: Communion','Lead');
INSERT IGNORE INTO `Peran` VALUES ('Tissa Biani','KKN di Desa Penari','Lead');
INSERT IGNORE INTO `Peran` VALUES ('Cut Mini','Laskar Pelangi','Lead');
INSERT IGNORE INTO `Peran` VALUES ('Reza Rahadian','Habibie & Ainun','Lead');
INSERT IGNORE INTO `Peran` VALUES ('Iqbaal Ramadhan','Dilan 1990','Lead');
INSERT IGNORE INTO `Peran` VALUES ('Iqbaal Ramadhan','Dilan 1991','Lead');
INSERT IGNORE INTO `Peran` VALUES ('Iqbaal Ramadhan','Milea: Suara dari Dilan','Lead');
INSERT IGNORE INTO `Peran` VALUES ('Dian Sastrowardoyo','Ada Apa Dengan Cinta?','Lead');
INSERT IGNORE INTO `Peran` VALUES ('Dian Sastrowardoyo','Ada Apa Dengan Cinta? 2','Lead');
INSERT IGNORE INTO `Peran` VALUES ('Ernest Prakasa','Cek Toko Sebelah','Lead');
INSERT IGNORE INTO `Peran` VALUES ('Bene Dion','Ngeri-Ngeri Sedap','Lead');
INSERT IGNORE INTO `Peran` VALUES ('Iqbaal Ramadhan','Mencuri Raden Saleh','Lead');
INSERT IGNORE INTO `Peran` VALUES ('Abimana Aryasatya','The Big 4','Lead');
INSERT IGNORE INTO `Peran` VALUES ('Tara Basro','Perempuan Tanah Jahanam','Lead');
INSERT IGNORE INTO `Peran` VALUES ('Rio Dewanto','Satu Suro','Lead');
INSERT IGNORE INTO `Peran` VALUES ('Chelsea Islan','Sebelum Iblis Menjemput','Lead');
INSERT IGNORE INTO `Peran` VALUES ('Ario Bayu','Ratu Ilmu Hitam','Lead');
INSERT IGNORE INTO `Peran` VALUES ('Luna Maya','Suzanna: Bernapas dalam Kubur','Lead');
INSERT IGNORE INTO `Peran` VALUES ('Jun Ji-hyun','My Sassy Girl','Lead');
INSERT IGNORE INTO `Peran` VALUES ('Choi Min-sik','Oldboy','Lead');
INSERT IGNORE INTO `Peran` VALUES ('Song Kang-ho','Memories of Murder','Lead');
INSERT IGNORE INTO `Peran` VALUES ('Steven Yeun','Minari','Lead');
INSERT IGNORE INTO `Peran` VALUES ('Tang Wei','Decision to Leave','Lead');
INSERT IGNORE INTO `Peran` VALUES ('Song Kang-ho','Broker','Lead');
INSERT IGNORE INTO `Peran` VALUES ('Yoo Ah-in','Burning','Lead');
INSERT IGNORE INTO `Peran` VALUES ('Ryu Seung-ryong','Extreme Job','Lead');
INSERT IGNORE INTO `Peran` VALUES ('Jo Jung-suk','Exit','Lead');
INSERT IGNORE INTO `Peran` VALUES ('Cha Tae-hyun','Along With the Gods: The Two Worlds','Lead');
INSERT IGNORE INTO `Peran` VALUES ('Ha Jung-woo','Along With the Gods: The Last 49 Days','Lead');
INSERT IGNORE INTO `Peran` VALUES ('Kwak Do-won','The Wailing','Lead');
INSERT IGNORE INTO `Peran` VALUES ('Lee Byung-hun','I Saw the Devil','Lead');
INSERT IGNORE INTO `Peran` VALUES ('Song Kang-ho','A Taxi Driver','Lead');
INSERT IGNORE INTO `Peran` VALUES ('Ryu Seung-ryong','Miracle in Cell No. 7','Lead');
INSERT IGNORE INTO `Peran` VALUES ('Daniel Radcliffe','Harry Potter and the Sorcerers Stone','Lead');
INSERT IGNORE INTO `Peran` VALUES ('Daniel Radcliffe','Harry Potter and the Chamber of Secrets','Lead');
INSERT IGNORE INTO `Peran` VALUES ('Daniel Radcliffe','Harry Potter and the Prisoner of Azkaban','Lead');
INSERT IGNORE INTO `Peran` VALUES ('Daniel Radcliffe','Harry Potter and the Goblet of Fire','Lead');
INSERT IGNORE INTO `Peran` VALUES ('Daniel Radcliffe','Harry Potter and the Order of the Phoenix','Lead');
INSERT IGNORE INTO `Peran` VALUES ('Daniel Radcliffe','Harry Potter and the Half-Blood Prince','Lead');
INSERT IGNORE INTO `Peran` VALUES ('Daniel Radcliffe','Harry Potter and the Deathly Hallows: Part 1','Lead');
INSERT IGNORE INTO `Peran` VALUES ('Daniel Radcliffe','Harry Potter and the Deathly Hallows: Part 2','Lead');
INSERT IGNORE INTO `Peran` VALUES ('Eddie Redmayne','Fantastic Beasts and Where to Find Them','Lead');
INSERT IGNORE INTO `Peran` VALUES ('Eddie Redmayne','Fantastic Beasts: The Crimes of Grindelwald','Lead');
INSERT IGNORE INTO `Peran` VALUES ('Eddie Redmayne','Fantastic Beasts: The Secrets of Dumbledore','Lead');
INSERT IGNORE INTO `Peran` VALUES ('Elijah Wood','The Lord of the Rings: The Fellowship of the Ring','Lead');
INSERT IGNORE INTO `Peran` VALUES ('Elijah Wood','The Lord of the Rings: The Two Towers','Lead');
INSERT IGNORE INTO `Peran` VALUES ('Elijah Wood','The Lord of the Rings: The Return of the King','Lead');
INSERT IGNORE INTO `Peran` VALUES ('Martin Freeman','The Hobbit: An Unexpected Journey','Lead');
INSERT IGNORE INTO `Peran` VALUES ('Martin Freeman','The Hobbit: The Desolation of Smaug','Lead');
INSERT IGNORE INTO `Peran` VALUES ('Martin Freeman','The Hobbit: The Battle of the Five Armies','Lead');
INSERT IGNORE INTO `Peran` VALUES ('Johnny Depp','Pirates of the Caribbean: The Curse of the Black Pearl','Lead');
INSERT IGNORE INTO `Peran` VALUES ('Johnny Depp','Pirates of the Caribbean: Dead Mans Chest','Lead');
INSERT IGNORE INTO `Peran` VALUES ('Johnny Depp','Pirates of the Caribbean: At Worlds End','Lead');
INSERT IGNORE INTO `Peran` VALUES ('Sam Neill','Jurassic Park','Lead');
INSERT IGNORE INTO `Peran` VALUES ('Chris Pratt','Jurassic World','Lead');
INSERT IGNORE INTO `Peran` VALUES ('Chris Pratt','Jurassic World: Fallen Kingdom','Lead');
INSERT IGNORE INTO `Peran` VALUES ('Roy Scheider','Jaws','Lead');
INSERT IGNORE INTO `Peran` VALUES ('Henry Thomas','E.T. the Extra-Terrestrial','Lead');
INSERT IGNORE INTO `Peran` VALUES ('Michael J. Fox','Back to the Future','Lead');
INSERT IGNORE INTO `Peran` VALUES ('Michael J. Fox','Back to the Future Part II','Lead');
INSERT IGNORE INTO `Peran` VALUES ('Michael J. Fox','Back to the Future Part III','Lead');
INSERT IGNORE INTO `Peran` VALUES ('Mark Hamill','Star Wars: Episode IV - A New Hope','Lead');
INSERT IGNORE INTO `Peran` VALUES ('Mark Hamill','Star Wars: Episode V - The Empire Strikes Back','Lead');
INSERT IGNORE INTO `Peran` VALUES ('Mark Hamill','Star Wars: Episode VI - Return of the Jedi','Lead');
INSERT IGNORE INTO `Peran` VALUES ('Ewan McGregor','Star Wars: Episode I - The Phantom Menace','Lead');
INSERT IGNORE INTO `Peran` VALUES ('Hayden Christensen','Star Wars: Episode II - Attack of the Clones','Lead');
INSERT IGNORE INTO `Peran` VALUES ('Hayden Christensen','Star Wars: Episode III - Revenge of the Sith','Lead');
INSERT IGNORE INTO `Peran` VALUES ('Brie Larson','Captain Marvel','Lead');
INSERT IGNORE INTO `Peran` VALUES ('Chris Pratt','Guardians of the Galaxy','Lead');
INSERT IGNORE INTO `Peran` VALUES ('Chris Pratt','Guardians of the Galaxy Vol. 2','Lead');
INSERT IGNORE INTO `Peran` VALUES ('Chris Pratt','Guardians of the Galaxy Vol. 3','Lead');
INSERT IGNORE INTO `Peran` VALUES ('Letitia Wright','Black Panther: Wakanda Forever','Lead');
INSERT IGNORE INTO `Peran` VALUES ('Yuto Uemura','Tougen Anki','Lead');
INSERT IGNORE INTO `Peran` VALUES ('Tom Hiddleston','Loki','Lead');
INSERT IGNORE INTO `Peran` VALUES ('Elizabeth Olsen','WandaVision','Lead');
INSERT IGNORE INTO `Peran` VALUES ('Jeremy Renner','Hawkeye','Lead');
INSERT IGNORE INTO `Peran` VALUES ('Oscar Isaac','Moon Knight','Lead');
INSERT IGNORE INTO `Peran` VALUES ('Tatiana Maslany','She-Hulk: Attorney at Law','Lead');
INSERT IGNORE INTO `Peran` VALUES ('Anthony Mackie','The Falcon and the Winter Soldier','Lead');
INSERT IGNORE INTO `Peran` VALUES ('Charlie Cox','Daredevil','Lead');
INSERT IGNORE INTO `Peran` VALUES ('Krysten Ritter','Jessica Jones','Lead');
INSERT IGNORE INTO `Peran` VALUES ('Jon Bernthal','The Punisher','Lead');
INSERT IGNORE INTO `Peran` VALUES ('Clark Gregg','Agents of S.H.I.E.L.D.','Lead');
INSERT IGNORE INTO `Peran` VALUES ('Mike Colter','Luke Cage','Lead');
INSERT IGNORE INTO `Peran` VALUES ('Finn Jones','Iron Fist','Lead');
INSERT IGNORE INTO `Peran` VALUES ('Samuel L. Jackson','Secret Invasion','Lead');
INSERT IGNORE INTO `Peran` VALUES ('Jeff Goldblum','What If...?','Lead');


-- Konten + Serial_TV entries baru (judul, sinopsis singkat, tahun, rating, type)
INSERT IGNORE INTO `Konten` VALUES ('Breaking Bad','Teacher turns to meth making.',2008,'17+','Serial_TV');
INSERT IGNORE INTO `Konten` VALUES ('Better Call Saul','Lawyer navigates crime world.',2015,'17+','Serial_TV');
INSERT IGNORE INTO `Konten` VALUES ('Game of Thrones','Noble houses vie for power.',2011,'17+','Serial_TV');
INSERT IGNORE INTO `Konten` VALUES ('House of the Dragon','Targaryen civil war begins.',2022,'17+','Serial_TV');
INSERT IGNORE INTO `Konten` VALUES ('Stranger Things','Kids face supernatural threat.',2016,'13+','Serial_TV');
INSERT IGNORE INTO `Konten` VALUES ('The Witcher','Monster hunter for hire.',2019,'17+','Serial_TV');
INSERT IGNORE INTO `Konten` VALUES ('The Mandalorian','Bounty hunter protects child.',2019,'13+','Serial_TV');
INSERT IGNORE INTO `Konten` VALUES ('The Last of Us','Survivors journey through apocalypse.',2023,'17+','Serial_TV');
INSERT IGNORE INTO `Konten` VALUES ('Peaky Blinders','Gang rises in Birmingham.',2013,'17+','Serial_TV');
INSERT IGNORE INTO `Konten` VALUES ('Sherlock','Detective solves modern cases.',2010,'13+','Serial_TV');
INSERT IGNORE INTO `Konten` VALUES ('Dexter','Forensic expert serial killer.',2006,'17+','Serial_TV');
INSERT IGNORE INTO `Konten` VALUES ('Homeland','Agent suspects returned POW.',2011,'17+','Serial_TV');
INSERT IGNORE INTO `Konten` VALUES ('Westworld','Park hosts rebel androids.',2016,'17+','Serial_TV');
INSERT IGNORE INTO `Konten` VALUES ('True Detective','Detectives unravel dark mystery.',2014,'17+','Serial_TV');
INSERT IGNORE INTO `Konten` VALUES ('The Boys','Antihero team vs corrupt supers.',2019,'17+','Serial_TV');
INSERT IGNORE INTO `Konten` VALUES ('Invincible','Teen superhero learns harsh truths.',2021,'17+','Serial_TV');
INSERT IGNORE INTO `Konten` VALUES ('The Umbrella Academy','Adopted siblings prevent apocalypse.',2019,'13+','Serial_TV');
INSERT IGNORE INTO `Konten` VALUES ('Narcos','Rise and fall of drug kingpins.',2015,'17+','Serial_TV');
INSERT IGNORE INTO `Konten` VALUES ('Money Heist','Thieves execute complex heists.',2017,'17+','Serial_TV');
INSERT IGNORE INTO `Konten` VALUES ('Dark','Families entangled in time loops.',2017,'17+','Serial_TV');
INSERT IGNORE INTO `Konten` VALUES ('Chernobyl','Nuclear disaster aftermath.',2019,'17+','Serial_TV');
INSERT IGNORE INTO `Konten` VALUES ('Black Mirror','Anthology of tech dystopias.',2011,'17+','Serial_TV');
INSERT IGNORE INTO `Konten` VALUES ('Fargo','Crime in snowy Midwest.',2014,'17+','Serial_TV');
INSERT IGNORE INTO `Konten` VALUES ('Lost','Plane crash survivors on island.',2004,'13+','Serial_TV');
INSERT IGNORE INTO `Konten` VALUES ('Prison Break','Man breaks brother from prison.',2005,'13+','Serial_TV');
INSERT IGNORE INTO `Konten` VALUES ('24','Agent races against clock.',2001,'13+','Serial_TV');
INSERT IGNORE INTO `Konten` VALUES ('The Office','Mockumentary of workplace antics.',2005,'13+','Serial_TV');
INSERT IGNORE INTO `Konten` VALUES ('Friends','Group navigates life and love.',1994,'13+','Serial_TV');
INSERT IGNORE INTO `Konten` VALUES ('How I Met Your Mother','Father recounts youthful tales.',2005,'13+','Serial_TV');
INSERT IGNORE INTO `Konten` VALUES ('Seinfeld','Comedian observes daily absurdities.',1989,'13+','Serial_TV');
INSERT IGNORE INTO `Konten` VALUES ('Modern Family','Extended family comedy.',2009,'13+','Serial_TV');
INSERT IGNORE INTO `Konten` VALUES ('Brooklyn Nine-Nine','Detectives balance comedy and crime.',2013,'13+','Serial_TV');
INSERT IGNORE INTO `Konten` VALUES ('Parks and Recreation','Local government humor.',2009,'13+','Serial_TV');
INSERT IGNORE INTO `Konten` VALUES ('Suits','College dropout becomes lawyer.',2011,'13+','Serial_TV');
INSERT IGNORE INTO `Konten` VALUES ('House','Doctor solves medical puzzles.',2004,'13+','Serial_TV');
INSERT IGNORE INTO `Konten` VALUES ('Greys Anatomy','Surgeons face personal trials.',2005,'13+','Serial_TV');
INSERT IGNORE INTO `Konten` VALUES ('CSI: Crime Scene Investigation','Team analyzes forensic evidence.',2000,'13+','Serial_TV');
INSERT IGNORE INTO `Konten` VALUES ('NCIS','Team solves naval crimes.',2003,'13+','Serial_TV');
INSERT IGNORE INTO `Konten` VALUES ('Criminal Minds','Profilers hunt serial offenders.',2005,'17+','Serial_TV');
INSERT IGNORE INTO `Konten` VALUES ('Law & Order: Special Victims Unit','Detectives handle sensitive cases.',1999,'17+','Serial_TV');
INSERT IGNORE INTO `Konten` VALUES ('Supernatural','Brothers hunt supernatural beings.',2005,'13+','Serial_TV');
INSERT IGNORE INTO `Konten` VALUES ('Smallville','Young Clark Kent discovers powers.',2001,'13+','Serial_TV');
INSERT IGNORE INTO `Konten` VALUES ('Arrow','Vigilante archer fights crime.',2012,'13+','Serial_TV');
INSERT IGNORE INTO `Konten` VALUES ('The Flash','Speedster hero saves city.',2014,'13+','Serial_TV');
INSERT IGNORE INTO `Konten` VALUES ('DCs Legends of Tomorrow','Team travels through time.',2016,'13+','Serial_TV');
INSERT IGNORE INTO `Konten` VALUES ('Gotham','Origins of Gotham characters.',2014,'13+','Serial_TV');
INSERT IGNORE INTO `Konten` VALUES ('Titans','Young heroes confront threats.',2018,'17+','Serial_TV');
INSERT IGNORE INTO `Konten` VALUES ('Doom Patrol','Misfit heroes face bizarre foes.',2019,'17+','Serial_TV');
INSERT IGNORE INTO `Konten` VALUES ('The Expanse','Crew uncovers solar conspiracy.',2015,'13+','Serial_TV');
INSERT IGNORE INTO `Konten` VALUES ('Battlestar Galactica','Humans flee robotic Cylons.',2004,'13+','Serial_TV');
INSERT IGNORE INTO `Konten` VALUES ('Firefly','Crew of ship takes odd jobs.',2002,'13+','Serial_TV');
INSERT IGNORE INTO `Konten` VALUES ('Fringe','Team probes fringe science.',2008,'13+','Serial_TV');
INSERT IGNORE INTO `Konten` VALUES ('The Walking Dead','Survivors face zombie hordes.',2010,'17+','Serial_TV');
INSERT IGNORE INTO `Konten` VALUES ('Fear the Walking Dead','Families face early outbreak.',2015,'17+','Serial_TV');
INSERT IGNORE INTO `Konten` VALUES ('Hannibal','Profiler consults secret killer.',2013,'17+','Serial_TV');
INSERT IGNORE INTO `Konten` VALUES ('Vikings','Norse warriors seek glory.',2013,'17+','Serial_TV');
INSERT IGNORE INTO `Konten` VALUES ('Vikings: Valhalla','New generation continues saga.',2022,'17+','Serial_TV');
INSERT IGNORE INTO `Konten` VALUES ('Black Sails','Pirates chase treasure.',2014,'17+','Serial_TV');
INSERT IGNORE INTO `Konten` VALUES ('Rome','Power struggles in ancient Rome.',2005,'17+','Serial_TV');
INSERT IGNORE INTO `Konten` VALUES ('Spartacus','Gladiator leads rebellion.',2010,'17+','Serial_TV');
INSERT IGNORE INTO `Konten` VALUES ('Teen Wolf','Teen gains werewolf curse.',2011,'13+','Serial_TV');
INSERT IGNORE INTO `Konten` VALUES ('Riverdale','Teens face dark town secrets.',2017,'13+','Serial_TV');
INSERT IGNORE INTO `Konten` VALUES ('Lucifer','Devil helps solve crimes.',2016,'13+','Serial_TV');
INSERT IGNORE INTO `Konten` VALUES ('Sense8','Strangers share mental link.',2015,'17+','Serial_TV');
INSERT IGNORE INTO `Konten` VALUES ('Mr. Robot','Hacker targets corporations.',2015,'17+','Serial_TV');
INSERT IGNORE INTO `Konten` VALUES ('The Crown','Chronicles reign of a queen.',2016,'13+','Serial_TV');
INSERT IGNORE INTO `Konten` VALUES ('The Handmaids Tale','Woman resists dystopian regime.',2017,'17+','Serial_TV');
INSERT IGNORE INTO `Konten` VALUES ('Yellowstone','Ranch defends its territory.',2018,'17+','Serial_TV');
INSERT IGNORE INTO `Konten` VALUES ('Ozark','Family launders cartel money.',2017,'17+','Serial_TV');
INSERT IGNORE INTO `Konten` VALUES ('Mad Men','Ad executive navigates 1960s.',2007,'13+','Serial_TV');
INSERT IGNORE INTO `Konten` VALUES ('Boardwalk Empire','Prohibition crime politics.',2010,'17+','Serial_TV');
INSERT IGNORE INTO `Konten` VALUES ('Mare of Easttown','Detective solves local murder.',2021,'17+','Serial_TV');
INSERT IGNORE INTO `Konten` VALUES ('Succession','Family battles for company.',2018,'17+','Serial_TV');
INSERT IGNORE INTO `Konten` VALUES ('Severance','Employees split memories.',2022,'17+','Serial_TV');
INSERT IGNORE INTO `Konten` VALUES ('Andor','Spy aids rebellion growth.',2022,'13+','Serial_TV');
INSERT IGNORE INTO `Konten` VALUES ('Obi-Wan Kenobi','Jedi protects young target.',2022,'13+','Serial_TV');
INSERT IGNORE INTO `Konten` VALUES ('Ahsoka','Former Jedi hunts threats.',2023,'13+','Serial_TV');
INSERT IGNORE INTO `Konten` VALUES ('Star Trek: Discovery','Crew explores strange phenomena.',2017,'13+','Serial_TV');
INSERT IGNORE INTO `Konten` VALUES ('Star Trek: Picard','Retired captain faces new crisis.',2020,'13+','Serial_TV');
INSERT IGNORE INTO `Konten` VALUES ('The Good Doctor','Autistic surgeon proves skill.',2017,'13+','Serial_TV');
INSERT IGNORE INTO `Konten` VALUES ('This Is Us','Family experiences life chapters.',2016,'13+','Serial_TV');
INSERT IGNORE INTO `Konten` VALUES ('The Mentalist','Consultant solves tricky cases.',2008,'13+','Serial_TV');
INSERT IGNORE INTO `Konten` VALUES ('Person of Interest','AI predicts violent crimes.',2011,'13+','Serial_TV');
INSERT IGNORE INTO `Konten` VALUES ('Elementary','Modern retelling of Holmes.',2012,'13+','Serial_TV');
INSERT IGNORE INTO `Konten` VALUES ('His Dark Materials','Girl uncovers cosmic secrets.',2019,'13+','Serial_TV');
INSERT IGNORE INTO `Konten` VALUES ('The Sandman','Dream lord restores realm.',2022,'17+','Serial_TV');
INSERT IGNORE INTO `Konten` VALUES ('Love, Death & Robots','Animated sci-fi anthology.',2019,'17+','Serial_TV');
INSERT IGNORE INTO `Konten` VALUES ('Arcane','City tension sparks conflict.',2021,'17+','Serial_TV');
INSERT IGNORE INTO `Konten` VALUES ('Castlevania','Hunters battle dark forces.',2017,'17+','Serial_TV');
INSERT IGNORE INTO `Konten` VALUES ('The Dragon Prince','Siblings seek dragon egg.',2018,'13+','Serial_TV');
INSERT IGNORE INTO `Konten` VALUES ('Avatar: The Last Airbender','Boy must master elements.',2005,'SU','Serial_TV');
INSERT IGNORE INTO `Konten` VALUES ('The Legend of Korra','Avatar faces modern threats.',2012,'13+','Serial_TV');
INSERT IGNORE INTO `Konten` VALUES ('Squid Game','Deadly survival competition.',2021,'17+','Serial_TV');
INSERT IGNORE INTO `Konten` VALUES ('Kingdom','Plague spreads through Joseon.',2019,'17+','Serial_TV');
INSERT IGNORE INTO `Konten` VALUES ('Crash Landing on You','Heiress lands in enemy land.',2019,'13+','Serial_TV');
INSERT IGNORE INTO `Konten` VALUES ('Goblin','Immortal seeks his bride.',2016,'13+','Serial_TV');
INSERT IGNORE INTO `Konten` VALUES ('Descendants of the Sun','Soldier and doctor romance.',2016,'13+','Serial_TV');
INSERT IGNORE INTO `Konten` VALUES ('Itaewon Class','Man builds restaurant empire.',2020,'13+','Serial_TV');
INSERT IGNORE INTO `Konten` VALUES ('Vincenzo','Consigliere seeks justice.',2021,'13+','Serial_TV');
INSERT IGNORE INTO `Konten` VALUES ('Reply 1988','Neighbors share daily life.',2015,'13+','Serial_TV');
INSERT IGNORE INTO `Konten` VALUES ('Signal','Detectives communicate across time.',2016,'13+','Serial_TV');
INSERT IGNORE INTO `Konten` VALUES ('Hospital Playlist','Doctors share friendship & music.',2020,'13+','Serial_TV');
INSERT IGNORE INTO `Konten` VALUES ('My Mister','Man forms healing bond.',2018,'13+','Serial_TV');
INSERT IGNORE INTO `Konten` VALUES ('All of Us Are Dead','Students trapped during outbreak.',2022,'17+','Serial_TV');
INSERT IGNORE INTO `Konten` VALUES ('Sweet Home','Residents face monstrous changes.',2020,'17+','Serial_TV');
INSERT IGNORE INTO `Konten` VALUES ('Extraordinary Attorney Woo','Autistic lawyer excels.',2022,'13+','Serial_TV');
INSERT IGNORE INTO `Konten` VALUES ('Hellbound','Angels herald doom.',2021,'17+','Serial_TV');
INSERT IGNORE INTO `Konten` VALUES ('Attack on Titan','Humanity fights giant Titans.',2013,'17+','Serial_TV');
INSERT IGNORE INTO `Konten` VALUES ('Naruto','Ninja seeks recognition.',2002,'13+','Serial_TV');
INSERT IGNORE INTO `Konten` VALUES ('Naruto Shippuden','Ninja grows through battles.',2007,'13+','Serial_TV');
INSERT IGNORE INTO `Konten` VALUES ('Bleach','Teen gains soul reaper powers.',2004,'13+','Serial_TV');
INSERT IGNORE INTO `Konten` VALUES ('One Piece','Crew seeks legendary treasure.',1999,'13+','Serial_TV');
INSERT IGNORE INTO `Konten` VALUES ('Demon Slayer','Boy hunts demons to cure sister.',2019,'13+','Serial_TV');
INSERT IGNORE INTO `Konten` VALUES ('Jujutsu Kaisen','Student fights cursed spirits.',2020,'13+','Serial_TV');
INSERT IGNORE INTO `Konten` VALUES ('My Hero Academia','Boy attends hero academy.',2016,'13+','Serial_TV');
INSERT IGNORE INTO `Konten` VALUES ('Fullmetal Alchemist: Brotherhood','Brothers seek philosophers stone.',2009,'13+','Serial_TV');
INSERT IGNORE INTO `Konten` VALUES ('Death Note','Notebook grants lethal power.',2006,'13+','Serial_TV');
INSERT IGNORE INTO `Konten` VALUES ('Hunter x Hunter','Boy searches for his father.',2011,'13+','Serial_TV');
INSERT IGNORE INTO `Konten` VALUES ('Chainsaw Man','Youth merges with chainsaw devil.',2022,'17+','Serial_TV');
INSERT IGNORE INTO `Konten` VALUES ('Tokyo Ghoul','Student becomes half-ghoul.',2014,'17+','Serial_TV');
INSERT IGNORE INTO `Konten` VALUES ('Sword Art Online','Players trapped in VR world.',2012,'13+','Serial_TV');
INSERT IGNORE INTO `Konten` VALUES ('Black Clover','Boy aims to be Wizard King.',2017,'13+','Serial_TV');
INSERT IGNORE INTO `Konten` VALUES ('Fairy Tail','Mages undertake guild quests.',2009,'13+','Serial_TV');
INSERT IGNORE INTO `Konten` VALUES ('Haikyuu!!','Team pursues volleyball glory.',2014,'13+','Serial_TV');
INSERT IGNORE INTO `Konten` VALUES ('Blue Lock','Strikers compete for spotlight.',2022,'13+','Serial_TV');
INSERT IGNORE INTO `Konten` VALUES ('Spy x Family','Spy forms fake family.',2022,'13+','Serial_TV');
INSERT IGNORE INTO `Konten` VALUES ('Dr. Stone','Genius rebuilds civilization.',2019,'13+','Serial_TV');
INSERT IGNORE INTO `Konten` VALUES ('Mob Psycho 100','Boy with psychic powers seeks normal life.',2016,'13+','Serial_TV');
INSERT IGNORE INTO `Konten` VALUES ('Vinland Saga','Young warrior seeks true meaning.',2019,'17+','Serial_TV');
INSERT IGNORE INTO `Konten` VALUES ('Layangan Putus','Marriage faces infidelity.',2021,'13+','Serial_TV');
INSERT IGNORE INTO `Konten` VALUES ('Gadis Kretek','Family and clove industry saga.',2023,'13+','Serial_TV');
INSERT IGNORE INTO `Konten` VALUES ('Tira','Heroine joins vigilante network.',2023,'13+','Serial_TV');
INSERT IGNORE INTO `Konten` VALUES ('Turn On','Young man explores relationships.',2020,'17+','Serial_TV');
INSERT IGNORE INTO `Konten` VALUES ('Wedding Agreement The Series','Couple navigates contract marriage.',2022,'13+','Serial_TV');
INSERT IGNORE INTO `Konten` VALUES ('Virgin The Series','Teens confront social issues.',2022,'13+','Serial_TV');


-- Genre_Konten mapping minimal 1 genre per serial baru
INSERT IGNORE INTO `Genre_Konten` VALUES ('Breaking Bad',2);
INSERT IGNORE INTO `Genre_Konten` VALUES ('Better Call Saul',2);
INSERT IGNORE INTO `Genre_Konten` VALUES ('Game of Thrones',10);
INSERT IGNORE INTO `Genre_Konten` VALUES ('House of the Dragon',10);
INSERT IGNORE INTO `Genre_Konten` VALUES ('Stranger Things',6);
INSERT IGNORE INTO `Genre_Konten` VALUES ('The Witcher',10);
INSERT IGNORE INTO `Genre_Konten` VALUES ('The Mandalorian',9);
INSERT IGNORE INTO `Genre_Konten` VALUES ('The Last of Us',7);
INSERT IGNORE INTO `Genre_Konten` VALUES ('Peaky Blinders',2);
INSERT IGNORE INTO `Genre_Konten` VALUES ('Sherlock',12);
INSERT IGNORE INTO `Genre_Konten` VALUES ('Dexter',3);
INSERT IGNORE INTO `Genre_Konten` VALUES ('Homeland',3);
INSERT IGNORE INTO `Genre_Konten` VALUES ('Westworld',6);
INSERT IGNORE INTO `Genre_Konten` VALUES ('True Detective',3);
INSERT IGNORE INTO `Genre_Konten` VALUES ('The Boys',1);
INSERT IGNORE INTO `Genre_Konten` VALUES ('Invincible',11);
INSERT IGNORE INTO `Genre_Konten` VALUES ('The Umbrella Academy',10);
INSERT IGNORE INTO `Genre_Konten` VALUES ('Narcos',2);
INSERT IGNORE INTO `Genre_Konten` VALUES ('Money Heist',2);
INSERT IGNORE INTO `Genre_Konten` VALUES ('Dark',12);
INSERT IGNORE INTO `Genre_Konten` VALUES ('Chernobyl',14);
INSERT IGNORE INTO `Genre_Konten` VALUES ('Black Mirror',6);
INSERT IGNORE INTO `Genre_Konten` VALUES ('Fargo',3);
INSERT IGNORE INTO `Genre_Konten` VALUES ('Lost',9);
INSERT IGNORE INTO `Genre_Konten` VALUES ('Prison Break',3);
INSERT IGNORE INTO `Genre_Konten` VALUES ('24',3);
INSERT IGNORE INTO `Genre_Konten` VALUES ('The Office',5);
INSERT IGNORE INTO `Genre_Konten` VALUES ('Friends',5);
INSERT IGNORE INTO `Genre_Konten` VALUES ('How I Met Your Mother',5);
INSERT IGNORE INTO `Genre_Konten` VALUES ('Seinfeld',5);
INSERT IGNORE INTO `Genre_Konten` VALUES ('Modern Family',5);
INSERT IGNORE INTO `Genre_Konten` VALUES ('Brooklyn Nine-Nine',5);
INSERT IGNORE INTO `Genre_Konten` VALUES ('Parks and Recreation',5);
INSERT IGNORE INTO `Genre_Konten` VALUES ('Suits',4);
INSERT IGNORE INTO `Genre_Konten` VALUES ('House',4);
INSERT IGNORE INTO `Genre_Konten` VALUES ('Greys Anatomy',4);
INSERT IGNORE INTO `Genre_Konten` VALUES ('CSI: Crime Scene Investigation',12);
INSERT IGNORE INTO `Genre_Konten` VALUES ('NCIS',12);
INSERT IGNORE INTO `Genre_Konten` VALUES ('Criminal Minds',12);
INSERT IGNORE INTO `Genre_Konten` VALUES ('Law & Order: Special Victims Unit',12);
INSERT IGNORE INTO `Genre_Konten` VALUES ('Supernatural',10);
INSERT IGNORE INTO `Genre_Konten` VALUES ('Smallville',10);
INSERT IGNORE INTO `Genre_Konten` VALUES ('Arrow',1);
INSERT IGNORE INTO `Genre_Konten` VALUES ('The Flash',1);
INSERT IGNORE INTO `Genre_Konten` VALUES ('DCs Legends of Tomorrow',1);
INSERT IGNORE INTO `Genre_Konten` VALUES ('Gotham',2);
INSERT IGNORE INTO `Genre_Konten` VALUES ('Titans',1);
INSERT IGNORE INTO `Genre_Konten` VALUES ('Doom Patrol',6);
INSERT IGNORE INTO `Genre_Konten` VALUES ('The Expanse',6);
INSERT IGNORE INTO `Genre_Konten` VALUES ('Battlestar Galactica',6);
INSERT IGNORE INTO `Genre_Konten` VALUES ('Firefly',9);
INSERT IGNORE INTO `Genre_Konten` VALUES ('Fringe',6);
INSERT IGNORE INTO `Genre_Konten` VALUES ('The Walking Dead',7);
INSERT IGNORE INTO `Genre_Konten` VALUES ('Fear the Walking Dead',7);
INSERT IGNORE INTO `Genre_Konten` VALUES ('Hannibal',3);
INSERT IGNORE INTO `Genre_Konten` VALUES ('Vikings',15);
INSERT IGNORE INTO `Genre_Konten` VALUES ('Vikings: Valhalla',15);
INSERT IGNORE INTO `Genre_Konten` VALUES ('Black Sails',9);
INSERT IGNORE INTO `Genre_Konten` VALUES ('Rome',15);
INSERT IGNORE INTO `Genre_Konten` VALUES ('Spartacus',15);
INSERT IGNORE INTO `Genre_Konten` VALUES ('Teen Wolf',10);
INSERT IGNORE INTO `Genre_Konten` VALUES ('Riverdale',3);
INSERT IGNORE INTO `Genre_Konten` VALUES ('Lucifer',10);
INSERT IGNORE INTO `Genre_Konten` VALUES ('Sense8',4);
INSERT IGNORE INTO `Genre_Konten` VALUES ('Mr. Robot',3);
INSERT IGNORE INTO `Genre_Konten` VALUES ('The Crown',14);
INSERT IGNORE INTO `Genre_Konten` VALUES ('The Handmaids Tale',4);
INSERT IGNORE INTO `Genre_Konten` VALUES ('Yellowstone',15);
INSERT IGNORE INTO `Genre_Konten` VALUES ('Ozark',3);
INSERT IGNORE INTO `Genre_Konten` VALUES ('Mad Men',4);
INSERT IGNORE INTO `Genre_Konten` VALUES ('Boardwalk Empire',2);
INSERT IGNORE INTO `Genre_Konten` VALUES ('Mare of Easttown',12);
INSERT IGNORE INTO `Genre_Konten` VALUES ('Succession',4);
INSERT IGNORE INTO `Genre_Konten` VALUES ('Severance',6);
INSERT IGNORE INTO `Genre_Konten` VALUES ('Andor',9);
INSERT IGNORE INTO `Genre_Konten` VALUES ('Obi-Wan Kenobi',9);
INSERT IGNORE INTO `Genre_Konten` VALUES ('Ahsoka',9);
INSERT IGNORE INTO `Genre_Konten` VALUES ('Star Trek: Discovery',6);
INSERT IGNORE INTO `Genre_Konten` VALUES ('Star Trek: Picard',6);
INSERT IGNORE INTO `Genre_Konten` VALUES ('The Good Doctor',4);
INSERT IGNORE INTO `Genre_Konten` VALUES ('This Is Us',4);
INSERT IGNORE INTO `Genre_Konten` VALUES ('The Mentalist',12);
INSERT IGNORE INTO `Genre_Konten` VALUES ('Person of Interest',6);
INSERT IGNORE INTO `Genre_Konten` VALUES ('Elementary',12);
INSERT IGNORE INTO `Genre_Konten` VALUES ('His Dark Materials',10);
INSERT IGNORE INTO `Genre_Konten` VALUES ('The Sandman',10);
INSERT IGNORE INTO `Genre_Konten` VALUES ('Love, Death & Robots',6);
INSERT IGNORE INTO `Genre_Konten` VALUES ('Arcane',11);
INSERT IGNORE INTO `Genre_Konten` VALUES ('Castlevania',11);
INSERT IGNORE INTO `Genre_Konten` VALUES ('The Dragon Prince',11);
INSERT IGNORE INTO `Genre_Konten` VALUES ('Avatar: The Last Airbender',10);
INSERT IGNORE INTO `Genre_Konten` VALUES ('The Legend of Korra',10);
INSERT IGNORE INTO `Genre_Konten` VALUES ('Squid Game',3);
INSERT IGNORE INTO `Genre_Konten` VALUES ('Kingdom',7);
INSERT IGNORE INTO `Genre_Konten` VALUES ('Crash Landing on You',8);
INSERT IGNORE INTO `Genre_Konten` VALUES ('Goblin',10);
INSERT IGNORE INTO `Genre_Konten` VALUES ('Descendants of the Sun',4);
INSERT IGNORE INTO `Genre_Konten` VALUES ('Itaewon Class',4);
INSERT IGNORE INTO `Genre_Konten` VALUES ('Vincenzo',2);
INSERT IGNORE INTO `Genre_Konten` VALUES ('Reply 1988',4);
INSERT IGNORE INTO `Genre_Konten` VALUES ('Signal',12);
INSERT IGNORE INTO `Genre_Konten` VALUES ('Hospital Playlist',4);
INSERT IGNORE INTO `Genre_Konten` VALUES ('My Mister',4);
INSERT IGNORE INTO `Genre_Konten` VALUES ('All of Us Are Dead',7);
INSERT IGNORE INTO `Genre_Konten` VALUES ('Sweet Home',7);
INSERT IGNORE INTO `Genre_Konten` VALUES ('Extraordinary Attorney Woo',4);
INSERT IGNORE INTO `Genre_Konten` VALUES ('Hellbound',7);
INSERT IGNORE INTO `Genre_Konten` VALUES ('Attack on Titan',11);
INSERT IGNORE INTO `Genre_Konten` VALUES ('Naruto',11);
INSERT IGNORE INTO `Genre_Konten` VALUES ('Naruto Shippuden',11);
INSERT IGNORE INTO `Genre_Konten` VALUES ('Bleach',11);
INSERT IGNORE INTO `Genre_Konten` VALUES ('One Piece',11);
INSERT IGNORE INTO `Genre_Konten` VALUES ('Demon Slayer',11);
INSERT IGNORE INTO `Genre_Konten` VALUES ('Jujutsu Kaisen',11);
INSERT IGNORE INTO `Genre_Konten` VALUES ('My Hero Academia',11);
INSERT IGNORE INTO `Genre_Konten` VALUES ('Fullmetal Alchemist: Brotherhood',11);
INSERT IGNORE INTO `Genre_Konten` VALUES ('Death Note',11);
INSERT IGNORE INTO `Genre_Konten` VALUES ('Hunter x Hunter',11);
INSERT IGNORE INTO `Genre_Konten` VALUES ('Chainsaw Man',11);
INSERT IGNORE INTO `Genre_Konten` VALUES ('Tokyo Ghoul',11);
INSERT IGNORE INTO `Genre_Konten` VALUES ('Sword Art Online',11);
INSERT IGNORE INTO `Genre_Konten` VALUES ('Black Clover',11);
INSERT IGNORE INTO `Genre_Konten` VALUES ('Fairy Tail',11);
INSERT IGNORE INTO `Genre_Konten` VALUES ('Haikyuu!!',11);
INSERT IGNORE INTO `Genre_Konten` VALUES ('Blue Lock',11);
INSERT IGNORE INTO `Genre_Konten` VALUES ('Spy x Family',11);
INSERT IGNORE INTO `Genre_Konten` VALUES ('Dr. Stone',11);
INSERT IGNORE INTO `Genre_Konten` VALUES ('Mob Psycho 100',11);
INSERT IGNORE INTO `Genre_Konten` VALUES ('Vinland Saga',11);
INSERT IGNORE INTO `Genre_Konten` VALUES ('Layangan Putus',4);
INSERT IGNORE INTO `Genre_Konten` VALUES ('Gadis Kretek',4);
INSERT IGNORE INTO `Genre_Konten` VALUES ('Tira',1);
INSERT IGNORE INTO `Genre_Konten` VALUES ('Turn On',8);
INSERT IGNORE INTO `Genre_Konten` VALUES ('Wedding Agreement The Series',8);
INSERT IGNORE INTO `Genre_Konten` VALUES ('Virgin The Series',4);

-- Peran mapping lead untuk setiap serial baru
INSERT IGNORE INTO `Peran` VALUES ('Bryan Cranston','Breaking Bad','Lead');
INSERT IGNORE INTO `Peran` VALUES ('Bob Odenkirk','Better Call Saul','Lead');
INSERT IGNORE INTO `Peran` VALUES ('Emilia Clarke','Game of Thrones','Lead');
INSERT IGNORE INTO `Peran` VALUES ('Emma DArcy','House of the Dragon','Lead');
INSERT IGNORE INTO `Peran` VALUES ('Millie Bobby Brown','Stranger Things','Lead');
INSERT IGNORE INTO `Peran` VALUES ('Henry Cavill','The Witcher','Lead');
INSERT IGNORE INTO `Peran` VALUES ('Pedro Pascal','The Mandalorian','Lead');
INSERT IGNORE INTO `Peran` VALUES ('Pedro Pascal','The Last of Us','Lead');
INSERT IGNORE INTO `Peran` VALUES ('Cillian Murphy','Peaky Blinders','Lead');
INSERT IGNORE INTO `Peran` VALUES ('Benedict Cumberbatch','Sherlock','Lead');
INSERT IGNORE INTO `Peran` VALUES ('Michael C. Hall','Dexter','Lead');
INSERT IGNORE INTO `Peran` VALUES ('Claire Danes','Homeland','Lead');
INSERT IGNORE INTO `Peran` VALUES ('Evan Rachel Wood','Westworld','Lead');
INSERT IGNORE INTO `Peran` VALUES ('Matthew McConaughey','True Detective','Lead');
INSERT IGNORE INTO `Peran` VALUES ('Karl Urban','The Boys','Lead');
INSERT IGNORE INTO `Peran` VALUES ('Steven Yeun','Invincible','Lead');
INSERT IGNORE INTO `Peran` VALUES ('Elliot Page','The Umbrella Academy','Lead');
INSERT IGNORE INTO `Peran` VALUES ('Wagner Moura','Narcos','Lead');
INSERT IGNORE INTO `Peran` VALUES ('Alvaro Morte','Money Heist','Lead');
INSERT IGNORE INTO `Peran` VALUES ('Louis Hofmann','Dark','Lead');
INSERT IGNORE INTO `Peran` VALUES ('Jared Harris','Chernobyl','Lead');
INSERT IGNORE INTO `Peran` VALUES ('Aaron Paul','Black Mirror','Lead');
INSERT IGNORE INTO `Peran` VALUES ('Martin Freeman','Fargo','Lead');
INSERT IGNORE INTO `Peran` VALUES ('Matthew Fox','Lost','Lead');
INSERT IGNORE INTO `Peran` VALUES ('Wentworth Miller','Prison Break','Lead');
INSERT IGNORE INTO `Peran` VALUES ('Kiefer Sutherland','24','Lead');
INSERT IGNORE INTO `Peran` VALUES ('Steve Carell','The Office','Lead');
INSERT IGNORE INTO `Peran` VALUES ('Jennifer Aniston','Friends','Lead');
INSERT IGNORE INTO `Peran` VALUES ('Josh Radnor','How I Met Your Mother','Lead');
INSERT IGNORE INTO `Peran` VALUES ('Jerry Seinfeld','Seinfeld','Lead');
INSERT IGNORE INTO `Peran` VALUES ('Ed ONeill','Modern Family','Lead');
INSERT IGNORE INTO `Peran` VALUES ('Andy Samberg','Brooklyn Nine-Nine','Lead');
INSERT IGNORE INTO `Peran` VALUES ('Amy Poehler','Parks and Recreation','Lead');
INSERT IGNORE INTO `Peran` VALUES ('Gabriel Macht','Suits','Lead');
INSERT IGNORE INTO `Peran` VALUES ('Hugh Laurie','House','Lead');
INSERT IGNORE INTO `Peran` VALUES ('Ellen Pompeo','Greys Anatomy','Lead');
INSERT IGNORE INTO `Peran` VALUES ('William Petersen','CSI: Crime Scene Investigation','Lead');
INSERT IGNORE INTO `Peran` VALUES ('Mark Harmon','NCIS','Lead');
INSERT IGNORE INTO `Peran` VALUES ('Mandy Patinkin','Criminal Minds','Lead');
INSERT IGNORE INTO `Peran` VALUES ('Mariska Hargitay','Law & Order: Special Victims Unit','Lead');
INSERT IGNORE INTO `Peran` VALUES ('Jensen Ackles','Supernatural','Lead');
INSERT IGNORE INTO `Peran` VALUES ('Tom Welling','Smallville','Lead');
INSERT IGNORE INTO `Peran` VALUES ('Stephen Amell','Arrow','Lead');
INSERT IGNORE INTO `Peran` VALUES ('Grant Gustin','The Flash','Lead');
INSERT IGNORE INTO `Peran` VALUES ('Caity Lotz','DCs Legends of Tomorrow','Lead');
INSERT IGNORE INTO `Peran` VALUES ('Ben McKenzie','Gotham','Lead');
INSERT IGNORE INTO `Peran` VALUES ('Brenton Thwaites','Titans','Lead');
INSERT IGNORE INTO `Peran` VALUES ('Brendan Fraser','Doom Patrol','Lead');
INSERT IGNORE INTO `Peran` VALUES ('Steven Strait','The Expanse','Lead');
INSERT IGNORE INTO `Peran` VALUES ('Edward James Olmos','Battlestar Galactica','Lead');
INSERT IGNORE INTO `Peran` VALUES ('Nathan Fillion','Firefly','Lead');
INSERT IGNORE INTO `Peran` VALUES ('Anna Torv','Fringe','Lead');
INSERT IGNORE INTO `Peran` VALUES ('Andrew Lincoln','The Walking Dead','Lead');
INSERT IGNORE INTO `Peran` VALUES ('Kim Dickens','Fear the Walking Dead','Lead');
INSERT IGNORE INTO `Peran` VALUES ('Mads Mikkelsen','Hannibal','Lead');
INSERT IGNORE INTO `Peran` VALUES ('Travis Fimmel','Vikings','Lead');
INSERT IGNORE INTO `Peran` VALUES ('Sam Corlett','Vikings: Valhalla','Lead');
INSERT IGNORE INTO `Peran` VALUES ('Toby Stephens','Black Sails','Lead');
INSERT IGNORE INTO `Peran` VALUES ('Kevin McKidd','Rome','Lead');
INSERT IGNORE INTO `Peran` VALUES ('Andy Whitfield','Spartacus','Lead');
INSERT IGNORE INTO `Peran` VALUES ('Tyler Posey','Teen Wolf','Lead');
INSERT IGNORE INTO `Peran` VALUES ('KJ Apa','Riverdale','Lead');
INSERT IGNORE INTO `Peran` VALUES ('Tom Ellis','Lucifer','Lead');
INSERT IGNORE INTO `Peran` VALUES ('Bae Doona','Sense8','Lead');
INSERT IGNORE INTO `Peran` VALUES ('Rami Malek','Mr. Robot','Lead');
INSERT IGNORE INTO `Peran` VALUES ('Olivia Colman','The Crown','Lead');
INSERT IGNORE INTO `Peran` VALUES ('Elisabeth Moss','The Handmaids Tale','Lead');
INSERT IGNORE INTO `Peran` VALUES ('Kevin Costner','Yellowstone','Lead');
INSERT IGNORE INTO `Peran` VALUES ('Jason Bateman','Ozark','Lead');
INSERT IGNORE INTO `Peran` VALUES ('Jon Hamm','Mad Men','Lead');
INSERT IGNORE INTO `Peran` VALUES ('Steve Buscemi','Boardwalk Empire','Lead');
INSERT IGNORE INTO `Peran` VALUES ('Kate Winslet','Mare of Easttown','Lead');
INSERT IGNORE INTO `Peran` VALUES ('Brian Cox','Succession','Lead');
INSERT IGNORE INTO `Peran` VALUES ('Adam Scott','Severance','Lead');
INSERT IGNORE INTO `Peran` VALUES ('Diego Luna','Andor','Lead');
INSERT IGNORE INTO `Peran` VALUES ('Ewan McGregor','Obi-Wan Kenobi','Lead');
INSERT IGNORE INTO `Peran` VALUES ('Rosario Dawson','Ahsoka','Lead');
INSERT IGNORE INTO `Peran` VALUES ('Sonequa Martin-Green','Star Trek: Discovery','Lead');
INSERT IGNORE INTO `Peran` VALUES ('Patrick Stewart','Star Trek: Picard','Lead');
INSERT IGNORE INTO `Peran` VALUES ('Freddie Highmore','The Good Doctor','Lead');
INSERT IGNORE INTO `Peran` VALUES ('Milo Ventimiglia','This Is Us','Lead');
INSERT IGNORE INTO `Peran` VALUES ('Simon Baker','The Mentalist','Lead');
INSERT IGNORE INTO `Peran` VALUES ('Jim Caviezel','Person of Interest','Lead');
INSERT IGNORE INTO `Peran` VALUES ('Jonny Lee Miller','Elementary','Lead');
INSERT IGNORE INTO `Peran` VALUES ('Dafne Keen','His Dark Materials','Lead');
INSERT IGNORE INTO `Peran` VALUES ('Tom Sturridge','The Sandman','Lead');
INSERT IGNORE INTO `Peran` VALUES ('Anthony Mackie','Love, Death & Robots','Lead');
INSERT IGNORE INTO `Peran` VALUES ('Hailee Steinfeld','Arcane','Lead');
INSERT IGNORE INTO `Peran` VALUES ('Richard Armitage','Castlevania','Lead');
INSERT IGNORE INTO `Peran` VALUES ('Jack De Sena','The Dragon Prince','Lead');
INSERT IGNORE INTO `Peran` VALUES ('Zach Tyler Eisen','Avatar: The Last Airbender','Lead');
INSERT IGNORE INTO `Peran` VALUES ('Janet Varney','The Legend of Korra','Lead');
INSERT IGNORE INTO `Peran` VALUES ('Lee Jung-jae','Squid Game','Lead');
INSERT IGNORE INTO `Peran` VALUES ('Ju Ji-hoon','Kingdom','Lead');
INSERT IGNORE INTO `Peran` VALUES ('Hyun Bin','Crash Landing on You','Lead');
INSERT IGNORE INTO `Peran` VALUES ('Gong Yoo','Goblin','Lead');
INSERT IGNORE INTO `Peran` VALUES ('Song Joong-ki','Descendants of the Sun','Lead');
INSERT IGNORE INTO `Peran` VALUES ('Park Seo-joon','Itaewon Class','Lead');
INSERT IGNORE INTO `Peran` VALUES ('Song Joong-ki','Vincenzo','Lead');
INSERT IGNORE INTO `Peran` VALUES ('Park Bo-gum','Reply 1988','Lead');
INSERT IGNORE INTO `Peran` VALUES ('Lee Je-hoon','Signal','Lead');
INSERT IGNORE INTO `Peran` VALUES ('Jo Jung-suk','Hospital Playlist','Lead');
INSERT IGNORE INTO `Peran` VALUES ('Lee Sun-kyun','My Mister','Lead');
INSERT IGNORE INTO `Peran` VALUES ('Park Ji-hu','All of Us Are Dead','Lead');
INSERT IGNORE INTO `Peran` VALUES ('Song Kang','Sweet Home','Lead');
INSERT IGNORE INTO `Peran` VALUES ('Park Eun-bin','Extraordinary Attorney Woo','Lead');
INSERT IGNORE INTO `Peran` VALUES ('Yoo Ah-in','Hellbound','Lead');
INSERT IGNORE INTO `Peran` VALUES ('Yuki Kaji','Attack on Titan','Lead');
INSERT IGNORE INTO `Peran` VALUES ('Junko Takeuchi','Naruto','Lead');
INSERT IGNORE INTO `Peran` VALUES ('Junko Takeuchi','Naruto Shippuden','Lead');
INSERT IGNORE INTO `Peran` VALUES ('Masakazu Morita','Bleach','Lead');
INSERT IGNORE INTO `Peran` VALUES ('Mayumi Tanaka','One Piece','Lead');
INSERT IGNORE INTO `Peran` VALUES ('Natsuki Hanae','Demon Slayer','Lead');
INSERT IGNORE INTO `Peran` VALUES ('Junya Enoki','Jujutsu Kaisen','Lead');
INSERT IGNORE INTO `Peran` VALUES ('Daiki Yamashita','My Hero Academia','Lead');
INSERT IGNORE INTO `Peran` VALUES ('Romi Park','Fullmetal Alchemist: Brotherhood','Lead');
INSERT IGNORE INTO `Peran` VALUES ('Mamoru Miyano','Death Note','Lead');
INSERT IGNORE INTO `Peran` VALUES ('Megumi Han','Hunter x Hunter','Lead');
INSERT IGNORE INTO `Peran` VALUES ('Kikunosuke Toya','Chainsaw Man','Lead');
INSERT IGNORE INTO `Peran` VALUES ('Natsuki Hanae','Tokyo Ghoul','Lead');
INSERT IGNORE INTO `Peran` VALUES ('Yoshitsugu Matsuoka','Sword Art Online','Lead');
INSERT IGNORE INTO `Peran` VALUES ('Gakuto Kajiwara','Black Clover','Lead');
INSERT IGNORE INTO `Peran` VALUES ('Tetsuya Kakihara','Fairy Tail','Lead');
INSERT IGNORE INTO `Peran` VALUES ('Ayumu Murase','Haikyuu!!','Lead');
INSERT IGNORE INTO `Peran` VALUES ('Kazuki Ura','Blue Lock','Lead');
INSERT IGNORE INTO `Peran` VALUES ('Takuya Eguchi','Spy x Family','Lead');
INSERT IGNORE INTO `Peran` VALUES ('Yusuke Kobayashi','Dr. Stone','Lead');
INSERT IGNORE INTO `Peran` VALUES ('Setsuo Ito','Mob Psycho 100','Lead');
INSERT IGNORE INTO `Peran` VALUES ('Yuto Uemura','Vinland Saga','Lead');
INSERT IGNORE INTO `Peran` VALUES ('Reza Rahadian','Layangan Putus','Lead');
INSERT IGNORE INTO `Peran` VALUES ('Dian Sastrowardoyo','Gadis Kretek','Lead');
INSERT IGNORE INTO `Peran` VALUES ('Chelsea Islan','Tira','Lead');
INSERT IGNORE INTO `Peran` VALUES ('Giorgino Abraham','Turn On','Lead');
INSERT IGNORE INTO `Peran` VALUES ('Refal Hady','Wedding Agreement The Series','Lead');
INSERT IGNORE INTO `Peran` VALUES ('Adhisty Zara','Virgin The Series','Lead');
COMMIT;
SET FOREIGN_KEY_CHECKS=1;
